{
"type": "FeatureCollection",
"name": "waraira_repano",
"crs": { "type": "name", "properties": { "name": "urn:ogc:def:crs:OGC:1.3:CRS84" } },
"features": [
{ "type": "Feature", "properties": { "name": "Parque Nacional Waraira Repano", "alt_name": "Parque Nacional El Ávila", "protect_class": null }, "geometry": { "type": "Polygon", "coordinates": [ [ [ -66.9998163, 10.5590609 ], [ -66.9998726, 10.5590978 ], [ -66.9999169, 10.55914 ], [ -66.9999746, 10.5591928 ], [ -67.0000175, 10.5592283 ], [ -67.0000443, 10.5592442 ], [ -67.0001194, 10.55926 ], [ -67.0001677, 10.5592639 ], [ -67.0002186, 10.5592587 ], [ -67.0002897, 10.5592402 ], [ -67.0003581, 10.5592349 ], [ -67.0004372, 10.559256 ], [ -67.0005231, 10.5592995 ], [ -67.0005606, 10.5593391 ], [ -67.0005807, 10.5593747 ], [ -67.0005888, 10.5594169 ], [ -67.00057, 10.5595105 ], [ -67.0005378, 10.5596265 ], [ -67.0005257, 10.5597214 ], [ -67.0005324, 10.5598071 ], [ -67.0005365, 10.5598519 ], [ -67.0005499, 10.5599113 ], [ -67.00057, 10.5599627 ], [ -67.0006706, 10.5600945 ], [ -67.0009334, 10.5603543 ], [ -67.0010206, 10.5604202 ], [ -67.0011131, 10.5604795 ], [ -67.0012634, 10.5605401 ], [ -67.0013948, 10.5605744 ], [ -67.0015369, 10.5606113 ], [ -67.0016415, 10.560643 ], [ -67.0017341, 10.5606904 ], [ -67.0018829, 10.5607801 ], [ -67.0019969, 10.5608632 ], [ -67.0021284, 10.5609515 ], [ -67.002292, 10.5610253 ], [ -67.0024958, 10.5611123 ], [ -67.0029357, 10.5613074 ], [ -67.0030618, 10.5613391 ], [ -67.0031905, 10.5613523 ], [ -67.0033434, 10.5613496 ], [ -67.0034936, 10.5613285 ], [ -67.0035835, 10.5613154 ], [ -67.0036505, 10.561314 ], [ -67.0037028, 10.5613246 ], [ -67.003739, 10.5613404 ], [ -67.0037752, 10.5613681 ], [ -67.0038275, 10.5614156 ], [ -67.0040019, 10.5615777 ], [ -67.0041159, 10.5616713 ], [ -67.004199, 10.5617241 ], [ -67.004368, 10.5617794 ], [ -67.0046738, 10.5618612 ], [ -67.0050198, 10.5619587 ], [ -67.0052263, 10.5620247 ], [ -67.0053041, 10.5620563 ], [ -67.0053658, 10.5620958 ], [ -67.005398, 10.5621512 ], [ -67.0054007, 10.562225 ], [ -67.0053604, 10.5624413 ], [ -67.0053095, 10.5626179 ], [ -67.005229, 10.5627735 ], [ -67.0051298, 10.5628763 ], [ -67.0050144, 10.5629844 ], [ -67.0049179, 10.5630635 ], [ -67.0048454, 10.5631426 ], [ -67.0046899, 10.5633457 ], [ -67.0045611, 10.5635381 ], [ -67.0043734, 10.5637623 ], [ -67.0041668, 10.5640418 ], [ -67.0038879, 10.5644373 ], [ -67.0037162, 10.5646772 ], [ -67.0036331, 10.5648328 ], [ -67.0035902, 10.5649277 ], [ -67.0035526, 10.5651017 ], [ -67.0035285, 10.5652415 ], [ -67.0035338, 10.5653259 ], [ -67.0035607, 10.565434 ], [ -67.0036921, 10.5658057 ], [ -67.0037323, 10.5659376 ], [ -67.0037511, 10.5660246 ], [ -67.0037484, 10.5660879 ], [ -67.0037109, 10.5661512 ], [ -67.0036545, 10.5662144 ], [ -67.0035043, 10.5663331 ], [ -67.0034346, 10.5664069 ], [ -67.0033756, 10.5664966 ], [ -67.0033434, 10.5665651 ], [ -67.0033273, 10.5666231 ], [ -67.0033193, 10.5667181 ], [ -67.0033246, 10.5671452 ], [ -67.0033166, 10.567372 ], [ -67.0032951, 10.567546 ], [ -67.0032334, 10.5678756 ], [ -67.0031798, 10.5681973 ], [ -67.0031449, 10.5684978 ], [ -67.0031342, 10.5686877 ], [ -67.0031208, 10.5688538 ], [ -67.003094, 10.5691517 ], [ -67.0030645, 10.5692915 ], [ -67.0030189, 10.5693745 ], [ -67.0029954, 10.5694068 ], [ -67.0029894, 10.5694233 ], [ -67.0029887, 10.5694391 ], [ -67.0029954, 10.5694596 ], [ -67.003271, 10.5699533 ], [ -67.0033407, 10.5701721 ], [ -67.0033675, 10.5703356 ], [ -67.0033675, 10.5704833 ], [ -67.0033836, 10.570594 ], [ -67.0034266, 10.5707048 ], [ -67.0035338, 10.5708155 ], [ -67.0036465, 10.5708893 ], [ -67.0040381, 10.5712057 ], [ -67.0041722, 10.5712875 ], [ -67.0042875, 10.5713244 ], [ -67.0043921, 10.5713428 ], [ -67.0044968, 10.5713613 ], [ -67.0046335, 10.5714325 ], [ -67.0047301, 10.5714984 ], [ -67.0048508, 10.571559 ], [ -67.004934, 10.5716065 ], [ -67.0050171, 10.571625 ], [ -67.005111, 10.5716355 ], [ -67.0052853, 10.5716329 ], [ -67.0056126, 10.571567 ], [ -67.005913, 10.5715485 ], [ -67.0068491, 10.5714984 ], [ -67.00701, 10.5715063 ], [ -67.0072138, 10.5715327 ], [ -67.0074177, 10.5716329 ], [ -67.0075518, 10.5717067 ], [ -67.0076484, 10.5717832 ], [ -67.0078898, 10.5720547 ], [ -67.0080614, 10.5722815 ], [ -67.0081419, 10.5724186 ], [ -67.0082116, 10.5725715 ], [ -67.0082679, 10.5726955 ], [ -67.0082921, 10.5728747 ], [ -67.0083109, 10.5730567 ], [ -67.0083162, 10.5732439 ], [ -67.0077127, 10.5734865 ], [ -67.0074445, 10.5736631 ], [ -67.0072353, 10.5738108 ], [ -67.0071334, 10.5739347 ], [ -67.0070878, 10.5740402 ], [ -67.0070127, 10.5742036 ], [ -67.006951, 10.5743434 ], [ -67.0069, 10.5744277 ], [ -67.0068142, 10.5745517 ], [ -67.006723, 10.5746439 ], [ -67.0062026, 10.5751528 ], [ -67.0060229, 10.5753268 ], [ -67.0059639, 10.575398 ], [ -67.005921, 10.5754613 ], [ -67.0058754, 10.5755615 ], [ -67.0058566, 10.575638 ], [ -67.0058513, 10.5757513 ], [ -67.0058513, 10.5759016 ], [ -67.00587, 10.576073 ], [ -67.0059022, 10.5761969 ], [ -67.0059022, 10.5763103 ], [ -67.0058861, 10.5763868 ], [ -67.0058513, 10.5764553 ], [ -67.0057654, 10.5766267 ], [ -67.0057011, 10.5767533 ], [ -67.0056501, 10.5768666 ], [ -67.0056126, 10.5769721 ], [ -67.0055965, 10.5770802 ], [ -67.0055884, 10.5772674 ], [ -67.004309, 10.5771303 ], [ -67.0036384, 10.5770723 ], [ -67.0031181, 10.5770723 ], [ -67.0025575, 10.5770855 ], [ -67.0019433, 10.5771356 ], [ -67.0015651, 10.5771382 ], [ -67.0010689, 10.577125 ], [ -67.0007336, 10.5771356 ], [ -67.0005915, 10.5771303 ], [ -67.0005164, 10.5771039 ], [ -67.0004681, 10.5770565 ], [ -67.0004386, 10.5770064 ], [ -67.0004252, 10.576922 ], [ -67.0004144, 10.5768482 ], [ -67.0003796, 10.5768086 ], [ -67.000334, 10.576777 ], [ -67.000275, 10.5767585 ], [ -67.0002079, 10.576748 ], [ -66.9997707, 10.5767717 ], [ -66.9996178, 10.5767585 ], [ -66.9995213, 10.5767322 ], [ -66.9994649, 10.5766873 ], [ -66.9994059, 10.5766293 ], [ -66.9993442, 10.5765555 ], [ -66.9992799, 10.5765081 ], [ -66.9992289, 10.5764949 ], [ -66.9991404, 10.5764922 ], [ -66.9990653, 10.5765186 ], [ -66.9989634, 10.5765661 ], [ -66.998663, 10.5767348 ], [ -66.9985154, 10.576777 ], [ -66.998384, 10.5768034 ], [ -66.9982982, 10.5768535 ], [ -66.9982284, 10.5769088 ], [ -66.9981694, 10.5769589 ], [ -66.9981024, 10.5770855 ], [ -66.9980702, 10.5772331 ], [ -66.9980568, 10.5773544 ], [ -66.9980085, 10.5774177 ], [ -66.9979414, 10.5774441 ], [ -66.9978422, 10.577452 ], [ -66.9971207, 10.5774862 ], [ -66.9969168, 10.5774968 ], [ -66.996772, 10.57751 ], [ -66.9965574, 10.5775495 ], [ -66.996206, 10.577655 ], [ -66.9959486, 10.5777525 ], [ -66.9957554, 10.5778396 ], [ -66.995514, 10.5779872 ], [ -66.9952244, 10.5781902 ], [ -66.9949588, 10.5784275 ], [ -66.9948381, 10.578562 ], [ -66.9946933, 10.5787545 ], [ -66.9945538, 10.5789443 ], [ -66.9944653, 10.5791051 ], [ -66.9943982, 10.5792871 ], [ -66.9943392, 10.5795059 ], [ -66.9942829, 10.5797511 ], [ -66.99424, 10.579962 ], [ -66.9942185, 10.5801308 ], [ -66.9942105, 10.5802863 ], [ -66.9942051, 10.5804551 ], [ -66.9942051, 10.5806897 ], [ -66.9942266, 10.580869 ], [ -66.9942695, 10.58108 ], [ -66.9944063, 10.5815572 ], [ -66.9945806, 10.5821847 ], [ -66.9947335, 10.5829045 ], [ -66.9947737, 10.5832551 ], [ -66.9947791, 10.5833685 ], [ -66.994763, 10.5835241 ], [ -66.9947603, 10.583619 ], [ -66.9947577, 10.5837587 ], [ -66.9947657, 10.5838906 ], [ -66.9948328, 10.5843625 ], [ -66.9948864, 10.5847923 ], [ -66.9949052, 10.5850032 ], [ -66.9949293, 10.5852115 ], [ -66.9949669, 10.585367 ], [ -66.9950125, 10.5854567 ], [ -66.9950554, 10.5855331 ], [ -66.9951144, 10.5856254 ], [ -66.9951519, 10.5856913 ], [ -66.9951949, 10.58581 ], [ -66.9952163, 10.5859049 ], [ -66.9952244, 10.586071 ], [ -66.9952083, 10.5864296 ], [ -66.9951975, 10.5867618 ], [ -66.9951788, 10.5869569 ], [ -66.9951251, 10.5871784 ], [ -66.9950742, 10.5873365 ], [ -66.9949964, 10.5875369 ], [ -66.994873, 10.5877874 ], [ -66.9947603, 10.5879772 ], [ -66.9946557, 10.5881381 ], [ -66.9945484, 10.5882725 ], [ -66.9943982, 10.5884544 ], [ -66.9942668, 10.58861 ], [ -66.9941917, 10.5886812 ], [ -66.9939691, 10.5888367 ], [ -66.9938913, 10.5888895 ], [ -66.9938269, 10.5889343 ], [ -66.993784, 10.5889949 ], [ -66.9937518, 10.5890529 ], [ -66.993725, 10.589132 ], [ -66.9936901, 10.589372 ], [ -66.9936687, 10.58943 ], [ -66.9936258, 10.5894801 ], [ -66.993548, 10.5895381 ], [ -66.99343, 10.5896119 ], [ -66.9931349, 10.5897411 ], [ -66.9929633, 10.5897964 ], [ -66.9928613, 10.5898228 ], [ -66.9927916, 10.5898386 ], [ -66.9926924, 10.5898676 ], [ -66.9926065, 10.5899045 ], [ -66.9925475, 10.5899467 ], [ -66.9924375, 10.5900601 ], [ -66.9923276, 10.5901497 ], [ -66.9922498, 10.5901919 ], [ -66.9921747, 10.5902104 ], [ -66.9920942, 10.5902156 ], [ -66.9919735, 10.5902183 ], [ -66.9918931, 10.5902262 ], [ -66.9918287, 10.5902446 ], [ -66.9917294, 10.5902895 ], [ -66.9916409, 10.5903501 ], [ -66.9915578, 10.5904371 ], [ -66.9914478, 10.5905742 ], [ -66.9913405, 10.5907271 ], [ -66.9912601, 10.5908089 ], [ -66.9910857, 10.5909354 ], [ -66.9909784, 10.591004 ], [ -66.990906, 10.5910369 ], [ -66.9907947, 10.5910725 ], [ -66.9906861, 10.5911173 ], [ -66.9905855, 10.591178 ], [ -66.9904675, 10.5912755 ], [ -66.990383, 10.5913559 ], [ -66.9902596, 10.5915102 ], [ -66.9901912, 10.5915827 ], [ -66.9901241, 10.5916341 ], [ -66.9900665, 10.5916657 ], [ -66.9899941, 10.5916934 ], [ -66.9899176, 10.5917079 ], [ -66.9888112, 10.591961 ], [ -66.9884411, 10.5920612 ], [ -66.9883445, 10.5920823 ], [ -66.988205, 10.5920981 ], [ -66.988138, 10.5920955 ], [ -66.9880012, 10.5920665 ], [ -66.9878912, 10.5920296 ], [ -66.9878161, 10.5920296 ], [ -66.9877303, 10.5920296 ], [ -66.9876257, 10.5920507 ], [ -66.9874889, 10.5921034 ], [ -66.9873762, 10.5921324 ], [ -66.9873065, 10.5921482 ], [ -66.9872314, 10.5921667 ], [ -66.9871067, 10.5921864 ], [ -66.9870557, 10.5921917 ], [ -66.9870262, 10.5921904 ], [ -66.9870114, 10.5921798 ], [ -66.9870007, 10.5921614 ], [ -66.9868813, 10.5919267 ], [ -66.9868626, 10.5919136 ], [ -66.9868197, 10.5918938 ], [ -66.986762, 10.5918819 ], [ -66.9865179, 10.591845 ], [ -66.9860619, 10.5917461 ], [ -66.9858997, 10.591729 ], [ -66.9858165, 10.5917237 ], [ -66.9857253, 10.591733 ], [ -66.9856261, 10.5917514 ], [ -66.9855537, 10.5917751 ], [ -66.9854933, 10.5918055 ], [ -66.9854477, 10.5918411 ], [ -66.9854262, 10.5918793 ], [ -66.9854142, 10.5919518 ], [ -66.9853941, 10.5921429 ], [ -66.9853766, 10.5922378 ], [ -66.9853391, 10.5923288 ], [ -66.985213, 10.5925424 ], [ -66.9851755, 10.5925925 ], [ -66.9851299, 10.5926109 ], [ -66.9850722, 10.5926201 ], [ -66.9850051, 10.5926267 ], [ -66.9849247, 10.5926505 ], [ -66.9848751, 10.5926742 ], [ -66.9848295, 10.5927085 ], [ -66.9847919, 10.5927375 ], [ -66.984749, 10.5927559 ], [ -66.9847101, 10.5927625 ], [ -66.9846685, 10.5927625 ], [ -66.9846296, 10.5927506 ], [ -66.9845854, 10.5927401 ], [ -66.9845451, 10.5927151 ], [ -66.9845277, 10.5926966 ], [ -66.9845076, 10.5926597 ], [ -66.9844888, 10.5925977 ], [ -66.9844835, 10.5925292 ], [ -66.9844767, 10.5924119 ], [ -66.984462, 10.592309 ], [ -66.9844392, 10.5921667 ], [ -66.9844177, 10.5920665 ], [ -66.9843976, 10.5920217 ], [ -66.9843802, 10.5919689 ], [ -66.9843788, 10.5919281 ], [ -66.9843909, 10.5918437 ], [ -66.9844151, 10.5916881 ], [ -66.9844204, 10.5915945 ], [ -66.9844204, 10.5914772 ], [ -66.9844191, 10.5913177 ], [ -66.9844057, 10.5912294 ], [ -66.9843923, 10.5911701 ], [ -66.9843574, 10.5911002 ], [ -66.9843091, 10.591029 ], [ -66.9842394, 10.5909143 ], [ -66.9841817, 10.5907878 ], [ -66.9841415, 10.5907021 ], [ -66.984112, 10.5906744 ], [ -66.9840892, 10.5906691 ], [ -66.9840597, 10.5906704 ], [ -66.9840248, 10.5906876 ], [ -66.9839899, 10.5907166 ], [ -66.983892, 10.5908642 ], [ -66.9838437, 10.5909591 ], [ -66.9838008, 10.5910725 ], [ -66.9837633, 10.5911411 ], [ -66.983723, 10.5911964 ], [ -66.9836345, 10.591265 ], [ -66.9835728, 10.5912993 ], [ -66.9833556, 10.5914311 ], [ -66.9832832, 10.5914812 ], [ -66.9831812, 10.5915708 ], [ -66.9830981, 10.5916473 ], [ -66.9830498, 10.5917053 ], [ -66.9830069, 10.5917712 ], [ -66.9829774, 10.5918397 ], [ -66.9829667, 10.5918872 ], [ -66.9829586, 10.59199 ], [ -66.9829586, 10.5921377 ], [ -66.9829452, 10.5923038 ], [ -66.9829157, 10.5924224 ], [ -66.9828781, 10.592483 ], [ -66.9827977, 10.592574 ], [ -66.9827025, 10.5926623 ], [ -66.9826475, 10.5926913 ], [ -66.9826005, 10.5927006 ], [ -66.9825496, 10.5926979 ], [ -66.9825026, 10.5926861 ], [ -66.9824463, 10.5926676 ], [ -66.9824034, 10.5926478 ], [ -66.982331, 10.5926241 ], [ -66.9822478, 10.5926215 ], [ -66.9821942, 10.592628 ], [ -66.9820949, 10.5926518 ], [ -66.9819635, 10.5927019 ], [ -66.9818911, 10.5927572 ], [ -66.9818348, 10.5928311 ], [ -66.9817731, 10.5929444 ], [ -66.9816792, 10.5932134 ], [ -66.9816443, 10.5933346 ], [ -66.9816309, 10.5934216 ], [ -66.9816336, 10.5935482 ], [ -66.9816443, 10.5936378 ], [ -66.9816765, 10.5937301 ], [ -66.981694, 10.5938211 ], [ -66.9816913, 10.5938646 ], [ -66.9816752, 10.5938909 ], [ -66.981647, 10.5939147 ], [ -66.9816135, 10.5939239 ], [ -66.981411, 10.5939806 ], [ -66.9812393, 10.5940228 ], [ -66.9811092, 10.594061 ], [ -66.9810864, 10.5940728 ], [ -66.981073, 10.5940953 ], [ -66.981065, 10.5941111 ], [ -66.981065, 10.5941282 ], [ -66.9810931, 10.5942759 ], [ -66.9811052, 10.5943339 ], [ -66.9811066, 10.59438 ], [ -66.9811066, 10.594434 ], [ -66.9810797, 10.5945079 ], [ -66.9810569, 10.5945303 ], [ -66.9810368, 10.5945316 ], [ -66.9810087, 10.5945263 ], [ -66.9809724, 10.5945131 ], [ -66.9809134, 10.5944921 ], [ -66.9808289, 10.5944617 ], [ -66.9807579, 10.5944446 ], [ -66.9806787, 10.5944314 ], [ -66.9805326, 10.5944314 ], [ -66.9800632, 10.5943932 ], [ -66.9800377, 10.594384 ], [ -66.9800082, 10.5943629 ], [ -66.9799814, 10.594318 ], [ -66.9798848, 10.5941664 ], [ -66.979681, 10.593941 ], [ -66.9796273, 10.5938698 ], [ -66.9795764, 10.593767 ], [ -66.9795549, 10.5936774 ], [ -66.9795468, 10.5935956 ], [ -66.9795495, 10.59339 ], [ -66.9796219, 10.5926571 ], [ -66.9796193, 10.5926228 ], [ -66.9796018, 10.5926017 ], [ -66.9795804, 10.5925872 ], [ -66.9795361, 10.5925793 ], [ -66.9793698, 10.5925714 ], [ -66.9792786, 10.5925476 ], [ -66.9792143, 10.592516 ], [ -66.9791847, 10.5924936 ], [ -66.9791378, 10.5924395 ], [ -66.9790909, 10.5923512 ], [ -66.9790748, 10.5923064 ], [ -66.9790627, 10.5922589 ], [ -66.979052, 10.5922168 ], [ -66.9790345, 10.5920836 ], [ -66.9790252, 10.592048 ], [ -66.9790024, 10.5920111 ], [ -66.9789863, 10.5919834 ], [ -66.9789742, 10.5919623 ], [ -66.9789541, 10.5919083 ], [ -66.978946, 10.5918661 ], [ -66.9789353, 10.5918028 ], [ -66.9789541, 10.5917211 ], [ -66.9789889, 10.5916684 ], [ -66.9790533, 10.5916051 ], [ -66.9791123, 10.5915603 ], [ -66.9792733, 10.5913942 ], [ -66.9792947, 10.5913546 ], [ -66.9793081, 10.5913072 ], [ -66.9793054, 10.5912333 ], [ -66.9792813, 10.5911938 ], [ -66.9792518, 10.5911279 ], [ -66.9792438, 10.5910804 ], [ -66.9792438, 10.5910488 ], [ -66.9792572, 10.5909934 ], [ -66.9792974, 10.5909565 ], [ -66.9793752, 10.5908985 ], [ -66.9795066, 10.5908247 ], [ -66.9796005, 10.5907588 ], [ -66.9796997, 10.5906797 ], [ -66.9797829, 10.5906111 ], [ -66.9798955, 10.5905294 ], [ -66.9800431, 10.5904239 ], [ -66.9801208, 10.5903791 ], [ -66.9801906, 10.5903316 ], [ -66.9802469, 10.5902947 ], [ -66.9803301, 10.5902367 ], [ -66.9803569, 10.590213 ], [ -66.9803864, 10.5901655 ], [ -66.9804105, 10.5900759 ], [ -66.9804105, 10.5899045 ], [ -66.9804427, 10.5898413 ], [ -66.9804937, 10.5897938 ], [ -66.9805607, 10.589749 ], [ -66.9806841, 10.5896699 ], [ -66.9807565, 10.5896198 ], [ -66.9808048, 10.5895776 ], [ -66.9808397, 10.5895196 ], [ -66.9808638, 10.5894431 ], [ -66.9808745, 10.589364 ], [ -66.9809094, 10.5892902 ], [ -66.9809604, 10.5892164 ], [ -66.9810194, 10.589132 ], [ -66.981073, 10.5890556 ], [ -66.9811374, 10.5889422 ], [ -66.9811803, 10.588871 ], [ -66.9812152, 10.5888183 ], [ -66.9812501, 10.5887603 ], [ -66.9812849, 10.5887181 ], [ -66.9813225, 10.5886944 ], [ -66.9813654, 10.5886601 ], [ -66.9813922, 10.5886205 ], [ -66.9814056, 10.5885876 ], [ -66.9814083, 10.5885586 ], [ -66.9814083, 10.5885296 ], [ -66.9814177, 10.5885032 ], [ -66.9814324, 10.5884716 ], [ -66.9814432, 10.5884373 ], [ -66.9814378, 10.588407 ], [ -66.9814204, 10.588374 ], [ -66.9813909, 10.5883226 ], [ -66.9813573, 10.5882303 ], [ -66.9813305, 10.5881433 ], [ -66.9813305, 10.5880801 ], [ -66.9813386, 10.5880247 ], [ -66.98136, 10.5879588 ], [ -66.9814003, 10.5878823 ], [ -66.9814137, 10.5878243 ], [ -66.981419, 10.5877505 ], [ -66.9814217, 10.5876187 ], [ -66.9813868, 10.5873524 ], [ -66.9813654, 10.5872601 ], [ -66.9813252, 10.5871573 ], [ -66.9812661, 10.5870623 ], [ -66.9811937, 10.5869595 ], [ -66.9811481, 10.5868699 ], [ -66.981124, 10.5868013 ], [ -66.9810998, 10.5867275 ], [ -66.9810623, 10.586535 ], [ -66.9810677, 10.586477 ], [ -66.9810784, 10.5864217 ], [ -66.9810784, 10.5863742 ], [ -66.9810677, 10.5863347 ], [ -66.9810328, 10.5863004 ], [ -66.9809926, 10.5862819 ], [ -66.9809228, 10.5862793 ], [ -66.9808799, 10.5862661 ], [ -66.980837, 10.5862424 ], [ -66.9808021, 10.5861817 ], [ -66.9807833, 10.5861105 ], [ -66.9807646, 10.5859313 ], [ -66.9806948, 10.5855252 ], [ -66.9806626, 10.5852695 ], [ -66.9806519, 10.5851403 ], [ -66.9806412, 10.585048 ], [ -66.9805929, 10.5848134 ], [ -66.9805607, 10.5846947 ], [ -66.9805446, 10.5845919 ], [ -66.9805446, 10.5845022 ], [ -66.9805446, 10.5843941 ], [ -66.9805768, 10.584199 ], [ -66.9806224, 10.5840356 ], [ -66.9806519, 10.5839301 ], [ -66.9806895, 10.5837614 ], [ -66.9807458, 10.5835373 ], [ -66.9807833, 10.5834265 ], [ -66.9808182, 10.5833606 ], [ -66.9808397, 10.5832841 ], [ -66.9808477, 10.5832209 ], [ -66.9808692, 10.5831207 ], [ -66.980888, 10.5830785 ], [ -66.9809496, 10.5830389 ], [ -66.981191, 10.5829704 ], [ -66.9812501, 10.5829388 ], [ -66.981293, 10.582886 ], [ -66.9813225, 10.582799 ], [ -66.9813386, 10.5826408 ], [ -66.9813412, 10.5825459 ], [ -66.9813386, 10.5824853 ], [ -66.9813386, 10.5824088 ], [ -66.9813386, 10.5823139 ], [ -66.9813117, 10.5822321 ], [ -66.9812688, 10.582161 ], [ -66.9812393, 10.5821214 ], [ -66.9811241, 10.5820628 ], [ -66.9810784, 10.5820502 ], [ -66.981006, 10.5820344 ], [ -66.9809094, 10.5820476 ], [ -66.9808048, 10.5820845 ], [ -66.9807163, 10.5821082 ], [ -66.9806251, 10.5821109 ], [ -66.9804078, 10.5820634 ], [ -66.9803381, 10.5820555 ], [ -66.9802228, 10.5820529 ], [ -66.9801664, 10.5820687 ], [ -66.9800994, 10.5821267 ], [ -66.9800243, 10.582277 ], [ -66.9799653, 10.5824457 ], [ -66.9798848, 10.5828307 ], [ -66.9798392, 10.5830495 ], [ -66.9798043, 10.5834028 ], [ -66.9797587, 10.5837904 ], [ -66.9797185, 10.5839987 ], [ -66.9796971, 10.5841094 ], [ -66.9796166, 10.5843441 ], [ -66.9795656, 10.5844706 ], [ -66.9795415, 10.5845893 ], [ -66.9795415, 10.5846842 ], [ -66.9795656, 10.584787 ], [ -66.9796515, 10.5850717 ], [ -66.9797668, 10.5852115 ], [ -66.9798526, 10.5852932 ], [ -66.9799116, 10.5853407 ], [ -66.9800028, 10.5854145 ], [ -66.9800484, 10.5854778 ], [ -66.980094, 10.5855411 ], [ -66.9801477, 10.5856043 ], [ -66.9801933, 10.5856702 ], [ -66.9802308, 10.5857493 ], [ -66.9802523, 10.5858337 ], [ -66.9802684, 10.5860025 ], [ -66.9802576, 10.5862028 ], [ -66.9802147, 10.5864533 ], [ -66.9801798, 10.5865667 ], [ -66.9801772, 10.5866458 ], [ -66.9801772, 10.5867328 ], [ -66.9801879, 10.5869622 ], [ -66.9801986, 10.5870623 ], [ -66.9801986, 10.5871546 ], [ -66.980204, 10.5872654 ], [ -66.9802147, 10.5873682 ], [ -66.9802335, 10.5875501 ], [ -66.9802308, 10.5876397 ], [ -66.9802254, 10.587732 ], [ -66.9802147, 10.5878138 ], [ -66.9801906, 10.5878559 ], [ -66.9801584, 10.5879034 ], [ -66.9801074, 10.5879667 ], [ -66.980027, 10.5880194 ], [ -66.9799545, 10.5880431 ], [ -66.9798017, 10.5880405 ], [ -66.9797131, 10.5880405 ], [ -66.9796407, 10.5880458 ], [ -66.9795844, 10.5880642 ], [ -66.9795334, 10.5880985 ], [ -66.9794878, 10.5881486 ], [ -66.9794476, 10.5882356 ], [ -66.979394, 10.5883226 ], [ -66.9793296, 10.5884123 ], [ -66.9792867, 10.5884439 ], [ -66.9791687, 10.588494 ], [ -66.9790694, 10.5884966 ], [ -66.9790158, 10.5884993 ], [ -66.9789353, 10.5885204 ], [ -66.9789138, 10.5885362 ], [ -66.9788736, 10.5885784 ], [ -66.9788629, 10.5886311 ], [ -66.9788736, 10.5887023 ], [ -66.9788763, 10.5887814 ], [ -66.9788656, 10.5888473 ], [ -66.9788173, 10.588929 ], [ -66.9787368, 10.5889976 ], [ -66.9786429, 10.5890582 ], [ -66.9785088, 10.5891689 ], [ -66.9782835, 10.5893271 ], [ -66.9781816, 10.5893904 ], [ -66.9781172, 10.5894326 ], [ -66.9780341, 10.5894721 ], [ -66.977959, 10.5895091 ], [ -66.9778544, 10.5895539 ], [ -66.9777927, 10.589575 ], [ -66.9777256, 10.5895934 ], [ -66.9776505, 10.5896224 ], [ -66.9775727, 10.5896831 ], [ -66.9774976, 10.5897885 ], [ -66.9774494, 10.5898571 ], [ -66.9774118, 10.5899098 ], [ -66.9773448, 10.5899652 ], [ -66.9772589, 10.5900074 ], [ -66.9771758, 10.5900311 ], [ -66.9770739, 10.5900311 ], [ -66.9768995, 10.5899994 ], [ -66.9767091, 10.5899362 ], [ -66.9766313, 10.5899045 ], [ -66.9765696, 10.5898623 ], [ -66.976516, 10.5898043 ], [ -66.9764918, 10.589749 ], [ -66.976465, 10.5896831 ], [ -66.9764382, 10.5895908 ], [ -66.9763979, 10.5895038 ], [ -66.9763416, 10.5894379 ], [ -66.9762665, 10.5893825 ], [ -66.9762102, 10.5893667 ], [ -66.9761699, 10.5893667 ], [ -66.9760627, 10.589335 ], [ -66.97595, 10.5892797 ], [ -66.9758561, 10.5891979 ], [ -66.9757542, 10.5891083 ], [ -66.9757006, 10.5890398 ], [ -66.9756469, 10.5889422 ], [ -66.9755906, 10.5888446 ], [ -66.9755074, 10.5886179 ], [ -66.9754028, 10.5883042 ], [ -66.9753076, 10.5880866 ], [ -66.975266, 10.5881091 ], [ -66.9752151, 10.5881578 ], [ -66.9751748, 10.5882369 ], [ -66.9751534, 10.5883345 ], [ -66.9751319, 10.5885151 ], [ -66.9751078, 10.5887313 ], [ -66.9750971, 10.5888156 ], [ -66.9750971, 10.5888789 ], [ -66.9751105, 10.5889659 ], [ -66.9751373, 10.5890239 ], [ -66.9751641, 10.5890819 ], [ -66.9751748, 10.5891505 ], [ -66.9751588, 10.5892612 ], [ -66.97514, 10.5893456 ], [ -66.9751212, 10.58943 ], [ -66.9751212, 10.5895064 ], [ -66.9751346, 10.5895987 ], [ -66.9752044, 10.5897859 ], [ -66.9752473, 10.5899283 ], [ -66.975258, 10.59001 ], [ -66.975258, 10.5900917 ], [ -66.9752446, 10.5901445 ], [ -66.9752097, 10.590184 ], [ -66.9751561, 10.5902051 ], [ -66.9751105, 10.5902077 ], [ -66.9750327, 10.5901787 ], [ -66.9748315, 10.5900733 ], [ -66.9746411, 10.5899625 ], [ -66.9745043, 10.589894 ], [ -66.9743434, 10.5898492 ], [ -66.9741744, 10.5898149 ], [ -66.9740108, 10.5897964 ], [ -66.9738364, 10.589807 ], [ -66.9736809, 10.5898281 ], [ -66.9736004, 10.589865 ], [ -66.9735602, 10.5899019 ], [ -66.9735226, 10.5899678 ], [ -66.9735092, 10.5900364 ], [ -66.9734958, 10.5901313 ], [ -66.9735092, 10.5902262 ], [ -66.9735575, 10.5905162 ], [ -66.9735789, 10.5906348 ], [ -66.9735897, 10.5907166 ], [ -66.9735977, 10.590938 ], [ -66.973587, 10.5910277 ], [ -66.9735682, 10.5911173 ], [ -66.9735414, 10.5911964 ], [ -66.9735038, 10.5912702 ], [ -66.9734797, 10.5913625 ], [ -66.9734448, 10.5914047 ], [ -66.9733858, 10.5914126 ], [ -66.9731337, 10.5914153 ], [ -66.9729674, 10.5914443 ], [ -66.9728118, 10.5914812 ], [ -66.9726214, 10.5915313 ], [ -66.9723344, 10.5916578 ], [ -66.9720554, 10.5918318 ], [ -66.9719481, 10.5918977 ], [ -66.9718543, 10.5919531 ], [ -66.9717819, 10.5919742 ], [ -66.9717175, 10.5919874 ], [ -66.9716236, 10.5919505 ], [ -66.9715378, 10.591903 ], [ -66.9714412, 10.5918239 ], [ -66.9713205, 10.5917105 ], [ -66.9712991, 10.5916341 ], [ -66.9712803, 10.5915471 ], [ -66.9712535, 10.5914574 ], [ -66.9712132, 10.5914126 ], [ -66.9711274, 10.5913889 ], [ -66.9710737, 10.5913836 ], [ -66.9709745, 10.5913836 ], [ -66.970886, 10.5913863 ], [ -66.970776, 10.5913994 ], [ -66.9707224, 10.5914258 ], [ -66.9706553, 10.5915207 ], [ -66.97065, 10.5915708 ], [ -66.9706526, 10.5916657 ], [ -66.9706714, 10.5918318 ], [ -66.9706875, 10.5919136 ], [ -66.9707385, 10.5919821 ], [ -66.9708082, 10.5920322 ], [ -66.9708967, 10.5920717 ], [ -66.9710577, 10.592164 ], [ -66.9711274, 10.5922168 ], [ -66.9711944, 10.5922827 ], [ -66.9712454, 10.592367 ], [ -66.9712669, 10.5924488 ], [ -66.9712722, 10.5925252 ], [ -66.9712588, 10.5925859 ], [ -66.9712132, 10.5926412 ], [ -66.9711649, 10.5926755 ], [ -66.9711086, 10.5926992 ], [ -66.9708458, 10.5927915 ], [ -66.970658, 10.5928732 ], [ -66.9705963, 10.5929102 ], [ -66.9705185, 10.5929339 ], [ -66.9704273, 10.5929365 ], [ -66.9703174, 10.5929339 ], [ -66.9702315, 10.5929181 ], [ -66.9701001, 10.5929022 ], [ -66.9700384, 10.5929022 ], [ -66.9699901, 10.5929286 ], [ -66.9699338, 10.5929761 ], [ -66.9698828, 10.5930367 ], [ -66.9698373, 10.5930631 ], [ -66.9697729, 10.5930789 ], [ -66.9697058, 10.5930789 ], [ -66.9695824, 10.593042 ], [ -66.9694188, 10.5930051 ], [ -66.969333, 10.5929893 ], [ -66.9692713, 10.5929629 ], [ -66.9692042, 10.5929154 ], [ -66.9691694, 10.5928785 ], [ -66.9691265, 10.5928337 ], [ -66.9690836, 10.5927625 ], [ -66.9690487, 10.5927019 ], [ -66.9690138, 10.5926597 ], [ -66.9689709, 10.5926307 ], [ -66.9689065, 10.5926122 ], [ -66.9688475, 10.592607 ], [ -66.9687241, 10.5926149 ], [ -66.9686249, 10.592636 ], [ -66.9685471, 10.5926571 ], [ -66.9684586, 10.5926623 ], [ -66.9683795, 10.5926478 ], [ -66.9683218, 10.5926254 ], [ -66.9682816, 10.5925964 ], [ -66.9682454, 10.5925635 ], [ -66.9682266, 10.5925265 ], [ -66.9682252, 10.5924778 ], [ -66.9682279, 10.5923921 ], [ -66.9682212, 10.5923024 ], [ -66.9682118, 10.5922616 ], [ -66.9681877, 10.5922313 ], [ -66.9681595, 10.592222 ], [ -66.9681247, 10.5922273 ], [ -66.9680053, 10.5922932 ], [ -66.9678444, 10.5923723 ], [ -66.9677344, 10.5924039 ], [ -66.9675815, 10.5924303 ], [ -66.9674903, 10.5924277 ], [ -66.9673857, 10.5924013 ], [ -66.9672731, 10.5923539 ], [ -66.9671658, 10.5923011 ], [ -66.9670773, 10.59228 ], [ -66.9669727, 10.5922774 ], [ -66.9668573, 10.5922959 ], [ -66.96675, 10.5923433 ], [ -66.9666749, 10.5924092 ], [ -66.9666159, 10.5924962 ], [ -66.9665542, 10.5926096 ], [ -66.9664845, 10.5927441 ], [ -66.9664657, 10.5927783 ], [ -66.9664201, 10.5928205 ], [ -66.9663665, 10.5928522 ], [ -66.9663048, 10.5928653 ], [ -66.9662404, 10.5928812 ], [ -66.9661787, 10.5929102 ], [ -66.9661304, 10.5929365 ], [ -66.9660741, 10.5930103 ], [ -66.9660419, 10.5931105 ], [ -66.9660312, 10.593245 ], [ -66.9660258, 10.5933267 ], [ -66.9660044, 10.5934032 ], [ -66.9659239, 10.5935034 ], [ -66.9658354, 10.5935535 ], [ -66.965763, 10.5935746 ], [ -66.9656932, 10.593593 ], [ -66.9656047, 10.5936246 ], [ -66.9655189, 10.5936932 ], [ -66.9654626, 10.5937776 ], [ -66.9654304, 10.5938461 ], [ -66.9654116, 10.5939384 ], [ -66.9653901, 10.5940623 ], [ -66.9653767, 10.5941229 ], [ -66.9653553, 10.5941704 ], [ -66.9653043, 10.5942152 ], [ -66.9652399, 10.5942363 ], [ -66.9651675, 10.5942469 ], [ -66.9650683, 10.5942548 ], [ -66.9650361, 10.5942838 ], [ -66.9650173, 10.594326 ], [ -66.9649878, 10.594405 ], [ -66.9649878, 10.5945052 ], [ -66.9649798, 10.5945896 ], [ -66.9649529, 10.5946371 ], [ -66.9649074, 10.594674 ], [ -66.9648457, 10.5946872 ], [ -66.9648027, 10.5946792 ], [ -66.9647598, 10.5946555 ], [ -66.9646901, 10.5946001 ], [ -66.9646418, 10.5945448 ], [ -66.9645962, 10.5944736 ], [ -66.9645855, 10.5944314 ], [ -66.9645506, 10.594376 ], [ -66.9645157, 10.5943365 ], [ -66.9644648, 10.5943154 ], [ -66.9644111, 10.5943101 ], [ -66.9643629, 10.594318 ], [ -66.9643119, 10.5943681 ], [ -66.9642422, 10.5944525 ], [ -66.9641805, 10.5945553 ], [ -66.9641349, 10.5946265 ], [ -66.9640705, 10.5946792 ], [ -66.9639927, 10.5947188 ], [ -66.9637996, 10.5947873 ], [ -66.9635502, 10.594819 ], [ -66.9635046, 10.5948058 ], [ -66.9634777, 10.5947689 ], [ -66.963467, 10.5947135 ], [ -66.9634616, 10.5946476 ], [ -66.9634429, 10.5945632 ], [ -66.9634053, 10.5944973 ], [ -66.9633436, 10.5944314 ], [ -66.9632927, 10.5944103 ], [ -66.9632202, 10.5943971 ], [ -66.9631478, 10.5943971 ], [ -66.9630003, 10.5944261 ], [ -66.9628823, 10.5944657 ], [ -66.9627723, 10.5944894 ], [ -66.9626892, 10.5944947 ], [ -66.9626114, 10.5944868 ], [ -66.9625551, 10.5944736 ], [ -66.9625148, 10.5944551 ], [ -66.9624773, 10.594434 ], [ -66.9624129, 10.5944103 ], [ -66.9623432, 10.5943998 ], [ -66.9622546, 10.5944024 ], [ -66.9621447, 10.5944393 ], [ -66.9620883, 10.5944657 ], [ -66.9619972, 10.5944762 ], [ -66.961906, 10.5944789 ], [ -66.9617933, 10.5944631 ], [ -66.9617048, 10.5944446 ], [ -66.9616243, 10.5944446 ], [ -66.9615331, 10.5944578 ], [ -66.961458, 10.5944894 ], [ -66.9613937, 10.5945316 ], [ -66.9613507, 10.5945659 ], [ -66.9613132, 10.5946001 ], [ -66.961273, 10.5946107 ], [ -66.9612139, 10.5946186 ], [ -66.9611093, 10.5946371 ], [ -66.9610316, 10.5946687 ], [ -66.9609645, 10.5947109 ], [ -66.9608465, 10.5948058 ], [ -66.9607741, 10.5948322 ], [ -66.9607124, 10.594819 ], [ -66.9606748, 10.5947768 ], [ -66.960656, 10.5947241 ], [ -66.9606426, 10.5946423 ], [ -66.9606507, 10.5945606 ], [ -66.9606668, 10.5944657 ], [ -66.9606829, 10.5943866 ], [ -66.960699, 10.5942653 ], [ -66.9606721, 10.5942073 ], [ -66.9605997, 10.5941335 ], [ -66.9605005, 10.5940755 ], [ -66.9604361, 10.5940702 ], [ -66.9603691, 10.5940939 ], [ -66.9603342, 10.5941493 ], [ -66.9602886, 10.5942047 ], [ -66.9602215, 10.5942416 ], [ -66.9601598, 10.5942442 ], [ -66.9600821, 10.5942126 ], [ -66.9600284, 10.5941704 ], [ -66.9600016, 10.5941124 ], [ -66.9599882, 10.5940465 ], [ -66.9599721, 10.5938698 ], [ -66.9599694, 10.5937776 ], [ -66.9599479, 10.5937037 ], [ -66.9599238, 10.5936589 ], [ -66.9596475, 10.5932239 ], [ -66.9594571, 10.5929233 ], [ -66.9593713, 10.5928627 ], [ -66.9593123, 10.5928522 ], [ -66.9592291, 10.5928495 ], [ -66.9591406, 10.5928601 ], [ -66.9590682, 10.5928627 ], [ -66.9589904, 10.5928442 ], [ -66.9589475, 10.5927942 ], [ -66.9589314, 10.5927335 ], [ -66.958926, 10.5926702 ], [ -66.9589636, 10.5925437 ], [ -66.9589743, 10.5924514 ], [ -66.9589743, 10.5923749 ], [ -66.9589663, 10.5922616 ], [ -66.9589421, 10.5921508 ], [ -66.9588965, 10.592048 ], [ -66.9588402, 10.5920137 ], [ -66.9587597, 10.5920137 ], [ -66.9586685, 10.592019 ], [ -66.9585693, 10.5920507 ], [ -66.9584996, 10.5920981 ], [ -66.9584352, 10.5921561 ], [ -66.9583762, 10.5921957 ], [ -66.9583011, 10.5922141 ], [ -66.9582206, 10.5922062 ], [ -66.9577227, 10.5920852 ], [ -66.9576909, 10.5919808 ], [ -66.9576721, 10.5918556 ], [ -66.9576694, 10.5917791 ], [ -66.9576748, 10.5916868 ], [ -66.9576895, 10.5916235 ], [ -66.9577231, 10.5915682 ], [ -66.9577619, 10.5915154 ], [ -66.9578773, 10.591435 ], [ -66.9579765, 10.591381 ], [ -66.9580168, 10.5913454 ], [ -66.9580463, 10.5913111 ], [ -66.9582944, 10.5910316 ], [ -66.9583091, 10.5909921 ], [ -66.9583145, 10.5909618 ], [ -66.9583158, 10.5909143 ], [ -66.9583024, 10.5908418 ], [ -66.9582836, 10.5907074 ], [ -66.9582877, 10.590623 ], [ -66.9583038, 10.5905426 ], [ -66.9583413, 10.5904714 ], [ -66.9584043, 10.5904107 ], [ -66.9584888, 10.5903593 ], [ -66.9585948, 10.590329 ], [ -66.9586793, 10.5903013 ], [ -66.9587128, 10.5902789 ], [ -66.9587275, 10.5902552 ], [ -66.9587356, 10.5902236 ], [ -66.9587316, 10.5901932 ], [ -66.9587128, 10.5901247 ], [ -66.9586363, 10.5899757 ], [ -66.9585666, 10.5898887 ], [ -66.9585344, 10.5898465 ], [ -66.9585237, 10.5897912 ], [ -66.9585291, 10.589749 ], [ -66.9585639, 10.5896936 ], [ -66.9585988, 10.5896541 ], [ -66.9587436, 10.5895381 ], [ -66.9588348, 10.5894774 ], [ -66.9588858, 10.5894326 ], [ -66.9589126, 10.5893851 ], [ -66.9589153, 10.589314 ], [ -66.9588992, 10.5892559 ], [ -66.9588617, 10.5892059 ], [ -66.9587705, 10.589132 ], [ -66.9586927, 10.589074 ], [ -66.9586176, 10.589016 ], [ -66.9585156, 10.5889106 ], [ -66.9583923, 10.5887893 ], [ -66.9583225, 10.5886917 ], [ -66.9582555, 10.5884993 ], [ -66.9582662, 10.5884492 ], [ -66.9583064, 10.5884123 ], [ -66.958521, 10.5883701 ], [ -66.9588643, 10.5883015 ], [ -66.9590789, 10.5882857 ], [ -66.9593793, 10.5882857 ], [ -66.9595885, 10.5883226 ], [ -66.9597441, 10.5883384 ], [ -66.9599319, 10.5883384 ], [ -66.9600821, 10.5883121 ], [ -66.9602591, 10.5882646 ], [ -66.9604415, 10.5882198 ], [ -66.960656, 10.5881249 ], [ -66.9607392, 10.5880563 ], [ -66.9607741, 10.588001 ], [ -66.9608009, 10.5878981 ], [ -66.9608814, 10.5873471 ], [ -66.9608948, 10.5872469 ], [ -66.9608679, 10.5871863 ], [ -66.9608116, 10.5871441 ], [ -66.9607338, 10.5871256 ], [ -66.9606453, 10.5871098 ], [ -66.9605729, 10.5870782 ], [ -66.9605085, 10.5870123 ], [ -66.960471, 10.586949 ], [ -66.9604522, 10.5866774 ], [ -66.9605327, 10.5864823 ], [ -66.9606292, 10.5862819 ], [ -66.9606829, 10.5861659 ], [ -66.9607312, 10.5860183 ], [ -66.9607472, 10.5858864 ], [ -66.9607741, 10.585549 ], [ -66.9607472, 10.5853908 ], [ -66.9606024, 10.5850744 ], [ -66.9605112, 10.5848846 ], [ -66.9604039, 10.5847264 ], [ -66.9602966, 10.5846367 ], [ -66.9601572, 10.5845998 ], [ -66.9599694, 10.5845629 ], [ -66.9596583, 10.584526 ], [ -66.9589073, 10.5845102 ], [ -66.9585156, 10.5845523 ], [ -66.9582957, 10.5845919 ], [ -66.9580758, 10.5846525 ], [ -66.9577968, 10.5847738 ], [ -66.9576359, 10.5849004 ], [ -66.9575018, 10.5851034 ], [ -66.9574401, 10.5852088 ], [ -66.9574079, 10.5852431 ], [ -66.9573516, 10.5852484 ], [ -66.9572282, 10.5852721 ], [ -66.9571316, 10.5853275 ], [ -66.9569653, 10.5854857 ], [ -66.9567722, 10.5856913 ], [ -66.9566757, 10.585781 ], [ -66.9565469, 10.5858917 ], [ -66.9564503, 10.5860025 ], [ -66.9563592, 10.5861501 ], [ -66.9562706, 10.5863083 ], [ -66.9562116, 10.5864006 ], [ -66.9562023, 10.5864862 ], [ -66.9561392, 10.5865706 ], [ -66.9561151, 10.5866194 ], [ -66.9560614, 10.5867407 ], [ -66.9560078, 10.5868198 ], [ -66.9559246, 10.5869147 ], [ -66.9558442, 10.5869701 ], [ -66.955702, 10.5870096 ], [ -66.955643, 10.5870096 ], [ -66.955584, 10.5870017 ], [ -66.9555491, 10.5869727 ], [ -66.9555411, 10.5869279 ], [ -66.9555518, 10.5868145 ], [ -66.9556242, 10.5864401 ], [ -66.9556618, 10.586187 ], [ -66.9556993, 10.5858706 ], [ -66.9557208, 10.5857019 ], [ -66.9557422, 10.5854013 ], [ -66.955753, 10.5852431 ], [ -66.9557637, 10.5850638 ], [ -66.9557476, 10.5849636 ], [ -66.9557047, 10.584874 ], [ -66.9556296, 10.5847527 ], [ -66.9555223, 10.5845945 ], [ -66.9554097, 10.5845313 ], [ -66.9552863, 10.5844732 ], [ -66.9550878, 10.58441 ], [ -66.9547659, 10.5843361 ], [ -66.9545353, 10.5843467 ], [ -66.9543958, 10.5843889 ], [ -66.9542563, 10.5844732 ], [ -66.9541597, 10.5845576 ], [ -66.9540632, 10.5846842 ], [ -66.9538486, 10.5851588 ], [ -66.9537735, 10.5853644 ], [ -66.9537681, 10.585454 ], [ -66.9538164, 10.5855911 ], [ -66.9538701, 10.5856597 ], [ -66.9539988, 10.5858021 ], [ -66.9540256, 10.5858917 ], [ -66.9540203, 10.5859866 ], [ -66.9539613, 10.5860657 ], [ -66.9538701, 10.5861079 ], [ -66.9537306, 10.5861079 ], [ -66.953575, 10.5860446 ], [ -66.9534141, 10.5859866 ], [ -66.9531888, 10.5859444 ], [ -66.9528294, 10.5859075 ], [ -66.9524485, 10.5858917 ], [ -66.9519121, 10.5858706 ], [ -66.9514883, 10.5858864 ], [ -66.951043, 10.5859023 ], [ -66.950469, 10.5859497 ], [ -66.9502437, 10.5859972 ], [ -66.9500721, 10.5860499 ], [ -66.9496965, 10.5862872 ], [ -66.9494927, 10.5864348 ], [ -66.9492191, 10.5866932 ], [ -66.9481838, 10.5876266 ], [ -66.947878, 10.5878955 ], [ -66.9477332, 10.5880062 ], [ -66.9474757, 10.5881433 ], [ -66.947304, 10.5882119 ], [ -66.9470733, 10.588291 ], [ -66.9464994, 10.5883859 ], [ -66.946317, 10.5883806 ], [ -66.9461936, 10.588349 ], [ -66.9461078, 10.588291 ], [ -66.9459736, 10.5882435 ], [ -66.9458664, 10.5881802 ], [ -66.9456893, 10.5880959 ], [ -66.9454801, 10.5880379 ], [ -66.9450241, 10.587906 ], [ -66.9444823, 10.5878111 ], [ -66.9438601, 10.5877689 ], [ -66.9431144, 10.5877215 ], [ -66.9427604, 10.5877162 ], [ -66.9425565, 10.5877531 ], [ -66.9422454, 10.5878059 ], [ -66.9421327, 10.587848 ], [ -66.942063, 10.5879271 ], [ -66.9420147, 10.5880959 ], [ -66.9420737, 10.5888447 ], [ -66.9420683, 10.5890608 ], [ -66.9420093, 10.5892454 ], [ -66.9419396, 10.589393 ], [ -66.9417089, 10.5897042 ], [ -66.9414836, 10.589952 ], [ -66.9412315, 10.5901524 ], [ -66.9407433, 10.5905742 ], [ -66.9404751, 10.5907957 ], [ -66.9403544, 10.5908642 ], [ -66.9402498, 10.5909038 ], [ -66.9401667, 10.5909354 ], [ -66.9400889, 10.5909961 ], [ -66.9400165, 10.591091 ], [ -66.939995, 10.5911384 ], [ -66.9400084, 10.5914126 ], [ -66.9400191, 10.5916288 ], [ -66.9399709, 10.5918925 ], [ -66.9398689, 10.5922352 ], [ -66.9395846, 10.5933584 ], [ -66.9395202, 10.593506 ], [ -66.9394559, 10.5935877 ], [ -66.9393969, 10.5936299 ], [ -66.9387156, 10.5932687 ], [ -66.9384527, 10.5931105 ], [ -66.938265, 10.5930103 ], [ -66.938104, 10.5929734 ], [ -66.9378519, 10.5929418 ], [ -66.937632, 10.5929523 ], [ -66.9374335, 10.5928943 ], [ -66.9372296, 10.5927572 ], [ -66.9370794, 10.5926676 ], [ -66.9369239, 10.5926254 ], [ -66.9366127, 10.5925727 ], [ -66.9363821, 10.5925727 ], [ -66.9361728, 10.5925991 ], [ -66.9352663, 10.5928363 ], [ -66.9351482, 10.5928627 ], [ -66.9350785, 10.5923987 ], [ -66.9351026, 10.5920375 ], [ -66.9351026, 10.5918503 ], [ -66.9350973, 10.5917026 ], [ -66.9350678, 10.5915893 ], [ -66.9350302, 10.5914917 ], [ -66.9349954, 10.5914232 ], [ -66.9349578, 10.5913362 ], [ -66.9349551, 10.5912571 ], [ -66.9349927, 10.5911885 ], [ -66.9350812, 10.5911015 ], [ -66.9353092, 10.5908695 ], [ -66.9354621, 10.5907561 ], [ -66.9355935, 10.5906876 ], [ -66.9356445, 10.5906559 ], [ -66.935682, 10.5906111 ], [ -66.9358268, 10.5903053 ], [ -66.9358671, 10.5900865 ], [ -66.9358376, 10.5899731 ], [ -66.9357786, 10.5899362 ], [ -66.9356766, 10.589923 ], [ -66.9355908, 10.589923 ], [ -66.9355103, 10.5899494 ], [ -66.9354031, 10.5900284 ], [ -66.9353145, 10.5901365 ], [ -66.9352341, 10.5902025 ], [ -66.9351107, 10.5902631 ], [ -66.9348452, 10.5903527 ], [ -66.9345287, 10.5904107 ], [ -66.9341397, 10.5904898 ], [ -66.9339171, 10.5905505 ], [ -66.9335228, 10.5906533 ], [ -66.9331822, 10.5907324 ], [ -66.9329757, 10.590793 ], [ -66.9328254, 10.5908326 ], [ -66.932686, 10.5908932 ], [ -66.932568, 10.5909723 ], [ -66.9324902, 10.5910409 ], [ -66.9324499, 10.5911252 ], [ -66.9323212, 10.5914311 ], [ -66.93223, 10.5915102 ], [ -66.9321764, 10.5915444 ], [ -66.9318625, 10.5916657 ], [ -66.9316265, 10.5917264 ], [ -66.9313341, 10.5917501 ], [ -66.9309962, 10.5918028 ], [ -66.9307923, 10.5918608 ], [ -66.9306046, 10.5919399 ], [ -66.9304115, 10.5921192 ], [ -66.9302934, 10.5922985 ], [ -66.9301593, 10.5926571 ], [ -66.9300681, 10.592926 ], [ -66.9300091, 10.5932054 ], [ -66.929993, 10.5935798 ], [ -66.9299984, 10.5938224 ], [ -66.9300252, 10.5940175 ], [ -66.9301701, 10.5945764 ], [ -66.9302291, 10.5948137 ], [ -66.930272, 10.5950035 ], [ -66.9302666, 10.595167 ], [ -66.9301969, 10.5953305 ], [ -66.9301325, 10.5954676 ], [ -66.930095, 10.5956046 ], [ -66.9300091, 10.5957312 ], [ -66.9298911, 10.5958103 ], [ -66.9297355, 10.5958683 ], [ -66.9295853, 10.5959105 ], [ -66.9293976, 10.595979 ], [ -66.9292045, 10.5960898 ], [ -66.9290489, 10.5962216 ], [ -66.9262784, 10.5975869 ], [ -66.9260606, 10.5981174 ], [ -66.9252698, 10.5988313 ], [ -66.9248407, 10.5991688 ], [ -66.9244545, 10.5993797 ], [ -66.923829, 10.5996571 ], [ -66.9234213, 10.5994461 ], [ -66.9230779, 10.5989399 ], [ -66.9228634, 10.5970417 ], [ -66.9224771, 10.5953754 ], [ -66.9217508, 10.5953934 ], [ -66.9212787, 10.5958152 ], [ -66.9207391, 10.5964511 ], [ -66.9200342, 10.5972495 ], [ -66.9183573, 10.5993618 ], [ -66.9175633, 10.5992352 ], [ -66.9164261, 10.5989821 ], [ -66.9157823, 10.5986447 ], [ -66.9149916, 10.598304 ], [ -66.9145378, 10.5978643 ], [ -66.9138726, 10.597105 ], [ -66.9130604, 10.5976713 ], [ -66.9126495, 10.5986025 ], [ -66.9122021, 10.5995273 ], [ -66.9121345, 10.6000789 ], [ -66.9121345, 10.6007538 ], [ -66.9121377, 10.601299 ], [ -66.9121377, 10.6019318 ], [ -66.9121345, 10.6024411 ], [ -66.9117268, 10.602863 ], [ -66.9100531, 10.6025044 ], [ -66.9088515, 10.6021248 ], [ -66.9067948, 10.6018474 ], [ -66.9058474, 10.6018717 ], [ -66.9049709, 10.6018685 ], [ -66.9037017, 10.6020193 ], [ -66.9025462, 10.6024802 ], [ -66.8996279, 10.6032394 ], [ -66.898981, 10.6010913 ], [ -66.8986591, 10.6002476 ], [ -66.8980798, 10.5996992 ], [ -66.8975862, 10.5995727 ], [ -66.8970283, 10.6001 ], [ -66.8967065, 10.6005851 ], [ -66.8964736, 10.6012358 ], [ -66.8962344, 10.6019349 ], [ -66.8959554, 10.602631 ], [ -66.8959554, 10.6031371 ], [ -66.895934, 10.6039808 ], [ -66.8925437, 10.6048244 ], [ -66.8901833, 10.6045503 ], [ -66.8865602, 10.6043151 ], [ -66.88454, 10.6034957 ], [ -66.882671, 10.6034819 ], [ -66.8817719, 10.6042761 ], [ -66.8806379, 10.6070358 ], [ -66.8796691, 10.608431 ], [ -66.8787464, 10.6083467 ], [ -66.8766865, 10.6083045 ], [ -66.8752273, 10.6081779 ], [ -66.8703615, 10.6001784 ], [ -66.8655119, 10.6048575 ], [ -66.8654932, 10.6056694 ], [ -66.865151, 10.6058819 ], [ -66.8650167, 10.6073311 ], [ -66.8640431, 10.6059366 ], [ -66.8623075, 10.6050106 ], [ -66.8614607, 10.603475 ], [ -66.8603352, 10.6033422 ], [ -66.8594521, 10.6026419 ], [ -66.8587478, 10.6029684 ], [ -66.8583616, 10.6025888 ], [ -66.8576567, 10.6027332 ], [ -66.8568628, 10.6031129 ], [ -66.8562405, 10.6036191 ], [ -66.8556826, 10.6040831 ], [ -66.8552073, 10.6035801 ], [ -66.8552073, 10.6029895 ], [ -66.8550571, 10.6025466 ], [ -66.8550549, 10.6017745 ], [ -66.8535693, 10.6006297 ], [ -66.8533318, 10.5999855 ], [ -66.8526372, 10.6004984 ], [ -66.8509344, 10.5969933 ], [ -66.8485955, 10.5948196 ], [ -66.8464403, 10.5963896 ], [ -66.8466027, 10.5980216 ], [ -66.8476989, 10.5991565 ], [ -66.8477433, 10.5992321 ], [ -66.8482336, 10.5996571 ], [ -66.8489202, 10.6005851 ], [ -66.8492206, 10.6012178 ], [ -66.8493311, 10.6016576 ], [ -66.8491402, 10.6022944 ], [ -66.8491166, 10.6027122 ], [ -66.848379, 10.6026621 ], [ -66.8478338, 10.6024051 ], [ -66.8462236, 10.6041942 ], [ -66.8460909, 10.6041573 ], [ -66.8458145, 10.6031151 ], [ -66.8437781, 10.6051031 ], [ -66.8427446, 10.6041174 ], [ -66.8421946, 10.6022437 ], [ -66.840145, 10.6015775 ], [ -66.8349727, 10.6028419 ], [ -66.8343751, 10.6032605 ], [ -66.8333206, 10.6030786 ], [ -66.8325125, 10.6039291 ], [ -66.8317676, 10.6048062 ], [ -66.8322867, 10.6057762 ], [ -66.8321508, 10.606499 ], [ -66.8327148, 10.6073888 ], [ -66.8315388, 10.6064972 ], [ -66.8323764, 10.6093801 ], [ -66.8309122, 10.6064667 ], [ -66.8275484, 10.6081147 ], [ -66.8293111, 10.6017381 ], [ -66.8203601, 10.5999102 ], [ -66.819373, 10.6009436 ], [ -66.8203171, 10.601956 ], [ -66.8210467, 10.6028841 ], [ -66.821522, 10.6039776 ], [ -66.8218439, 10.6047158 ], [ -66.8222054, 10.6051408 ], [ -66.8228277, 10.6055837 ], [ -66.8233212, 10.6059001 ], [ -66.8240502, 10.6066877 ], [ -66.8244799, 10.6071656 ], [ -66.8245443, 10.6075874 ], [ -66.8245443, 10.6081779 ], [ -66.8242224, 10.6090216 ], [ -66.8237718, 10.6092536 ], [ -66.8222054, 10.6096121 ], [ -66.8214147, 10.6096511 ], [ -66.8203386, 10.609823 ], [ -66.8172305, 10.6106213 ], [ -66.8157896, 10.6106456 ], [ -66.8139013, 10.610751 ], [ -66.8128316, 10.6107478 ], [ -66.8119283, 10.6105401 ], [ -66.8108554, 10.6102237 ], [ -66.8099113, 10.6101816 ], [ -66.8091817, 10.610287 ], [ -66.8084092, 10.6102448 ], [ -66.8060918, 10.6096332 ], [ -66.8046348, 10.6095035 ], [ -66.8025749, 10.6102628 ], [ -66.8014162, 10.6102838 ], [ -66.7982383, 10.6103714 ], [ -66.7962234, 10.6102838 ], [ -66.7948072, 10.6103049 ], [ -66.7940133, 10.6106635 ], [ -66.7923825, 10.6108533 ], [ -66.7903633, 10.6111728 ], [ -66.7890351, 10.6116547 ], [ -66.7883484, 10.611718 ], [ -66.7876403, 10.6116969 ], [ -66.7868013, 10.6116157 ], [ -66.7850204, 10.6115103 ], [ -66.7846127, 10.6116368 ], [ -66.7840569, 10.6118867 ], [ -66.7833896, 10.6122695 ], [ -66.7825313, 10.6099496 ], [ -66.7821236, 10.6091059 ], [ -66.7813747, 10.6080271 ], [ -66.7811365, 10.6072288 ], [ -66.7814584, 10.6059001 ], [ -66.7816944, 10.6050143 ], [ -66.7825098, 10.6040441 ], [ -66.7830892, 10.603559 ], [ -66.78369, 10.6030106 ], [ -66.7833252, 10.60242 ], [ -66.782159, 10.602387 ], [ -66.781613, 10.603038 ], [ -66.78143, 10.603212 ], [ -66.780782, 10.603535 ], [ -66.780206, 10.60378 ], [ -66.779952, 10.603952 ], [ -66.779748, 10.604029 ], [ -66.779122, 10.604348 ], [ -66.778579, 10.604851 ], [ -66.778288, 10.605154 ], [ -66.777825, 10.605675 ], [ -66.777453, 10.606246 ], [ -66.777307, 10.606501 ], [ -66.777293, 10.606659 ], [ -66.777227, 10.60733 ], [ -66.777251, 10.607524 ], [ -66.77744, 10.608038 ], [ -66.777475, 10.608126 ], [ -66.77749, 10.608162 ], [ -66.777848, 10.608581 ], [ -66.778088, 10.608996 ], [ -66.77813, 10.609127 ], [ -66.778256, 10.609659 ], [ -66.778292, 10.609789 ], [ -66.778296, 10.609827 ], [ -66.778309, 10.610597 ], [ -66.778315, 10.610657 ], [ -66.778248, 10.610763 ], [ -66.777985, 10.610916 ], [ -66.777416, 10.61134 ], [ -66.776591, 10.611474 ], [ -66.776588, 10.611475 ], [ -66.776587, 10.611475 ], [ -66.77576, 10.611547 ], [ -66.775675, 10.611553 ], [ -66.774933, 10.611507 ], [ -66.774886, 10.611509 ], [ -66.774105, 10.61164 ], [ -66.7739, 10.61166 ], [ -66.773276, 10.611726 ], [ -66.772963, 10.611762 ], [ -66.772448, 10.611843 ], [ -66.771999, 10.611892 ], [ -66.771621, 10.611871 ], [ -66.771171, 10.611886 ], [ -66.770793, 10.611873 ], [ -66.77031, 10.611914 ], [ -66.769965, 10.61197 ], [ -66.769184, 10.612203 ], [ -66.769136, 10.612216 ], [ -66.768333, 10.612221 ], [ -66.768308, 10.612217 ], [ -66.767648, 10.612074 ], [ -66.767483, 10.611938 ], [ -66.767193, 10.6117 ], [ -66.767043, 10.611406 ], [ -66.76693, 10.611136 ], [ -66.766664, 10.610819 ], [ -66.766051, 10.611399 ], [ -66.765831, 10.61152 ], [ -66.76534, 10.611884 ], [ -66.764999, 10.61216 ], [ -66.764769, 10.61222 ], [ -66.764169, 10.61247 ], [ -66.763923, 10.612461 ], [ -66.763343, 10.612367 ], [ -66.763234, 10.612318 ], [ -66.763029, 10.612207 ], [ -66.762699, 10.612024 ], [ -66.762518, 10.611954 ], [ -66.76187, 10.612019 ], [ -66.761691, 10.612003 ], [ -66.761102, 10.611954 ], [ -66.760863, 10.611985 ], [ -66.760561, 10.612189 ], [ -66.760033, 10.612418 ], [ -66.759804, 10.612412 ], [ -66.759205, 10.612418 ], [ -66.758989, 10.612395 ], [ -66.758477, 10.612174 ], [ -66.758411, 10.612142 ], [ -66.75838, 10.61213 ], [ -66.758219, 10.612172 ], [ -66.757551, 10.612319 ], [ -66.757391, 10.612327 ], [ -66.756725, 10.612187 ], [ -66.756705, 10.612182 ], [ -66.756646, 10.612161 ], [ -66.756072, 10.611983 ], [ -66.7559, 10.611825 ], [ -66.755338, 10.612152 ], [ -66.755069, 10.612262 ], [ -66.75493, 10.612289 ], [ -66.754242, 10.612239 ], [ -66.754124, 10.612262 ], [ -66.753414, 10.61231 ], [ -66.753246, 10.612305 ], [ -66.752587, 10.612223 ], [ -66.752529, 10.61219 ], [ -66.752347, 10.61213 ], [ -66.751914, 10.611974 ], [ -66.751762, 10.611972 ], [ -66.751374, 10.612123 ], [ -66.750932, 10.612332 ], [ -66.750734, 10.612317 ], [ -66.750104, 10.612333 ], [ -66.749855, 10.612362 ], [ -66.749277, 10.61238 ], [ -66.748762, 10.612619 ], [ -66.748447, 10.612719 ], [ -66.748075, 10.612929 ], [ -66.747616, 10.613128 ], [ -66.747348, 10.613193 ], [ -66.746787, 10.613418 ], [ -66.74619, 10.613514 ], [ -66.745959, 10.613539 ], [ -66.745541, 10.613331 ], [ -66.745199, 10.612909 ], [ -66.745166, 10.612879 ], [ -66.745136, 10.612828 ], [ -66.744868, 10.612906 ], [ -66.744307, 10.613085 ], [ -66.743996, 10.613211 ], [ -66.743476, 10.613518 ], [ -66.742718, 10.613651 ], [ -66.742648, 10.613659 ], [ -66.742518, 10.613719 ], [ -66.741818, 10.61396 ], [ -66.741442, 10.614088 ], [ -66.740989, 10.614207 ], [ -66.740521, 10.614176 ], [ -66.740163, 10.613987 ], [ -66.740048, 10.613819 ], [ -66.740022, 10.613702 ], [ -66.739869, 10.613172 ], [ -66.739778, 10.612871 ], [ -66.739772, 10.612445 ], [ -66.739501, 10.612039 ], [ -66.73955, 10.611841 ], [ -66.739574, 10.61121 ], [ -66.739674, 10.610895 ], [ -66.739856, 10.610382 ], [ -66.740194, 10.609831 ], [ -66.740333, 10.609556 ], [ -66.741029, 10.608828 ], [ -66.74116, 10.608732 ], [ -66.741859, 10.608444 ], [ -66.742353, 10.608246 ], [ -66.742689, 10.608106 ], [ -66.742984, 10.607915 ], [ -66.74352, 10.607529 ], [ -66.744242, 10.607094 ], [ -66.744352, 10.606987 ], [ -66.74511, 10.606271 ], [ -66.745176, 10.605456 ], [ -66.745179, 10.605442 ], [ -66.744904, 10.604901 ], [ -66.744866, 10.60461 ], [ -66.74467, 10.604309 ], [ -66.744476, 10.603777 ], [ -66.744452, 10.603701 ], [ -66.744376, 10.603631 ], [ -66.743883, 10.603439 ], [ -66.743636, 10.602942 ], [ -66.74361, 10.602885 ], [ -66.743555, 10.60282 ], [ -66.743402, 10.60294 ], [ -66.743454, 10.60304 ], [ -66.743172, 10.603768 ], [ -66.742995, 10.604317 ], [ -66.74296, 10.604596 ], [ -66.742713, 10.604816 ], [ -66.742366, 10.604938 ], [ -66.741883, 10.605219 ], [ -66.741439, 10.605415 ], [ -66.741052, 10.60559 ], [ -66.740815, 10.605648 ], [ -66.740223, 10.605873 ], [ -66.739535, 10.606091 ], [ -66.739394, 10.606132 ], [ -66.739198, 10.606229 ], [ -66.738562, 10.606672 ], [ -66.738171, 10.607052 ], [ -66.737729, 10.607458 ], [ -66.737374, 10.607876 ], [ -66.736895, 10.608435 ], [ -66.736612, 10.6087 ], [ -66.736062, 10.609207 ], [ -66.735474, 10.609521 ], [ -66.735325, 10.610251 ], [ -66.735282, 10.610349 ], [ -66.735225, 10.610479 ], [ -66.734874, 10.611176 ], [ -66.734526, 10.611864 ], [ -66.734448, 10.612003 ], [ -66.734383, 10.612435 ], [ -66.734327, 10.612831 ], [ -66.734172, 10.613038 ], [ -66.733721, 10.613657 ], [ -66.733544, 10.61407 ], [ -66.733403, 10.614484 ], [ -66.733434, 10.61459 ], [ -66.733538, 10.614753 ], [ -66.733758, 10.615093 ], [ -66.733958, 10.615318 ], [ -66.734074, 10.615605 ], [ -66.734358, 10.615851 ], [ -66.734512, 10.615996 ], [ -66.734672, 10.616153 ], [ -66.7346152, 10.6163982 ], [ -66.7345928, 10.6165049 ], [ -66.734529, 10.616803 ], [ -66.734586, 10.616982 ], [ -66.734348, 10.617136 ], [ -66.733784, 10.617538 ], [ -66.733517, 10.617733 ], [ -66.733328, 10.617802 ], [ -66.732688, 10.617937 ], [ -66.732548, 10.617937 ], [ -66.732315, 10.617795 ], [ -66.731995, 10.61766 ], [ -66.731863, 10.617555 ], [ -66.731573, 10.617253 ], [ -66.731426, 10.616959 ], [ -66.731275, 10.616724 ], [ -66.731044, 10.616443 ], [ -66.730539, 10.616627 ], [ -66.730216, 10.616487 ], [ -66.730024, 10.616949 ], [ -66.729381, 10.617546 ], [ -66.728869, 10.617454 ], [ -66.728554, 10.6175 ], [ -66.728159, 10.617332 ], [ -66.727729, 10.61708 ], [ -66.727629, 10.617032 ], [ -66.727414, 10.61693 ], [ -66.727086, 10.616745 ], [ -66.726905, 10.616689 ], [ -66.726333, 10.616666 ], [ -66.726078, 10.616651 ], [ -66.725593, 10.616573 ], [ -66.725252, 10.616405 ], [ -66.725011, 10.616325 ], [ -66.724802, 10.616081 ], [ -66.724624, 10.615884 ], [ -66.72443, 10.615676 ], [ -66.72403, 10.615647 ], [ -66.723602, 10.615795 ], [ -66.722935, 10.616068 ], [ -66.722772, 10.616126 ], [ -66.722707, 10.616131 ], [ -66.72245, 10.616064 ], [ -66.72206, 10.615947 ], [ -66.721964, 10.615231 ], [ -66.721965, 10.615218 ], [ -66.722188, 10.614403 ], [ -66.722244, 10.614118 ], [ -66.722297, 10.613574 ], [ -66.722324, 10.613215 ], [ -66.72197, 10.612743 ], [ -66.721969, 10.612742 ], [ -66.721386, 10.612496 ], [ -66.721146, 10.61229 ], [ -66.720985, 10.612068 ], [ -66.720941, 10.611905 ], [ -66.720907, 10.611322 ], [ -66.720847, 10.611075 ], [ -66.720776, 10.610628 ], [ -66.720649, 10.610244 ], [ -66.720561, 10.610016 ], [ -66.720421, 10.609412 ], [ -66.720411, 10.609341 ], [ -66.720428, 10.608583 ], [ -66.720395, 10.608534 ], [ -66.720347, 10.608418 ], [ -66.720024, 10.608077 ], [ -66.719879, 10.607749 ], [ -66.719696, 10.607577 ], [ -66.71953, 10.606976 ], [ -66.718898, 10.607742 ], [ -66.718696, 10.607919 ], [ -66.718403, 10.608568 ], [ -66.718239, 10.609017 ], [ -66.718102, 10.609396 ], [ -66.717855, 10.609792 ], [ -66.717145, 10.610098 ], [ -66.717025, 10.610142 ], [ -66.716679, 10.609735 ], [ -66.716546, 10.609384 ], [ -66.716399, 10.609188 ], [ -66.716205, 10.609032 ], [ -66.715938, 10.60882 ], [ -66.715811, 10.608549 ], [ -66.715569, 10.608361 ], [ -66.715384, 10.608184 ], [ -66.715056, 10.608045 ], [ -66.714922, 10.607713 ], [ -66.71475, 10.607523 ], [ -66.714564, 10.607209 ], [ -66.714328, 10.607117 ], [ -66.714299, 10.606879 ], [ -66.714059, 10.606559 ], [ -66.71376, 10.606045 ], [ -66.713754, 10.606037 ], [ -66.713746, 10.606019 ], [ -66.713297, 10.605665 ], [ -66.713158, 10.605211 ], [ -66.713055, 10.605081 ], [ -66.712926, 10.604985 ], [ -66.71247, 10.604835 ], [ -66.712101, 10.604664 ], [ -66.711763, 10.60471 ], [ -66.711274, 10.604606 ], [ -66.710958, 10.604683 ], [ -66.710447, 10.604577 ], [ -66.710124, 10.604683 ], [ -66.709618, 10.60475 ], [ -66.709088, 10.605182 ], [ -66.709352, 10.605445 ], [ -66.709612, 10.60555 ], [ -66.709952, 10.605676 ], [ -66.710438, 10.605747 ], [ -66.710639, 10.605821 ], [ -66.710952, 10.606025 ], [ -66.711207, 10.606084 ], [ -66.711263, 10.606093 ], [ -66.711834, 10.606287 ], [ -66.712088, 10.606446 ], [ -66.712456, 10.606496 ], [ -66.712466, 10.606866 ], [ -66.712674, 10.607104 ], [ -66.712906, 10.607631 ], [ -66.712953, 10.607652 ], [ -66.712946, 10.607699 ], [ -66.713247, 10.608185 ], [ -66.713343, 10.608531 ], [ -66.713464, 10.608794 ], [ -66.713722, 10.609248 ], [ -66.713785, 10.6093 ], [ -66.713807, 10.609364 ], [ -66.714145, 10.609768 ], [ -66.714448, 10.610199 ], [ -66.714467, 10.610273 ], [ -66.714535, 10.611029 ], [ -66.714535, 10.61103 ], [ -66.714536, 10.611037 ], [ -66.714633, 10.611756 ], [ -66.714636, 10.611859 ], [ -66.714927, 10.612289 ], [ -66.715221, 10.612693 ], [ -66.715248, 10.612796 ], [ -66.715349, 10.612923 ], [ -66.715592, 10.613279 ], [ -66.715775, 10.613527 ], [ -66.71534, 10.614173 ], [ -66.715119, 10.614352 ], [ -66.71451, 10.614544 ], [ -66.714113, 10.614741 ], [ -66.713679, 10.614934 ], [ -66.71338, 10.615169 ], [ -66.712844, 10.615993 ], [ -66.712843, 10.615994 ], [ -66.712842, 10.615997 ], [ -66.712553, 10.616822 ], [ -66.712006, 10.617474 ], [ -66.711259, 10.617561 ], [ -66.711178, 10.617576 ], [ -66.711001, 10.61764 ], [ -66.710348, 10.617807 ], [ -66.710159, 10.617823 ], [ -66.709521, 10.617778 ], [ -66.70933, 10.617819 ], [ -66.708693, 10.617901 ], [ -66.708385, 10.617929 ], [ -66.707865, 10.617994 ], [ -66.707037, 10.618438 ], [ -66.707034, 10.618439 ], [ -66.707032, 10.618441 ], [ -66.706204, 10.618745 ], [ -66.705907, 10.61873 ], [ -66.705378, 10.618565 ], [ -66.705255, 10.618551 ], [ -66.705053, 10.618425 ], [ -66.704732, 10.618244 ], [ -66.704554, 10.618192 ], [ -66.703881, 10.618262 ], [ -66.703726, 10.618283 ], [ -66.703465, 10.618414 ], [ -66.702895, 10.618764 ], [ -66.702301, 10.618999 ], [ -66.702065, 10.619094 ], [ -66.70149, 10.618976 ], [ -66.701239, 10.618938 ], [ -66.700807, 10.618828 ], [ -66.700413, 10.618753 ], [ -66.699889, 10.618911 ], [ -66.699584, 10.618961 ], [ -66.698765, 10.619198 ], [ -66.698754, 10.619202 ], [ -66.69795, 10.619181 ], [ -66.697927, 10.619185 ], [ -66.697372, 10.619199 ], [ -66.6971, 10.619204 ], [ -66.697092, 10.619204 ], [ -66.697001, 10.619196 ], [ -66.696328, 10.619136 ], [ -66.696273, 10.619132 ], [ -66.695496, 10.619134 ], [ -66.695445, 10.619113 ], [ -66.695182, 10.619183 ], [ -66.694616, 10.619375 ], [ -66.694471, 10.619323 ], [ -66.69413, 10.619175 ], [ -66.693982, 10.618983 ], [ -66.693994, 10.618344 ], [ -66.693871, 10.618269 ], [ -66.693797, 10.61826 ], [ -66.693304, 10.618006 ], [ -66.692973, 10.617789 ], [ -66.692807, 10.617674 ], [ -66.692731, 10.617506 ], [ -66.692514, 10.61714 ], [ -66.692375, 10.616673 ], [ -66.692334, 10.616495 ], [ -66.692289, 10.615843 ], [ -66.69228, 10.615724 ], [ -66.692166, 10.615152 ], [ -66.69214, 10.615039 ], [ -66.69213, 10.615012 ], [ -66.691911, 10.614442 ], [ -66.691883, 10.614181 ], [ -66.691677, 10.61385 ], [ -66.691486, 10.613348 ], [ -66.691441, 10.613259 ], [ -66.691353, 10.613181 ], [ -66.690988, 10.612883 ], [ -66.690531, 10.612521 ], [ -66.69052, 10.612522 ], [ -66.690512, 10.612511 ], [ -66.689957, 10.612255 ], [ -66.689706, 10.612178 ], [ -66.689281, 10.6121 ], [ -66.68888, 10.611908 ], [ -66.688667, 10.611882 ], [ -66.688429, 10.611667 ], [ -66.688233, 10.611488 ], [ -66.688058, 10.61119 ], [ -66.687818, 10.611075 ], [ -66.687233, 10.610973 ], [ -66.687093, 10.610968 ], [ -66.686404, 10.611152 ], [ -66.686039, 10.611186 ], [ -66.685689, 10.610818 ], [ -66.685618, 10.610779 ], [ -66.685581, 10.610633 ], [ -66.685338, 10.610815 ], [ -66.685472, 10.610923 ], [ -66.685117, 10.611643 ], [ -66.685018, 10.612194 ], [ -66.684963, 10.612472 ], [ -66.685195, 10.612844 ], [ -66.685561, 10.613291 ], [ -66.685571, 10.613296 ], [ -66.685591, 10.613306 ], [ -66.686203, 10.613494 ], [ -66.686386, 10.61352 ], [ -66.686977, 10.613553 ], [ -66.687213, 10.613579 ], [ -66.687771, 10.613592 ], [ -66.68804, 10.613614 ], [ -66.688493, 10.613701 ], [ -66.688865, 10.613915 ], [ -66.689018, 10.614006 ], [ -66.689049, 10.61416 ], [ -66.689069, 10.614779 ], [ -66.689025, 10.614989 ], [ -66.689097, 10.615575 ], [ -66.68916, 10.61582 ], [ -66.688846, 10.616467 ], [ -66.688733, 10.616647 ], [ -66.688335, 10.617151 ], [ -66.688104, 10.617471 ], [ -66.688011, 10.617566 ], [ -66.687524, 10.618298 ], [ -66.68758, 10.61872 ], [ -66.687756, 10.619129 ], [ -66.687782, 10.619345 ], [ -66.687996, 10.619502 ], [ -66.688238, 10.619717 ], [ -66.688443, 10.619963 ], [ -66.688331, 10.620448 ], [ -66.688379, 10.620792 ], [ -66.687985, 10.620943 ], [ -66.687861, 10.620913 ], [ -66.687158, 10.620882 ], [ -66.687087, 10.620855 ], [ -66.686799, 10.620781 ], [ -66.6865, 10.620612 ], [ -66.686333, 10.620568 ], [ -66.685966, 10.620316 ], [ -66.68551, 10.619976 ], [ -66.685478, 10.619975 ], [ -66.684681, 10.620172 ], [ -66.684252, 10.620362 ], [ -66.683851, 10.620578 ], [ -66.683136, 10.620754 ], [ -66.683022, 10.620787 ], [ -66.682972, 10.620803 ], [ -66.682192, 10.621095 ], [ -66.68178, 10.621157 ], [ -66.681364, 10.621239 ], [ -66.680925, 10.621179 ], [ -66.680538, 10.621076 ], [ -66.680288, 10.620984 ], [ -66.679712, 10.620799 ], [ -66.679656, 10.620785 ], [ -66.678885, 10.620803 ], [ -66.678814, 10.620794 ], [ -66.678058, 10.620771 ], [ -66.678011, 10.620763 ], [ -66.677748, 10.620715 ], [ -66.677307, 10.620635 ], [ -66.677231, 10.620625 ], [ -66.676589, 10.620521 ], [ -66.676405, 10.620478 ], [ -66.675841, 10.620437 ], [ -66.675578, 10.620422 ], [ -66.674993, 10.620451 ], [ -66.67475, 10.620455 ], [ -66.674197, 10.620414 ], [ -66.673924, 10.620393 ], [ -66.673417, 10.620361 ], [ -66.673096, 10.620386 ], [ -66.672543, 10.620401 ], [ -66.672269, 10.620411 ], [ -66.671755, 10.620356 ], [ -66.671442, 10.620321 ], [ -66.671037, 10.620242 ], [ -66.670616, 10.620085 ], [ -66.670421, 10.620027 ], [ -66.669986, 10.619827 ], [ -66.669848, 10.61977 ], [ -66.669792, 10.619751 ], [ -66.669194, 10.619592 ], [ -66.668966, 10.619511 ], [ -66.668434, 10.61952 ], [ -66.66814, 10.619331 ], [ -66.667377, 10.619808 ], [ -66.667309, 10.619834 ], [ -66.667279, 10.619837 ], [ -66.66648, 10.620024 ], [ -66.666238, 10.620042 ], [ -66.665651, 10.620157 ], [ -66.665253, 10.620192 ], [ -66.664824, 10.620216 ], [ -66.664331, 10.620279 ], [ -66.663996, 10.620285 ], [ -66.663449, 10.620326 ], [ -66.663168, 10.620347 ], [ -66.662459, 10.620481 ], [ -66.662339, 10.620496 ], [ -66.66172, 10.620596 ], [ -66.661511, 10.620622 ], [ -66.66148, 10.620625 ], [ -66.660684, 10.6206 ], [ -66.660671, 10.6206 ], [ -66.660566, 10.620587 ], [ -66.659938, 10.620501 ], [ -66.659857, 10.620473 ], [ -66.659144, 10.620462 ], [ -66.65903, 10.620474 ], [ -66.658209, 10.620563 ], [ -66.658202, 10.620565 ], [ -66.658107, 10.620569 ], [ -66.657374, 10.620597 ], [ -66.657335, 10.620603 ], [ -66.656546, 10.620665 ], [ -66.656366, 10.620736 ], [ -66.655717, 10.620944 ], [ -66.654889, 10.621371 ], [ -66.654886, 10.621372 ], [ -66.654881, 10.621374 ], [ -66.654057, 10.621584 ], [ -66.65385, 10.621575 ], [ -66.653436, 10.621363 ], [ -66.653311, 10.621282 ], [ -66.653233, 10.621174 ], [ -66.652987, 10.620779 ], [ -66.652803, 10.620528 ], [ -66.652621, 10.620317 ], [ -66.652413, 10.620184 ], [ -66.652159, 10.61995 ], [ -66.65172, 10.61969 ], [ -66.65164, 10.61964 ], [ -66.65159, 10.619599 ], [ -66.651237, 10.619215 ], [ -66.650966, 10.618855 ], [ -66.650914, 10.61871 ], [ -66.650861, 10.618025 ], [ -66.650868, 10.617932 ], [ -66.650865, 10.617195 ], [ -66.650965, 10.617013 ], [ -66.651093, 10.616367 ], [ -66.65162, 10.615677 ], [ -66.65186, 10.615543 ], [ -66.651701, 10.615463 ], [ -66.651622, 10.615407 ], [ -66.651179, 10.615155 ], [ -66.650797, 10.615168 ], [ -66.650338, 10.615163 ], [ -66.649969, 10.615261 ], [ -66.649402, 10.615264 ], [ -66.649142, 10.615228 ], [ -66.648822, 10.615013 ], [ -66.648407, 10.614688 ], [ -66.648356, 10.61465 ], [ -66.648319, 10.614613 ], [ -66.647899, 10.614278 ], [ -66.647496, 10.614048 ], [ -66.647333, 10.614013 ], [ -66.646669, 10.613974 ], [ -66.646543, 10.613971 ], [ -66.645842, 10.613901 ], [ -66.645709, 10.613971 ], [ -66.645012, 10.614244 ], [ -66.644571, 10.614659 ], [ -66.644179, 10.614983 ], [ -66.643832, 10.615002 ], [ -66.643351, 10.615109 ], [ -66.643048, 10.614953 ], [ -66.642641, 10.614645 ], [ -66.642578, 10.614593 ], [ -66.642528, 10.614562 ], [ -66.642115, 10.614227 ], [ -66.641807, 10.613809 ], [ -66.641772, 10.613743 ], [ -66.641707, 10.613654 ], [ -66.641435, 10.613253 ], [ -66.641344, 10.612976 ], [ -66.641289, 10.612574 ], [ -66.641139, 10.612145 ], [ -66.641153, 10.611884 ], [ -66.640897, 10.611413 ], [ -66.640863, 10.611348 ], [ -66.640845, 10.611313 ], [ -66.640872, 10.610516 ], [ -66.64087, 10.610484 ], [ -66.640905, 10.610445 ], [ -66.640969, 10.61042 ], [ -66.641735, 10.61 ], [ -66.642311, 10.609918 ], [ -66.642564, 10.60985 ], [ -66.643102, 10.60996 ], [ -66.64339, 10.610024 ], [ -66.643988, 10.609908 ], [ -66.644218, 10.60991 ], [ -66.644507, 10.609681 ], [ -66.645053, 10.608877 ], [ -66.645061, 10.608856 ], [ -66.645066, 10.608843 ], [ -66.645258, 10.608028 ], [ -66.645329, 10.607761 ], [ -66.645408, 10.607199 ], [ -66.64527, 10.606995 ], [ -66.645124, 10.606367 ], [ -66.645113, 10.606327 ], [ -66.645074, 10.606179 ], [ -66.644532, 10.606078 ], [ -66.644246, 10.606234 ], [ -66.64414, 10.60636 ], [ -66.643988, 10.606615 ], [ -66.643689, 10.607186 ], [ -66.643408, 10.607626 ], [ -66.642803, 10.607785 ], [ -66.642579, 10.607929 ], [ -66.641996, 10.607759 ], [ -66.641753, 10.607708 ], [ -66.641271, 10.607652 ], [ -66.640927, 10.60753 ], [ -66.640463, 10.607627 ], [ -66.640098, 10.607751 ], [ -66.63964, 10.607986 ], [ -66.639267, 10.608236 ], [ -66.638937, 10.608311 ], [ -66.638437, 10.608536 ], [ -66.637863, 10.608548 ], [ -66.63761, 10.608585 ], [ -66.637004, 10.608573 ], [ -66.636783, 10.608527 ], [ -66.636241, 10.608503 ], [ -66.635956, 10.608411 ], [ -66.635412, 10.608498 ], [ -66.635129, 10.608348 ], [ -66.634777, 10.608779 ], [ -66.63479, 10.609113 ], [ -66.635042, 10.60961 ], [ -66.635069, 10.60966 ], [ -66.635119, 10.609652 ], [ -66.635737, 10.609825 ], [ -66.635945, 10.60984 ], [ -66.636392, 10.610001 ], [ -66.636769, 10.610337 ], [ -66.636845, 10.610377 ], [ -66.636875, 10.610453 ], [ -66.637181, 10.610868 ], [ -66.637335, 10.611287 ], [ -66.637395, 10.611479 ], [ -66.637586, 10.611691 ], [ -66.637778, 10.611925 ], [ -66.637962, 10.612121 ], [ -66.638224, 10.612307 ], [ -66.638407, 10.612454 ], [ -66.638687, 10.612673 ], [ -66.638893, 10.612957 ], [ -66.639055, 10.613133 ], [ -66.639228, 10.61331 ], [ -66.639477, 10.61354 ], [ -66.63954, 10.613792 ], [ -66.639717, 10.614126 ], [ -66.640041, 10.614625 ], [ -66.640042, 10.614628 ], [ -66.640045, 10.614633 ], [ -66.640364, 10.615133 ], [ -66.640469, 10.615458 ], [ -66.640494, 10.615829 ], [ -66.64069, 10.616289 ], [ -66.640742, 10.616407 ], [ -66.640858, 10.616493 ], [ -66.641175, 10.616803 ], [ -66.641516, 10.617125 ], [ -66.641612, 10.617194 ], [ -66.64168, 10.617255 ], [ -66.642094, 10.617541 ], [ -66.642504, 10.617704 ], [ -66.642688, 10.617778 ], [ -66.643038, 10.617966 ], [ -66.643227, 10.618069 ], [ -66.643328, 10.618117 ], [ -66.643924, 10.618204 ], [ -66.644154, 10.618249 ], [ -66.644901, 10.618063 ], [ -66.644983, 10.618049 ], [ -66.64519, 10.617982 ], [ -66.645813, 10.617783 ], [ -66.646016, 10.617784 ], [ -66.646639, 10.617933 ], [ -66.646674, 10.617958 ], [ -66.646703, 10.617994 ], [ -66.646934, 10.618525 ], [ -66.6469514, 10.61867 ], [ -66.64697, 10.618825 ], [ -66.647067, 10.619217 ], [ -66.64707, 10.619656 ], [ -66.647151, 10.619956 ], [ -66.647252, 10.620487 ], [ -66.647228, 10.620704 ], [ -66.647382, 10.621317 ], [ -66.646608, 10.621949 ], [ -66.646215, 10.622138 ], [ -66.645778, 10.622279 ], [ -66.645565, 10.622346 ], [ -66.644949, 10.622524 ], [ -66.644223, 10.622848 ], [ -66.644119, 10.622882 ], [ -66.643448, 10.622947 ], [ -66.643291, 10.622958 ], [ -66.64328, 10.622956 ], [ -66.643211, 10.622945 ], [ -66.642602, 10.622802 ], [ -66.642465, 10.622795 ], [ -66.641876, 10.622696 ], [ -66.641638, 10.622697 ], [ -66.64107, 10.622669 ], [ -66.640811, 10.622694 ], [ -66.640132, 10.622772 ], [ -66.639983, 10.622789 ], [ -66.639413, 10.622916 ], [ -66.639154, 10.622977 ], [ -66.639065, 10.623002 ], [ -66.638325, 10.623188 ], [ -66.637992, 10.623239 ], [ -66.637496, 10.623334 ], [ -66.636939, 10.623455 ], [ -66.636667, 10.623514 ], [ -66.635857, 10.623701 ], [ -66.635839, 10.623704 ], [ -66.635075, 10.62365 ], [ -66.635012, 10.623636 ], [ -66.634476, 10.623419 ], [ -66.634187, 10.623256 ], [ -66.633921, 10.623144 ], [ -66.633635, 10.622874 ], [ -66.6335, 10.622736 ], [ -66.633366, 10.622529 ], [ -66.633121, 10.622287 ], [ -66.632987, 10.622039 ], [ -66.632879, 10.621704 ], [ -66.632769, 10.621208 ], [ -66.63269, 10.621066 ], [ -66.632553, 10.620588 ], [ -66.632274, 10.621204 ], [ -66.631716, 10.621876 ], [ -66.63163, 10.622029 ], [ -66.631597, 10.622146 ], [ -66.631369, 10.622857 ], [ -66.631247, 10.623315 ], [ -66.63132, 10.623686 ], [ -66.630873, 10.623917 ], [ -66.630648, 10.623906 ], [ -66.630045, 10.623965 ], [ -66.629726, 10.623994 ], [ -66.629217, 10.624095 ], [ -66.628729, 10.624155 ], [ -66.628388, 10.6242 ], [ -66.627798, 10.624251 ], [ -66.627561, 10.624222 ], [ -66.626888, 10.624326 ], [ -66.626732, 10.624347 ], [ -66.625942, 10.624437 ], [ -66.625904, 10.624442 ], [ -66.625155, 10.624392 ], [ -66.625078, 10.624356 ], [ -66.624476, 10.624464 ], [ -66.624249, 10.624491 ], [ -66.624221, 10.624491 ], [ -66.623421, 10.624568 ], [ -66.623315, 10.624562 ], [ -66.622594, 10.624555 ], [ -66.622495, 10.624548 ], [ -66.62203, 10.624445 ], [ -66.621819, 10.624392 ], [ -66.621768, 10.62437 ], [ -66.621154, 10.624226 ], [ -66.620942, 10.624167 ], [ -66.620413, 10.624134 ], [ -66.620115, 10.62416 ], [ -66.619626, 10.624088 ], [ -66.619288, 10.624079 ], [ -66.618825, 10.624056 ], [ -66.618461, 10.624008 ], [ -66.618036, 10.624012 ], [ -66.617635, 10.623894 ], [ -66.617419, 10.623798 ], [ -66.617261, 10.62358 ], [ -66.617177, 10.623214 ], [ -66.617162, 10.622749 ], [ -66.617125, 10.622442 ], [ -66.617129, 10.621919 ], [ -66.617162, 10.621582 ], [ -66.617149, 10.62109 ], [ -66.617262, 10.620661 ], [ -66.61701, 10.620259 ], [ -66.617168, 10.61993 ], [ -66.616837, 10.620088 ], [ -66.616614, 10.620256 ], [ -66.616006, 10.62058 ], [ -66.615321, 10.621076 ], [ -66.615174, 10.621167 ], [ -66.615064, 10.621185 ], [ -66.614346, 10.621308 ], [ -66.613925, 10.621486 ], [ -66.613518, 10.621328 ], [ -66.613026, 10.621888 ], [ -66.613323, 10.62208 ], [ -66.61351, 10.622298 ], [ -66.61375, 10.622482 ], [ -66.613797, 10.622724 ], [ -66.613821, 10.623235 ], [ -66.614178, 10.623556 ], [ -66.613499, 10.623735 ], [ -66.613325, 10.623725 ], [ -66.612671, 10.623803 ], [ -66.61241, 10.623805 ], [ -66.611844, 10.623838 ], [ -66.611579, 10.623803 ], [ -66.611017, 10.62375 ], [ -66.610827, 10.623722 ], [ -66.610191, 10.623629 ], [ -66.610099, 10.623617 ], [ -66.609364, 10.623551 ], [ -66.609336, 10.623547 ], [ -66.609179, 10.623518 ], [ -66.60865, 10.623402 ], [ -66.608538, 10.623398 ], [ -66.607928, 10.623291 ], [ -66.607711, 10.623276 ], [ -66.607131, 10.623255 ], [ -66.606884, 10.623247 ], [ -66.606256, 10.623296 ], [ -66.606056, 10.623303 ], [ -66.60532, 10.623397 ], [ -66.605228, 10.623395 ], [ -66.604551, 10.623483 ], [ -66.6044, 10.62351 ], [ -66.604361, 10.623521 ], [ -66.603571, 10.623681 ], [ -66.603283, 10.623762 ], [ -66.602743, 10.623807 ], [ -66.602285, 10.623923 ], [ -66.601914, 10.624017 ], [ -66.601209, 10.624163 ], [ -66.601085, 10.624191 ], [ -66.60063, 10.624282 ], [ -66.600257, 10.624346 ], [ -66.600179, 10.624356 ], [ -66.599429, 10.62444 ], [ -66.599227, 10.624473 ], [ -66.5986, 10.624617 ], [ -66.598198, 10.624666 ], [ -66.597772, 10.624732 ], [ -66.597161, 10.624867 ], [ -66.596943, 10.624915 ], [ -66.596244, 10.625078 ], [ -66.596114, 10.625097 ], [ -66.596096, 10.625095 ], [ -66.595287, 10.625104 ], [ -66.595257, 10.6251 ], [ -66.594732, 10.625066 ], [ -66.59448, 10.625043 ], [ -66.59446, 10.625042 ], [ -66.593635, 10.625055 ], [ -66.593632, 10.625055 ], [ -66.593523, 10.625057 ], [ -66.592805, 10.625064 ], [ -66.592786, 10.62507 ], [ -66.591977, 10.625164 ], [ -66.591806, 10.625214 ], [ -66.591148, 10.625341 ], [ -66.590689, 10.625494 ], [ -66.590319, 10.625576 ], [ -66.589576, 10.62577 ], [ -66.58949, 10.62579 ], [ -66.588666, 10.625845 ], [ -66.588662, 10.625846 ], [ -66.587836, 10.625841 ], [ -66.587835, 10.625841 ], [ -66.587811, 10.625842 ], [ -66.587007, 10.625875 ], [ -66.586979, 10.625865 ], [ -66.58618, 10.62586 ], [ -66.586156, 10.625854 ], [ -66.585904, 10.625828 ], [ -66.585433, 10.625744 ], [ -66.585353, 10.625741 ], [ -66.584749, 10.625597 ], [ -66.584527, 10.625572 ], [ -66.584022, 10.625491 ], [ -66.583701, 10.625421 ], [ -66.583308, 10.625373 ], [ -66.582875, 10.625305 ], [ -66.58255, 10.625298 ], [ -66.582047, 10.625302 ], [ -66.581659, 10.625354 ], [ -66.58122, 10.625345 ], [ -66.58081, 10.62537 ], [ -66.580393, 10.625296 ], [ -66.580088, 10.62526 ], [ -66.579566, 10.62521 ], [ -66.579337, 10.625178 ], [ -66.578739, 10.625185 ], [ -66.578511, 10.625171 ], [ -66.577912, 10.625176 ], [ -66.577655, 10.625192 ], [ -66.577085, 10.625137 ], [ -66.576875, 10.625139 ], [ -66.576258, 10.625089 ], [ -66.5761, 10.625082 ], [ -66.575431, 10.624997 ], [ -66.575374, 10.624975 ], [ -66.575297, 10.624917 ], [ -66.574961, 10.62456 ], [ -66.574609, 10.624277 ], [ -66.574537, 10.624156 ], [ -66.574478, 10.624082 ], [ -66.574616, 10.623478 ], [ -66.574701, 10.623254 ], [ -66.57545, 10.622568 ], [ -66.575944, 10.622766 ], [ -66.576276, 10.622812 ], [ -66.576504, 10.623037 ], [ -66.576829, 10.62327 ], [ -66.576927, 10.623442 ], [ -66.577098, 10.623491 ], [ -66.577496, 10.623704 ], [ -66.577923, 10.623788 ], [ -66.578272, 10.623761 ], [ -66.57875, 10.623751 ], [ -66.579415, 10.623455 ], [ -66.57958, 10.623403 ], [ -66.579726, 10.623292 ], [ -66.580412, 10.62282 ], [ -66.580671, 10.62247 ], [ -66.580816, 10.622071 ], [ -66.580998, 10.621643 ], [ -66.581253, 10.621145 ], [ -66.581726, 10.620818 ], [ -66.582084, 10.620668 ], [ -66.582329, 10.620578 ], [ -66.582912, 10.620573 ], [ -66.583252, 10.62 ], [ -66.583273, 10.619646 ], [ -66.583337, 10.619172 ], [ -66.583225, 10.61887 ], [ -66.582928, 10.618502 ], [ -66.582853, 10.618414 ], [ -66.582807, 10.618338 ], [ -66.582545, 10.617896 ], [ -66.582317, 10.617505 ], [ -66.582272, 10.617342 ], [ -66.58211, 10.617295 ], [ -66.581801, 10.616984 ], [ -66.581409, 10.616668 ], [ -66.581451, 10.616506 ], [ -66.581695, 10.615841 ], [ -66.582127, 10.615205 ], [ -66.582528, 10.615443 ], [ -66.582952, 10.615469 ], [ -66.583153, 10.615649 ], [ -66.583362, 10.615853 ], [ -66.583514, 10.616115 ], [ -66.583773, 10.616272 ], [ -66.583994, 10.616465 ], [ -66.584393, 10.616691 ], [ -66.584492, 10.616796 ], [ -66.584596, 10.616818 ], [ -66.585098, 10.617021 ], [ -66.585421, 10.617089 ], [ -66.585811, 10.617141 ], [ -66.586248, 10.617178 ], [ -66.586692, 10.617093 ], [ -66.587076, 10.617137 ], [ -66.587571, 10.616715 ], [ -66.587539, 10.616257 ], [ -66.587627, 10.615886 ], [ -66.587568, 10.615405 ], [ -66.587589, 10.615056 ], [ -66.587743, 10.61441 ], [ -66.587747, 10.614228 ], [ -66.587492, 10.613835 ], [ -66.587104, 10.613486 ], [ -66.587049, 10.613448 ], [ -66.586997, 10.613393 ], [ -66.586582, 10.613087 ], [ -66.586281, 10.612915 ], [ -66.586067, 10.612772 ], [ -66.585911, 10.612555 ], [ -66.58573, 10.612282 ], [ -66.585585, 10.611723 ], [ -66.585554, 10.611633 ], [ -66.585466, 10.611456 ], [ -66.585235, 10.611124 ], [ -66.585187, 10.61089 ], [ -66.585189, 10.610347 ], [ -66.584939, 10.610059 ], [ -66.585479, 10.609735 ], [ -66.58589, 10.609655 ], [ -66.586308, 10.609503 ], [ -66.586988, 10.609394 ], [ -66.587137, 10.609374 ], [ -66.587456, 10.609248 ], [ -66.587967, 10.608989 ], [ -66.588791, 10.608429 ], [ -66.588799, 10.60842 ], [ -66.58881, 10.608418 ], [ -66.58963, 10.607956 ], [ -66.590077, 10.60799 ], [ -66.590456, 10.608135 ], [ -66.590788, 10.608112 ], [ -66.590821, 10.608445 ], [ -66.591097, 10.608629 ], [ -66.591278, 10.608729 ], [ -66.591747, 10.608811 ], [ -66.592102, 10.609232 ], [ -66.592275, 10.609112 ], [ -66.592169, 10.609285 ], [ -66.592671, 10.609545 ], [ -66.592856, 10.610119 ], [ -66.592859, 10.610182 ], [ -66.592917, 10.610792 ], [ -66.592975, 10.610891 ], [ -66.593009, 10.61095 ], [ -66.592915, 10.610988 ], [ -66.592453, 10.611775 ], [ -66.592554, 10.61213 ], [ -66.592696, 10.612607 ], [ -66.592766, 10.612743 ], [ -66.592824, 10.613437 ], [ -66.592849, 10.613484 ], [ -66.592894, 10.613668 ], [ -66.593242, 10.61392 ], [ -66.593367, 10.614271 ], [ -66.593509, 10.614479 ], [ -66.593515, 10.615102 ], [ -66.593617, 10.615195 ], [ -66.593708, 10.615331 ], [ -66.59416, 10.615482 ], [ -66.594312, 10.615938 ], [ -66.594458, 10.616011 ], [ -66.59453, 10.616038 ], [ -66.595285, 10.616018 ], [ -66.595358, 10.616021 ], [ -66.595485, 10.615946 ], [ -66.596192, 10.615138 ], [ -66.596213, 10.615123 ], [ -66.596201, 10.615114 ], [ -66.596192, 10.615102 ], [ -66.595733, 10.614752 ], [ -66.595395, 10.614287 ], [ -66.595448, 10.614211 ], [ -66.595912, 10.613461 ], [ -66.596208, 10.61304 ], [ -66.59639, 10.612635 ], [ -66.596452, 10.612396 ], [ -66.596218, 10.611843 ], [ -66.595752, 10.61263 ], [ -66.595382, 10.612873 ], [ -66.595137, 10.612872 ], [ -66.594553, 10.613157 ], [ -66.594077, 10.613095 ], [ -66.593727, 10.612914 ], [ -66.593172, 10.613165 ], [ -66.59332, 10.612612 ], [ -66.593305, 10.612211 ], [ -66.593468, 10.611783 ], [ -66.59374, 10.611323 ], [ -66.593969, 10.610957 ], [ -66.593899, 10.610802 ], [ -66.593978, 10.610128 ], [ -66.593937, 10.609941 ], [ -66.593824, 10.609297 ], [ -66.593792, 10.609261 ], [ -66.593756, 10.609214 ], [ -66.593243, 10.60898 ], [ -66.593077, 10.608462 ], [ -66.593002, 10.608395 ], [ -66.592936, 10.608342 ], [ -66.592439, 10.608127 ], [ -66.592113, 10.607755 ], [ -66.591933, 10.607804 ], [ -66.591958, 10.607624 ], [ -66.591505, 10.607404 ], [ -66.59129, 10.6072 ], [ -66.590907, 10.60717 ], [ -66.590678, 10.606784 ], [ -66.590549, 10.606701 ], [ -66.590467, 10.60666 ], [ -66.589853, 10.606565 ], [ -66.589641, 10.606512 ], [ -66.5889, 10.606683 ], [ -66.588812, 10.60667 ], [ -66.588689, 10.606769 ], [ -66.587981, 10.607213 ], [ -66.587235, 10.607588 ], [ -66.58715, 10.607626 ], [ -66.58711, 10.607627 ], [ -66.586924, 10.607585 ], [ -66.586439, 10.607466 ], [ -66.586328, 10.607029 ], [ -66.586248, 10.606832 ], [ -66.586196, 10.60675 ], [ -66.586331, 10.606658 ], [ -66.586797, 10.60629 ], [ -66.587163, 10.605978 ], [ -66.587248, 10.605929 ], [ -66.587994, 10.605544 ], [ -66.588479, 10.605453 ], [ -66.588822, 10.605388 ], [ -66.589616, 10.605153 ], [ -66.589652, 10.605149 ], [ -66.589687, 10.605118 ], [ -66.590484, 10.604504 ], [ -66.590749, 10.604296 ], [ -66.591317, 10.603782 ], [ -66.591607, 10.603473 ], [ -66.591617, 10.603178 ], [ -66.591494, 10.602643 ], [ -66.591397, 10.602571 ], [ -66.591327, 10.60245 ], [ -66.591028, 10.602639 ], [ -66.590497, 10.60289 ], [ -66.590158, 10.602971 ], [ -66.589667, 10.603219 ], [ -66.58932, 10.603456 ], [ -66.588834, 10.603905 ], [ -66.58826, 10.604023 ], [ -66.588005, 10.604167 ], [ -66.587581, 10.604272 ], [ -66.587175, 10.604461 ], [ -66.586811, 10.60463 ], [ -66.586344, 10.604912 ], [ -66.586147, 10.605091 ], [ -66.58551, 10.605843 ], [ -66.585458, 10.605915 ], [ -66.585422, 10.606001 ], [ -66.585227, 10.606743 ], [ -66.584671, 10.607296 ], [ -66.584409, 10.607566 ], [ -66.583837, 10.608152 ], [ -66.583451, 10.608388 ], [ -66.583006, 10.608565 ], [ -66.582729, 10.60866 ], [ -66.582177, 10.608845 ], [ -66.581537, 10.609203 ], [ -66.581581, 10.609793 ], [ -66.581521, 10.610032 ], [ -66.581567, 10.61063 ], [ -66.581669, 10.610864 ], [ -66.581331, 10.611165 ], [ -66.581021, 10.611169 ], [ -66.580502, 10.611358 ], [ -66.57981, 10.611543 ], [ -66.579674, 10.611567 ], [ -66.579502, 10.611677 ], [ -66.579468, 10.611881 ], [ -66.579189, 10.612504 ], [ -66.578901, 10.613263 ], [ -66.57888, 10.613331 ], [ -66.578832, 10.613408 ], [ -66.5787, 10.613461 ], [ -66.578, 10.613929 ], [ -66.577448, 10.61415 ], [ -66.57717, 10.614302 ], [ -66.576686, 10.614973 ], [ -66.576333, 10.615534 ], [ -66.576106, 10.615799 ], [ -66.575959, 10.616168 ], [ -66.575846, 10.616626 ], [ -66.575495, 10.616882 ], [ -66.575279, 10.616838 ], [ -66.574669, 10.616765 ], [ -66.574551, 10.616735 ], [ -66.574466, 10.616615 ], [ -66.574272, 10.616187 ], [ -66.574219, 10.615784 ], [ -66.574107, 10.615526 ], [ -66.573853, 10.615272 ], [ -66.573712, 10.615093 ], [ -66.57361, 10.61495 ], [ -66.573377, 10.614601 ], [ -66.573094, 10.614116 ], [ -66.573068, 10.614083 ], [ -66.573036, 10.614029 ], [ -66.572767, 10.613557 ], [ -66.57268, 10.613283 ], [ -66.572574, 10.612925 ], [ -66.57248, 10.612452 ], [ -66.57241, 10.612264 ], [ -66.572224, 10.612043 ], [ -66.572003, 10.611842 ], [ -66.57181, 10.611618 ], [ -66.571601, 10.611416 ], [ -66.571404, 10.611105 ], [ -66.571223, 10.610966 ], [ -66.571164, 10.610783 ], [ -66.570963, 10.6104 ], [ -66.570813, 10.609951 ], [ -66.571182, 10.609361 ], [ -66.571271, 10.609125 ], [ -66.571421, 10.608972 ], [ -66.571977, 10.608301 ], [ -66.571859, 10.607869 ], [ -66.571753, 10.607469 ], [ -66.572265, 10.60684 ], [ -66.572433, 10.606645 ], [ -66.573098, 10.606094 ], [ -66.573459, 10.605823 ], [ -66.573253, 10.60567 ], [ -66.573103, 10.605432 ], [ -66.572828, 10.605266 ], [ -66.572741, 10.604988 ], [ -66.572534, 10.604733 ], [ -66.572282, 10.604636 ], [ -66.571831, 10.604605 ], [ -66.571456, 10.604484 ], [ -66.570928, 10.604673 ], [ -66.570823, 10.604144 ], [ -66.570679, 10.604096 ], [ -66.570632, 10.60407 ], [ -66.569998, 10.603945 ], [ -66.569808, 10.603672 ], [ -66.569247, 10.604132 ], [ -66.569561, 10.604377 ], [ -66.5698, 10.604725 ], [ -66.570269, 10.6045 ], [ -66.570135, 10.604968 ], [ -66.570414, 10.60518 ], [ -66.570621, 10.605513 ], [ -66.570761, 10.605661 ], [ -66.570763, 10.605803 ], [ -66.570618, 10.605889 ], [ -66.570372, 10.606045 ], [ -66.569787, 10.606375 ], [ -66.569626, 10.606623 ], [ -66.569551, 10.606856 ], [ -66.569373, 10.607451 ], [ -66.568946, 10.608076 ], [ -66.568789, 10.608276 ], [ -66.568412, 10.608803 ], [ -66.568222, 10.609101 ], [ -66.568414, 10.609624 ], [ -66.568626, 10.609934 ], [ -66.568818, 10.610048 ], [ -66.56893, 10.610162 ], [ -66.569302, 10.610393 ], [ -66.569378, 10.610769 ], [ -66.569496, 10.611025 ], [ -66.569604, 10.611601 ], [ -66.569629, 10.611716 ], [ -66.569743, 10.611969 ], [ -66.569938, 10.612234 ], [ -66.569943, 10.612433 ], [ -66.57007, 10.612928 ], [ -66.570131, 10.613264 ], [ -66.570012, 10.613808 ], [ -66.570044, 10.614093 ], [ -66.569721, 10.614677 ], [ -66.569528, 10.614918 ], [ -66.569615, 10.615022 ], [ -66.569717, 10.615148 ], [ -66.569996, 10.61547 ], [ -66.570116, 10.615752 ], [ -66.569768, 10.616518 ], [ -66.569752, 10.616579 ], [ -66.569706, 10.616612 ], [ -66.56964, 10.616644 ], [ -66.568875, 10.617061 ], [ -66.568464, 10.617399 ], [ -66.568171, 10.618094 ], [ -66.568104, 10.618225 ], [ -66.568306, 10.618784 ], [ -66.56835, 10.619057 ], [ -66.568464, 10.61945 ], [ -66.568724, 10.619889 ], [ -66.568734, 10.620007 ], [ -66.56885, 10.620225 ], [ -66.568988, 10.62058 ], [ -66.569051, 10.620721 ], [ -66.568841, 10.621407 ], [ -66.568785, 10.621549 ], [ -66.568717, 10.62167 ], [ -66.568402, 10.622375 ], [ -66.568226, 10.622978 ], [ -66.568229, 10.622967 ], [ -66.567517, 10.621831 ], [ -66.567252, 10.620179 ], [ -66.566671, 10.618368 ], [ -66.566287, 10.616715 ], [ -66.565461, 10.615727 ], [ -66.564593, 10.614974 ], [ -66.564084, 10.614066 ], [ -66.563456, 10.613119 ], [ -66.563267, 10.612018 ], [ -66.563154, 10.611152 ], [ -66.562922, 10.610365 ], [ -66.563444, 10.609662 ], [ -66.56341, 10.608994 ], [ -66.562669, 10.60726 ], [ -66.563118, 10.605653 ], [ -66.563728, 10.60389 ], [ -66.56322, 10.602904 ], [ -66.562428, 10.602545 ], [ -66.561327, 10.601201 ], [ -66.560223, 10.600249 ], [ -66.559719, 10.598792 ], [ -66.559251, 10.597728 ], [ -66.559419, 10.596511 ], [ -66.558948, 10.595801 ], [ -66.558723, 10.593698 ], [ -66.55838, 10.593473 ], [ -66.558253, 10.593338 ], [ -66.557974, 10.593207 ], [ -66.557674, 10.593086 ], [ -66.557557, 10.593059 ], [ -66.557077, 10.592851 ], [ -66.556734, 10.5926 ], [ -66.5565, 10.592597 ], [ -66.556351, 10.59236 ], [ -66.556052, 10.592215 ], [ -66.555912, 10.592087 ], [ -66.555318, 10.592117 ], [ -66.555157, 10.591517 ], [ -66.555122, 10.591485 ], [ -66.55509, 10.591444 ], [ -66.554268, 10.591505 ], [ -66.554263, 10.591506 ], [ -66.55426, 10.59151 ], [ -66.554261, 10.591512 ], [ -66.554263, 10.591519 ], [ -66.554969, 10.591636 ], [ -66.554728, 10.592348 ], [ -66.554723, 10.592708 ], [ -66.554759, 10.593182 ], [ -66.554247, 10.593558 ], [ -66.553696, 10.594007 ], [ -66.553415, 10.594331 ], [ -66.553046, 10.594836 ], [ -66.552579, 10.595477 ], [ -66.55248, 10.595665 ], [ -66.55252, 10.595723 ], [ -66.552576, 10.595816 ], [ -66.552915, 10.596158 ], [ -66.553144, 10.596504 ], [ -66.553285, 10.596617 ], [ -66.553395, 10.59674 ], [ -66.553704, 10.597029 ], [ -66.553874, 10.597343 ], [ -66.553891, 10.597669 ], [ -66.55395, 10.598178 ], [ -66.55393, 10.598459 ], [ -66.554119, 10.599013 ], [ -66.553372, 10.599687 ], [ -66.552655, 10.599725 ], [ -66.552545, 10.599741 ], [ -66.55226, 10.599832 ], [ -66.551717, 10.599999 ], [ -66.551495, 10.600049 ], [ -66.550888, 10.600284 ], [ -66.550494, 10.600216 ], [ -66.550063, 10.600093 ], [ -66.549627, 10.60025 ], [ -66.549236, 10.600247 ], [ -66.548783, 10.600639 ], [ -66.548739, 10.601132 ], [ -66.54857, 10.601471 ], [ -66.548395, 10.601989 ], [ -66.548166, 10.602301 ], [ -66.547563, 10.602754 ], [ -66.547257, 10.603128 ], [ -66.546728, 10.60377 ], [ -66.546532, 10.603955 ], [ -66.54655, 10.604132 ], [ -66.546723, 10.604506 ], [ -66.546929, 10.604583 ], [ -66.547552, 10.604179 ], [ -66.548282, 10.60397 ], [ -66.54838, 10.603924 ], [ -66.548423, 10.603927 ], [ -66.549208, 10.603702 ], [ -66.5495, 10.603685 ], [ -66.550036, 10.603558 ], [ -66.550318, 10.603699 ], [ -66.55086, 10.603875 ], [ -66.550955, 10.603894 ], [ -66.551262, 10.603993 ], [ -66.551591, 10.604089 ], [ -66.551684, 10.604138 ], [ -66.55236, 10.604153 ], [ -66.55251, 10.604144 ], [ -66.552988, 10.604006 ], [ -66.553339, 10.603897 ], [ -66.553473, 10.603875 ], [ -66.554166, 10.603783 ], [ -66.554352, 10.603829 ], [ -66.554992, 10.603822 ], [ -66.55528, 10.603734 ], [ -66.555819, 10.603749 ], [ -66.556118, 10.603729 ], [ -66.556347, 10.604033 ], [ -66.556392, 10.604284 ], [ -66.556104, 10.604864 ], [ -66.556015, 10.605486 ], [ -66.555988, 10.605697 ], [ -66.556043, 10.606285 ], [ -66.556071, 10.606532 ], [ -66.556104, 10.607052 ], [ -66.556019, 10.607365 ], [ -66.555786, 10.607937 ], [ -66.555629, 10.608196 ], [ -66.554953, 10.608744 ], [ -66.554275, 10.608868 ], [ -66.554125, 10.608902 ], [ -66.553539, 10.609013 ], [ -66.553297, 10.609118 ], [ -66.552841, 10.609841 ], [ -66.552947, 10.610187 ], [ -66.553085, 10.610677 ], [ -66.553167, 10.610795 ], [ -66.553282, 10.611003 ], [ -66.553463, 10.611328 ], [ -66.553556, 10.611514 ], [ -66.553461, 10.612158 ], [ -66.553409, 10.612347 ], [ -66.553315, 10.61313 ], [ -66.553304, 10.61318 ], [ -66.553261, 10.613632 ], [ -66.553193, 10.614013 ], [ -66.552428, 10.614446 ], [ -66.552077, 10.61436 ], [ -66.551603, 10.614299 ], [ -66.551342, 10.614262 ], [ -66.550875, 10.613995 ], [ -66.550814, 10.61396 ], [ -66.550779, 10.613948 ], [ -66.550192, 10.613989 ], [ -66.549952, 10.614013 ], [ -66.549932, 10.614008 ], [ -66.549126, 10.614068 ], [ -66.549003, 10.614103 ], [ -66.548766, 10.613978 ], [ -66.548413, 10.613862 ], [ -66.548302, 10.613755 ], [ -66.54808, 10.613366 ], [ -66.547992, 10.613139 ], [ -66.547815, 10.612802 ], [ -66.547485, 10.612518 ], [ -66.547373, 10.612414 ], [ -66.547168, 10.612298 ], [ -66.546836, 10.612119 ], [ -66.546662, 10.612067 ], [ -66.545992, 10.612131 ], [ -66.545835, 10.612131 ], [ -66.545123, 10.612281 ], [ -66.545008, 10.612312 ], [ -66.544963, 10.612325 ], [ -66.54418, 10.612429 ], [ -66.544088, 10.612367 ], [ -66.543974, 10.612272 ], [ -66.543622, 10.612002 ], [ -66.543358, 10.611867 ], [ -66.543114, 10.61168 ], [ -66.542822, 10.61143 ], [ -66.542672, 10.611292 ], [ -66.542537, 10.611172 ], [ -66.542141, 10.610992 ], [ -66.541713, 10.610884 ], [ -66.54107, 10.611416 ], [ -66.540881, 10.611652 ], [ -66.540166, 10.612126 ], [ -66.54005, 10.612209 ], [ -66.539365, 10.612094 ], [ -66.539225, 10.612079 ], [ -66.538766, 10.611863 ], [ -66.538403, 10.611506 ], [ -66.538338, 10.61146 ], [ -66.538312, 10.611394 ], [ -66.538406, 10.611051 ], [ -66.538535, 10.610562 ], [ -66.538519, 10.610454 ], [ -66.538415, 10.609988 ], [ -66.538374, 10.60977 ], [ -66.538364, 10.609727 ], [ -66.538005, 10.609309 ], [ -66.537597, 10.608956 ], [ -66.537562, 10.608922 ], [ -66.537527, 10.608887 ], [ -66.537327, 10.608329 ], [ -66.537125, 10.60805 ], [ -66.537607, 10.607635 ], [ -66.538312, 10.607226 ], [ -66.538438, 10.607136 ], [ -66.538606, 10.607059 ], [ -66.539268, 10.606646 ], [ -66.539912, 10.606405 ], [ -66.540097, 10.606281 ], [ -66.54058, 10.605925 ], [ -66.540929, 10.605666 ], [ -66.541017, 10.605579 ], [ -66.540974, 10.605535 ], [ -66.54093, 10.605492 ], [ -66.5405, 10.605178 ], [ -66.540262, 10.60474 ], [ -66.540167, 10.604682 ], [ -66.54011, 10.60464 ], [ -66.539634, 10.604383 ], [ -66.539288, 10.604193 ], [ -66.539092, 10.604095 ], [ -66.538802, 10.603895 ], [ -66.538615, 10.603741 ], [ -66.538466, 10.603659 ], [ -66.538104, 10.603422 ], [ -66.537885, 10.603054 ], [ -66.537925, 10.602773 ], [ -66.538037, 10.602221 ], [ -66.53848, 10.601855 ], [ -66.538891, 10.601813 ], [ -66.539307, 10.601776 ], [ -66.540111, 10.60143 ], [ -66.540136, 10.601423 ], [ -66.540727, 10.601645 ], [ -66.54096, 10.601705 ], [ -66.541465, 10.601739 ], [ -66.541786, 10.601846 ], [ -66.542257, 10.60142 ], [ -66.542217, 10.600992 ], [ -66.542358, 10.600588 ], [ -66.542626, 10.600126 ], [ -66.542862, 10.599758 ], [ -66.54346, 10.599069 ], [ -66.543624, 10.59893 ], [ -66.544295, 10.598105 ], [ -66.544297, 10.598101 ], [ -66.544296, 10.5981 ], [ -66.544295, 10.598095 ], [ -66.544061, 10.597507 ], [ -66.543981, 10.597265 ], [ -66.543726, 10.597012 ], [ -66.543479, 10.596774 ], [ -66.543278, 10.59663 ], [ -66.542818, 10.596422 ], [ -66.542701, 10.596376 ], [ -66.542656, 10.596358 ], [ -66.542018, 10.596227 ], [ -66.54183, 10.596217 ], [ -66.541236, 10.596177 ], [ -66.541005, 10.596151 ], [ -66.540517, 10.596064 ], [ -66.54018, 10.595939 ], [ -66.539858, 10.595891 ], [ -66.539354, 10.595833 ], [ -66.53908, 10.595837 ], [ -66.538528, 10.595894 ], [ -66.538194, 10.595889 ], [ -66.537702, 10.595856 ], [ -66.537442, 10.595809 ], [ -66.536939, 10.595543 ], [ -66.5369, 10.59552 ], [ -66.536878, 10.595499 ], [ -66.536465, 10.595125 ], [ -66.536057, 10.594821 ], [ -66.535944, 10.594816 ], [ -66.53523, 10.594864 ], [ -66.534915, 10.59501 ], [ -66.534401, 10.595288 ], [ -66.533939, 10.595519 ], [ -66.533571, 10.595653 ], [ -66.533392, 10.595696 ], [ -66.532743, 10.595885 ], [ -66.532372, 10.595882 ], [ -66.531918, 10.595771 ], [ -66.531732, 10.59569 ], [ -66.531325, 10.595499 ], [ -66.531161, 10.59543 ], [ -66.531094, 10.595402 ], [ -66.530414, 10.595345 ], [ -66.530268, 10.595351 ], [ -66.529518, 10.595408 ], [ -66.529441, 10.595415 ], [ -66.529179, 10.595482 ], [ -66.528613, 10.595734 ], [ -66.528229, 10.59586 ], [ -66.527785, 10.595904 ], [ -66.527557, 10.595702 ], [ -66.527401, 10.595469 ], [ -66.527154, 10.595275 ], [ -66.526965, 10.595051 ], [ -66.526818, 10.594781 ], [ -66.52675, 10.59463 ], [ -66.526594, 10.594177 ], [ -66.526405, 10.593794 ], [ -66.526419, 10.593524 ], [ -66.526202, 10.592958 ], [ -66.526189, 10.592925 ], [ -66.526156, 10.592902 ], [ -66.525389, 10.592892 ], [ -66.52533, 10.592912 ], [ -66.525273, 10.592951 ], [ -66.524499, 10.593523 ], [ -66.524223, 10.593777 ], [ -66.523665, 10.594383 ], [ -66.523494, 10.594605 ], [ -66.52339, 10.594877 ], [ -66.523157, 10.595436 ], [ -66.522826, 10.595965 ], [ -66.522403, 10.596263 ], [ -66.521996, 10.5964 ], [ -66.521789, 10.596468 ], [ -66.521168, 10.596642 ], [ -66.520458, 10.597082 ], [ -66.520337, 10.597191 ], [ -66.520031, 10.597386 ], [ -66.519506, 10.597752 ], [ -66.518778, 10.597902 ], [ -66.518679, 10.597925 ], [ -66.518651, 10.597929 ], [ -66.517851, 10.598093 ], [ -66.517665, 10.598081 ], [ -66.517024, 10.59812 ], [ -66.516643, 10.598269 ], [ -66.516196, 10.598407 ], [ -66.515753, 10.598712 ], [ -66.515365, 10.598969 ], [ -66.515014, 10.599059 ], [ -66.514537, 10.599128 ], [ -66.513859, 10.59938 ], [ -66.513709, 10.599394 ], [ -66.513522, 10.599528 ], [ -66.512878, 10.599917 ], [ -66.512448, 10.599954 ], [ -66.512051, 10.600047 ], [ -66.51151, 10.600058 ], [ -66.511224, 10.600091 ], [ -66.510503, 10.60023 ], [ -66.510396, 10.600252 ], [ -66.51013, 10.600335 ], [ -66.509568, 10.600538 ], [ -66.509298, 10.6006 ], [ -66.50874, 10.600674 ], [ -66.508438, 10.600627 ], [ -66.507915, 10.60059 ], [ -66.507604, 10.600628 ], [ -66.507088, 10.60064 ], [ -66.506349, 10.601139 ], [ -66.506253, 10.601713 ], [ -66.506223, 10.601972 ], [ -66.506213, 10.602009 ], [ -66.506249, 10.602127 ], [ -66.506338, 10.602712 ], [ -66.506352, 10.602806 ], [ -66.506242, 10.603004 ], [ -66.505875, 10.603172 ], [ -66.505412, 10.603461 ], [ -66.504974, 10.60324 ], [ -66.504589, 10.603067 ], [ -66.50441, 10.602973 ], [ -66.504135, 10.602789 ], [ -66.503958, 10.602594 ], [ -66.503769, 10.602284 ], [ -66.503583, 10.60214 ], [ -66.503622, 10.601951 ], [ -66.503774, 10.601672 ], [ -66.504182, 10.601122 ], [ -66.504606, 10.600933 ], [ -66.504951, 10.600781 ], [ -66.505435, 10.600677 ], [ -66.506047, 10.600303 ], [ -66.505829, 10.59991 ], [ -66.505943, 10.599468 ], [ -66.505755, 10.599156 ], [ -66.50558, 10.598632 ], [ -66.505564, 10.598519 ], [ -66.505611, 10.597798 ], [ -66.505696, 10.597561 ], [ -66.505928, 10.596967 ], [ -66.505981, 10.596451 ], [ -66.505963, 10.596134 ], [ -66.505855, 10.595748 ], [ -66.505479, 10.595296 ], [ -66.505478, 10.595295 ], [ -66.505006, 10.594938 ], [ -66.504656, 10.594813 ], [ -66.504386, 10.594727 ], [ -66.503831, 10.594594 ], [ -66.503722, 10.594559 ], [ -66.503417, 10.594446 ], [ -66.503119, 10.594331 ], [ -66.503007, 10.594289 ], [ -66.502521, 10.594098 ], [ -66.502183, 10.594016 ], [ -66.501804, 10.593983 ], [ -66.501358, 10.593927 ], [ -66.501055, 10.593899 ], [ -66.500533, 10.593725 ], [ -66.500451, 10.593672 ], [ -66.500317, 10.593588 ], [ -66.499958, 10.593335 ], [ -66.499714, 10.592831 ], [ -66.49969, 10.592774 ], [ -66.499683, 10.592749 ], [ -66.499537, 10.592099 ], [ -66.499471, 10.591913 ], [ -66.499302, 10.591505 ], [ -66.499016, 10.591076 ], [ -66.498974, 10.591004 ], [ -66.498903, 10.590922 ], [ -66.49861, 10.590538 ], [ -66.498294, 10.590237 ], [ -66.498261, 10.590058 ], [ -66.498139, 10.589402 ], [ -66.49814, 10.589351 ], [ -66.498272, 10.588569 ], [ -66.498325, 10.58834 ], [ -66.498536, 10.587737 ], [ -66.498638, 10.587203 ], [ -66.498664, 10.586905 ], [ -66.498941, 10.586214 ], [ -66.499085, 10.586074 ], [ -66.499018, 10.585998 ], [ -66.498946, 10.585626 ], [ -66.498876, 10.585312 ], [ -66.498854, 10.585239 ], [ -66.498394, 10.584964 ], [ -66.498129, 10.584438 ], [ -66.498098, 10.584431 ], [ -66.498055, 10.584399 ], [ -66.497528, 10.58417 ], [ -66.497319, 10.583559 ], [ -66.497315, 10.583555 ], [ -66.49731, 10.583541 ], [ -66.497285, 10.583559 ], [ -66.497185, 10.583684 ], [ -66.496599, 10.584387 ], [ -66.496476, 10.584534 ], [ -66.496304, 10.585219 ], [ -66.4963, 10.585389 ], [ -66.496201, 10.586052 ], [ -66.495814, 10.586699 ], [ -66.495722, 10.586881 ], [ -66.49563, 10.587011 ], [ -66.4948, 10.587705 ], [ -66.494798, 10.587707 ], [ -66.494797, 10.587708 ], [ -66.493966, 10.588375 ], [ -66.493787, 10.588532 ], [ -66.493134, 10.589072 ], [ -66.49269, 10.589357 ], [ -66.492531, 10.589957 ], [ -66.492437, 10.590189 ], [ -66.492293, 10.590886 ], [ -66.492256, 10.591021 ], [ -66.492233, 10.591079 ], [ -66.492121, 10.591854 ], [ -66.492221, 10.591919 ], [ -66.492284, 10.591969 ], [ -66.492643, 10.592327 ], [ -66.493105, 10.592674 ], [ -66.493117, 10.592683 ], [ -66.493139, 10.592696 ], [ -66.493619, 10.593011 ], [ -66.493927, 10.593187 ], [ -66.494116, 10.593346 ], [ -66.494296, 10.59354 ], [ -66.494569, 10.593722 ], [ -66.494747, 10.593925 ], [ -66.494966, 10.594156 ], [ -66.49515, 10.59438 ], [ -66.49539, 10.594562 ], [ -66.495567, 10.594758 ], [ -66.49583, 10.594952 ], [ -66.49617, 10.595222 ], [ -66.49628, 10.595333 ], [ -66.496388, 10.595412 ], [ -66.496724, 10.595719 ], [ -66.49704, 10.596063 ], [ -66.497039, 10.596232 ], [ -66.497203, 10.596806 ], [ -66.497214, 10.596885 ], [ -66.497218, 10.596898 ], [ -66.497202, 10.596916 ], [ -66.497175, 10.596925 ], [ -66.496372, 10.597323 ], [ -66.495887, 10.597377 ], [ -66.495545, 10.597404 ], [ -66.494779, 10.59765 ], [ -66.494717, 10.59767 ], [ -66.494626, 10.597711 ], [ -66.493887, 10.598055 ], [ -66.493315, 10.598275 ], [ -66.493058, 10.598338 ], [ -66.492757, 10.598529 ], [ -66.492226, 10.599137 ], [ -66.492088, 10.599357 ], [ -66.492088, 10.599493 ], [ -66.492217, 10.600141 ], [ -66.492224, 10.600184 ], [ -66.492224, 10.600192 ], [ -66.492431, 10.600806 ], [ -66.492516, 10.601028 ], [ -66.492369, 10.601695 ], [ -66.492423, 10.601861 ], [ -66.4922, 10.602239 ], [ -66.491877, 10.602183 ], [ -66.491374, 10.602262 ], [ -66.490692, 10.602681 ], [ -66.490543, 10.602749 ], [ -66.490351, 10.602871 ], [ -66.489713, 10.603314 ], [ -66.48905, 10.603335 ], [ -66.488886, 10.603306 ], [ -66.488569, 10.602986 ], [ -66.488088, 10.60266 ], [ -66.488074, 10.602651 ], [ -66.488065, 10.602647 ], [ -66.48735, 10.602543 ], [ -66.487241, 10.602451 ], [ -66.486978, 10.602651 ], [ -66.486898, 10.602992 ], [ -66.486604, 10.603482 ], [ -66.486403, 10.603876 ], [ -66.486011, 10.604311 ], [ -66.485571, 10.604476 ], [ -66.48529, 10.604588 ], [ -66.484743, 10.604741 ], [ -66.484001, 10.605128 ], [ -66.483913, 10.605199 ], [ -66.483823, 10.605218 ], [ -66.483084, 10.605525 ], [ -66.482729, 10.605476 ], [ -66.482258, 10.605497 ], [ -66.481851, 10.605521 ], [ -66.481431, 10.605537 ], [ -66.480945, 10.605594 ], [ -66.480603, 10.605675 ], [ -66.479968, 10.605737 ], [ -66.479777, 10.605682 ], [ -66.479344, 10.605529 ], [ -66.47896, 10.605088 ], [ -66.478959, 10.605085 ], [ -66.478955, 10.605083 ], [ -66.478474, 10.604739 ], [ -66.478132, 10.604777 ], [ -66.477391, 10.604988 ], [ -66.477303, 10.605016 ], [ -66.477148, 10.605073 ], [ -66.476473, 10.605552 ], [ -66.476073, 10.605469 ], [ -66.475647, 10.605429 ], [ -66.475429, 10.605281 ], [ -66.474824, 10.605091 ], [ -66.474799, 10.60508 ], [ -66.474662, 10.605054 ], [ -66.474123, 10.604925 ], [ -66.474, 10.604793 ], [ -66.473513, 10.604703 ], [ -66.473467, 10.604211 ], [ -66.474011, 10.60341 ], [ -66.474025, 10.603382 ], [ -66.474101, 10.603293 ], [ -66.474676, 10.602552 ], [ -66.474842, 10.60173 ], [ -66.474844, 10.60172 ], [ -66.474349, 10.601391 ], [ -66.474031, 10.601003 ], [ -66.473952, 10.60096 ], [ -66.473728, 10.600878 ], [ -66.473313, 10.600767 ], [ -66.473207, 10.600726 ], [ -66.472708, 10.600541 ], [ -66.472385, 10.600222 ], [ -66.4723, 10.60012 ], [ -66.472292, 10.600033 ], [ -66.471963, 10.599627 ], [ -66.47196, 10.599197 ], [ -66.472001, 10.598762 ], [ -66.472002, 10.598364 ], [ -66.47197, 10.597966 ], [ -66.471935, 10.597529 ], [ -66.472012, 10.597098 ], [ -66.471724, 10.596694 ], [ -66.471888, 10.596394 ], [ -66.472156, 10.595864 ], [ -66.472423, 10.595534 ], [ -66.472896, 10.595036 ], [ -66.473158, 10.594307 ], [ -66.473203, 10.594205 ], [ -66.473157, 10.593481 ], [ -66.472931, 10.593369 ], [ -66.472616, 10.593191 ], [ -66.472442, 10.593206 ], [ -66.471834, 10.59336 ], [ -66.471614, 10.593408 ], [ -66.471556, 10.593417 ], [ -66.470787, 10.593516 ], [ -66.470634, 10.593505 ], [ -66.469962, 10.59336 ], [ -66.469953, 10.593354 ], [ -66.469945, 10.593345 ], [ -66.469624, 10.592854 ], [ -66.469541, 10.592508 ], [ -66.469479, 10.592171 ], [ -66.469403, 10.591673 ], [ -66.469397, 10.591426 ], [ -66.469324, 10.590839 ], [ -66.469457, 10.590539 ], [ -66.469658, 10.590008 ], [ -66.469995, 10.589393 ], [ -66.47018, 10.589178 ], [ -66.47016, 10.589014 ], [ -66.469998, 10.588929 ], [ -66.469733, 10.588611 ], [ -66.469602, 10.58834 ], [ -66.469404, 10.588111 ], [ -66.469183, 10.587546 ], [ -66.469153, 10.587533 ], [ -66.469153, 10.587503 ], [ -66.468838, 10.58702 ], [ -66.468628, 10.586665 ], [ -66.468459, 10.586569 ], [ -66.468366, 10.586478 ], [ -66.467821, 10.586376 ], [ -66.467558, 10.585823 ], [ -66.467552, 10.585815 ], [ -66.467545, 10.585804 ], [ -66.467508, 10.585822 ], [ -66.467516, 10.585852 ], [ -66.467089, 10.586652 ], [ -66.46734, 10.586853 ], [ -66.467476, 10.587489 ], [ -66.467499, 10.587522 ], [ -66.46753, 10.587597 ], [ -66.467932, 10.587919 ], [ -66.467923, 10.588326 ], [ -66.467717, 10.588959 ], [ -66.467714, 10.589159 ], [ -66.467513, 10.58971 ], [ -66.46746, 10.58999 ], [ -66.467449, 10.590052 ], [ -66.467306, 10.590823 ], [ -66.467041, 10.591284 ], [ -66.466886, 10.591653 ], [ -66.466673, 10.592475 ], [ -66.46667, 10.592485 ], [ -66.466793, 10.593183 ], [ -66.466773, 10.593319 ], [ -66.466651, 10.594093 ], [ -66.466641, 10.594152 ], [ -66.46664, 10.594162 ], [ -66.466646, 10.594661 ], [ -66.46665, 10.594979 ], [ -66.46665, 10.594986 ], [ -66.466643, 10.595083 ], [ -66.466585, 10.595819 ], [ -66.466597, 10.595858 ], [ -66.466635, 10.596029 ], [ -66.466762, 10.596522 ], [ -66.46677, 10.596654 ], [ -66.466935, 10.597177 ], [ -66.467052, 10.59749 ], [ -66.466616, 10.598288 ], [ -66.466593, 10.59832 ], [ -66.465783, 10.599134 ], [ -66.465693, 10.599146 ], [ -66.464956, 10.599239 ], [ -66.464903, 10.599193 ], [ -66.464821, 10.599139 ], [ -66.464396, 10.59887 ], [ -66.464134, 10.598651 ], [ -66.463951, 10.598485 ], [ -66.463769, 10.598297 ], [ -66.46372, 10.597888 ], [ -66.463734, 10.597463 ], [ -66.463871, 10.596911 ], [ -66.463989, 10.596632 ], [ -66.46407, 10.595886 ], [ -66.464057, 10.595799 ], [ -66.463754, 10.595373 ], [ -66.463516, 10.594961 ], [ -66.463449, 10.594849 ], [ -66.46334, 10.594725 ], [ -66.463037, 10.594432 ], [ -66.462518, 10.594173 ], [ -66.46248, 10.594158 ], [ -66.462341, 10.594117 ], [ -66.46186, 10.593946 ], [ -66.461695, 10.593838 ], [ -66.461404, 10.593572 ], [ -66.461197, 10.593274 ], [ -66.461197, 10.59295 ], [ -66.461182, 10.592441 ], [ -66.461164, 10.592157 ], [ -66.461237, 10.591607 ], [ -66.461265, 10.591229 ], [ -66.461341, 10.590775 ], [ -66.461381, 10.590287 ], [ -66.461271, 10.58994 ], [ -66.461298, 10.589543 ], [ -66.461382, 10.589108 ], [ -66.461381, 10.588634 ], [ -66.461304, 10.588273 ], [ -66.461294, 10.587893 ], [ -66.461325, 10.58744 ], [ -66.461237, 10.587123 ], [ -66.461005, 10.586603 ], [ -66.461002, 10.58653 ], [ -66.460934, 10.585958 ], [ -66.460915, 10.585789 ], [ -66.460911, 10.585769 ], [ -66.46094, 10.585139 ], [ -66.460952, 10.584936 ], [ -66.460948, 10.58493 ], [ -66.460942, 10.584925 ], [ -66.46044, 10.584607 ], [ -66.460119, 10.58455 ], [ -66.459801, 10.584414 ], [ -66.459322, 10.584089 ], [ -66.459307, 10.584078 ], [ -66.459297, 10.584045 ], [ -66.459122, 10.583435 ], [ -66.458955, 10.583252 ], [ -66.458705, 10.583022 ], [ -66.458481, 10.582805 ], [ -66.458212, 10.582685 ], [ -66.457656, 10.582586 ], [ -66.457496, 10.582568 ], [ -66.457212, 10.582404 ], [ -66.457043, 10.582192 ], [ -66.457172, 10.58157 ], [ -66.457671, 10.580794 ], [ -66.457703, 10.580741 ], [ -66.457764, 10.580649 ], [ -66.458225, 10.579912 ], [ -66.458213, 10.579377 ], [ -66.458167, 10.579077 ], [ -66.457966, 10.578795 ], [ -66.457801, 10.578241 ], [ -66.457792, 10.578141 ], [ -66.457696, 10.577803 ], [ -66.45754, 10.577564 ], [ -66.457457, 10.577404 ], [ -66.457365, 10.576911 ], [ -66.456876, 10.57696 ], [ -66.456556, 10.577397 ], [ -66.456466, 10.577803 ], [ -66.456349, 10.578229 ], [ -66.456076, 10.579017 ], [ -66.456068, 10.57906 ], [ -66.456032, 10.579089 ], [ -66.455991, 10.579101 ], [ -66.455204, 10.579399 ], [ -66.454893, 10.579365 ], [ -66.454459, 10.579047 ], [ -66.454412, 10.579015 ], [ -66.454381, 10.579012 ], [ -66.453794, 10.578802 ], [ -66.453558, 10.57855 ], [ -66.45287, 10.579035 ], [ -66.453234, 10.579358 ], [ -66.453248, 10.579871 ], [ -66.453354, 10.580065 ], [ -66.453542, 10.580508 ], [ -66.453658, 10.58059 ], [ -66.453636, 10.580708 ], [ -66.453535, 10.581371 ], [ -66.453506, 10.581541 ], [ -66.452701, 10.582299 ], [ -66.452597, 10.582367 ], [ -66.45187, 10.582877 ], [ -66.451465, 10.583192 ], [ -66.451036, 10.583767 ], [ -66.450824, 10.58402 ], [ -66.450201, 10.58482 ], [ -66.450181, 10.584849 ], [ -66.450185, 10.584864 ], [ -66.450201, 10.584873 ], [ -66.450779, 10.585102 ], [ -66.451025, 10.585075 ], [ -66.451527, 10.585187 ], [ -66.451851, 10.585163 ], [ -66.452288, 10.585258 ], [ -66.452677, 10.585247 ], [ -66.453122, 10.585257 ], [ -66.453502, 10.585292 ], [ -66.453844, 10.585367 ], [ -66.454326, 10.585578 ], [ -66.454409, 10.585633 ], [ -66.454537, 10.585718 ], [ -66.454921, 10.585951 ], [ -66.455147, 10.586261 ], [ -66.455283, 10.586419 ], [ -66.455315, 10.586557 ], [ -66.455366, 10.587163 ], [ -66.455393, 10.587392 ], [ -66.45521, 10.588145 ], [ -66.455191, 10.588224 ], [ -66.455129, 10.588462 ], [ -66.454943, 10.589056 ], [ -66.454986, 10.589194 ], [ -66.455083, 10.58989 ], [ -66.455096, 10.589912 ], [ -66.455117, 10.589942 ], [ -66.455441, 10.590396 ], [ -66.455604, 10.590728 ], [ -66.455639, 10.591026 ], [ -66.45564, 10.591562 ], [ -66.455096, 10.592391 ], [ -66.455096, 10.592392 ], [ -66.454732, 10.593222 ], [ -66.4547, 10.593612 ], [ -66.454649, 10.594055 ], [ -66.454748, 10.594391 ], [ -66.454923, 10.594891 ], [ -66.454911, 10.595056 ], [ -66.455072, 10.595315 ], [ -66.455183, 10.595612 ], [ -66.455279, 10.595728 ], [ -66.455067, 10.59591 ], [ -66.454683, 10.596109 ], [ -66.454237, 10.596372 ], [ -66.453957, 10.596551 ], [ -66.453406, 10.59696 ], [ -66.452928, 10.597024 ], [ -66.452578, 10.597109 ], [ -66.452156, 10.596963 ], [ -66.451754, 10.596839 ], [ -66.451525, 10.596763 ], [ -66.451074, 10.596527 ], [ -66.450994, 10.596463 ], [ -66.450931, 10.59643 ], [ -66.450273, 10.596352 ], [ -66.450106, 10.596378 ], [ -66.449888, 10.596518 ], [ -66.449274, 10.597028 ], [ -66.448955, 10.597344 ], [ -66.44844, 10.59798 ], [ -66.448081, 10.59817 ], [ -66.447611, 10.598292 ], [ -66.447482, 10.598296 ], [ -66.446784, 10.598359 ], [ -66.446577, 10.598367 ], [ -66.445958, 10.598327 ], [ -66.445766, 10.598345 ], [ -66.445133, 10.598169 ], [ -66.445109, 10.59817 ], [ -66.445072, 10.598146 ], [ -66.444499, 10.597949 ], [ -66.44431, 10.597758 ], [ -66.444014, 10.597604 ], [ -66.443791, 10.597302 ], [ -66.443656, 10.597132 ], [ -66.44349, 10.596982 ], [ -66.44319, 10.596768 ], [ -66.442785, 10.59646 ], [ -66.442712, 10.596416 ], [ -66.442669, 10.596404 ], [ -66.441916, 10.596379 ], [ -66.441842, 10.596384 ], [ -66.441307, 10.596448 ], [ -66.441013, 10.596704 ], [ -66.440718, 10.596741 ], [ -66.440186, 10.596879 ], [ -66.439872, 10.597269 ], [ -66.440106, 10.597348 ], [ -66.440181, 10.597395 ], [ -66.440862, 10.597425 ], [ -66.441006, 10.597562 ], [ -66.441304, 10.597813 ], [ -66.441286, 10.598115 ], [ -66.44156, 10.598386 ], [ -66.441823, 10.598702 ], [ -66.44195, 10.598825 ], [ -66.442043, 10.598955 ], [ -66.442408, 10.599198 ], [ -66.442644, 10.599404 ], [ -66.442927, 10.599509 ], [ -66.443098, 10.599797 ], [ -66.443263, 10.600003 ], [ -66.443463, 10.600245 ], [ -66.443698, 10.600398 ], [ -66.444286, 10.600632 ], [ -66.444293, 10.600634 ], [ -66.444303, 10.600641 ], [ -66.44485, 10.600908 ], [ -66.445107, 10.60126 ], [ -66.445308, 10.60128 ], [ -66.445934, 10.601216 ], [ -66.446191, 10.60123 ], [ -66.44656, 10.601493 ], [ -66.446685, 10.601566 ], [ -66.446382, 10.602325 ], [ -66.446363, 10.602713 ], [ -66.446209, 10.603157 ], [ -66.445913, 10.603758 ], [ -66.445808, 10.603988 ], [ -66.44577, 10.604129 ], [ -66.445675, 10.60482 ], [ -66.445636, 10.605088 ], [ -66.445899, 10.605439 ], [ -66.445965, 10.605588 ], [ -66.446039, 10.605657 ], [ -66.445939, 10.606441 ], [ -66.445933, 10.60649 ], [ -66.445889, 10.606597 ], [ -66.445652, 10.607321 ], [ -66.445441, 10.607762 ], [ -66.445282, 10.608152 ], [ -66.445047, 10.60848 ], [ -66.444678, 10.608981 ], [ -66.444211, 10.609616 ], [ -66.444028, 10.609809 ], [ -66.443378, 10.610483 ], [ -66.443141, 10.610635 ], [ -66.442548, 10.610903 ], [ -66.44191, 10.611266 ], [ -66.441718, 10.611319 ], [ -66.441392, 10.611455 ], [ -66.440889, 10.611637 ], [ -66.440162, 10.612173 ], [ -66.440058, 10.612253 ], [ -66.440002, 10.612276 ], [ -66.439229, 10.612531 ], [ -66.438573, 10.613098 ], [ -66.438396, 10.613402 ], [ -66.437846, 10.613645 ], [ -66.437567, 10.613636 ], [ -66.43746, 10.6132 ], [ -66.43743, 10.613089 ], [ -66.437454, 10.612381 ], [ -66.43745, 10.612255 ], [ -66.437262, 10.611744 ], [ -66.436851, 10.611417 ], [ -66.436788, 10.611388 ], [ -66.43676, 10.611383 ], [ -66.436147, 10.611197 ], [ -66.435936, 10.611112 ], [ -66.435476, 10.611036 ], [ -66.435111, 10.61091 ], [ -66.434743, 10.610937 ], [ -66.434285, 10.610865 ], [ -66.434057, 10.610791 ], [ -66.43346, 10.610669 ], [ -66.433342, 10.610674 ], [ -66.432634, 10.610683 ], [ -66.432529, 10.610654 ], [ -66.432298, 10.610546 ], [ -66.431958, 10.610394 ], [ -66.43181, 10.610353 ], [ -66.431341, 10.610179 ], [ -66.430987, 10.609943 ], [ -66.430817, 10.609873 ], [ -66.430292, 10.609696 ], [ -66.430192, 10.609666 ], [ -66.430163, 10.609658 ], [ -66.429943, 10.609693 ], [ -66.429336, 10.609835 ], [ -66.428873, 10.610518 ], [ -66.428499, 10.611062 ], [ -66.428366, 10.611347 ], [ -66.428305, 10.611539 ], [ -66.428034, 10.612178 ], [ -66.428032, 10.612636 ], [ -66.428003, 10.613012 ], [ -66.427949, 10.613546 ], [ -66.427924, 10.613845 ], [ -66.427674, 10.614645 ], [ -66.427668, 10.614676 ], [ -66.427641, 10.61478 ], [ -66.427393, 10.615508 ], [ -66.427093, 10.616048 ], [ -66.427021, 10.616338 ], [ -66.426801, 10.616487 ], [ -66.426651, 10.616487 ], [ -66.4259794, 10.6165885 ], [ -66.42577, 10.616534 ], [ -66.425546, 10.616326 ], [ -66.425321, 10.616153 ], [ -66.425152, 10.616026 ], [ -66.424849, 10.615794 ], [ -66.42433, 10.615515 ], [ -66.424305, 10.615508 ], [ -66.42424, 10.615482 ], [ -66.42378, 10.615202 ], [ -66.42351, 10.614802 ], [ -66.423437, 10.614715 ], [ -66.423429, 10.614642 ], [ -66.423176, 10.614148 ], [ -66.423076, 10.613805 ], [ -66.422921, 10.613575 ], [ -66.422697, 10.613124 ], [ -66.422631, 10.613035 ], [ -66.422578, 10.612967 ], [ -66.422278, 10.612559 ], [ -66.421878, 10.612325 ], [ -66.421507, 10.612498 ], [ -66.421048, 10.612735 ], [ -66.420759, 10.612953 ], [ -66.420217, 10.613244 ], [ -66.41993, 10.613237 ], [ -66.419391, 10.613212 ], [ -66.419115, 10.613219 ], [ -66.418566, 10.613101 ], [ -66.418397, 10.613105 ], [ -66.417741, 10.612959 ], [ -66.417724, 10.612945 ], [ -66.417709, 10.612928 ], [ -66.417409, 10.612432 ], [ -66.417119, 10.61209 ], [ -66.417014, 10.611997 ], [ -66.416923, 10.611955 ], [ -66.416458, 10.611722 ], [ -66.416099, 10.611605 ], [ -66.415757, 10.611591 ], [ -66.415274, 10.611473 ], [ -66.414489, 10.612022 ], [ -66.414443, 10.612047 ], [ -66.41443, 10.612068 ], [ -66.41441, 10.612101 ], [ -66.414011, 10.612898 ], [ -66.413606, 10.613365 ], [ -66.413069, 10.613724 ], [ -66.412775, 10.613872 ], [ -66.412577, 10.613919 ], [ -66.411947, 10.614106 ], [ -66.411558, 10.614103 ], [ -66.411121, 10.614029 ], [ -66.410898, 10.613931 ], [ -66.410603, 10.613704 ], [ -66.410434, 10.613566 ], [ -66.4103, 10.613404 ], [ -66.410097, 10.613074 ], [ -66.410053, 10.612865 ], [ -66.410013, 10.61233 ], [ -66.410006, 10.612031 ], [ -66.410243, 10.611275 ], [ -66.410263, 10.6112 ], [ -66.410319, 10.611089 ], [ -66.410746, 10.61037 ], [ -66.411156, 10.609838 ], [ -66.411377, 10.609542 ], [ -66.411452, 10.609249 ], [ -66.411526, 10.608709 ], [ -66.411511, 10.608364 ], [ -66.411407, 10.607875 ], [ -66.411729, 10.607321 ], [ -66.411854, 10.607045 ], [ -66.412008, 10.606799 ], [ -66.412634, 10.606217 ], [ -66.412553, 10.605676 ], [ -66.412016, 10.605807 ], [ -66.411702, 10.605694 ], [ -66.411191, 10.605713 ], [ -66.410805, 10.605758 ], [ -66.410363, 10.605856 ], [ -66.409693, 10.606193 ], [ -66.409534, 10.60627 ], [ -66.409355, 10.606369 ], [ -66.408704, 10.60666 ], [ -66.408307, 10.606583 ], [ -66.40788, 10.606428 ], [ -66.407747, 10.606312 ], [ -66.407055, 10.606187 ], [ -66.407042, 10.606184 ], [ -66.406506, 10.606167 ], [ -66.406237, 10.606157 ], [ -66.406229, 10.606159 ], [ -66.405598, 10.605964 ], [ -66.405405, 10.605922 ], [ -66.404936, 10.605794 ], [ -66.404581, 10.605692 ], [ -66.40418, 10.605718 ], [ -66.403754, 10.60572 ], [ -66.403048, 10.606015 ], [ -66.402925, 10.606055 ], [ -66.402792, 10.606136 ], [ -66.402095, 10.606549 ], [ -66.401618, 10.606606 ], [ -66.401267, 10.606673 ], [ -66.400687, 10.606704 ], [ -66.400441, 10.606705 ], [ -66.399684, 10.606872 ], [ -66.399613, 10.606886 ], [ -66.398859, 10.606865 ], [ -66.398787, 10.606851 ], [ -66.398354, 10.606539 ], [ -66.397989, 10.606096 ], [ -66.39798, 10.606084 ], [ -66.397967, 10.60607 ], [ -66.397646, 10.605588 ], [ -66.397147, 10.605309 ], [ -66.397117, 10.605287 ], [ -66.397015, 10.605255 ], [ -66.396514, 10.605058 ], [ -66.396323, 10.605005 ], [ -66.395847, 10.604893 ], [ -66.395499, 10.604786 ], [ -66.395165, 10.604743 ], [ -66.394675, 10.604537 ], [ -66.394568, 10.604508 ], [ -66.394396, 10.604399 ], [ -66.394262, 10.603986 ], [ -66.394152, 10.603564 ], [ -66.394686, 10.603227 ], [ -66.39505, 10.603204 ], [ -66.395513, 10.603105 ], [ -66.396195, 10.602894 ], [ -66.396342, 10.60286 ], [ -66.396506, 10.60275 ], [ -66.397172, 10.602331 ], [ -66.397694, 10.601926 ], [ -66.398004, 10.601696 ], [ -66.398831, 10.601106 ], [ -66.398835, 10.601103 ], [ -66.398845, 10.601102 ], [ -66.399662, 10.601017 ], [ -66.399754, 10.601017 ], [ -66.400488, 10.601076 ], [ -66.400551, 10.601052 ], [ -66.401316, 10.600864 ], [ -66.401751, 10.600689 ], [ -66.402145, 10.600525 ], [ -66.402753, 10.600521 ], [ -66.402972, 10.600478 ], [ -66.403597, 10.60051 ], [ -66.403798, 10.6005 ], [ -66.404263, 10.600313 ], [ -66.404627, 10.600147 ], [ -66.405187, 10.599487 ], [ -66.405461, 10.599244 ], [ -66.405933, 10.598659 ], [ -66.406295, 10.59836 ], [ -66.406837, 10.597833 ], [ -66.407128, 10.597517 ], [ -66.407717, 10.597007 ], [ -66.407961, 10.596779 ], [ -66.408508, 10.596464 ], [ -66.408791, 10.596309 ], [ -66.409016, 10.596184 ], [ -66.409622, 10.595765 ], [ -66.410033, 10.595358 ], [ -66.410458, 10.594605 ], [ -66.41049, 10.594529 ], [ -66.410512, 10.594475 ], [ -66.410738, 10.593697 ], [ -66.410785, 10.593378 ], [ -66.41087, 10.592864 ], [ -66.410805, 10.592531 ], [ -66.4108, 10.59203 ], [ -66.410737, 10.591772 ], [ -66.410486, 10.591266 ], [ -66.410459, 10.591222 ], [ -66.410436, 10.591194 ], [ -66.410026, 10.590825 ], [ -66.409666, 10.590549 ], [ -66.409554, 10.590467 ], [ -66.409371, 10.590351 ], [ -66.409333, 10.589859 ], [ -66.409339, 10.589517 ], [ -66.409678, 10.589105 ], [ -66.40992, 10.588688 ], [ -66.409955, 10.588415 ], [ -66.409772, 10.587853 ], [ -66.409737, 10.587805 ], [ -66.409689, 10.587788 ], [ -66.409244, 10.587468 ], [ -66.408866, 10.587362 ], [ -66.40861, 10.58727 ], [ -66.408132, 10.587006 ], [ -66.408078, 10.586971 ], [ -66.408044, 10.586929 ], [ -66.407512, 10.586706 ], [ -66.407221, 10.586498 ], [ -66.406965, 10.586422 ], [ -66.406397, 10.586286 ], [ -66.406323, 10.586232 ], [ -66.406128, 10.586156 ], [ -66.405694, 10.58603 ], [ -66.405573, 10.586016 ], [ -66.405088, 10.585805 ], [ -66.404749, 10.585683 ], [ -66.404469, 10.585593 ], [ -66.403926, 10.585319 ], [ -66.403916, 10.585315 ], [ -66.403904, 10.585304 ], [ -66.403589, 10.584812 ], [ -66.403486, 10.584467 ], [ -66.403645, 10.583931 ], [ -66.403698, 10.583635 ], [ -66.403708, 10.583041 ], [ -66.40312, 10.582946 ], [ -66.403019, 10.582898 ], [ -66.402293, 10.58307 ], [ -66.401973, 10.58311 ], [ -66.401465, 10.58323 ], [ -66.400708, 10.583538 ], [ -66.400636, 10.583561 ], [ -66.400446, 10.583608 ], [ -66.399808, 10.583757 ], [ -66.399651, 10.58376 ], [ -66.398982, 10.583742 ], [ -66.398827, 10.583751 ], [ -66.398156, 10.583726 ], [ -66.398037, 10.583708 ], [ -66.39746, 10.583584 ], [ -66.397351, 10.583562 ], [ -66.397331, 10.583557 ], [ -66.396689, 10.583393 ], [ -66.396506, 10.583361 ], [ -66.39601, 10.58324 ], [ -66.395682, 10.583182 ], [ -66.395247, 10.58317 ], [ -66.394856, 10.583113 ], [ -66.394423, 10.583161 ], [ -66.39403, 10.583029 ], [ -66.393703, 10.583049 ], [ -66.393605, 10.582718 ], [ -66.393773, 10.582153 ], [ -66.393949, 10.581887 ], [ -66.394041, 10.581759 ], [ -66.39435, 10.581057 ], [ -66.394347, 10.580757 ], [ -66.394363, 10.580224 ], [ -66.394441, 10.579837 ], [ -66.394505, 10.579391 ], [ -66.394839, 10.578616 ], [ -66.394861, 10.57856 ], [ -66.394895, 10.578485 ], [ -66.39544, 10.577732 ], [ -66.395733, 10.577131 ], [ -66.396027, 10.576903 ], [ -66.395977, 10.57666 ], [ -66.395807, 10.576067 ], [ -66.395767, 10.576042 ], [ -66.395742, 10.576011 ], [ -66.395486, 10.575494 ], [ -66.395324, 10.57523 ], [ -66.395222, 10.57493 ], [ -66.394927, 10.574684 ], [ -66.394736, 10.574585 ], [ -66.394101, 10.574654 ], [ -66.393864, 10.574623 ], [ -66.393275, 10.574678 ], [ -66.392982, 10.574672 ], [ -66.392449, 10.574637 ], [ -66.392179, 10.574643 ], [ -66.391622, 10.574683 ], [ -66.391241, 10.574747 ], [ -66.390795, 10.574868 ], [ -66.390263, 10.57489 ], [ -66.389968, 10.574938 ], [ -66.389409, 10.574911 ], [ -66.389142, 10.574826 ], [ -66.388769, 10.57472 ], [ -66.388319, 10.574452 ], [ -66.388256, 10.574402 ], [ -66.388218, 10.574337 ], [ -66.388047, 10.573783 ], [ -66.387985, 10.573502 ], [ -66.387859, 10.573143 ], [ -66.387701, 10.572666 ], [ -66.387832, 10.572343 ], [ -66.387989, 10.571834 ], [ -66.388344, 10.571514 ], [ -66.388946, 10.571009 ], [ -66.389176, 10.570863 ], [ -66.389693, 10.570497 ], [ -66.390007, 10.570277 ], [ -66.390151, 10.570185 ], [ -66.390803, 10.569395 ], [ -66.390835, 10.569357 ], [ -66.390841, 10.569329 ], [ -66.391167, 10.568526 ], [ -66.391678, 10.568137 ], [ -66.392148, 10.567701 ], [ -66.392512, 10.567134 ], [ -66.392653, 10.566871 ], [ -66.392719, 10.566667 ], [ -66.39294, 10.56604 ], [ -66.39317, 10.565393 ], [ -66.393245, 10.565209 ], [ -66.393357, 10.56491 ], [ -66.393735, 10.564379 ], [ -66.394191, 10.564017 ], [ -66.394854, 10.563555 ], [ -66.395022, 10.56348 ], [ -66.395145, 10.563433 ], [ -66.395851, 10.563115 ], [ -66.396319, 10.562733 ], [ -66.396348, 10.562239 ], [ -66.396419, 10.5619 ], [ -66.396281, 10.561479 ], [ -66.39626, 10.561065 ], [ -66.396171, 10.560762 ], [ -66.395967, 10.560229 ], [ -66.395965, 10.560139 ], [ -66.395879, 10.559821 ], [ -66.395802, 10.559474 ], [ -66.395787, 10.559394 ], [ -66.395748, 10.558702 ], [ -66.395678, 10.55856 ], [ -66.395414, 10.558206 ], [ -66.395067, 10.558048 ], [ -66.394875, 10.557915 ], [ -66.394244, 10.557756 ], [ -66.394207, 10.557751 ], [ -66.394048, 10.557713 ], [ -66.393571, 10.557556 ], [ -66.39342, 10.557493 ], [ -66.392763, 10.557531 ], [ -66.392593, 10.557562 ], [ -66.392125, 10.557697 ], [ -66.391764, 10.557929 ], [ -66.391395, 10.558524 ], [ -66.390927, 10.559236 ], [ -66.390857, 10.559354 ], [ -66.390095, 10.559911 ], [ -66.389424, 10.560175 ], [ -66.389266, 10.560245 ], [ -66.388516, 10.561001 ], [ -66.388432, 10.561124 ], [ -66.388071, 10.561831 ], [ -66.387861, 10.562395 ], [ -66.387746, 10.562661 ], [ -66.387591, 10.562925 ], [ -66.387015, 10.56349 ], [ -66.386759, 10.563605 ], [ -66.386596, 10.563649 ], [ -66.38593, 10.56386 ], [ -66.385452, 10.563958 ], [ -66.385103, 10.564008 ], [ -66.384384, 10.564191 ], [ -66.384275, 10.5642 ], [ -66.383593, 10.564294 ], [ -66.383448, 10.564319 ], [ -66.383415, 10.564326 ], [ -66.382621, 10.564469 ], [ -66.382396, 10.564511 ], [ -66.381793, 10.564632 ], [ -66.381181, 10.56489 ], [ -66.380964, 10.564988 ], [ -66.380715, 10.565104 ], [ -66.380134, 10.5654 ], [ -66.379571, 10.565928 ], [ -66.379299, 10.566413 ], [ -66.378952, 10.566757 ], [ -66.378468, 10.567058 ], [ -66.377903, 10.567316 ], [ -66.377638, 10.567452 ], [ -66.377472, 10.567578 ], [ -66.377499, 10.567716 ], [ -66.377481, 10.568412 ], [ -66.377507, 10.568535 ], [ -66.377617, 10.569246 ], [ -66.377618, 10.569251 ], [ -66.377532, 10.570079 ], [ -66.377539, 10.570156 ], [ -66.377466, 10.570912 ], [ -66.377468, 10.571053 ], [ -66.377514, 10.571746 ], [ -66.377527, 10.571821 ], [ -66.3776, 10.571961 ], [ -66.377846, 10.572331 ], [ -66.378012, 10.572584 ], [ -66.378161, 10.572845 ], [ -66.378347, 10.573421 ], [ -66.378348, 10.573487 ], [ -66.378186, 10.574253 ], [ -66.378117, 10.574542 ], [ -66.377951, 10.575085 ], [ -66.377568, 10.575743 ], [ -66.377289, 10.575913 ], [ -66.376736, 10.576408 ], [ -66.375963, 10.576679 ], [ -66.375908, 10.576626 ], [ -66.375346, 10.576465 ], [ -66.375082, 10.576549 ], [ -66.374349, 10.576627 ], [ -66.374256, 10.576598 ], [ -66.373551, 10.576593 ], [ -66.37343, 10.576539 ], [ -66.373202, 10.576113 ], [ -66.372872, 10.575876 ], [ -66.372851, 10.575634 ], [ -66.372617, 10.57504 ], [ -66.372616, 10.57504 ], [ -66.371785, 10.575651 ], [ -66.371492, 10.575329 ], [ -66.370964, 10.575038 ], [ -66.370958, 10.575032 ], [ -66.370938, 10.575026 ], [ -66.370294, 10.574865 ], [ -66.37014, 10.574811 ], [ -66.369614, 10.574713 ], [ -66.369315, 10.574587 ], [ -66.368938, 10.574557 ], [ -66.36849, 10.574451 ], [ -66.368216, 10.574448 ], [ -66.367664, 10.574429 ], [ -66.366958, 10.574994 ], [ -66.366833, 10.575067 ], [ -66.366757, 10.575068 ], [ -66.366005, 10.575204 ], [ -66.365752, 10.575239 ], [ -66.365179, 10.575247 ], [ -66.364909, 10.575249 ], [ -66.364354, 10.575134 ], [ -66.364236, 10.57509 ], [ -66.363529, 10.574992 ], [ -66.363506, 10.574988 ], [ -66.363352, 10.574964 ], [ -66.362787, 10.574875 ], [ -66.362703, 10.574874 ], [ -66.362086, 10.574744 ], [ -66.361879, 10.574696 ], [ -66.361384, 10.574614 ], [ -66.361055, 10.574403 ], [ -66.360496, 10.57494 ], [ -66.3607, 10.575292 ], [ -66.360755, 10.575776 ], [ -66.360889, 10.575931 ], [ -66.36104, 10.576159 ], [ -66.3613, 10.57635 ], [ -66.36145, 10.576615 ], [ -66.36135, 10.577126 ], [ -66.361225, 10.577447 ], [ -66.361027, 10.577655 ], [ -66.360867, 10.577606 ], [ -66.360199, 10.577849 ], [ -66.359813, 10.577825 ], [ -66.359374, 10.577736 ], [ -66.359111, 10.577695 ], [ -66.358688, 10.577426 ], [ -66.358602, 10.577374 ], [ -66.358551, 10.577353 ], [ -66.358024, 10.577121 ], [ -66.357728, 10.577008 ], [ -66.357367, 10.576946 ], [ -66.356903, 10.576881 ], [ -66.356519, 10.57696 ], [ -66.356075, 10.57703 ], [ -66.355377, 10.577266 ], [ -66.355247, 10.577288 ], [ -66.354719, 10.577392 ], [ -66.354419, 10.577426 ], [ -66.35438, 10.577429 ], [ -66.354208, 10.577388 ], [ -66.353762, 10.577216 ], [ -66.353597, 10.57696 ], [ -66.35344, 10.576709 ], [ -66.35338, 10.576548 ], [ -66.353236, 10.576085 ], [ -66.352997, 10.575711 ], [ -66.352872, 10.575619 ], [ -66.352783, 10.575572 ], [ -66.352254, 10.575406 ], [ -66.35196, 10.575184 ], [ -66.351746, 10.575084 ], [ -66.351557, 10.574865 ], [ -66.351283, 10.574717 ], [ -66.351139, 10.574647 ], [ -66.350749, 10.57442 ], [ -66.350316, 10.574208 ], [ -66.350174, 10.574164 ], [ -66.349895, 10.574017 ], [ -66.349606, 10.573901 ], [ -66.349493, 10.573858 ], [ -66.348789, 10.573884 ], [ -66.348667, 10.573875 ], [ -66.348063, 10.574002 ], [ -66.347839, 10.574065 ], [ -66.34779, 10.574049 ], [ -66.34763, 10.573998 ], [ -66.347147, 10.573861 ], [ -66.347015, 10.573822 ], [ -66.346616, 10.573561 ], [ -66.346192, 10.573456 ], [ -66.345948, 10.573397 ], [ -66.345367, 10.573299 ], [ -66.345241, 10.573272 ], [ -66.344866, 10.573141 ], [ -66.344618, 10.573064 ], [ -66.344543, 10.573038 ], [ -66.344041, 10.57281 ], [ -66.34372, 10.57267 ], [ -66.343461, 10.572558 ], [ -66.342896, 10.572359 ], [ -66.342845, 10.572343 ], [ -66.342707, 10.57229 ], [ -66.342255, 10.572101 ], [ -66.342074, 10.571958 ], [ -66.341743, 10.571783 ], [ -66.341613, 10.571447 ], [ -66.341496, 10.571202 ], [ -66.341484, 10.570612 ], [ -66.341469, 10.570402 ], [ -66.341428, 10.569778 ], [ -66.34148, 10.569564 ], [ -66.34156, 10.568946 ], [ -66.341717, 10.568503 ], [ -66.341832, 10.568114 ], [ -66.342098, 10.567299 ], [ -66.342082, 10.567283 ], [ -66.341664, 10.566903 ], [ -66.34129, 10.567017 ], [ -66.340765, 10.566968 ], [ -66.340464, 10.567 ], [ -66.33988, 10.567019 ], [ -66.339637, 10.567041 ], [ -66.338873, 10.567192 ], [ -66.33881, 10.567201 ], [ -66.338653, 10.567254 ], [ -66.337981, 10.567555 ], [ -66.337184, 10.568041 ], [ -66.33715, 10.56806 ], [ -66.33712, 10.568074 ], [ -66.33632, 10.568468 ], [ -66.335829, 10.568559 ], [ -66.335493, 10.568617 ], [ -66.334699, 10.568887 ], [ -66.334664, 10.568907 ], [ -66.334591, 10.568961 ], [ -66.333833, 10.569526 ], [ -66.333162, 10.569707 ], [ -66.333005, 10.569739 ], [ -66.332974, 10.569737 ], [ -66.332178, 10.569807 ], [ -66.332095, 10.569782 ], [ -66.331615, 10.569694 ], [ -66.331395, 10.56965 ], [ -66.331353, 10.569638 ], [ -66.330829, 10.569386 ], [ -66.330531, 10.569231 ], [ -66.330269, 10.569115 ], [ -66.329707, 10.56891 ], [ -66.329647, 10.568905 ], [ -66.328984, 10.568838 ], [ -66.328893, 10.568826 ], [ -66.328882, 10.568824 ], [ -66.328323, 10.568565 ], [ -66.328062, 10.568131 ], [ -66.32801, 10.568049 ], [ -66.328003, 10.567996 ], [ -66.327725, 10.567506 ], [ -66.327461, 10.567158 ], [ -66.327341, 10.567061 ], [ -66.327245, 10.567021 ], [ -66.326667, 10.566902 ], [ -66.32642, 10.566859 ], [ -66.32574, 10.566995 ], [ -66.325593, 10.56699 ], [ -66.325047, 10.567138 ], [ -66.324765, 10.567244 ], [ -66.32466, 10.56724 ], [ -66.323938, 10.567375 ], [ -66.323632, 10.567433 ], [ -66.323109, 10.567653 ], [ -66.322301, 10.567928 ], [ -66.32228, 10.567936 ], [ -66.322191, 10.567947 ], [ -66.321453, 10.568032 ], [ -66.321361, 10.568033 ], [ -66.32063, 10.567934 ], [ -66.320628, 10.567934 ], [ -66.320628, 10.567933 ], [ -66.320125, 10.567607 ], [ -66.319927, 10.567094 ], [ -66.319979, 10.566924 ], [ -66.320223, 10.566263 ], [ -66.320648, 10.56563 ], [ -66.32079, 10.565434 ], [ -66.321447, 10.564642 ], [ -66.321477, 10.564607 ], [ -66.321483, 10.5646 ], [ -66.322282, 10.56378 ], [ -66.322317, 10.563717 ], [ -66.322637, 10.562949 ], [ -66.322773, 10.562501 ], [ -66.322867, 10.562118 ], [ -66.323077, 10.561373 ], [ -66.323088, 10.561286 ], [ -66.322958, 10.560665 ], [ -66.322874, 10.560451 ], [ -66.322701, 10.560093 ], [ -66.322587, 10.559614 ], [ -66.322666, 10.559302 ], [ -66.32286, 10.558783 ], [ -66.323189, 10.558382 ], [ -66.323588, 10.557956 ], [ -66.323563, 10.557586 ], [ -66.323641, 10.557123 ], [ -66.32348, 10.556842 ], [ -66.323261, 10.556286 ], [ -66.32325, 10.556243 ], [ -66.32325, 10.555452 ], [ -66.323262, 10.555405 ], [ -66.323448, 10.55462 ], [ -66.323585, 10.554258 ], [ -66.323513, 10.553787 ], [ -66.323528, 10.553488 ], [ -66.323292, 10.552952 ], [ -66.323316, 10.552872 ], [ -66.323736, 10.552122 ], [ -66.324076, 10.551365 ], [ -66.324111, 10.551291 ], [ -66.324175, 10.551194 ], [ -66.324595, 10.550462 ], [ -66.324912, 10.550185 ], [ -66.325381, 10.549997 ], [ -66.325742, 10.54979 ], [ -66.326202, 10.549642 ], [ -66.326571, 10.549426 ], [ -66.327076, 10.548816 ], [ -66.32685, 10.54854 ], [ -66.326583, 10.548111 ], [ -66.326513, 10.548048 ], [ -66.326473, 10.547977 ], [ -66.326002, 10.547728 ], [ -66.325761, 10.547633 ], [ -66.325304, 10.547595 ], [ -66.324936, 10.547473 ], [ -66.324632, 10.547434 ], [ -66.324302, 10.547125 ], [ -66.324179, 10.547057 ], [ -66.324114, 10.54697 ], [ -66.323779, 10.546628 ], [ -66.323467, 10.546284 ], [ -66.323358, 10.546219 ], [ -66.323295, 10.54618 ], [ -66.322753, 10.545993 ], [ -66.322471, 10.545904 ], [ -66.322123, 10.545792 ], [ -66.321648, 10.545557 ], [ -66.321554, 10.54553 ], [ -66.321394, 10.545433 ], [ -66.321124, 10.54513 ], [ -66.320865, 10.544595 ], [ -66.320853, 10.544572 ], [ -66.320831, 10.544543 ], [ -66.320544, 10.544052 ], [ -66.320275, 10.543757 ], [ -66.320117, 10.543649 ], [ -66.320013, 10.543582 ], [ -66.319579, 10.543357 ], [ -66.319192, 10.542991 ], [ -66.31915, 10.542956 ], [ -66.319128, 10.542913 ], [ -66.318775, 10.542502 ], [ -66.318372, 10.542257 ], [ -66.318239, 10.542207 ], [ -66.318029, 10.54207 ], [ -66.317703, 10.541913 ], [ -66.31755, 10.54179 ], [ -66.317201, 10.541584 ], [ -66.31699, 10.541228 ], [ -66.316872, 10.541084 ], [ -66.316732, 10.54087 ], [ -66.3165, 10.540627 ], [ -66.316408, 10.540389 ], [ -66.316188, 10.540109 ], [ -66.315915, 10.539808 ], [ -66.315732, 10.539735 ], [ -66.315671, 10.539549 ], [ -66.3155, 10.539139 ], [ -66.315377, 10.538714 ], [ -66.315768, 10.538047 ], [ -66.315828, 10.537884 ], [ -66.315933, 10.537775 ], [ -66.316043, 10.537775 ], [ -66.316758, 10.537831 ], [ -66.316847, 10.537804 ], [ -66.317588, 10.537446 ], [ -66.318403, 10.537086 ], [ -66.318417, 10.537078 ], [ -66.318812, 10.537075 ], [ -66.318433, 10.537057 ], [ -66.318418, 10.537031 ], [ -66.318184, 10.536477 ], [ -66.317598, 10.536333 ], [ -66.317529, 10.5363 ], [ -66.316772, 10.536238 ], [ -66.316759, 10.536238 ], [ -66.316737, 10.536224 ], [ -66.316087, 10.536078 ], [ -66.315948, 10.536028 ], [ -66.315499, 10.535835 ], [ -66.315126, 10.535608 ], [ -66.31495, 10.535553 ], [ -66.314815, 10.535375 ], [ -66.31449, 10.535184 ], [ -66.314305, 10.535028 ], [ -66.313696, 10.535145 ], [ -66.313479, 10.534995 ], [ -66.313285, 10.535362 ], [ -66.312643, 10.536171 ], [ -66.312588, 10.53619 ], [ -66.311813, 10.536598 ], [ -66.311021, 10.53701 ], [ -66.311657, 10.537168 ], [ -66.311807, 10.537223 ], [ -66.31224, 10.537416 ], [ -66.312628, 10.537793 ], [ -66.312669, 10.537816 ], [ -66.312697, 10.537858 ], [ -66.313205, 10.538111 ], [ -66.313449, 10.538382 ], [ -66.313654, 10.538492 ], [ -66.31373, 10.5387 ], [ -66.31381, 10.539164 ], [ -66.313851, 10.539535 ], [ -66.313545, 10.540253 ], [ -66.313542, 10.540366 ], [ -66.313823, 10.540804 ], [ -66.314253, 10.540958 ], [ -66.314404, 10.541054 ], [ -66.314459, 10.541206 ], [ -66.314769, 10.541519 ], [ -66.315009, 10.542045 ], [ -66.315015, 10.542099 ], [ -66.315065, 10.542558 ], [ -66.315104, 10.542839 ], [ -66.315117, 10.542879 ], [ -66.315415, 10.543356 ], [ -66.315882, 10.54362 ], [ -66.315944, 10.543657 ], [ -66.315981, 10.54372 ], [ -66.316391, 10.54404 ], [ -66.316701, 10.544457 ], [ -66.316772, 10.544489 ], [ -66.316833, 10.544561 ], [ -66.317013, 10.545076 ], [ -66.316952, 10.545396 ], [ -66.31704, 10.545875 ], [ -66.317075, 10.54623 ], [ -66.3171, 10.546642 ], [ -66.317425, 10.547067 ], [ -66.31727, 10.5473 ], [ -66.316927, 10.547896 ], [ -66.316669, 10.548138 ], [ -66.31621, 10.548724 ], [ -66.315834, 10.549147 ], [ -66.315248, 10.549549 ], [ -66.314998, 10.55032 ], [ -66.314986, 10.55038 ], [ -66.31499, 10.550389 ], [ -66.314997, 10.550394 ], [ -66.315495, 10.550713 ], [ -66.31582, 10.550783 ], [ -66.316209, 10.550831 ], [ -66.316646, 10.550751 ], [ -66.317213, 10.550662 ], [ -66.317474, 10.550623 ], [ -66.318091, 10.550618 ], [ -66.318299, 10.550671 ], [ -66.318948, 10.550594 ], [ -66.319125, 10.550714 ], [ -66.319401, 10.550971 ], [ -66.319407, 10.551252 ], [ -66.319257, 10.55194 ], [ -66.319192, 10.552083 ], [ -66.31911, 10.552442 ], [ -66.31901, 10.552915 ], [ -66.319026, 10.552995 ], [ -66.319079, 10.55375 ], [ -66.319085, 10.553763 ], [ -66.319098, 10.553806 ], [ -66.319276, 10.5544 ], [ -66.319316, 10.554585 ], [ -66.319407, 10.555097 ], [ -66.319523, 10.55542 ], [ -66.319271, 10.556058 ], [ -66.319262, 10.556252 ], [ -66.319076, 10.556431 ], [ -66.31859, 10.556734 ], [ -66.318245, 10.556973 ], [ -66.317859, 10.557074 ], [ -66.317417, 10.557192 ], [ -66.317252, 10.557234 ], [ -66.31659, 10.557312 ], [ -66.315908, 10.557891 ], [ -66.315782, 10.558692 ], [ -66.315771, 10.558723 ], [ -66.31575, 10.558875 ], [ -66.315666, 10.559556 ], [ -66.315641, 10.559658 ], [ -66.315536, 10.560388 ], [ -66.315538, 10.560587 ], [ -66.315615, 10.561222 ], [ -66.31563, 10.561322 ], [ -66.315728, 10.561426 ], [ -66.316015, 10.561766 ], [ -66.316384, 10.562063 ], [ -66.316423, 10.562188 ], [ -66.316545, 10.562433 ], [ -66.316629, 10.56281 ], [ -66.316629, 10.562898 ], [ -66.31654, 10.563051 ], [ -66.316163, 10.563273 ], [ -66.315709, 10.563548 ], [ -66.31496, 10.563639 ], [ -66.314882, 10.563653 ], [ -66.314255, 10.563513 ], [ -66.314058, 10.56347 ], [ -66.313553, 10.563383 ], [ -66.313233, 10.563344 ], [ -66.312825, 10.563279 ], [ -66.312409, 10.563024 ], [ -66.312258, 10.563015 ], [ -66.311623, 10.562857 ], [ -66.311599, 10.562842 ], [ -66.311585, 10.562843 ], [ -66.311578, 10.562856 ], [ -66.310752, 10.563627 ], [ -66.310194, 10.563409 ], [ -66.309928, 10.563377 ], [ -66.309633, 10.563139 ], [ -66.309472, 10.562838 ], [ -66.309393, 10.562551 ], [ -66.309257, 10.562003 ], [ -66.309269, 10.561848 ], [ -66.309124, 10.561168 ], [ -66.309123, 10.561166 ], [ -66.309121, 10.561164 ], [ -66.308749, 10.560711 ], [ -66.308601, 10.56033 ], [ -66.308469, 10.560162 ], [ -66.308306, 10.559929 ], [ -66.308103, 10.559699 ], [ -66.308045, 10.559492 ], [ -66.307906, 10.559068 ], [ -66.307858, 10.558657 ], [ -66.307854, 10.558293 ], [ -66.307768, 10.557822 ], [ -66.307732, 10.557588 ], [ -66.307504, 10.557129 ], [ -66.307456, 10.557035 ], [ -66.307392, 10.556985 ], [ -66.306985, 10.556676 ], [ -66.306683, 10.556565 ], [ -66.30638, 10.556449 ], [ -66.305859, 10.556251 ], [ -66.305768, 10.55623 ], [ -66.305649, 10.556137 ], [ -66.305309, 10.55586 ], [ -66.305039, 10.555545 ], [ -66.304934, 10.555405 ], [ -66.304887, 10.555297 ], [ -66.304946, 10.554566 ], [ -66.304929, 10.554464 ], [ -66.30505, 10.554263 ], [ -66.305597, 10.553921 ], [ -66.305881, 10.553703 ], [ -66.30599, 10.553639 ], [ -66.306715, 10.552831 ], [ -66.306757, 10.552812 ], [ -66.306728, 10.552799 ], [ -66.306715, 10.552797 ], [ -66.305992, 10.552703 ], [ -66.30589, 10.552731 ], [ -66.305126, 10.552735 ], [ -66.305064, 10.552741 ], [ -66.304624, 10.552794 ], [ -66.304237, 10.552856 ], [ -66.30417, 10.552857 ], [ -66.30341, 10.552942 ], [ -66.303216, 10.552977 ], [ -66.302583, 10.553015 ], [ -66.302465, 10.552896 ], [ -66.302238, 10.552774 ], [ -66.301899, 10.552631 ], [ -66.301761, 10.552592 ], [ -66.301273, 10.552425 ], [ -66.300937, 10.552274 ], [ -66.300668, 10.552199 ], [ -66.300114, 10.551945 ], [ -66.300098, 10.551938 ], [ -66.300077, 10.551921 ], [ -66.299838, 10.551369 ], [ -66.299792, 10.551085 ], [ -66.300129, 10.550288 ], [ -66.300139, 10.550255 ], [ -66.300141, 10.550242 ], [ -66.300244, 10.549422 ], [ -66.300237, 10.549321 ], [ -66.30014, 10.548986 ], [ -66.299921, 10.548808 ], [ -66.299314, 10.548908 ], [ -66.298948, 10.549411 ], [ -66.298481, 10.549809 ], [ -66.297815, 10.550071 ], [ -66.297651, 10.550169 ], [ -66.296854, 10.550198 ], [ -66.296825, 10.550202 ], [ -66.296151, 10.550068 ], [ -66.296, 10.550045 ], [ -66.295516, 10.549872 ], [ -66.295177, 10.549675 ], [ -66.294992, 10.549565 ], [ -66.294704, 10.549375 ], [ -66.294486, 10.549241 ], [ -66.294356, 10.549137 ], [ -66.294001, 10.548896 ], [ -66.293629, 10.548532 ], [ -66.293585, 10.548481 ], [ -66.293536, 10.548429 ], [ -66.293158, 10.548079 ], [ -66.292715, 10.547825 ], [ -66.292621, 10.547785 ], [ -66.292357, 10.547688 ], [ -66.292007, 10.547568 ], [ -66.291892, 10.547527 ], [ -66.291425, 10.547319 ], [ -66.291069, 10.547167 ], [ -66.290841, 10.547072 ], [ -66.290453, 10.546838 ], [ -66.290337, 10.546745 ], [ -66.290247, 10.546664 ], [ -66.2899, 10.546352 ], [ -66.289549, 10.545996 ], [ -66.289481, 10.545942 ], [ -66.289428, 10.545903 ], [ -66.288893, 10.545698 ], [ -66.288605, 10.545537 ], [ -66.288317, 10.545444 ], [ -66.287781, 10.545322 ], [ -66.287643, 10.545286 ], [ -66.286956, 10.545157 ], [ -66.286939, 10.545157 ], [ -66.286898, 10.54514 ], [ -66.286322, 10.544943 ], [ -66.286134, 10.544666 ], [ -66.285964, 10.544472 ], [ -66.285892, 10.544298 ], [ -66.285603, 10.544004 ], [ -66.285316, 10.543804 ], [ -66.285082, 10.543694 ], [ -66.284902, 10.543456 ], [ -66.284684, 10.543263 ], [ -66.284498, 10.542867 ], [ -66.284324, 10.542793 ], [ -66.284152, 10.542616 ], [ -66.2841259, 10.5418915 ], [ -66.2830158, 10.5408625 ], [ -66.2827081, 10.5409865 ], [ -66.283423, 10.542609 ], [ -66.282843, 10.543166 ], [ -66.282429, 10.543434 ], [ -66.2815594, 10.5437793 ], [ -66.28173, 10.544262 ], [ -66.281899, 10.544372 ], [ -66.282006, 10.54441 ], [ -66.282487, 10.544616 ], [ -66.282828, 10.544843 ], [ -66.283014, 10.544918 ], [ -66.283108, 10.545107 ], [ -66.283374, 10.545388 ], [ -66.283646, 10.545772 ], [ -66.28374, 10.545852 ], [ -66.283806, 10.545947 ], [ -66.284129, 10.546292 ], [ -66.284464, 10.546731 ], [ -66.284494, 10.546756 ], [ -66.284507, 10.546787 ], [ -66.284867, 10.547212 ], [ -66.285152, 10.547626 ], [ -66.28523, 10.547679 ], [ -66.285281, 10.547712 ], [ -66.28579, 10.54795 ], [ -66.286104, 10.548094 ], [ -66.286433, 10.548138 ], [ -66.286929, 10.548229 ], [ -66.287123, 10.54828 ], [ -66.287753, 10.548477 ], [ -66.287756, 10.548478 ], [ -66.287763, 10.548482 ], [ -66.28831, 10.548756 ], [ -66.288575, 10.548932 ], [ -66.288762, 10.549133 ], [ -66.288947, 10.549325 ], [ -66.28907, 10.549654 ], [ -66.289241, 10.550162 ], [ -66.289198, 10.550354 ], [ -66.289383, 10.550966 ], [ -66.289389, 10.55099 ], [ -66.289397, 10.550996 ], [ -66.28998, 10.551231 ], [ -66.290205, 10.551455 ], [ -66.290485, 10.551556 ], [ -66.290757, 10.551842 ], [ -66.290911, 10.55196 ], [ -66.291026, 10.55202 ], [ -66.29182, 10.551885 ], [ -66.291854, 10.551872 ], [ -66.292409, 10.552127 ], [ -66.292677, 10.552203 ], [ -66.29296, 10.552407 ], [ -66.293499, 10.55267 ], [ -66.293518, 10.55268 ], [ -66.293567, 10.552699 ], [ -66.294056, 10.552972 ], [ -66.294322, 10.552985 ], [ -66.294682, 10.553178 ], [ -66.295144, 10.553455 ], [ -66.295201, 10.55349 ], [ -66.295253, 10.553547 ], [ -66.29561, 10.55391 ], [ -66.295962, 10.554371 ], [ -66.29597, 10.554379 ], [ -66.295976, 10.554387 ], [ -66.296391, 10.554788 ], [ -66.296777, 10.555228 ], [ -66.296779, 10.55523 ], [ -66.296781, 10.555233 ], [ -66.297146, 10.555692 ], [ -66.297452, 10.556067 ], [ -66.297504, 10.556163 ], [ -66.297598, 10.556259 ], [ -66.297936, 10.556561 ], [ -66.298419, 10.556818 ], [ -66.298476, 10.556852 ], [ -66.298564, 10.55691 ], [ -66.298981, 10.557177 ], [ -66.299241, 10.557368 ], [ -66.299451, 10.557537 ], [ -66.29958, 10.557752 ], [ -66.299745, 10.558072 ], [ -66.299921, 10.558589 ], [ -66.299925, 10.55872 ], [ -66.299985, 10.559423 ], [ -66.299968, 10.559504 ], [ -66.299899, 10.560256 ], [ -66.299903, 10.560394 ], [ -66.300039, 10.560562 ], [ -66.300248, 10.560879 ], [ -66.30042, 10.561094 ], [ -66.300675, 10.561281 ], [ -66.300856, 10.561601 ], [ -66.300976, 10.561809 ], [ -66.301043, 10.561933 ], [ -66.301269, 10.562345 ], [ -66.30141, 10.562769 ], [ -66.301521, 10.562922 ], [ -66.301668, 10.563143 ], [ -66.301869, 10.563403 ], [ -66.301978, 10.563608 ], [ -66.302177, 10.563923 ], [ -66.302432, 10.564445 ], [ -66.302447, 10.564481 ], [ -66.302482, 10.564559 ], [ -66.30273, 10.565028 ], [ -66.302795, 10.565282 ], [ -66.302897, 10.565688 ], [ -66.302907, 10.566117 ], [ -66.302812, 10.566599 ], [ -66.302789, 10.566949 ], [ -66.302457, 10.567502 ], [ -66.302196, 10.567778 ], [ -66.302129, 10.568103 ], [ -66.302129, 10.568611 ], [ -66.302165, 10.568892 ], [ -66.302444, 10.568933 ], [ -66.302644, 10.569244 ], [ -66.302861, 10.569451 ], [ -66.302998, 10.569719 ], [ -66.303263, 10.569792 ], [ -66.303547, 10.570001 ], [ -66.304085, 10.570218 ], [ -66.304131, 10.570248 ], [ -66.304185, 10.570295 ], [ -66.304507, 10.570701 ], [ -66.304905, 10.570939 ], [ -66.305042, 10.570998 ], [ -66.305262, 10.571138 ], [ -66.305428, 10.571441 ], [ -66.305723, 10.571844 ], [ -66.305789, 10.57191 ], [ -66.305853, 10.571977 ], [ -66.305721, 10.572102 ], [ -66.305026, 10.572803 ], [ -66.304887, 10.57295 ], [ -66.304465, 10.573223 ], [ -66.304056, 10.573506 ], [ -66.303326, 10.573525 ], [ -66.30323, 10.573522 ], [ -66.302897, 10.573125 ], [ -66.302752, 10.572784 ], [ -66.302695, 10.572498 ], [ -66.302441, 10.571948 ], [ -66.302432, 10.571933 ], [ -66.302418, 10.571926 ], [ -66.301911, 10.571624 ], [ -66.301598, 10.571229 ], [ -66.301541, 10.571165 ], [ -66.301509, 10.571106 ], [ -66.301228, 10.570648 ], [ -66.30091, 10.570267 ], [ -66.300884, 10.570163 ], [ -66.300782, 10.570082 ], [ -66.300457, 10.570264 ], [ -66.299952, 10.570462 ], [ -66.299841, 10.570371 ], [ -66.299799, 10.570258 ], [ -66.299559, 10.569825 ], [ -66.299135, 10.569429 ], [ -66.299129, 10.569424 ], [ -66.299122, 10.569419 ], [ -66.298646, 10.569077 ], [ -66.298313, 10.568952 ], [ -66.297979, 10.568913 ], [ -66.29749, 10.568665 ], [ -66.297443, 10.568618 ], [ -66.297436, 10.568571 ], [ -66.297342, 10.567892 ], [ -66.297368, 10.567736 ], [ -66.297141, 10.567265 ], [ -66.296795, 10.566898 ], [ -66.296739, 10.566837 ], [ -66.29668, 10.566816 ], [ -66.295957, 10.566786 ], [ -66.295854, 10.566805 ], [ -66.295094, 10.566816 ], [ -66.295027, 10.566797 ], [ -66.294355, 10.566723 ], [ -66.294203, 10.566652 ], [ -66.293677, 10.566569 ], [ -66.293378, 10.566517 ], [ -66.292921, 10.566492 ], [ -66.292553, 10.566387 ], [ -66.291971, 10.566608 ], [ -66.291724, 10.566664 ], [ -66.291507, 10.566853 ], [ -66.290891, 10.567443 ], [ -66.290365, 10.567676 ], [ -66.290061, 10.567883 ], [ -66.289909, 10.567826 ], [ -66.289234, 10.568012 ], [ -66.288963, 10.567938 ], [ -66.288775, 10.567663 ], [ -66.288602, 10.56747 ], [ -66.288414, 10.567284 ], [ -66.288227, 10.567015 ], [ -66.287733, 10.56682 ], [ -66.287634, 10.566777 ], [ -66.287593, 10.566761 ], [ -66.287096, 10.566485 ], [ -66.286772, 10.56617 ], [ -66.28666, 10.566091 ], [ -66.286536, 10.565976 ], [ -66.286248, 10.565672 ], [ -66.285951, 10.565586 ], [ -66.285458, 10.56563 ], [ -66.285123, 10.565721 ], [ -66.284627, 10.56596 ], [ -66.284292, 10.566362 ], [ -66.284021, 10.566788 ], [ -66.283683, 10.56739 ], [ -66.28369, 10.567619 ], [ -66.283453, 10.567734 ], [ -66.282628, 10.568443 ], [ -66.282621, 10.568448 ], [ -66.282616, 10.568448 ], [ -66.282359, 10.568441 ], [ -66.281825, 10.568407 ], [ -66.282012, 10.567604 ], [ -66.281959, 10.567447 ], [ -66.281849, 10.566769 ], [ -66.281839, 10.56674 ], [ -66.281811, 10.56665 ], [ -66.281677, 10.566074 ], [ -66.281166, 10.56593 ], [ -66.281031, 10.565888 ], [ -66.280991, 10.565896 ], [ -66.280294, 10.565793 ], [ -66.280166, 10.565755 ], [ -66.279509, 10.565745 ], [ -66.27934, 10.565755 ], [ -66.278562, 10.565857 ], [ -66.278513, 10.565875 ], [ -66.278256, 10.565904 ], [ -66.277686, 10.565972 ], [ -66.277616, 10.565969 ], [ -66.277116, 10.565894 ], [ -66.276885, 10.565868 ], [ -66.276861, 10.565868 ], [ -66.276209, 10.565712 ], [ -66.276036, 10.565684 ], [ -66.275538, 10.565551 ], [ -66.275212, 10.565438 ], [ -66.274963, 10.565295 ], [ -66.274427, 10.565037 ], [ -66.274402, 10.565024 ], [ -66.27439, 10.565021 ], [ -66.273641, 10.564954 ], [ -66.273564, 10.56494 ], [ -66.272885, 10.564877 ], [ -66.27274, 10.5648 ], [ -66.272387, 10.564544 ], [ -66.271919, 10.564215 ], [ -66.271894, 10.564207 ], [ -66.271809, 10.564181 ], [ -66.271359, 10.563911 ], [ -66.271095, 10.563956 ], [ -66.270796, 10.564172 ], [ -66.270264, 10.564478 ], [ -66.269569, 10.56486 ], [ -66.269434, 10.564928 ], [ -66.269106, 10.564991 ], [ -66.268607, 10.565063 ], [ -66.268528, 10.565065 ], [ -66.268042, 10.564982 ], [ -66.267835, 10.564927 ], [ -66.267782, 10.564893 ], [ -66.267315, 10.564616 ], [ -66.266961, 10.564297 ], [ -66.266876, 10.564225 ], [ -66.266803, 10.564138 ], [ -66.266628, 10.563645 ], [ -66.266203, 10.563299 ], [ -66.266174, 10.563268 ], [ -66.266144, 10.563264 ], [ -66.265584, 10.563027 ], [ -66.265321, 10.562909 ], [ -66.264779, 10.562999 ], [ -66.264495, 10.562919 ], [ -66.264192, 10.563282 ], [ -66.26366, 10.563945 ], [ -66.263509, 10.564109 ], [ -66.26283, 10.564385 ], [ -66.262161, 10.564769 ], [ -66.262, 10.564859 ], [ -66.261845, 10.564929 ], [ -66.26117, 10.565233 ], [ -66.260777, 10.565316 ], [ -66.260343, 10.565388 ], [ -66.259823, 10.565435 ], [ -66.259516, 10.565491 ], [ -66.258715, 10.565708 ], [ -66.258688, 10.565714 ], [ -66.257881, 10.565708 ], [ -66.257862, 10.565695 ], [ -66.257404, 10.565356 ], [ -66.257388, 10.564891 ], [ -66.257379, 10.564554 ], [ -66.257447, 10.564058 ], [ -66.257416, 10.563692 ], [ -66.257113, 10.563221 ], [ -66.257093, 10.563186 ], [ -66.257058, 10.563163 ], [ -66.256378, 10.563068 ], [ -66.256233, 10.563083 ], [ -66.255486, 10.563126 ], [ -66.255406, 10.563138 ], [ -66.254686, 10.563093 ], [ -66.25458, 10.563095 ], [ -66.2538, 10.563146 ], [ -66.253754, 10.563151 ], [ -66.253638, 10.563191 ], [ -66.252924, 10.563587 ], [ -66.252376, 10.563731 ], [ -66.252095, 10.563839 ], [ -66.251639, 10.563636 ], [ -66.251273, 10.563458 ], [ -66.251106, 10.563338 ], [ -66.250973, 10.563168 ], [ -66.250717, 10.562898 ], [ -66.250486, 10.56233 ], [ -66.250484, 10.562302 ], [ -66.250462, 10.561728 ], [ -66.250453, 10.561507 ], [ -66.25045, 10.561496 ], [ -66.250464, 10.561462 ], [ -66.25082, 10.560666 ], [ -66.250812, 10.560326 ], [ -66.250476, 10.560104 ], [ -66.250293, 10.560013 ], [ -66.24965, 10.560204 ], [ -66.249209, 10.560262 ], [ -66.248822, 10.560349 ], [ -66.247996, 10.560639 ], [ -66.247993, 10.56064 ], [ -66.247991, 10.560641 ], [ -66.247163, 10.561184 ], [ -66.246848, 10.561465 ], [ -66.24633, 10.561933 ], [ -66.245522, 10.562265 ], [ -66.245501, 10.562277 ], [ -66.245398, 10.562285 ], [ -66.244674, 10.562336 ], [ -66.244612, 10.562341 ], [ -66.243847, 10.562406 ], [ -66.243702, 10.562418 ], [ -66.243021, 10.562469 ], [ -66.242816, 10.562469 ], [ -66.242195, 10.562381 ], [ -66.242091, 10.562362 ], [ -66.241781, 10.562254 ], [ -66.241473, 10.562149 ], [ -66.241372, 10.562084 ], [ -66.240879, 10.561911 ], [ -66.240549, 10.561679 ], [ -66.240393, 10.561567 ], [ -66.240246, 10.561407 ], [ -66.239999, 10.561132 ], [ -66.239731, 10.560837 ], [ -66.239606, 10.560695 ], [ -66.239471, 10.560567 ], [ -66.23919, 10.560282 ], [ -66.238913, 10.559902 ], [ -66.238827, 10.559815 ], [ -66.23879, 10.559727 ], [ -66.238523, 10.55929 ], [ -66.238215, 10.558889 ], [ -66.238161, 10.558823 ], [ -66.238097, 10.558775 ], [ -66.237672, 10.558482 ], [ -66.237275, 10.55828 ], [ -66.237058, 10.558265 ], [ -66.23645, 10.558208 ], [ -66.236241, 10.558249 ], [ -66.235622, 10.558393 ], [ -66.235046, 10.558607 ], [ -66.234794, 10.558694 ], [ -66.234268, 10.558552 ], [ -66.233969, 10.558471 ], [ -66.233678, 10.558311 ], [ -66.233146, 10.558195 ], [ -66.232994, 10.558163 ], [ -66.232421, 10.558004 ], [ -66.232344, 10.557981 ], [ -66.232322, 10.557957 ], [ -66.23193, 10.557566 ], [ -66.231785, 10.557165 ], [ -66.231685, 10.556983 ], [ -66.231673, 10.556331 ], [ -66.231645, 10.556195 ], [ -66.231517, 10.555574 ], [ -66.231501, 10.555512 ], [ -66.231498, 10.555496 ], [ -66.231427, 10.554759 ], [ -66.231362, 10.554661 ], [ -66.231527, 10.554508 ], [ -66.231787, 10.554403 ], [ -66.232357, 10.554063 ], [ -66.233039, 10.553842 ], [ -66.233185, 10.553799 ], [ -66.233238, 10.55379 ], [ -66.234013, 10.553637 ], [ -66.23427, 10.553594 ], [ -66.23484, 10.553525 ], [ -66.23522, 10.553478 ], [ -66.235666, 10.553458 ], [ -66.236367, 10.553167 ], [ -66.236495, 10.553124 ], [ -66.236617, 10.55304 ], [ -66.236981, 10.552558 ], [ -66.237204, 10.552211 ], [ -66.23684, 10.551872 ], [ -66.236507, 10.551784 ], [ -66.236267, 10.551614 ], [ -66.236034, 10.551368 ], [ -66.235816, 10.551235 ], [ -66.235687, 10.551121 ], [ -66.235349, 10.550872 ], [ -66.234879, 10.550524 ], [ -66.234871, 10.55052 ], [ -66.234867, 10.550517 ], [ -66.234762, 10.550523 ], [ -66.23404, 10.550567 ], [ -66.233984, 10.550573 ], [ -66.233212, 10.55075 ], [ -66.232967, 10.550755 ], [ -66.232386, 10.550742 ], [ -66.23212, 10.550768 ], [ -66.23156, 10.550749 ], [ -66.231327, 10.550728 ], [ -66.230965, 10.55049 ], [ -66.230825, 10.5504 ], [ -66.230739, 10.550259 ], [ -66.230382, 10.550014 ], [ -66.229915, 10.549953 ], [ -66.229272, 10.550288 ], [ -66.229085, 10.550389 ], [ -66.228444, 10.550282 ], [ -66.228261, 10.550228 ], [ -66.227862, 10.550032 ], [ -66.227543, 10.549626 ], [ -66.227498, 10.549568 ], [ -66.227442, 10.549446 ], [ -66.227248, 10.548989 ], [ -66.227192, 10.548788 ], [ -66.227194, 10.548217 ], [ -66.227102, 10.547954 ], [ -66.227252, 10.547332 ], [ -66.226635, 10.547317 ], [ -66.226002, 10.547746 ], [ -66.225804, 10.547888 ], [ -66.225355, 10.547561 ], [ -66.225014, 10.547102 ], [ -66.225007, 10.54708 ], [ -66.224986, 10.54698 ], [ -66.224903, 10.546357 ], [ -66.224872, 10.546267 ], [ -66.224994, 10.546055 ], [ -66.225406, 10.545439 ], [ -66.225829, 10.545096 ], [ -66.226127, 10.544611 ], [ -66.226432, 10.544015 ], [ -66.226551, 10.543782 ], [ -66.22654, 10.543082 ], [ -66.226523, 10.542948 ], [ -66.226287, 10.542507 ], [ -66.226011, 10.54211 ], [ -66.22595, 10.542015 ], [ -66.225858, 10.541788 ], [ -66.225683, 10.541454 ], [ -66.225546, 10.541272 ], [ -66.225342, 10.540966 ], [ -66.225042, 10.54069 ], [ -66.22489, 10.540587 ], [ -66.224649, 10.540431 ], [ -66.224378, 10.540269 ], [ -66.224221, 10.540168 ], [ -66.223915, 10.539902 ], [ -66.223554, 10.539588 ], [ -66.223476, 10.539511 ], [ -66.223401, 10.539454 ], [ -66.222968, 10.539189 ], [ -66.222581, 10.538759 ], [ -66.222575, 10.538752 ], [ -66.22257, 10.538745 ], [ -66.222255, 10.538243 ], [ -66.222022, 10.537907 ], [ -66.221904, 10.537765 ], [ -66.221765, 10.537675 ], [ -66.22136, 10.537478 ], [ -66.220942, 10.537341 ], [ -66.220674, 10.537332 ], [ -66.220116, 10.53732 ], [ -66.219345, 10.537823 ], [ -66.219285, 10.537856 ], [ -66.218891, 10.53788 ], [ -66.218459, 10.53791 ], [ -66.218446, 10.537889 ], [ -66.218433, 10.537876 ], [ -66.218117, 10.537389 ], [ -66.217903, 10.537037 ], [ -66.21787, 10.536808 ], [ -66.217849, 10.536203 ], [ -66.21799, 10.535863 ], [ -66.218093, 10.535372 ], [ -66.218485, 10.534963 ], [ -66.218953, 10.534546 ], [ -66.218956, 10.534079 ], [ -66.219018, 10.533713 ], [ -66.219302, 10.53291 ], [ -66.219223, 10.532881 ], [ -66.21933, 10.53287 ], [ -66.219339, 10.532873 ], [ -66.220157, 10.53283 ], [ -66.220211, 10.532835 ], [ -66.220982, 10.532853 ], [ -66.221022, 10.532857 ], [ -66.221257, 10.532899 ], [ -66.221714, 10.532998 ], [ -66.221807, 10.532999 ], [ -66.222292, 10.533251 ], [ -66.222629, 10.533453 ], [ -66.222823, 10.53355 ], [ -66.223194, 10.53375 ], [ -66.22336, 10.533843 ], [ -66.223451, 10.533906 ], [ -66.224098, 10.533938 ], [ -66.224274, 10.534207 ], [ -66.224527, 10.534339 ], [ -66.224604, 10.534596 ], [ -66.224398, 10.535293 ], [ -66.224343, 10.535427 ], [ -66.22432, 10.536196 ], [ -66.224309, 10.53626 ], [ -66.224688, 10.536657 ], [ -66.225058, 10.5371 ], [ -66.225066, 10.537109 ], [ -66.225074, 10.537114 ], [ -66.225491, 10.537513 ], [ -66.225894, 10.537763 ], [ -66.226006, 10.537829 ], [ -66.226342, 10.537945 ], [ -66.226611, 10.538055 ], [ -66.226718, 10.538075 ], [ -66.227149, 10.538348 ], [ -66.227538, 10.538718 ], [ -66.227573, 10.538755 ], [ -66.227618, 10.53879 ], [ -66.227995, 10.539161 ], [ -66.228358, 10.539409 ], [ -66.228526, 10.539462 ], [ -66.229076, 10.539637 ], [ -66.229155, 10.539664 ], [ -66.229181, 10.539679 ], [ -66.229961, 10.539692 ], [ -66.230007, 10.53972 ], [ -66.230767, 10.539719 ], [ -66.230833, 10.539752 ], [ -66.231178, 10.540138 ], [ -66.231656, 10.540082 ], [ -66.231951, 10.540197 ], [ -66.23248, 10.540335 ], [ -66.232902, 10.540081 ], [ -66.233309, 10.539979 ], [ -66.23364, 10.539677 ], [ -66.234142, 10.539137 ], [ -66.234506, 10.539316 ], [ -66.234967, 10.539297 ], [ -66.235125, 10.539528 ], [ -66.235268, 10.539691 ], [ -66.235514, 10.539969 ], [ -66.235785, 10.540236 ], [ -66.235935, 10.540378 ], [ -66.236031, 10.540531 ], [ -66.23625, 10.540892 ], [ -66.236505, 10.541369 ], [ -66.23653, 10.54144 ], [ -66.236599, 10.541565 ], [ -66.237142, 10.541375 ], [ -66.237428, 10.541205 ], [ -66.237648, 10.540546 ], [ -66.238264, 10.540089 ], [ -66.23881, 10.540006 ], [ -66.239091, 10.539961 ], [ -66.239748, 10.539902 ], [ -66.239918, 10.539908 ], [ -66.240703, 10.539781 ], [ -66.240745, 10.539777 ], [ -66.2408, 10.53974 ], [ -66.241576, 10.539244 ], [ -66.242326, 10.538919 ], [ -66.242391, 10.538107 ], [ -66.242396, 10.538086 ], [ -66.241942, 10.537726 ], [ -66.241591, 10.53751 ], [ -66.241384, 10.537454 ], [ -66.24084, 10.537239 ], [ -66.240788, 10.537218 ], [ -66.240768, 10.537207 ], [ -66.240199, 10.536976 ], [ -66.239948, 10.536477 ], [ -66.23992, 10.536427 ], [ -66.239917, 10.536398 ], [ -66.239949, 10.535571 ], [ -66.239949, 10.535564 ], [ -66.239956, 10.535554 ], [ -66.239993, 10.535528 ], [ -66.240788, 10.534894 ], [ -66.241263, 10.534742 ], [ -66.241484, 10.53405 ], [ -66.240794, 10.534272 ], [ -66.240648, 10.534052 ], [ -66.240404, 10.533901 ], [ -66.24004, 10.533829 ], [ -66.239972, 10.533814 ], [ -66.239684, 10.533895 ], [ -66.239143, 10.534126 ], [ -66.238888, 10.534146 ], [ -66.238317, 10.534114 ], [ -66.238172, 10.534029 ], [ -66.238083, 10.533881 ], [ -66.23777, 10.533601 ], [ -66.237497, 10.533441 ], [ -66.237282, 10.533259 ], [ -66.23706, 10.533039 ], [ -66.23688, 10.532832 ], [ -66.23668, 10.53247 ], [ -66.236574, 10.532309 ], [ -66.236531, 10.5322 ], [ -66.236484, 10.531572 ], [ -66.236309, 10.531365 ], [ -66.236207, 10.531021 ], [ -66.235867, 10.53103 ], [ -66.235108, 10.531284 ], [ -66.235038, 10.531314 ], [ -66.234927, 10.531353 ], [ -66.23421, 10.531573 ], [ -66.233869, 10.531686 ], [ -66.233382, 10.531736 ], [ -66.23312, 10.531603 ], [ -66.233013, 10.531336 ], [ -66.232873, 10.531022 ], [ -66.232791, 10.530501 ], [ -66.232809, 10.530259 ], [ -66.232794, 10.529667 ], [ -66.232775, 10.529467 ], [ -66.23258, 10.529061 ], [ -66.232518, 10.528895 ], [ -66.232348, 10.52883 ], [ -66.231952, 10.528631 ], [ -66.231758, 10.528623 ], [ -66.230998, 10.52875 ], [ -66.230931, 10.528761 ], [ -66.230284, 10.528632 ], [ -66.230107, 10.528581 ], [ -66.229692, 10.528393 ], [ -66.229284, 10.528211 ], [ -66.229102, 10.528152 ], [ -66.228459, 10.528128 ], [ -66.228309, 10.528112 ], [ -66.227633, 10.528119 ], [ -66.227478, 10.52811 ], [ -66.227057, 10.527949 ], [ -66.226955, 10.527801 ], [ -66.226813, 10.527381 ], [ -66.226778, 10.527151 ], [ -66.226759, 10.527113 ], [ -66.226817, 10.526986 ], [ -66.226949, 10.526981 ], [ -66.227647, 10.526576 ], [ -66.228055, 10.526712 ], [ -66.228471, 10.526765 ], [ -66.228842, 10.526758 ], [ -66.229296, 10.526861 ], [ -66.229942, 10.526493 ], [ -66.230126, 10.526412 ], [ -66.230217, 10.52631 ], [ -66.230205, 10.526232 ], [ -66.230232, 10.525477 ], [ -66.230249, 10.525363 ], [ -66.230335, 10.524644 ], [ -66.230432, 10.524355 ], [ -66.2306, 10.523813 ], [ -66.230635, 10.523327 ], [ -66.23055, 10.522979 ], [ -66.230941, 10.522198 ], [ -66.230958, 10.522149 ], [ -66.23099, 10.522119 ], [ -66.231008, 10.522131 ], [ -66.231021, 10.52215 ], [ -66.231321, 10.522647 ], [ -66.231504, 10.522988 ], [ -66.23153, 10.523267 ], [ -66.231805, 10.52343 ], [ -66.231897, 10.523729 ], [ -66.23196, 10.523825 ], [ -66.232236, 10.524218 ], [ -66.232621, 10.52452 ], [ -66.232813, 10.524472 ], [ -66.233448, 10.524433 ], [ -66.233689, 10.52443 ], [ -66.234275, 10.524289 ], [ -66.234523, 10.524429 ], [ -66.235098, 10.524617 ], [ -66.235294, 10.524491 ], [ -66.235927, 10.524272 ], [ -66.236151, 10.523862 ], [ -66.236482, 10.523313 ], [ -66.236628, 10.523032 ], [ -66.236766, 10.522838 ], [ -66.236845, 10.522953 ], [ -66.236938, 10.523035 ], [ -66.237249, 10.523379 ], [ -66.237586, 10.523452 ], [ -66.237772, 10.523687 ], [ -66.237955, 10.523877 ], [ -66.238133, 10.524154 ], [ -66.238403, 10.524508 ], [ -66.238535, 10.524582 ], [ -66.239227, 10.524662 ], [ -66.23933, 10.524619 ], [ -66.240055, 10.524526 ], [ -66.240556, 10.5239 ], [ -66.240855, 10.523108 ], [ -66.240875, 10.523069 ], [ -66.240894, 10.52303 ], [ -66.24099, 10.522974 ], [ -66.241725, 10.522488 ], [ -66.242175, 10.522625 ], [ -66.242467, 10.523083 ], [ -66.242494, 10.523135 ], [ -66.242417, 10.523916 ], [ -66.242447, 10.524008 ], [ -66.242536, 10.52419 ], [ -66.242731, 10.524552 ], [ -66.243357, 10.524672 ], [ -66.243449, 10.524667 ], [ -66.244185, 10.52443 ], [ -66.244822, 10.524131 ], [ -66.245015, 10.524052 ], [ -66.245172, 10.52394 ], [ -66.245846, 10.523448 ], [ -66.246326, 10.523117 ], [ -66.246678, 10.522786 ], [ -66.247387, 10.522292 ], [ -66.247509, 10.522195 ], [ -66.247591, 10.522211 ], [ -66.248336, 10.522097 ], [ -66.24845, 10.522186 ], [ -66.248698, 10.522304 ], [ -66.248917, 10.522549 ], [ -66.249156, 10.522769 ], [ -66.24938, 10.522916 ], [ -66.249749, 10.523147 ], [ -66.249147, 10.523825 ], [ -66.249072, 10.523974 ], [ -66.249069, 10.524051 ], [ -66.248927, 10.524806 ], [ -66.248805, 10.525138 ], [ -66.24861, 10.525637 ], [ -66.248298, 10.526341 ], [ -66.248245, 10.526468 ], [ -66.24823, 10.526535 ], [ -66.24803, 10.527299 ], [ -66.247786, 10.527801 ], [ -66.247614, 10.528129 ], [ -66.247453, 10.528487 ], [ -66.247223, 10.528959 ], [ -66.247221, 10.529188 ], [ -66.247358, 10.529794 ], [ -66.247309, 10.529927 ], [ -66.247167, 10.530626 ], [ -66.246603, 10.531221 ], [ -66.246496, 10.531454 ], [ -66.246494, 10.531561 ], [ -66.246364, 10.532286 ], [ -66.246343, 10.532537 ], [ -66.246378, 10.53312 ], [ -66.246309, 10.533396 ], [ -66.246251, 10.533952 ], [ -66.246348, 10.534184 ], [ -66.246572, 10.534685 ], [ -66.246603, 10.534758 ], [ -66.246619, 10.534789 ], [ -66.24701, 10.53518 ], [ -66.247307, 10.535629 ], [ -66.247345, 10.535673 ], [ -66.247389, 10.535737 ], [ -66.247695, 10.536153 ], [ -66.247898, 10.536467 ], [ -66.248026, 10.536651 ], [ -66.248205, 10.536871 ], [ -66.248523, 10.536984 ], [ -66.249029, 10.537117 ], [ -66.249225, 10.537115 ], [ -66.249854, 10.537185 ], [ -66.249934, 10.537237 ], [ -66.250027, 10.537319 ], [ -66.250383, 10.537618 ], [ -66.250675, 10.537787 ], [ -66.25094, 10.537893 ], [ -66.251498, 10.538101 ], [ -66.251587, 10.538077 ], [ -66.252325, 10.537989 ], [ -66.252515, 10.537983 ], [ -66.25315, 10.538156 ], [ -66.253162, 10.538168 ], [ -66.253176, 10.53818 ], [ -66.253536, 10.538623 ], [ -66.253969, 10.538908 ], [ -66.254013, 10.538976 ], [ -66.254053, 10.539021 ], [ -66.253967, 10.539178 ], [ -66.253718, 10.539269 ], [ -66.253137, 10.539606 ], [ -66.252882, 10.539845 ], [ -66.252306, 10.540086 ], [ -66.251907, 10.540238 ], [ -66.251478, 10.540384 ], [ -66.250662, 10.540659 ], [ -66.250649, 10.540669 ], [ -66.250587, 10.540721 ], [ -66.249817, 10.541389 ], [ -66.24969, 10.541484 ], [ -66.249738, 10.541562 ], [ -66.249814, 10.541667 ], [ -66.250101, 10.542029 ], [ -66.250227, 10.542322 ], [ -66.250426, 10.542532 ], [ -66.250632, 10.542657 ], [ -66.250966, 10.542823 ], [ -66.251455, 10.542956 ], [ -66.251608, 10.543013 ], [ -66.251918, 10.543171 ], [ -66.252181, 10.543271 ], [ -66.252278, 10.543351 ], [ -66.252789, 10.543495 ], [ -66.253101, 10.543588 ], [ -66.25344, 10.543675 ], [ -66.253926, 10.543735 ], [ -66.254216, 10.543732 ], [ -66.254753, 10.543698 ], [ -66.255113, 10.543669 ], [ -66.255578, 10.543797 ], [ -66.255722, 10.543891 ], [ -66.255808, 10.544038 ], [ -66.256055, 10.544387 ], [ -66.256396, 10.544629 ], [ -66.256551, 10.544721 ], [ -66.257124, 10.544883 ], [ -66.257201, 10.544903 ], [ -66.25722, 10.544904 ], [ -66.257384, 10.544885 ], [ -66.258047, 10.54477 ], [ -66.258217, 10.544722 ], [ -66.258876, 10.544468 ], [ -66.259301, 10.544473 ], [ -66.259702, 10.544465 ], [ -66.260195, 10.544413 ], [ -66.260529, 10.544418 ], [ -66.261263, 10.544085 ], [ -66.261358, 10.544049 ], [ -66.261415, 10.54403 ], [ -66.262187, 10.543724 ], [ -66.262593, 10.543686 ], [ -66.263014, 10.543598 ], [ -66.263525, 10.543588 ], [ -66.26384, 10.543595 ], [ -66.264416, 10.543531 ], [ -66.264666, 10.543557 ], [ -66.265249, 10.543531 ], [ -66.265492, 10.543605 ], [ -66.266207, 10.543407 ], [ -66.26632, 10.543388 ], [ -66.266447, 10.543296 ], [ -66.267153, 10.542636 ], [ -66.267302, 10.542469 ], [ -66.267219, 10.542404 ], [ -66.267155, 10.542368 ], [ -66.266673, 10.542119 ], [ -66.266334, 10.541757 ], [ -66.266249, 10.541713 ], [ -66.26621, 10.541626 ], [ -66.265774, 10.541358 ], [ -66.265513, 10.541222 ], [ -66.26522, 10.541082 ], [ -66.26469, 10.540879 ], [ -66.264614, 10.540856 ], [ -66.264129, 10.540775 ], [ -66.263906, 10.540732 ], [ -66.263865, 10.540725 ], [ -66.263164, 10.540642 ], [ -66.26304, 10.540634 ], [ -66.262379, 10.540594 ], [ -66.262215, 10.540572 ], [ -66.261606, 10.540534 ], [ -66.261389, 10.540503 ], [ -66.260982, 10.540327 ], [ -66.260566, 10.540181 ], [ -66.260384, 10.540095 ], [ -66.259821, 10.539905 ], [ -66.259863, 10.539785 ], [ -66.25989, 10.539072 ], [ -66.260577, 10.538904 ], [ -66.260797, 10.538858 ], [ -66.261405, 10.538708 ], [ -66.261945, 10.538546 ], [ -66.262233, 10.538486 ], [ -66.262991, 10.538334 ], [ -66.263061, 10.538325 ], [ -66.263501, 10.538269 ], [ -66.263887, 10.538234 ], [ -66.263941, 10.538219 ], [ -66.264715, 10.538049 ], [ -66.265122, 10.537874 ], [ -66.265544, 10.537697 ], [ -66.266309, 10.537459 ], [ -66.266373, 10.537443 ], [ -66.26639, 10.537442 ], [ -66.267199, 10.537407 ], [ -66.267263, 10.537403 ], [ -66.267545, 10.53747 ], [ -66.267949, 10.537549 ], [ -66.268024, 10.537558 ], [ -66.268765, 10.537566 ], [ -66.268849, 10.537573 ], [ -66.269072, 10.537483 ], [ -66.269682, 10.536865 ], [ -66.269791, 10.536656 ], [ -66.269759, 10.536581 ], [ -66.269685, 10.536523 ], [ -66.269298, 10.536211 ], [ -66.268864, 10.535901 ], [ -66.268805, 10.535874 ], [ -66.268777, 10.535814 ], [ -66.268525, 10.535325 ], [ -66.268415, 10.534977 ], [ -66.268289, 10.534733 ], [ -66.268053, 10.534254 ], [ -66.268016, 10.534178 ], [ -66.267994, 10.53414 ], [ -66.267648, 10.533716 ], [ -66.267233, 10.533483 ], [ -66.267102, 10.533432 ], [ -66.266409, 10.533349 ], [ -66.266356, 10.533346 ], [ -66.266093, 10.53329 ], [ -66.265694, 10.533175 ], [ -66.265585, 10.533134 ], [ -66.265188, 10.532851 ], [ -66.264872, 10.532446 ], [ -66.264835, 10.532375 ], [ -66.264766, 10.532328 ], [ -66.264379, 10.532001 ], [ -66.263943, 10.531901 ], [ -66.263593, 10.531954 ], [ -66.263117, 10.531952 ], [ -66.262632, 10.532081 ], [ -66.262289, 10.532127 ], [ -66.261909, 10.531972 ], [ -66.261466, 10.531828 ], [ -66.261296, 10.531754 ], [ -66.261088, 10.53158 ], [ -66.261012, 10.531209 ], [ -66.261004, 10.530746 ], [ -66.261346, 10.530052 ], [ -66.261432, 10.529915 ], [ -66.261387, 10.529185 ], [ -66.261396, 10.529081 ], [ -66.261492, 10.528924 ], [ -66.261779, 10.528796 ], [ -66.262322, 10.52843 ], [ -66.262621, 10.528258 ], [ -66.263153, 10.527807 ], [ -66.263367, 10.527431 ], [ -66.263533, 10.527056 ], [ -66.263628, 10.5266 ], [ -66.263827, 10.525939 ], [ -66.263723, 10.525767 ], [ -66.263999, 10.525634 ], [ -66.264078, 10.52569 ], [ -66.264279, 10.525772 ], [ -66.264498, 10.526099 ], [ -66.264821, 10.526013 ], [ -66.265145, 10.526284 ], [ -66.265594, 10.526617 ], [ -66.265622, 10.526637 ], [ -66.265642, 10.526646 ], [ -66.266129, 10.526961 ], [ -66.266463, 10.527193 ], [ -66.266692, 10.527229 ], [ -66.26728, 10.527465 ], [ -66.267285, 10.527467 ], [ -66.267287, 10.527467 ], [ -66.267813, 10.52777 ], [ -66.268108, 10.528034 ], [ -66.268253, 10.528159 ], [ -66.268399, 10.528308 ], [ -66.268662, 10.52858 ], [ -66.268924, 10.529111 ], [ -66.268937, 10.529133 ], [ -66.268943, 10.529147 ], [ -66.269264, 10.529635 ], [ -66.269454, 10.529985 ], [ -66.269574, 10.530154 ], [ -66.26974, 10.530214 ], [ -66.270294, 10.530266 ], [ -66.270566, 10.530241 ], [ -66.271355, 10.53004 ], [ -66.271394, 10.53003 ], [ -66.2715, 10.530002 ], [ -66.272222, 10.529762 ], [ -66.272488, 10.529743 ], [ -66.273047, 10.529889 ], [ -66.273182, 10.529881 ], [ -66.273873, 10.529903 ], [ -66.273968, 10.529927 ], [ -66.274699, 10.529898 ], [ -66.274794, 10.529935 ], [ -66.275106, 10.530033 ], [ -66.27543, 10.53013 ], [ -66.275523, 10.530151 ], [ -66.276111, 10.530281 ], [ -66.276347, 10.530444 ], [ -66.276628, 10.530594 ], [ -66.276776, 10.530881 ], [ -66.276917, 10.531134 ], [ -66.277162, 10.531646 ], [ -66.277192, 10.531688 ], [ -66.277223, 10.531719 ], [ -66.277592, 10.532117 ], [ -66.277983, 10.532248 ], [ -66.278433, 10.53211 ], [ -66.278811, 10.531966 ], [ -66.279094, 10.531735 ], [ -66.279644, 10.531196 ], [ -66.280408, 10.530977 ], [ -66.280472, 10.53095 ], [ -66.281006, 10.53121 ], [ -66.281295, 10.531353 ], [ -66.281551, 10.531497 ], [ -66.281894, 10.53176 ], [ -66.282026, 10.531852 ], [ -66.282116, 10.531899 ], [ -66.282625, 10.532084 ], [ -66.282939, 10.532276 ], [ -66.283317, 10.532224 ], [ -66.283765, 10.532245 ], [ -66.284377, 10.531999 ], [ -66.284594, 10.531879 ], [ -66.285283, 10.531927 ], [ -66.28542, 10.531897 ], [ -66.286161, 10.531883 ], [ -66.286246, 10.531882 ], [ -66.286895, 10.531803 ], [ -66.287073, 10.531769 ], [ -66.287106, 10.531771 ], [ -66.287218, 10.531805 ], [ -66.287791, 10.531918 ], [ -66.287898, 10.53196 ], [ -66.288374, 10.532167 ], [ -66.288719, 10.532549 ], [ -66.288821, 10.532549 ], [ -66.289263, 10.532657 ], [ -66.289505, 10.532698 ], [ -66.289543, 10.532705 ], [ -66.289637, 10.53266 ], [ -66.290373, 10.53225 ], [ -66.291099, 10.531943 ], [ -66.291202, 10.53191 ], [ -66.291262, 10.53184 ], [ -66.291263, 10.53178 ], [ -66.291204, 10.531673 ], [ -66.290909, 10.531305 ], [ -66.290787, 10.531002 ], [ -66.290516, 10.530868 ], [ -66.290386, 10.530786 ], [ -66.290028, 10.530526 ], [ -66.289728, 10.53016 ], [ -66.289649, 10.530076 ], [ -66.289567, 10.530006 ], [ -66.289217, 10.529678 ], [ -66.28892, 10.529319 ], [ -66.288898, 10.529168 ], [ -66.288752, 10.528727 ], [ -66.288692, 10.528546 ], [ -66.288632, 10.528483 ], [ -66.288232, 10.528175 ], [ -66.287931, 10.52814 ], [ -66.287527, 10.528049 ], [ -66.287106, 10.52801 ], [ -66.286796, 10.527948 ], [ -66.286281, 10.527884 ], [ -66.286035, 10.527876 ], [ -66.285455, 10.52792 ], [ -66.285139, 10.527939 ], [ -66.284628, 10.527995 ], [ -66.284316, 10.527928 ], [ -66.283804, 10.527837 ], [ -66.283636, 10.527776 ], [ -66.283349, 10.527604 ], [ -66.283191, 10.527392 ], [ -66.282984, 10.527139 ], [ -66.282785, 10.526969 ], [ -66.282299, 10.526762 ], [ -66.282219, 10.526703 ], [ -66.282162, 10.526709 ], [ -66.2814, 10.526689 ], [ -66.281336, 10.526675 ], [ -66.280934, 10.526325 ], [ -66.280658, 10.525914 ], [ -66.280624, 10.525805 ], [ -66.28052, 10.525517 ], [ -66.280302, 10.525299 ], [ -66.279694, 10.525451 ], [ -66.279109, 10.525655 ], [ -66.278865, 10.525796 ], [ -66.278306, 10.525626 ], [ -66.278041, 10.525635 ], [ -66.277584, 10.525515 ], [ -66.277216, 10.525445 ], [ -66.276892, 10.525375 ], [ -66.276392, 10.525247 ], [ -66.27623, 10.525205 ], [ -66.275656, 10.525037 ], [ -66.275584, 10.52502 ], [ -66.275568, 10.525016 ], [ -66.274963, 10.52481 ], [ -66.274745, 10.524685 ], [ -66.274401, 10.524541 ], [ -66.273923, 10.524279 ], [ -66.273863, 10.524248 ], [ -66.27371, 10.524186 ], [ -66.273301, 10.52398 ], [ -66.2731, 10.523847 ], [ -66.272808, 10.523642 ], [ -66.272592, 10.523343 ], [ -66.272467, 10.523154 ], [ -66.272358, 10.522508 ], [ -66.272375, 10.522419 ], [ -66.272294, 10.521673 ], [ -66.271564, 10.521571 ], [ -66.271469, 10.521561 ], [ -66.270766, 10.521536 ], [ -66.270643, 10.521508 ], [ -66.270131, 10.521339 ], [ -66.269819, 10.521285 ], [ -66.269455, 10.521183 ], [ -66.268995, 10.521023 ], [ -66.268863, 10.520944 ], [ -66.268689, 10.520809 ], [ -66.268383, 10.520594 ], [ -66.268177, 10.520193 ], [ -66.268112, 10.520037 ], [ -66.268102, 10.51997 ], [ -66.268181, 10.519718 ], [ -66.268451, 10.51914 ], [ -66.268668, 10.51866 ], [ -66.268742, 10.518309 ], [ -66.268824, 10.517678 ], [ -66.268878, 10.517476 ], [ -66.268994, 10.516684 ], [ -66.268852, 10.516642 ], [ -66.268493, 10.516354 ], [ -66.268209, 10.516482 ], [ -66.267748, 10.516633 ], [ -66.267381, 10.516724 ], [ -66.267306, 10.516705 ], [ -66.266556, 10.516639 ], [ -66.266541, 10.516637 ], [ -66.266486, 10.516622 ], [ -66.265873, 10.516474 ], [ -66.265732, 10.516465 ], [ -66.265159, 10.516356 ], [ -66.264907, 10.516297 ], [ -66.26449, 10.516193 ], [ -66.264084, 10.51601 ], [ -66.263886, 10.515966 ], [ -66.263528, 10.515763 ], [ -66.263346, 10.515675 ], [ -66.263261, 10.515637 ], [ -66.262639, 10.51555 ], [ -66.262436, 10.515464 ], [ -66.262133, 10.515226 ], [ -66.2618, 10.514914 ], [ -66.261712, 10.514817 ], [ -66.261619, 10.514545 ], [ -66.261417, 10.514283 ], [ -66.260797, 10.514077 ], [ -66.260787, 10.514083 ], [ -66.259967, 10.514553 ], [ -66.259412, 10.51462 ], [ -66.25914, 10.514624 ], [ -66.258836, 10.514365 ], [ -66.258448, 10.514053 ], [ -66.258377, 10.513994 ], [ -66.25832, 10.513932 ], [ -66.257969, 10.513573 ], [ -66.2575, 10.513234 ], [ -66.257463, 10.513248 ], [ -66.257452, 10.513211 ], [ -66.25746, 10.512425 ], [ -66.257492, 10.512377 ], [ -66.257508, 10.512357 ], [ -66.257867, 10.511547 ], [ -66.258235, 10.51083 ], [ -66.258284, 10.510717 ], [ -66.25835, 10.510549 ], [ -66.258756, 10.509888 ], [ -66.259028, 10.509218 ], [ -66.259035, 10.509057 ], [ -66.259191, 10.508799 ], [ -66.259255, 10.508993 ], [ -66.259398, 10.50906 ], [ -66.259682, 10.509395 ], [ -66.26001, 10.509613 ], [ -66.260149, 10.509759 ], [ -66.260337, 10.509901 ], [ -66.260598, 10.510139 ], [ -66.260829, 10.510426 ], [ -66.261453, 10.50991 ], [ -66.261661, 10.509748 ], [ -66.262365, 10.509084 ], [ -66.262493, 10.509021 ], [ -66.262731, 10.508849 ], [ -66.263325, 10.508411 ], [ -66.263578, 10.508261 ], [ -66.263447, 10.508139 ], [ -66.263332, 10.507564 ], [ -66.2633, 10.507459 ], [ -66.263227, 10.507425 ], [ -66.262656, 10.507271 ], [ -66.262512, 10.506907 ], [ -66.262352, 10.506746 ], [ -66.262408, 10.506584 ], [ -66.262516, 10.50642 ], [ -66.262911, 10.505755 ], [ -66.26328, 10.504999 ], [ -66.263261, 10.504924 ], [ -66.262878, 10.504572 ], [ -66.262817, 10.504087 ], [ -66.263369, 10.503373 ], [ -66.263426, 10.503259 ], [ -66.263624, 10.503006 ], [ -66.264061, 10.50243 ], [ -66.264205, 10.50222 ], [ -66.264619, 10.501602 ], [ -66.264557, 10.501254 ], [ -66.264361, 10.500766 ], [ -66.264326, 10.500657 ], [ -66.264223, 10.500156 ], [ -66.264168, 10.499988 ], [ -66.264098, 10.49993 ], [ -66.263677, 10.499648 ], [ -66.263402, 10.499596 ], [ -66.262836, 10.499657 ], [ -66.262575, 10.499713 ], [ -66.261941, 10.499718 ], [ -66.261749, 10.499756 ], [ -66.261316, 10.499907 ], [ -66.26092, 10.500086 ], [ -66.260614, 10.500209 ], [ -66.260092, 10.500325 ], [ -66.25942, 10.500567 ], [ -66.259264, 10.50062 ], [ -66.258733, 10.500422 ], [ -66.25844, 10.50033 ], [ -66.258207, 10.500117 ], [ -66.258012, 10.499879 ], [ -66.257825, 10.49967 ], [ -66.257623, 10.499385 ], [ -66.2574, 10.499266 ], [ -66.257258, 10.499038 ], [ -66.257135, 10.498702 ], [ -66.257238, 10.498205 ], [ -66.257359, 10.497654 ], [ -66.257272, 10.497371 ], [ -66.257186, 10.496999 ], [ -66.25701, 10.496536 ], [ -66.257048, 10.49631 ], [ -66.257144, 10.495703 ], [ -66.257332, 10.495202 ], [ -66.257468, 10.494873 ], [ -66.257606, 10.494104 ], [ -66.257636, 10.49404 ], [ -66.257672, 10.493816 ], [ -66.257731, 10.493208 ], [ -66.257732, 10.493153 ], [ -66.257773, 10.492374 ], [ -66.257771, 10.492288 ], [ -66.257778, 10.491541 ], [ -66.257789, 10.491443 ], [ -66.25777, 10.490707 ], [ -66.257788, 10.490618 ], [ -66.257817, 10.489874 ], [ -66.257899, 10.489683 ], [ -66.258158, 10.489044 ], [ -66.258211, 10.488547 ], [ -66.2582, 10.48821 ], [ -66.258081, 10.487849 ], [ -66.257727, 10.487495 ], [ -66.257673, 10.487427 ], [ -66.257592, 10.487372 ], [ -66.257303, 10.486968 ], [ -66.257176, 10.486534 ], [ -66.257578, 10.48587 ], [ -66.257649, 10.485705 ], [ -66.257413, 10.485207 ], [ -66.257321, 10.484869 ], [ -66.257234, 10.484558 ], [ -66.257337, 10.484035 ], [ -66.257304, 10.483663 ], [ -66.257427, 10.483202 ], [ -66.25752, 10.482622 ], [ -66.25758, 10.48237 ], [ -66.257775, 10.482092 ], [ -66.258219, 10.481542 ], [ -66.25861, 10.481079 ], [ -66.258907, 10.480714 ], [ -66.259443, 10.480245 ], [ -66.259927, 10.47989 ], [ -66.260274, 10.479681 ], [ -66.260651, 10.479516 ], [ -66.261103, 10.479333 ], [ -66.261674, 10.47907 ], [ -66.261933, 10.478826 ], [ -66.262351, 10.478242 ], [ -66.262767, 10.477894 ], [ -66.263575, 10.477419 ], [ -66.263597, 10.477394 ], [ -66.264101, 10.47659 ], [ -66.264401, 10.475796 ], [ -66.264416, 10.475759 ], [ -66.264438, 10.475738 ], [ -66.264463, 10.475735 ], [ -66.265266, 10.47546 ], [ -66.265475, 10.475557 ], [ -66.265909, 10.475772 ], [ -66.26599, 10.475872 ], [ -66.266087, 10.476035 ], [ -66.266228, 10.476462 ], [ -66.266234, 10.476609 ], [ -66.266271, 10.477246 ], [ -66.266283, 10.477443 ], [ -66.266159, 10.478184 ], [ -66.26618, 10.478275 ], [ -66.266065, 10.478536 ], [ -66.265797, 10.479106 ], [ -66.265591, 10.479573 ], [ -66.265403, 10.479936 ], [ -66.265222, 10.480491 ], [ -66.265091, 10.480767 ], [ -66.26466, 10.481322 ], [ -66.264453, 10.481595 ], [ -66.264386, 10.481644 ], [ -66.264258, 10.481722 ], [ -66.263556, 10.482164 ], [ -66.263209, 10.482418 ], [ -66.262722, 10.48301 ], [ -66.262485, 10.483245 ], [ -66.261888, 10.484003 ], [ -66.261843, 10.484073 ], [ -66.261835, 10.484125 ], [ -66.261566, 10.484904 ], [ -66.261549, 10.485235 ], [ -66.261574, 10.485738 ], [ -66.261465, 10.486144 ], [ -66.261547, 10.486571 ], [ -66.261565, 10.486871 ], [ -66.261795, 10.487407 ], [ -66.261819, 10.487445 ], [ -66.261852, 10.488026 ], [ -66.261879, 10.488213 ], [ -66.261874, 10.488241 ], [ -66.262199, 10.488721 ], [ -66.262181, 10.489077 ], [ -66.262432, 10.489316 ], [ -66.262664, 10.489623 ], [ -66.262847, 10.489731 ], [ -66.263041, 10.489918 ], [ -66.263276, 10.490131 ], [ -66.263483, 10.490424 ], [ -66.263669, 10.490568 ], [ -66.264307, 10.490589 ], [ -66.264437, 10.490633 ], [ -66.265133, 10.490641 ], [ -66.265269, 10.490633 ], [ -66.265958, 10.490714 ], [ -66.266029, 10.490706 ], [ -66.266786, 10.490485 ], [ -66.267467, 10.490106 ], [ -66.267616, 10.490058 ], [ -66.26775, 10.489959 ], [ -66.267728, 10.489847 ], [ -66.267892, 10.489126 ], [ -66.267918, 10.488832 ], [ -66.267957, 10.488293 ], [ -66.268464, 10.487494 ], [ -66.268916, 10.487843 ], [ -66.269287, 10.487816 ], [ -66.269512, 10.488078 ], [ -66.269766, 10.488309 ], [ -66.269836, 10.488582 ], [ -66.270101, 10.489141 ], [ -66.270103, 10.489144 ], [ -66.270103, 10.489145 ], [ -66.270176, 10.489897 ], [ -66.270177, 10.48998 ], [ -66.270225, 10.490675 ], [ -66.270234, 10.490814 ], [ -66.270487, 10.491242 ], [ -66.270828, 10.491652 ], [ -66.270853, 10.491705 ], [ -66.270904, 10.491803 ], [ -66.271153, 10.492233 ], [ -66.271215, 10.492489 ], [ -66.271317, 10.492897 ], [ -66.271426, 10.493325 ], [ -66.271404, 10.493637 ], [ -66.271362, 10.494158 ], [ -66.271245, 10.494621 ], [ -66.271254, 10.49499 ], [ -66.270871, 10.495619 ], [ -66.27078, 10.49582 ], [ -66.270725, 10.495963 ], [ -66.270509, 10.496651 ], [ -66.270358, 10.497153 ], [ -66.270289, 10.497483 ], [ -66.27036, 10.497978 ], [ -66.270413, 10.498317 ], [ -66.270462, 10.498703 ], [ -66.27057, 10.499152 ], [ -66.270009, 10.499726 ], [ -66.269713, 10.499978 ], [ -66.269784, 10.500202 ], [ -66.269736, 10.500812 ], [ -66.269803, 10.501008 ], [ -66.269996, 10.501105 ], [ -66.270275, 10.501367 ], [ -66.270818, 10.501584 ], [ -66.270869, 10.501604 ], [ -66.271042, 10.501657 ], [ -66.27149, 10.501814 ], [ -66.271641, 10.501916 ], [ -66.272093, 10.502043 ], [ -66.272235, 10.502501 ], [ -66.272262, 10.502701 ], [ -66.272303, 10.503335 ], [ -66.272351, 10.503439 ], [ -66.272453, 10.503568 ], [ -66.272815, 10.503805 ], [ -66.27296, 10.504174 ], [ -66.27313, 10.504319 ], [ -66.273271, 10.504399 ], [ -66.273701, 10.504579 ], [ -66.27406, 10.505017 ], [ -66.274065, 10.505044 ], [ -66.274091, 10.505073 ], [ -66.274395, 10.505543 ], [ -66.274912, 10.505669 ], [ -66.27507, 10.5057 ], [ -66.275283, 10.505861 ], [ -66.275558, 10.506042 ], [ -66.275733, 10.506229 ], [ -66.27597, 10.50646 ], [ -66.276053, 10.506701 ], [ -66.276278, 10.50698 ], [ -66.27655, 10.50722 ], [ -66.276786, 10.507303 ], [ -66.276893, 10.507542 ], [ -66.277156, 10.507762 ], [ -66.27737, 10.507919 ], [ -66.277743, 10.508006 ], [ -66.277964, 10.508385 ], [ -66.278096, 10.508482 ], [ -66.278191, 10.508531 ], [ -66.278795, 10.508615 ], [ -66.279014, 10.508814 ], [ -66.279838, 10.508407 ], [ -66.279844, 10.508422 ], [ -66.279846, 10.508401 ], [ -66.279846, 10.508399 ], [ -66.279844, 10.508369 ], [ -66.279727, 10.507691 ], [ -66.279718, 10.507567 ], [ -66.279457, 10.507132 ], [ -66.27903, 10.507043 ], [ -66.278836, 10.506922 ], [ -66.278644, 10.506724 ], [ -66.278328, 10.5066 ], [ -66.278209, 10.506492 ], [ -66.277853, 10.506244 ], [ -66.277751, 10.505882 ], [ -66.277706, 10.505564 ], [ -66.277584, 10.505047 ], [ -66.277686, 10.504758 ], [ -66.277775, 10.504216 ], [ -66.277898, 10.503721 ], [ -66.277948, 10.503383 ], [ -66.277774, 10.503018 ], [ -66.277443, 10.502546 ], [ -66.277426, 10.502537 ], [ -66.277417, 10.502529 ], [ -66.276907, 10.502225 ], [ -66.276727, 10.501706 ], [ -66.276707, 10.501597 ], [ -66.276641, 10.500872 ], [ -66.276653, 10.500825 ], [ -66.276607, 10.50078 ], [ -66.276382, 10.500267 ], [ -66.276112, 10.500033 ], [ -66.276618, 10.499494 ], [ -66.276803, 10.499206 ], [ -66.276753, 10.499073 ], [ -66.276715, 10.498371 ], [ -66.276809, 10.498191 ], [ -66.276693, 10.497538 ], [ -66.277464, 10.49717 ], [ -66.277882, 10.497127 ], [ -66.278292, 10.497028 ], [ -66.278961, 10.496883 ], [ -66.279119, 10.496869 ], [ -66.27959, 10.496729 ], [ -66.279281, 10.496566 ], [ -66.279123, 10.49639 ], [ -66.278818, 10.496199 ], [ -66.278801, 10.495889 ], [ -66.278529, 10.495659 ], [ -66.278305, 10.495457 ], [ -66.278004, 10.495354 ], [ -66.277481, 10.495254 ], [ -66.277368, 10.495158 ], [ -66.277169, 10.495041 ], [ -66.276945, 10.494751 ], [ -66.276822, 10.494205 ], [ -66.276848, 10.494021 ], [ -66.276667, 10.493905 ], [ -66.276434, 10.493606 ], [ -66.276478, 10.493368 ], [ -66.27652, 10.492694 ], [ -66.276588, 10.492535 ], [ -66.276682, 10.492207 ], [ -66.27685, 10.491704 ], [ -66.276885, 10.491505 ], [ -66.276693, 10.490911 ], [ -66.276685, 10.490878 ], [ -66.276677, 10.490869 ], [ -66.276593, 10.490142 ], [ -66.27655, 10.490034 ], [ -66.276307, 10.4896 ], [ -66.276436, 10.4892 ], [ -66.276271, 10.48881 ], [ -66.276372, 10.488366 ], [ -66.276722, 10.487602 ], [ -66.276804, 10.487536 ], [ -66.277554, 10.486893 ], [ -66.278101, 10.486995 ], [ -66.27838, 10.486972 ], [ -66.279175, 10.486756 ], [ -66.279207, 10.48675 ], [ -66.279244, 10.486723 ], [ -66.279401, 10.486531 ], [ -66.27993, 10.485895 ], [ -66.280042, 10.485741 ], [ -66.280253, 10.485686 ], [ -66.280871, 10.485355 ], [ -66.281299, 10.485475 ], [ -66.281695, 10.485651 ], [ -66.28187, 10.485735 ], [ -66.281997, 10.485914 ], [ -66.282225, 10.48621 ], [ -66.282512, 10.486639 ], [ -66.282597, 10.486667 ], [ -66.282686, 10.486754 ], [ -66.283034, 10.48706 ], [ -66.283333, 10.48716 ], [ -66.283782, 10.486763 ], [ -66.283827, 10.486273 ], [ -66.28398, 10.485931 ], [ -66.284041, 10.485235 ], [ -66.28405, 10.485098 ], [ -66.284029, 10.48442 ], [ -66.283988, 10.484264 ], [ -66.284048, 10.483575 ], [ -66.28395, 10.48343 ], [ -66.284194, 10.483219 ], [ -66.28434, 10.483285 ], [ -66.284405, 10.483434 ], [ -66.28447, 10.483983 ], [ -66.285011, 10.484232 ], [ -66.285033, 10.48425 ], [ -66.285042, 10.484273 ], [ -66.285451, 10.484662 ], [ -66.28583, 10.48496 ], [ -66.285958, 10.484985 ], [ -66.286031, 10.485115 ], [ -66.286395, 10.485378 ], [ -66.28665, 10.485718 ], [ -66.286869, 10.485734 ], [ -66.28694, 10.485956 ], [ -66.287277, 10.486156 ], [ -66.287467, 10.486693 ], [ -66.287546, 10.486715 ], [ -66.287531, 10.486795 ], [ -66.287882, 10.487208 ], [ -66.288093, 10.487633 ], [ -66.288192, 10.487727 ], [ -66.288283, 10.487886 ], [ -66.289044, 10.487641 ], [ -66.289111, 10.487601 ], [ -66.289197, 10.487556 ], [ -66.289941, 10.487083 ], [ -66.290463, 10.487127 ], [ -66.290767, 10.487142 ], [ -66.291426, 10.486828 ], [ -66.291153, 10.486442 ], [ -66.290774, 10.486267 ], [ -66.290459, 10.486304 ], [ -66.289949, 10.486218 ], [ -66.289828, 10.486105 ], [ -66.289766, 10.48598 ], [ -66.289312, 10.485789 ], [ -66.289127, 10.485743 ], [ -66.288708, 10.485563 ], [ -66.288306, 10.485176 ], [ -66.288254, 10.485187 ], [ -66.288272, 10.485134 ], [ -66.288029, 10.484584 ], [ -66.28801, 10.484298 ], [ -66.288004, 10.483782 ], [ -66.28778, 10.483463 ], [ -66.287618, 10.483339 ], [ -66.287498, 10.483154 ], [ -66.287231, 10.482896 ], [ -66.287282, 10.482625 ], [ -66.287332, 10.48197 ], [ -66.287349, 10.481792 ], [ -66.287513, 10.481415 ], [ -66.287805, 10.480962 ], [ -66.287767, 10.480712 ], [ -66.287737, 10.480128 ], [ -66.287753, 10.479899 ], [ -66.287761, 10.479295 ], [ -66.287854, 10.478973 ], [ -66.287535, 10.478873 ], [ -66.286747, 10.479245 ], [ -66.286706, 10.479272 ], [ -66.286679, 10.479286 ], [ -66.285877, 10.479619 ], [ -66.285631, 10.479526 ], [ -66.285054, 10.479329 ], [ -66.285001, 10.479325 ], [ -66.284227, 10.479433 ], [ -66.284103, 10.479389 ], [ -66.283939, 10.479262 ], [ -66.283639, 10.479023 ], [ -66.283407, 10.478707 ], [ -66.283287, 10.478546 ], [ -66.283246, 10.478423 ], [ -66.282981, 10.478023 ], [ -66.282802, 10.477585 ], [ -66.282767, 10.477409 ], [ -66.282595, 10.477154 ], [ -66.282401, 10.476946 ], [ -66.281772, 10.476797 ], [ -66.281716, 10.476799 ], [ -66.280947, 10.476744 ], [ -66.280932, 10.476749 ], [ -66.28093, 10.476735 ], [ -66.280554, 10.476299 ], [ -66.280619, 10.475898 ], [ -66.280956, 10.475638 ], [ -66.281243, 10.475615 ], [ -66.281783, 10.475502 ], [ -66.282179, 10.475514 ], [ -66.282609, 10.475507 ], [ -66.283084, 10.475441 ], [ -66.283436, 10.475394 ], [ -66.283878, 10.475481 ], [ -66.284261, 10.4755 ], [ -66.284596, 10.475594 ], [ -66.285084, 10.475805 ], [ -66.285199, 10.475822 ], [ -66.28591, 10.475881 ], [ -66.285981, 10.475873 ], [ -66.286737, 10.4757 ], [ -66.287006, 10.475682 ], [ -66.287563, 10.475724 ], [ -66.287748, 10.475772 ], [ -66.288213, 10.475964 ], [ -66.288332, 10.476019 ], [ -66.288386, 10.476051 ], [ -66.288736, 10.476445 ], [ -66.289056, 10.476805 ], [ -66.289053, 10.476957 ], [ -66.289203, 10.476982 ], [ -66.289512, 10.477329 ], [ -66.290024, 10.477597 ], [ -66.29005, 10.47762 ], [ -66.29008, 10.477647 ], [ -66.290272, 10.478227 ], [ -66.290425, 10.478484 ], [ -66.290439, 10.478887 ], [ -66.290419, 10.479317 ], [ -66.290528, 10.479626 ], [ -66.29083, 10.479897 ], [ -66.290923, 10.480059 ], [ -66.290973, 10.480156 ], [ -66.291321, 10.480492 ], [ -66.291648, 10.480765 ], [ -66.291768, 10.480874 ], [ -66.29189, 10.480997 ], [ -66.29208, 10.481391 ], [ -66.292309, 10.481834 ], [ -66.292308, 10.481991 ], [ -66.292405, 10.482669 ], [ -66.292414, 10.482712 ], [ -66.292457, 10.482795 ], [ -66.292736, 10.483219 ], [ -66.293121, 10.483508 ], [ -66.293209, 10.483576 ], [ -66.293275, 10.483607 ], [ -66.293366, 10.48351 ], [ -66.293464, 10.483324 ], [ -66.293867, 10.482681 ], [ -66.294112, 10.482345 ], [ -66.294518, 10.481853 ], [ -66.294946, 10.481496 ], [ -66.295232, 10.48157 ], [ -66.295769, 10.4818 ], [ -66.295807, 10.481825 ], [ -66.295832, 10.481864 ], [ -66.295823, 10.482636 ], [ -66.295843, 10.482698 ], [ -66.295755, 10.483384 ], [ -66.29574, 10.483531 ], [ -66.295742, 10.483542 ], [ -66.295754, 10.483561 ], [ -66.296112, 10.484002 ], [ -66.296349, 10.484369 ], [ -66.296463, 10.48448 ], [ -66.296571, 10.484577 ], [ -66.297122, 10.484376 ], [ -66.297401, 10.484102 ], [ -66.297471, 10.484306 ], [ -66.297516, 10.484379 ], [ -66.297586, 10.485019 ], [ -66.297544, 10.485213 ], [ -66.297566, 10.485864 ], [ -66.297565, 10.486047 ], [ -66.297764, 10.486494 ], [ -66.298091, 10.486885 ], [ -66.298164, 10.486924 ], [ -66.298202, 10.486948 ], [ -66.298704, 10.487214 ], [ -66.299024, 10.48739 ], [ -66.299292, 10.487458 ], [ -66.299659, 10.487732 ], [ -66.299786, 10.487794 ], [ -66.299846, 10.487832 ], [ -66.300307, 10.488103 ], [ -66.300667, 10.488408 ], [ -66.300825, 10.488416 ], [ -66.300912, 10.488576 ], [ -66.301293, 10.488778 ], [ -66.301489, 10.488907 ], [ -66.302153, 10.488751 ], [ -66.302311, 10.489357 ], [ -66.302481, 10.488589 ], [ -66.302403, 10.488503 ], [ -66.302321, 10.488187 ], [ -66.302081, 10.487997 ], [ -66.30217, 10.487753 ], [ -66.30195, 10.4873 ], [ -66.301765, 10.486916 ], [ -66.301717, 10.486705 ], [ -66.301511, 10.4863 ], [ -66.301422, 10.486171 ], [ -66.301405, 10.48608 ], [ -66.301516, 10.485718 ], [ -66.301695, 10.485248 ], [ -66.302157, 10.484616 ], [ -66.302298, 10.48442 ], [ -66.302023, 10.483922 ], [ -66.301948, 10.483583 ], [ -66.301808, 10.483309 ], [ -66.301686, 10.482748 ], [ -66.301659, 10.48263 ], [ -66.301608, 10.481913 ], [ -66.301603, 10.48186 ], [ -66.301551, 10.481728 ], [ -66.301345, 10.481289 ], [ -66.301286, 10.481077 ], [ -66.301142, 10.480664 ], [ -66.301125, 10.480242 ], [ -66.301069, 10.47991 ], [ -66.300936, 10.479407 ], [ -66.300936, 10.479216 ], [ -66.300748, 10.479014 ], [ -66.300603, 10.478719 ], [ -66.300465, 10.478569 ], [ -66.300344, 10.478151 ], [ -66.29993, 10.478116 ], [ -66.299656, 10.478006 ], [ -66.299108, 10.477726 ], [ -66.299106, 10.477726 ], [ -66.299103, 10.477724 ], [ -66.298461, 10.477539 ], [ -66.298284, 10.477444 ], [ -66.297715, 10.477453 ], [ -66.297459, 10.477381 ], [ -66.297187, 10.477151 ], [ -66.296838, 10.476871 ], [ -66.296711, 10.476796 ], [ -66.296638, 10.476766 ], [ -66.296183, 10.476495 ], [ -66.295816, 10.476368 ], [ -66.29557, 10.476276 ], [ -66.294993, 10.476052 ], [ -66.294967, 10.476048 ], [ -66.294911, 10.476021 ], [ -66.294391, 10.475793 ], [ -66.29417, 10.475643 ], [ -66.293944, 10.475411 ], [ -66.2936, 10.475177 ], [ -66.293713, 10.474813 ], [ -66.293702, 10.474344 ], [ -66.294184, 10.474089 ], [ -66.29451, 10.474022 ], [ -66.295012, 10.473888 ], [ -66.295574, 10.473793 ], [ -66.295839, 10.473756 ], [ -66.29657, 10.473631 ], [ -66.296666, 10.47361 ], [ -66.296774, 10.473536 ], [ -66.297498, 10.472824 ], [ -66.29813, 10.47291 ], [ -66.298323, 10.472931 ], [ -66.298687, 10.473184 ], [ -66.299092, 10.473556 ], [ -66.29912, 10.47358 ], [ -66.299144, 10.473597 ], [ -66.299766, 10.473765 ], [ -66.299967, 10.473858 ], [ -66.30073, 10.47357 ], [ -66.300796, 10.473537 ], [ -66.300849, 10.473517 ], [ -66.301624, 10.473279 ], [ -66.301733, 10.473467 ], [ -66.30177, 10.473579 ], [ -66.301617, 10.474034 ], [ -66.301295, 10.474408 ], [ -66.30114, 10.474881 ], [ -66.300972, 10.475239 ], [ -66.301109, 10.475739 ], [ -66.300992, 10.476073 ], [ -66.301154, 10.47652 ], [ -66.301171, 10.476908 ], [ -66.301161, 10.47734 ], [ -66.301587, 10.477588 ], [ -66.301699, 10.477632 ], [ -66.302369, 10.477752 ], [ -66.302404, 10.477759 ], [ -66.302411, 10.477769 ], [ -66.302648, 10.478344 ], [ -66.302762, 10.478589 ], [ -66.302912, 10.478908 ], [ -66.3025404, 10.4803553 ], [ -66.3034486, 10.4814758 ], [ -66.3046556, 10.4831108 ], [ -66.3066246, 10.4855008 ], [ -66.3080226, 10.4878268 ], [ -66.3092926, 10.4897138 ], [ -66.3100916, 10.4916718 ], [ -66.3101456, 10.4918068 ], [ -66.3101996, 10.4919678 ], [ -66.3102276, 10.4921298 ], [ -66.3103086, 10.4922918 ], [ -66.3103636, 10.4924528 ], [ -66.3104446, 10.4926148 ], [ -66.3104996, 10.4928038 ], [ -66.3105816, 10.4929378 ], [ -66.3110166, 10.4949058 ], [ -66.3114796, 10.4965498 ], [ -66.3116696, 10.4983008 ], [ -66.3116696, 10.5000258 ], [ -66.3116156, 10.5000798 ], [ -66.3115336, 10.5014008 ], [ -66.3113976, 10.5026938 ], [ -66.3110616, 10.5046158 ], [ -66.3107446, 10.5073558 ], [ -66.3104266, 10.5089278 ], [ -66.3095196, 10.5103208 ], [ -66.3084306, 10.5112188 ], [ -66.3067066, 10.5126558 ], [ -66.3057086, 10.5137338 ], [ -66.3055266, 10.5148118 ], [ -66.3069336, 10.5162488 ], [ -66.3085216, 10.5171478 ], [ -66.3103816, 10.5186298 ], [ -66.3118336, 10.5190788 ], [ -66.3126046, 10.5195728 ], [ -66.3137386, 10.5197528 ], [ -66.3138296, 10.5197528 ], [ -66.3148736, 10.5202918 ], [ -66.3156446, 10.5202918 ], [ -66.3156896, 10.5202918 ], [ -66.3165066, 10.5207408 ], [ -66.3177316, 10.5207408 ], [ -66.3178676, 10.5207408 ], [ -66.3190016, 10.5211898 ], [ -66.3201816, 10.5210998 ], [ -66.3211796, 10.5214588 ], [ -66.3222686, 10.5219528 ], [ -66.3229946, 10.5227608 ], [ -66.3231756, 10.5229858 ], [ -66.3244466, 10.5236598 ], [ -66.3256256, 10.5237498 ], [ -66.3257626, 10.5237498 ], [ -66.3268056, 10.5239738 ], [ -66.3278036, 10.5240188 ], [ -66.3290119, 10.5214211 ], [ -66.3290656, 10.5217481 ], [ -66.3291299, 10.5221173 ], [ -66.3292694, 10.5226236 ], [ -66.329484, 10.5229717 ], [ -66.3297093, 10.5231299 ], [ -66.3300419, 10.5232671 ], [ -66.3303101, 10.5233831 ], [ -66.3306749, 10.5236151 ], [ -66.330986, 10.5239105 ], [ -66.3312543, 10.5243219 ], [ -66.3313937, 10.5245118 ], [ -66.3316941, 10.5248177 ], [ -66.3322413, 10.5251869 ], [ -66.3327241, 10.5254928 ], [ -66.3332498, 10.5257354 ], [ -66.3336361, 10.5258936 ], [ -66.3342476, 10.5261362 ], [ -66.3347948, 10.5263366 ], [ -66.3353098, 10.5265476 ], [ -66.3358247, 10.5266531 ], [ -66.3362861, 10.5266953 ], [ -66.3368225, 10.5267269 ], [ -66.3374931, 10.5266953 ], [ -66.3381314, 10.5266425 ], [ -66.338684, 10.5265265 ], [ -66.3392043, 10.5263894 ], [ -66.3396442, 10.5262206 ], [ -66.3401377, 10.5261151 ], [ -66.3409209, 10.5259569 ], [ -66.3417471, 10.5256826 ], [ -66.3420582, 10.5255244 ], [ -66.3424981, 10.5252923 ], [ -66.3427341, 10.5251447 ], [ -66.3433671, 10.5252607 ], [ -66.3436675, 10.5254084 ], [ -66.3439787, 10.5255139 ], [ -66.3442576, 10.5255244 ], [ -66.3446009, 10.5255244 ], [ -66.3449013, 10.5255244 ], [ -66.3452768, 10.5256088 ], [ -66.3455558, 10.5256932 ], [ -66.3458133, 10.5257881 ], [ -66.3460386, 10.5258198 ], [ -66.3464087, 10.5258408 ], [ -66.3464677, 10.5261257 ], [ -66.3464999, 10.5265054 ], [ -66.3465375, 10.5267005 ], [ -66.346575, 10.5268693 ], [ -66.3466448, 10.527017 ], [ -66.3467199, 10.5271594 ], [ -66.3469774, 10.5274231 ], [ -66.3472241, 10.5275971 ], [ -66.3474119, 10.5277554 ], [ -66.3475943, 10.5279716 ], [ -66.3477659, 10.5282247 ], [ -66.3478625, 10.5283882 ], [ -66.3479322, 10.528615 ], [ -66.3479644, 10.5288365 ], [ -66.3479698, 10.5290633 ], [ -66.3480073, 10.529327 ], [ -66.3480771, 10.5295275 ], [ -66.3482541, 10.5297701 ], [ -66.3482595, 10.5300232 ], [ -66.3483131, 10.5303871 ], [ -66.348356, 10.5306456 ], [ -66.3483775, 10.5308512 ], [ -66.3483775, 10.531231 ], [ -66.3483775, 10.5316107 ], [ -66.348474, 10.5318744 ], [ -66.3487315, 10.5322331 ], [ -66.3489783, 10.5325495 ], [ -66.3492036, 10.5329503 ], [ -66.348908, 10.5334291 ], [ -66.3494018, 10.5341747 ], [ -66.349783, 10.5344587 ], [ -66.3498259, 10.5349861 ], [ -66.3498366, 10.5353764 ], [ -66.3498473, 10.5358194 ], [ -66.3503945, 10.5359776 ], [ -66.3507915, 10.5360514 ], [ -66.3510811, 10.5361147 ], [ -66.3513816, 10.536178 ], [ -66.3516498, 10.5362624 ], [ -66.3517356, 10.536737 ], [ -66.3517785, 10.5371801 ], [ -66.3518322, 10.5374649 ], [ -66.3523257, 10.5377707 ], [ -66.3527012, 10.5379922 ], [ -66.3532108, 10.5382665 ], [ -66.3535273, 10.538335 ], [ -66.3538692, 10.5384214 ], [ -66.3539243, 10.5384353 ], [ -66.3542408, 10.5385355 ], [ -66.3545197, 10.538662 ], [ -66.3546163, 10.538662 ], [ -66.3548309, 10.5386409 ], [ -66.3550401, 10.5385776 ], [ -66.3552761, 10.5384458 ], [ -66.3556677, 10.5382454 ], [ -66.3558447, 10.5382665 ], [ -66.3560754, 10.538335 ], [ -66.3563812, 10.5384353 ], [ -66.356644, 10.538546 ], [ -66.357041, 10.5387411 ], [ -66.3572502, 10.5388941 ], [ -66.3575077, 10.5390312 ], [ -66.3577384, 10.539105 ], [ -66.3580334, 10.5391947 ], [ -66.3582212, 10.5392633 ], [ -66.358366, 10.539374 ], [ -66.3584948, 10.5394848 ], [ -66.3586235, 10.5396113 ], [ -66.3587952, 10.5397959 ], [ -66.3592565, 10.5396588 ], [ -66.3595672, 10.5395953 ], [ -66.3596696, 10.5395744 ], [ -66.3599727, 10.5395257 ], [ -66.3602597, 10.5394795 ], [ -66.3603733, 10.5394765 ], [ -66.3606674, 10.5394689 ], [ -66.361118, 10.5394795 ], [ -66.3617885, 10.5394848 ], [ -66.3624913, 10.5394742 ], [ -66.362958, 10.5394373 ], [ -66.3632691, 10.539432 ], [ -66.3635534, 10.5394268 ], [ -66.3636926, 10.539392 ], [ -66.3638699, 10.5393476 ], [ -66.3641381, 10.5392211 ], [ -66.364228, 10.5391498 ], [ -66.3644439, 10.5389785 ], [ -66.3647014, 10.5387148 ], [ -66.3649374, 10.5385355 ], [ -66.3651896, 10.5383931 ], [ -66.3653827, 10.5383192 ], [ -66.3657528, 10.5382401 ], [ -66.3660961, 10.5382243 ], [ -66.3663697, 10.5382718 ], [ -66.366697, 10.5383403 ], [ -66.3669705, 10.5383772 ], [ -66.3672441, 10.5383667 ], [ -66.3675714, 10.5382718 ], [ -66.367861, 10.5381716 ], [ -66.3681078, 10.5380555 ], [ -66.3685101, 10.5379026 ], [ -66.3688105, 10.5378129 ], [ -66.3691807, 10.5376653 ], [ -66.369465, 10.5375598 ], [ -66.3696957, 10.5374701 ], [ -66.3699371, 10.5376442 ], [ -66.3702107, 10.5377971 ], [ -66.3705003, 10.5379237 ], [ -66.3707042, 10.5380028 ], [ -66.3709885, 10.5381557 ], [ -66.371187, 10.5382296 ], [ -66.3714069, 10.5382929 ], [ -66.3716537, 10.5383192 ], [ -66.3719326, 10.5383298 ], [ -66.3721923, 10.5383778 ], [ -66.3723028, 10.5383983 ], [ -66.3726461, 10.5384722 ], [ -66.3730002, 10.5385724 ], [ -66.3736385, 10.538488 ], [ -66.3744164, 10.5384353 ], [ -66.3748133, 10.5383931 ], [ -66.3752693, 10.5382929 ], [ -66.3758272, 10.5382085 ], [ -66.3760686, 10.5381716 ], [ -66.3763315, 10.5381399 ], [ -66.3765836, 10.5381399 ], [ -66.3768303, 10.5381663 ], [ -66.3770557, 10.5382243 ], [ -66.3773292, 10.5382612 ], [ -66.3776082, 10.5382243 ], [ -66.3779891, 10.5381083 ], [ -66.3782144, 10.5380186 ], [ -66.378445, 10.5379342 ], [ -66.378606, 10.5378868 ], [ -66.3789278, 10.5377391 ], [ -66.3792658, 10.5375967 ], [ -66.3795126, 10.5374648 ], [ -66.3797432, 10.5373594 ], [ -66.3800329, 10.5372381 ], [ -66.380131, 10.5372087 ], [ -66.3803494, 10.5371431 ], [ -66.3805693, 10.5371062 ], [ -66.3808537, 10.5371062 ], [ -66.3811702, 10.5371326 ], [ -66.3814437, 10.5371379 ], [ -66.3818407, 10.537122 ], [ -66.3820982, 10.5370798 ], [ -66.3824415, 10.537006 ], [ -66.3826186, 10.5369533 ], [ -66.3828814, 10.5367687 ], [ -66.383093, 10.5366126 ], [ -66.3831389, 10.5365788 ], [ -66.3834232, 10.5364153 ], [ -66.3837344, 10.5362624 ], [ -66.3840669, 10.536294 ], [ -66.3844103, 10.5363468 ], [ -66.3847214, 10.5364312 ], [ -66.3850915, 10.5365366 ], [ -66.3854295, 10.5366052 ], [ -66.3858694, 10.5366527 ], [ -66.3864702, 10.5366579 ], [ -66.3867277, 10.536621 ], [ -66.3870871, 10.5365155 ], [ -66.3873714, 10.5363942 ], [ -66.387763, 10.5361675 ], [ -66.387983, 10.5360198 ], [ -66.3883156, 10.5357825 ], [ -66.3886803, 10.5355399 ], [ -66.3889915, 10.5353869 ], [ -66.3893241, 10.5353078 ], [ -66.389544, 10.5353025 ], [ -66.3898927, 10.5352656 ], [ -66.3901985, 10.5352709 ], [ -66.390574, 10.5353289 ], [ -66.3909495, 10.5353711 ], [ -66.3914752, 10.535139 ], [ -66.3919526, 10.5349544 ], [ -66.3921136, 10.5349017 ], [ -66.3923818, 10.5347909 ], [ -66.3927198, 10.5346064 ], [ -66.3931274, 10.5343532 ], [ -66.3936693, 10.534079 ], [ -66.3944471, 10.5342266 ], [ -66.3950157, 10.5343532 ], [ -66.3954127, 10.5345114 ], [ -66.3958633, 10.534754 ], [ -66.3961959, 10.5349544 ], [ -66.3966894, 10.5352603 ], [ -66.397183, 10.5355979 ], [ -66.3975906, 10.5356612 ], [ -66.3980734, 10.5356717 ], [ -66.3984811, 10.535735 ], [ -66.3988137, 10.5358299 ], [ -66.3991571, 10.5359881 ], [ -66.3994467, 10.5362097 ], [ -66.3998759, 10.5365577 ], [ -66.4003319, 10.5370588 ], [ -66.4007503, 10.53689 ], [ -66.4010721, 10.5368109 ], [ -66.4012975, 10.5367687 ], [ -66.4016032, 10.5367318 ], [ -66.4019358, 10.5367318 ], [ -66.4021879, 10.5367318 ], [ -66.4024562, 10.5366843 ], [ -66.4027298, 10.5365894 ], [ -66.4030677, 10.5364839 ], [ -66.4033252, 10.5365419 ], [ -66.4036632, 10.5366157 ], [ -66.4040333, 10.5367423 ], [ -66.4044464, 10.5368953 ], [ -66.4048648, 10.537122 ], [ -66.4053798, 10.5374438 ], [ -66.4059162, 10.5377391 ], [ -66.4063507, 10.5379184 ], [ -66.4067799, 10.5380819 ], [ -66.4072412, 10.5382137 ], [ -66.4078903, 10.5383614 ], [ -66.4081639, 10.5384089 ], [ -66.4084536, 10.53843 ], [ -66.4087647, 10.5384616 ], [ -66.409108, 10.5385302 ], [ -66.4093441, 10.5386146 ], [ -66.4095318, 10.53872 ], [ -66.4097089, 10.5388572 ], [ -66.4099342, 10.5391631 ], [ -66.4101809, 10.5394742 ], [ -66.410417, 10.5396588 ], [ -66.4107227, 10.5398539 ], [ -66.4109749, 10.5399963 ], [ -66.4114577, 10.5402653 ], [ -66.4116883, 10.5404815 ], [ -66.4118815, 10.5406978 ], [ -66.4120424, 10.540972 ], [ -66.412214, 10.5412568 ], [ -66.4123803, 10.5415205 ], [ -66.4125574, 10.5418897 ], [ -66.4130509, 10.5420057 ], [ -66.4134425, 10.5421112 ], [ -66.4138341, 10.5422166 ], [ -66.4142364, 10.5423538 ], [ -66.4146763, 10.5425383 ], [ -66.4149821, 10.5427177 ], [ -66.4151537, 10.5428073 ], [ -66.4156258, 10.5427599 ], [ -66.4162803, 10.5427071 ], [ -66.4167845, 10.5427071 ], [ -66.4172459, 10.5426913 ], [ -66.4179111, 10.5427018 ], [ -66.4182758, 10.5427018 ], [ -66.4186353, 10.5427018 ], [ -66.4190215, 10.5427757 ], [ -66.419574, 10.5428126 ], [ -66.4199227, 10.5427757 ], [ -66.4202929, 10.5427018 ], [ -66.4206845, 10.542628 ], [ -66.4209634, 10.5425489 ], [ -66.4213228, 10.5424276 ], [ -66.4217359, 10.5423643 ], [ -66.4222133, 10.5423063 ], [ -66.4223206, 10.5421428 ], [ -66.4225781, 10.5419371 ], [ -66.4227498, 10.5418211 ], [ -66.4232111, 10.5415258 ], [ -66.4235973, 10.5412937 ], [ -66.4240694, 10.541146 ], [ -66.4246488, 10.5410406 ], [ -66.4250457, 10.5410089 ], [ -66.425271, 10.5407136 ], [ -66.4255607, 10.5403075 ], [ -66.4256787, 10.5400965 ], [ -66.4257968, 10.5398803 ], [ -66.4259309, 10.5396746 ], [ -66.4261079, 10.5394373 ], [ -66.4262796, 10.539258 ], [ -66.4264351, 10.5390839 ], [ -66.4266014, 10.5388519 ], [ -66.4266872, 10.5387253 ], [ -66.4268482, 10.53843 ], [ -66.4269716, 10.5381505 ], [ -66.4270145, 10.5379553 ], [ -66.4270735, 10.5376442 ], [ -66.42717, 10.5372539 ], [ -66.4272344, 10.5370429 ], [ -66.4273095, 10.5368531 ], [ -66.4274865, 10.5365946 ], [ -66.4277172, 10.5364259 ], [ -66.4278942, 10.5363204 ], [ -66.4282697, 10.5361042 ], [ -66.4284736, 10.5359407 ], [ -66.4287365, 10.5356981 ], [ -66.4289242, 10.5354133 ], [ -66.4291495, 10.535139 ], [ -66.429348, 10.5349544 ], [ -66.4296752, 10.5347751 ], [ -66.4299434, 10.5346222 ], [ -66.4301419, 10.5344692 ], [ -66.430276, 10.5343796 ], [ -66.4304853, 10.5342952 ], [ -66.4306837, 10.5342794 ], [ -66.4309412, 10.5342583 ], [ -66.4312577, 10.5342055 ], [ -66.4315528, 10.5341633 ], [ -66.4319497, 10.5341633 ], [ -66.4325076, 10.5342583 ], [ -66.4327812, 10.5340684 ], [ -66.4331192, 10.5338838 ], [ -66.4333874, 10.5338047 ], [ -66.4336181, 10.5337309 ], [ -66.4339453, 10.5336623 ], [ -66.4343101, 10.5335937 ], [ -66.4347231, 10.5334988 ], [ -66.4350182, 10.5334461 ], [ -66.4352542, 10.5334039 ], [ -66.4356083, 10.5333775 ], [ -66.4360535, 10.5333195 ], [ -66.4367509, 10.5331296 ], [ -66.4371586, 10.5330347 ], [ -66.4376521, 10.5330031 ], [ -66.4381993, 10.5329398 ], [ -66.4389181, 10.5327288 ], [ -66.4394438, 10.53256 ], [ -66.4400232, 10.5323491 ], [ -66.4404953, 10.5322331 ], [ -66.4409995, 10.5322331 ], [ -66.4415467, 10.5322858 ], [ -66.4420402, 10.5323702 ], [ -66.4427698, 10.5324651 ], [ -66.4434135, 10.5324862 ], [ -66.4438641, 10.5325073 ], [ -66.4444113, 10.5325917 ], [ -66.4447439, 10.5326866 ], [ -66.4450657, 10.5328765 ], [ -66.4454091, 10.5331613 ], [ -66.4456236, 10.533425 ], [ -66.4459241, 10.5337836 ], [ -66.4463639, 10.5337203 ], [ -66.4468145, 10.533657 ], [ -66.4474797, 10.5336359 ], [ -66.4474797, 10.5343216 ], [ -66.4475978, 10.5347118 ], [ -66.4477158, 10.5350705 ], [ -66.4477801, 10.5353764 ], [ -66.4477801, 10.5356401 ], [ -66.4480913, 10.535851 ], [ -66.4485526, 10.5361991 ], [ -66.4489174, 10.536505 ], [ -66.4495933, 10.5370957 ], [ -66.4500117, 10.5374438 ], [ -66.4504087, 10.5376864 ], [ -66.4508486, 10.5379501 ], [ -66.4510954, 10.5381821 ], [ -66.4512026, 10.538372 ], [ -66.4513421, 10.5385407 ], [ -66.4515567, 10.5386884 ], [ -66.4517283, 10.5388308 ], [ -66.4518356, 10.538989 ], [ -66.4519322, 10.5391683 ], [ -66.4520663, 10.5393107 ], [ -66.4523399, 10.5394848 ], [ -66.4526671, 10.5396324 ], [ -66.4531446, 10.5398012 ], [ -66.4534718, 10.5399436 ], [ -66.4537615, 10.5400702 ], [ -66.4540833, 10.54026 ], [ -66.4543891, 10.5404657 ], [ -66.4549148, 10.5407452 ], [ -66.4552528, 10.5407452 ], [ -66.4554566, 10.5407452 ], [ -66.4557409, 10.5407663 ], [ -66.4559984, 10.5408191 ], [ -66.45639, 10.5408349 ], [ -66.4567977, 10.5408402 ], [ -66.4569801, 10.5405395 ], [ -66.4570981, 10.5403022 ], [ -66.4572001, 10.5400754 ], [ -66.4572698, 10.5398223 ], [ -66.4573127, 10.539585 ], [ -66.4573824, 10.5393424 ], [ -66.4575541, 10.5390839 ], [ -66.457817, 10.538662 ], [ -66.4579833, 10.5383403 ], [ -66.4581388, 10.5379711 ], [ -66.4582461, 10.5379448 ], [ -66.4584982, 10.5378973 ], [ -66.4590132, 10.5378077 ], [ -66.459142, 10.5376389 ], [ -66.4592707, 10.5374227 ], [ -66.4593458, 10.5371801 ], [ -66.4594102, 10.5368794 ], [ -66.4594692, 10.536563 ], [ -66.4595819, 10.5362677 ], [ -66.4598125, 10.5361253 ], [ -66.4601129, 10.5359459 ], [ -66.4604348, 10.5357614 ], [ -66.4607674, 10.5355768 ], [ -66.460982, 10.5355768 ], [ -66.4611965, 10.535582 ], [ -66.4614272, 10.5356453 ], [ -66.4616954, 10.5357403 ], [ -66.4619368, 10.5358721 ], [ -66.4623445, 10.5361147 ], [ -66.4624625, 10.5360462 ], [ -66.4626664, 10.5359565 ], [ -66.4628542, 10.535909 ], [ -66.4630687, 10.5358827 ], [ -66.4632779, 10.5359038 ], [ -66.4635301, 10.5359829 ], [ -66.463691, 10.5360672 ], [ -66.4638895, 10.5361464 ], [ -66.4640987, 10.5361885 ], [ -66.4642704, 10.536178 ], [ -66.4645439, 10.5361411 ], [ -66.4648873, 10.5361305 ], [ -66.4653003, 10.5361358 ], [ -66.4658368, 10.5361991 ], [ -66.4660835, 10.5360092 ], [ -66.4664054, 10.5357983 ], [ -66.4667112, 10.5356242 ], [ -66.4670116, 10.5354344 ], [ -66.467371, 10.5351707 ], [ -66.467548, 10.5348384 ], [ -66.4676714, 10.5345905 ], [ -66.4678109, 10.5343057 ], [ -66.4679235, 10.5340526 ], [ -66.4680094, 10.5337731 ], [ -66.4680523, 10.533541 ], [ -66.4681381, 10.533214 ], [ -66.4683956, 10.5329503 ], [ -66.468637, 10.5327657 ], [ -66.4688355, 10.532655 ], [ -66.4690608, 10.5325759 ], [ -66.4692324, 10.5325284 ], [ -66.4696884, 10.532386 ], [ -66.4701176, 10.53227 ], [ -66.4704394, 10.5321592 ], [ -66.4708686, 10.532001 ], [ -66.4711422, 10.5318902 ], [ -66.4712006, 10.5295938 ], [ -66.4710946, 10.5292708 ], [ -66.4711206, 10.5260428 ], [ -66.4712316, 10.5258278 ], [ -66.4712336, 10.5255058 ], [ -66.4715656, 10.5248628 ], [ -66.4716776, 10.5244328 ], [ -66.4718976, 10.5241118 ], [ -66.4718996, 10.5238968 ], [ -66.4721186, 10.5236838 ], [ -66.4723416, 10.5230398 ], [ -66.4725606, 10.5228258 ], [ -66.4726716, 10.5225038 ], [ -66.4728916, 10.5222908 ], [ -66.4731126, 10.5217548 ], [ -66.4731336, 10.5192798 ], [ -66.4730266, 10.5190638 ], [ -66.4730286, 10.5187408 ], [ -66.4728126, 10.5186318 ], [ -66.4728226, 10.5173408 ], [ -66.4730466, 10.5165888 ], [ -66.4730486, 10.5162658 ], [ -66.4732716, 10.5156228 ], [ -66.4734916, 10.5153018 ], [ -66.4734956, 10.5148708 ], [ -66.4743796, 10.5130488 ], [ -66.4743816, 10.5128338 ], [ -66.4746016, 10.5125118 ], [ -66.4755886, 10.5115508 ], [ -66.4768986, 10.5108078 ], [ -66.4776626, 10.5104918 ], [ -66.4778816, 10.5102778 ], [ -66.4782076, 10.5102808 ], [ -66.4788626, 10.5099628 ], [ -66.4790806, 10.5099648 ], [ -66.4796256, 10.5097538 ], [ -66.4798446, 10.5095408 ], [ -66.4800636, 10.5094348 ], [ -66.4804986, 10.5094378 ], [ -66.4807176, 10.5092248 ], [ -66.4812626, 10.5090138 ], [ -66.4814816, 10.5087998 ], [ -66.4816996, 10.5088018 ], [ -66.4821356, 10.5085898 ], [ -66.4824636, 10.5083778 ], [ -66.4829036, 10.5078428 ], [ -66.4830136, 10.5076288 ], [ -66.4830166, 10.5073058 ], [ -66.4832346, 10.5071998 ], [ -66.4832516, 10.5050478 ], [ -66.4831446, 10.5048318 ], [ -66.4830416, 10.5041858 ], [ -66.4826086, 10.5039668 ], [ -66.4825016, 10.5037508 ], [ -66.4825046, 10.5033208 ], [ -66.4823986, 10.5029968 ], [ -66.4824256, 10.4996618 ], [ -66.4823216, 10.4991228 ], [ -66.4822146, 10.4989068 ], [ -66.4822276, 10.4972928 ], [ -66.4825576, 10.4968648 ], [ -66.4832146, 10.4962248 ], [ -66.4833276, 10.4956868 ], [ -66.4835466, 10.4955818 ], [ -66.4835516, 10.4949358 ], [ -66.4834446, 10.4947198 ], [ -66.4834526, 10.4937518 ], [ -66.4836716, 10.4935378 ], [ -66.4836746, 10.4931078 ], [ -66.4835676, 10.4928918 ], [ -66.4835706, 10.4925688 ], [ -66.4832526, 10.4914898 ], [ -66.4832556, 10.4911668 ], [ -66.4830416, 10.4907348 ], [ -66.4828256, 10.4906258 ], [ -66.4827186, 10.4904098 ], [ -66.4820686, 10.4900818 ], [ -66.4816376, 10.4895408 ], [ -66.4810976, 10.4891058 ], [ -66.4809906, 10.4888898 ], [ -66.4807756, 10.4886728 ], [ -66.4803426, 10.4883468 ], [ -66.4801286, 10.4879148 ], [ -66.4800246, 10.4873758 ], [ -66.4800486, 10.4843628 ], [ -66.4803796, 10.4838278 ], [ -66.4805976, 10.4837218 ], [ -66.4814756, 10.4827598 ], [ -66.4814786, 10.4823298 ], [ -66.4815896, 10.4821158 ], [ -66.4816176, 10.4785648 ], [ -66.4814026, 10.4783478 ], [ -66.4811856, 10.4782388 ], [ -66.4808636, 10.4776978 ], [ -66.4808656, 10.4774828 ], [ -66.4805416, 10.4772648 ], [ -66.4802226, 10.4762938 ], [ -66.4800076, 10.4760768 ], [ -66.4799036, 10.4754308 ], [ -66.4796906, 10.4748908 ], [ -66.4794986, 10.4717688 ], [ -66.4792816, 10.4716598 ], [ -66.4787436, 10.4710098 ], [ -66.4785326, 10.4702548 ], [ -66.4779936, 10.4697128 ], [ -66.4778866, 10.4694968 ], [ -66.4777816, 10.4689578 ], [ -66.4776856, 10.4674508 ], [ -66.4776916, 10.4666968 ], [ -66.4775846, 10.4664808 ], [ -66.4775866, 10.4662658 ], [ -66.4773746, 10.4655108 ], [ -66.4770526, 10.4650778 ], [ -66.4760866, 10.4634568 ], [ -66.4757376, 10.4628298 ], [ -66.4755316, 10.4616658 ], [ -66.4763766, 10.4607248 ], [ -66.4765946, 10.4607748 ], [ -66.4772346, 10.4613478 ], [ -66.4774146, 10.4616358 ], [ -66.4782386, 10.4620008 ], [ -66.4790436, 10.4621988 ], [ -66.4790586, 10.4622038 ], [ -66.4798806, 10.4633308 ], [ -66.4808186, 10.4629408 ], [ -66.4811596, 10.4630528 ], [ -66.4814336, 10.4631578 ], [ -66.4815346, 10.4632528 ], [ -66.4817736, 10.4636488 ], [ -66.4818966, 10.4638958 ], [ -66.4823496, 10.4646868 ], [ -66.4823736, 10.4647118 ], [ -66.4824136, 10.4647378 ], [ -66.4828516, 10.4650668 ], [ -66.4843826, 10.4652008 ], [ -66.4849506, 10.4647578 ], [ -66.4852186, 10.4643678 ], [ -66.4854986, 10.4639248 ], [ -66.4856636, 10.4636898 ], [ -66.4862006, 10.4625578 ], [ -66.4859536, 10.4619738 ], [ -66.4856796, 10.4617378 ], [ -66.4853286, 10.4614118 ], [ -66.4850916, 10.4611718 ], [ -66.4848606, 10.4607788 ], [ -66.4847776, 10.4606548 ], [ -66.4847716, 10.4598298 ], [ -66.4847776, 10.4597328 ], [ -66.4873566, 10.4587508 ], [ -66.4886006, 10.4597628 ], [ -66.4889316, 10.4606028 ], [ -66.4889086, 10.4606878 ], [ -66.4892816, 10.4606048 ], [ -66.4898876, 10.4597728 ], [ -66.4901286, 10.4586953 ], [ -66.4901176, 10.4586528 ], [ -66.4898406, 10.4581988 ], [ -66.4894846, 10.4576228 ], [ -66.4911546, 10.4567878 ], [ -66.4914258, 10.4568219 ], [ -66.4915046, 10.4568318 ], [ -66.4922756, 10.4572798 ], [ -66.4923022, 10.4572965 ], [ -66.4923266, 10.4573198 ], [ -66.4931436, 10.4581238 ], [ -66.4931446, 10.4581268 ], [ -66.4934786, 10.4594558 ], [ -66.4934096, 10.4598008 ], [ -66.4932856, 10.4604768 ], [ -66.4922936, 10.4614798 ], [ -66.4922606, 10.4614988 ], [ -66.4908066, 10.4621188 ], [ -66.4906346, 10.4621558 ], [ -66.4899466, 10.4622848 ], [ -66.4890514, 10.4630558 ], [ -66.4889726, 10.4633528 ], [ -66.4884216, 10.4672968 ], [ -66.4892306, 10.4681408 ], [ -66.4914196, 10.4673588 ], [ -66.4915836, 10.4673218 ], [ -66.4922476, 10.4671638 ], [ -66.4924736, 10.4671008 ], [ -66.4934726, 10.4669348 ], [ -66.4939026, 10.4669058 ], [ -66.4943646, 10.4668768 ], [ -66.4955536, 10.4672108 ], [ -66.496427, 10.4679077 ], [ -66.4967676, 10.4686348 ], [ -66.4966436, 10.4690368 ], [ -66.4968796, 10.4693538 ], [ -66.4971216, 10.4698778 ], [ -66.4971576, 10.4699068 ], [ -66.4980504, 10.4702882 ], [ -66.4988524, 10.4700403 ], [ -66.4994238, 10.4699957 ], [ -66.5001616, 10.4702338 ], [ -66.5004856, 10.4706328 ], [ -66.5018316, 10.4711838 ], [ -66.5020238, 10.4713581 ], [ -66.5020833, 10.4714121 ], [ -66.5021326, 10.4714568 ], [ -66.5021956, 10.4715288 ], [ -66.5022066, 10.4715928 ], [ -66.5021286, 10.4718458 ], [ -66.5019396, 10.4724278 ], [ -66.5021206, 10.4729068 ], [ -66.5022716, 10.4731128 ], [ -66.5025786, 10.4730373 ], [ -66.5037786, 10.4722728 ], [ -66.5045934, 10.4711762 ], [ -66.506137, 10.4724768 ], [ -66.5066536, 10.4724648 ], [ -66.5070846, 10.4723868 ], [ -66.5087786, 10.4749308 ], [ -66.5093893, 10.476716 ], [ -66.5102106, 10.4768258 ], [ -66.5117743, 10.4770717 ], [ -66.5120976, 10.47783 ], [ -66.5114045, 10.4783643 ], [ -66.5111666, 10.4786908 ], [ -66.5111596, 10.4795558 ], [ -66.5126766, 10.4810118 ], [ -66.5127986, 10.4813458 ], [ -66.5129246, 10.4815948 ], [ -66.5129257, 10.4815958 ], [ -66.5129833, 10.4816482 ], [ -66.5130636, 10.4817212 ], [ -66.5130686, 10.4817258 ], [ -66.5131157, 10.4817633 ], [ -66.5132094, 10.481838 ], [ -66.5133786, 10.4819728 ], [ -66.5136196, 10.4820528 ], [ -66.5142121, 10.4819435 ], [ -66.5142486, 10.4819368 ], [ -66.5143169, 10.4819255 ], [ -66.5144476, 10.4819038 ], [ -66.5145423, 10.4818882 ], [ -66.5146779, 10.4818659 ], [ -66.5148785, 10.481833 ], [ -66.5150842, 10.4817992 ], [ -66.5152446, 10.4817728 ], [ -66.5152756, 10.4817778 ], [ -66.5156299, 10.4822026 ], [ -66.515966, 10.4825429 ], [ -66.5160086, 10.4825858 ], [ -66.5160516, 10.4826298 ], [ -66.5160946, 10.4826618 ], [ -66.5167176, 10.4827968 ], [ -66.5169196, 10.4828388 ], [ -66.517496, 10.4828526 ], [ -66.5177332, 10.4829849 ], [ -66.5177462, 10.4830009 ], [ -66.5179396, 10.4832388 ], [ -66.5182487, 10.4834398 ], [ -66.5182652, 10.4834505 ], [ -66.5183449, 10.483532 ], [ -66.5184173, 10.4836059 ], [ -66.5185666, 10.4836948 ], [ -66.5188689, 10.4839528 ], [ -66.5188806, 10.4839628 ], [ -66.5193886, 10.4841858 ], [ -66.5194496, 10.4842258 ], [ -66.5194536, 10.4842292 ], [ -66.5195236, 10.4842878 ], [ -66.5194497, 10.4843941 ], [ -66.5193866, 10.4844848 ], [ -66.5192248, 10.4845894 ], [ -66.5191603, 10.4846311 ], [ -66.5191343, 10.4846466 ], [ -66.5190057, 10.4847235 ], [ -66.5189341, 10.4847663 ], [ -66.5188883, 10.4847937 ], [ -66.5184806, 10.4850548 ], [ -66.5176472, 10.4851779 ], [ -66.5175294, 10.4851945 ], [ -66.5174373, 10.4852036 ], [ -66.5168951, 10.4852596 ], [ -66.5160685, 10.4856651 ], [ -66.5157936, 10.4859338 ], [ -66.5158389, 10.486204 ], [ -66.5158467, 10.4862868 ], [ -66.5158788, 10.4867679 ], [ -66.5159498, 10.4868712 ], [ -66.5159547, 10.4868776 ], [ -66.5160076, 10.4869641 ], [ -66.5160513, 10.4870357 ], [ -66.5161113, 10.4871349 ], [ -66.5161401, 10.487187 ], [ -66.5161722, 10.4872423 ], [ -66.5162646, 10.4874018 ], [ -66.5162802, 10.4874673 ], [ -66.516343, 10.4877764 ], [ -66.5163553, 10.4878465 ], [ -66.5163727, 10.4879561 ], [ -66.5163852, 10.488021 ], [ -66.5164437, 10.4881812 ], [ -66.5165235, 10.4883272 ], [ -66.5165356, 10.4883493 ], [ -66.5165916, 10.4884518 ], [ -66.5165906, 10.4884576 ], [ -66.5165902, 10.4884599 ], [ -66.5165689, 10.4885785 ], [ -66.5166773, 10.4886507 ], [ -66.5168726, 10.4887668 ], [ -66.5172656, 10.4888958 ], [ -66.5176976, 10.4889868 ], [ -66.5179086, 10.4890848 ], [ -66.5180376, 10.4892998 ], [ -66.5181742, 10.4896293 ], [ -66.5183196, 10.4901398 ], [ -66.5193056, 10.4910138 ], [ -66.5193346, 10.4910428 ], [ -66.5204103, 10.4915758 ], [ -66.5213254, 10.4918364 ], [ -66.5213268, 10.4918388 ], [ -66.5213321, 10.4918456 ], [ -66.5215259, 10.4921226 ], [ -66.5219556, 10.4926798 ], [ -66.5201366, 10.4941508 ], [ -66.5200901, 10.4942353 ], [ -66.5200326, 10.4943398 ], [ -66.5200334, 10.4943739 ], [ -66.5200568, 10.4954028 ], [ -66.520069, 10.4959389 ], [ -66.5200723, 10.4961225 ], [ -66.5200743, 10.4962101 ], [ -66.5200886, 10.4968518 ], [ -66.5171564, 10.4981434 ], [ -66.5141656, 10.4994608 ], [ -66.5127756, 10.5001438 ], [ -66.5138156, 10.5027102 ], [ -66.5130337, 10.5051532 ], [ -66.5137732, 10.505381 ], [ -66.5142796, 10.5043418 ], [ -66.5143046, 10.5043068 ], [ -66.5145815, 10.5037612 ], [ -66.5147096, 10.5035088 ], [ -66.5152111, 10.5025397 ], [ -66.5173145, 10.5018711 ], [ -66.5151931, 10.5069234 ], [ -66.5152144, 10.5069229 ], [ -66.5171966, 10.5068768 ], [ -66.5186527, 10.5085725 ], [ -66.5187237, 10.5085368 ], [ -66.5185612, 10.5082265 ], [ -66.5186143, 10.5080359 ], [ -66.5189477, 10.5067607 ], [ -66.5189501, 10.5067572 ], [ -66.5189988, 10.5066842 ], [ -66.5190367, 10.5066274 ], [ -66.5190631, 10.5065878 ], [ -66.5191427, 10.5064686 ], [ -66.519183, 10.5064081 ], [ -66.5192126, 10.5063638 ], [ -66.5192133, 10.5063399 ], [ -66.5192678, 10.5062782 ], [ -66.5192971, 10.5062327 ], [ -66.5267086, 10.4992738 ], [ -66.5276398, 10.4985693 ], [ -66.5289577, 10.4985699 ], [ -66.5291396, 10.4985958 ], [ -66.5308336, 10.5003208 ], [ -66.5320716, 10.4995318 ], [ -66.5324838, 10.499269 ], [ -66.5326766, 10.4992778 ], [ -66.5330602, 10.4993153 ], [ -66.5332754, 10.4993363 ], [ -66.5333216, 10.4993408 ], [ -66.5333273, 10.4993412 ], [ -66.5333299, 10.4993415 ], [ -66.5341128, 10.499508 ], [ -66.5341466, 10.4995138 ], [ -66.536222, 10.4998611 ], [ -66.5366196, 10.5004338 ], [ -66.5368619, 10.5007775 ], [ -66.5368831, 10.5008075 ], [ -66.5369216, 10.500862 ], [ -66.536952, 10.5008969 ], [ -66.5369759, 10.5009243 ], [ -66.5370192, 10.500974 ], [ -66.5371096, 10.5010778 ], [ -66.5371889, 10.5011688 ], [ -66.5371906, 10.5011708 ], [ -66.5372198, 10.5011979 ], [ -66.5373206, 10.5012918 ], [ -66.537391, 10.5013885 ], [ -66.5377206, 10.5017238 ], [ -66.5378858, 10.5020571 ], [ -66.5379342, 10.502133 ], [ -66.5382166, 10.5028528 ], [ -66.5382567, 10.5029224 ], [ -66.5390874, 10.5022163 ], [ -66.5391286, 10.5020228 ], [ -66.5391351, 10.5018761 ], [ -66.539207, 10.5017487 ], [ -66.5393536, 10.501474 ], [ -66.539438, 10.5013158 ], [ -66.5394583, 10.5012782 ], [ -66.5395066, 10.5011888 ], [ -66.5395074, 10.5011876 ], [ -66.5401779, 10.5004612 ], [ -66.5402855, 10.5004041 ], [ -66.5402894, 10.500402 ], [ -66.5404121, 10.5003216 ], [ -66.5405609, 10.5001852 ], [ -66.5405622, 10.500184 ], [ -66.5409698, 10.4999286 ], [ -66.5412362, 10.4998321 ], [ -66.5412645, 10.4998218 ], [ -66.5413116, 10.4998048 ], [ -66.5415856, 10.4997028 ], [ -66.5421006, 10.4998488 ], [ -66.5424086, 10.5001218 ], [ -66.5425286, 10.5002528 ], [ -66.5425556, 10.5003748 ], [ -66.5427826, 10.5008298 ], [ -66.5429796, 10.5012158 ], [ -66.5430906, 10.5013538 ], [ -66.5432256, 10.5013868 ], [ -66.5438576, 10.5014188 ], [ -66.5440526, 10.5013708 ], [ -66.5448276, 10.5012828 ], [ -66.5448796, 10.5012778 ], [ -66.5450736, 10.5012318 ], [ -66.5457086, 10.5010028 ], [ -66.5459316, 10.5010128 ], [ -66.5464766, 10.5012428 ], [ -66.5465206, 10.5012558 ], [ -66.5465326, 10.5012778 ], [ -66.5468646, 10.5017438 ], [ -66.5473226, 10.5020868 ], [ -66.5473416, 10.5020988 ], [ -66.5473536, 10.5021038 ], [ -66.5474806, 10.5020888 ], [ -66.5481806, 10.5020038 ], [ -66.5482686, 10.5020058 ], [ -66.5488726, 10.5020998 ], [ -66.5489916, 10.5021158 ], [ -66.5490066, 10.5021188 ], [ -66.5497866, 10.5021538 ], [ -66.5498326, 10.5021698 ], [ -66.5499166, 10.5021078 ], [ -66.5502126, 10.5017278 ], [ -66.5505976, 10.5012758 ], [ -66.5506676, 10.5011638 ], [ -66.5507156, 10.5012268 ], [ -66.5508476, 10.5012778 ], [ -66.5512236, 10.5015508 ], [ -66.5514876, 10.5019358 ], [ -66.5515296, 10.5020758 ], [ -66.5515406, 10.5021198 ], [ -66.5514856, 10.5022848 ], [ -66.5511586, 10.5029548 ], [ -66.5510386, 10.5033968 ], [ -66.5510736, 10.5037908 ], [ -66.5512546, 10.5040128 ], [ -66.5514716, 10.5040208 ], [ -66.5519746, 10.5041258 ], [ -66.5522976, 10.5040748 ], [ -66.5530536, 10.5038798 ], [ -66.5531256, 10.5038668 ], [ -66.5532786, 10.5038078 ], [ -66.5539556, 10.5034538 ], [ -66.5543176, 10.5034498 ], [ -66.5545756, 10.5038178 ], [ -66.5546966, 10.5039028 ], [ -66.5547786, 10.5039248 ], [ -66.5554346, 10.5039978 ], [ -66.5556056, 10.5039708 ], [ -66.5564056, 10.5038598 ], [ -66.5564326, 10.5038718 ], [ -66.5570126, 10.5040858 ], [ -66.5572276, 10.5046758 ], [ -66.5572336, 10.5046958 ], [ -66.5572526, 10.5047108 ], [ -66.5576726, 10.5050878 ], [ -66.5580766, 10.5051218 ], [ -66.5584036, 10.5051898 ], [ -66.5589016, 10.5052648 ], [ -66.5591456, 10.5052818 ], [ -66.5597286, 10.5052548 ], [ -66.5603196, 10.5049418 ], [ -66.5605586, 10.5048708 ], [ -66.5612686, 10.5048258 ], [ -66.5613046, 10.5055448 ], [ -66.5613206, 10.5056048 ], [ -66.5610836, 10.5063798 ], [ -66.5611966, 10.5065588 ], [ -66.5613696, 10.5067918 ], [ -66.5616266, 10.5069608 ], [ -66.5621956, 10.5069828 ], [ -66.5624096, 10.5070108 ], [ -66.5630216, 10.5070098 ], [ -66.5632036, 10.5070498 ], [ -66.5635176, 10.5072358 ], [ -66.5637476, 10.5073378 ], [ -66.5638456, 10.5073998 ], [ -66.5642996, 10.5076178 ], [ -66.5646696, 10.5077838 ], [ -66.5648686, 10.5078808 ], [ -66.5652726, 10.5080868 ], [ -66.5654236, 10.5081588 ], [ -66.5654926, 10.5081778 ], [ -66.5659686, 10.5084448 ], [ -66.5663156, 10.5086128 ], [ -66.5664996, 10.5087468 ], [ -66.5666726, 10.5089348 ], [ -66.5669306, 10.5091478 ], [ -66.5671376, 10.5093228 ], [ -66.5673906, 10.5095198 ], [ -66.5676806, 10.5097798 ], [ -66.5677906, 10.5099518 ], [ -66.5679556, 10.5103458 ], [ -66.5680616, 10.5105118 ], [ -66.5680966, 10.5106208 ], [ -66.5679496, 10.5111388 ], [ -66.5678176, 10.5114558 ], [ -66.5676226, 10.5117808 ], [ -66.5679456, 10.5117128 ], [ -66.5683136, 10.5119228 ], [ -66.5687716, 10.5117388 ], [ -66.5693836, 10.5114678 ], [ -66.5696016, 10.5113588 ], [ -66.5703906, 10.5106378 ], [ -66.5704346, 10.5105818 ], [ -66.5704736, 10.5105988 ], [ -66.5709136, 10.5106418 ], [ -66.5711916, 10.5107138 ], [ -66.5711766, 10.5114818 ], [ -66.5711466, 10.5115898 ], [ -66.5712516, 10.5117228 ], [ -66.5716196, 10.5114848 ], [ -66.5720806, 10.5114298 ], [ -66.5726336, 10.5106558 ], [ -66.5729156, 10.5103688 ], [ -66.5733006, 10.5098228 ], [ -66.5737506, 10.5093708 ], [ -66.5743346, 10.5092408 ], [ -66.5745786, 10.5091908 ], [ -66.5752886, 10.5090008 ], [ -66.5754076, 10.5089248 ], [ -66.5754546, 10.5089538 ], [ -66.5762336, 10.5089598 ], [ -66.5762636, 10.5089788 ], [ -66.5762986, 10.5090088 ], [ -66.5767066, 10.5093678 ], [ -66.5770556, 10.5096238 ], [ -66.5772836, 10.5096228 ], [ -66.5778826, 10.5095958 ], [ -66.5785866, 10.5091538 ], [ -66.5787136, 10.5090778 ], [ -66.5793206, 10.5092528 ], [ -66.5795376, 10.5093288 ], [ -66.5798266, 10.5095788 ], [ -66.5801426, 10.5098758 ], [ -66.5802866, 10.5099508 ], [ -66.5803596, 10.5099948 ], [ -66.5811566, 10.5099138 ], [ -66.5811866, 10.5099068 ], [ -66.5812296, 10.5098828 ], [ -66.5813006, 10.5097688 ], [ -66.5818026, 10.5090498 ], [ -66.5820256, 10.5083648 ], [ -66.5820866, 10.5082148 ], [ -66.5828576, 10.5077248 ], [ -66.5833906, 10.5076848 ], [ -66.5836846, 10.5076838 ], [ -66.5843806, 10.5075278 ], [ -66.5845126, 10.5075288 ], [ -66.5848886, 10.5073988 ], [ -66.5846056, 10.5073038 ], [ -66.5845146, 10.5072548 ], [ -66.5839916, 10.5070848 ], [ -66.5836906, 10.5068948 ], [ -66.5833966, 10.5068488 ], [ -66.5829136, 10.5065458 ], [ -66.5828736, 10.5065388 ], [ -66.5828666, 10.5065368 ], [ -66.5821866, 10.5063928 ], [ -66.5820416, 10.5063378 ], [ -66.5815406, 10.5062078 ], [ -66.5812166, 10.5060658 ], [ -66.5809476, 10.5059678 ], [ -66.5803926, 10.5057278 ], [ -66.5803616, 10.5057218 ], [ -66.5801576, 10.5056888 ], [ -66.5796346, 10.5056158 ], [ -66.5795666, 10.5055978 ], [ -66.5789626, 10.5054558 ], [ -66.5787416, 10.5053678 ], [ -66.5784146, 10.5051708 ], [ -66.5779706, 10.5048348 ], [ -66.5779426, 10.5048118 ], [ -66.5779196, 10.5047998 ], [ -66.5774486, 10.5044728 ], [ -66.5770966, 10.5043358 ], [ -66.5768576, 10.5042318 ], [ -66.5762726, 10.5039928 ], [ -66.5762666, 10.5039908 ], [ -66.5762496, 10.5039848 ], [ -66.5757086, 10.5037168 ], [ -66.5754486, 10.5036048 ], [ -66.5751356, 10.5034568 ], [ -66.5746246, 10.5032528 ], [ -66.5745436, 10.5032168 ], [ -66.5743596, 10.5031328 ], [ -66.5741566, 10.5027718 ], [ -66.5739336, 10.5022918 ], [ -66.5739986, 10.5020988 ], [ -66.5742586, 10.5014568 ], [ -66.5741716, 10.5010958 ], [ -66.5741376, 10.5006188 ], [ -66.5746506, 10.4999608 ], [ -66.5748866, 10.4997868 ], [ -66.5754806, 10.4995248 ], [ -66.5758566, 10.4994148 ], [ -66.5763086, 10.4993598 ], [ -66.5769186, 10.4989658 ], [ -66.5767236, 10.4985498 ], [ -66.5768026, 10.4981268 ], [ -66.5769426, 10.4975008 ], [ -66.5769596, 10.4972908 ], [ -66.5771536, 10.4970698 ], [ -66.5773846, 10.4970598 ], [ -66.5779826, 10.4967778 ], [ -66.5786106, 10.4964668 ], [ -66.5788126, 10.4963578 ], [ -66.5796346, 10.4956368 ], [ -66.5796446, 10.4956278 ], [ -66.5797096, 10.4955718 ], [ -66.5804766, 10.4949238 ], [ -66.5805826, 10.4948058 ], [ -66.5813096, 10.4941858 ], [ -66.5817156, 10.4939768 ], [ -66.5821386, 10.4938078 ], [ -66.5823876, 10.4937298 ], [ -66.5829676, 10.4935658 ], [ -66.5835846, 10.4933678 ], [ -66.5837956, 10.4933118 ], [ -66.5844396, 10.4931608 ], [ -66.5846246, 10.4931128 ], [ -66.5846856, 10.4931008 ], [ -66.5854526, 10.4929228 ], [ -66.5858406, 10.4927788 ], [ -66.5862816, 10.4926468 ], [ -66.5867136, 10.4923398 ], [ -66.5871126, 10.4920258 ], [ -66.5877496, 10.4917058 ], [ -66.5879426, 10.4915948 ], [ -66.5886996, 10.4915888 ], [ -66.5887696, 10.4915778 ], [ -66.5894006, 10.4917208 ], [ -66.5895946, 10.4917678 ], [ -66.5903856, 10.4915688 ], [ -66.5904226, 10.4915838 ], [ -66.5904626, 10.4915318 ], [ -66.5912536, 10.4910518 ], [ -66.5919316, 10.4908578 ], [ -66.5920826, 10.4907988 ], [ -66.5924696, 10.4907088 ], [ -66.5929106, 10.4905458 ], [ -66.5932596, 10.4903628 ], [ -66.5937406, 10.4901828 ], [ -66.5943036, 10.4898858 ], [ -66.5945716, 10.4896588 ], [ -66.5950456, 10.4894128 ], [ -66.5954016, 10.4891928 ], [ -66.5957516, 10.4890598 ], [ -66.5954956, 10.4889638 ], [ -66.5954046, 10.4887618 ], [ -66.5951246, 10.4885038 ], [ -66.5951536, 10.4882178 ], [ -66.5951036, 10.4876928 ], [ -66.5950966, 10.4873798 ], [ -66.5954166, 10.4871898 ], [ -66.5959706, 10.4868288 ], [ -66.5962476, 10.4866508 ], [ -66.5970406, 10.4865568 ], [ -66.5970756, 10.4865528 ], [ -66.5970846, 10.4865478 ], [ -66.5970936, 10.4865578 ], [ -66.5977526, 10.4867128 ], [ -66.5978996, 10.4868068 ], [ -66.5982936, 10.4865668 ], [ -66.5981776, 10.4862888 ], [ -66.5983066, 10.4857298 ], [ -66.5983536, 10.4852818 ], [ -66.5984606, 10.4848928 ], [ -66.5985996, 10.4842058 ], [ -66.5986046, 10.4840568 ], [ -66.5987486, 10.4838968 ], [ -66.5991346, 10.4836718 ], [ -66.5995796, 10.4833918 ], [ -66.6003616, 10.4832788 ], [ -66.6004066, 10.4833198 ], [ -66.6006496, 10.4838228 ], [ -66.6006616, 10.4840738 ], [ -66.6006616, 10.4846418 ], [ -66.6006636, 10.4849108 ], [ -66.6007366, 10.4853978 ], [ -66.6009316, 10.4857498 ], [ -66.6009896, 10.4859758 ], [ -66.6012106, 10.4862988 ], [ -66.6018086, 10.4857568 ], [ -66.6020426, 10.4855898 ], [ -66.6026956, 10.4849258 ], [ -66.6028776, 10.4845688 ], [ -66.6030806, 10.4847218 ], [ -66.6031576, 10.4849298 ], [ -66.6034146, 10.4852188 ], [ -66.6036956, 10.4856298 ], [ -66.6042026, 10.4849378 ], [ -66.6045296, 10.4847128 ], [ -66.6047856, 10.4841048 ], [ -66.6051496, 10.4834878 ], [ -66.6052406, 10.4832708 ], [ -66.6053686, 10.4831268 ], [ -66.6061066, 10.4824398 ], [ -66.6062006, 10.4823738 ], [ -66.6062666, 10.4823738 ], [ -66.6070276, 10.4823368 ], [ -66.6071656, 10.4823088 ], [ -66.6078556, 10.4821458 ], [ -66.6080786, 10.4822288 ], [ -66.6086806, 10.4824418 ], [ -66.6086896, 10.4824498 ], [ -66.6086956, 10.4824588 ], [ -66.6090546, 10.4829168 ], [ -66.6092826, 10.4833008 ], [ -66.6093436, 10.4834588 ], [ -66.6094946, 10.4841048 ], [ -66.6095046, 10.4841298 ], [ -66.6095066, 10.4841398 ], [ -66.6097776, 10.4846878 ], [ -66.6099256, 10.4849808 ], [ -66.6101256, 10.4851708 ], [ -66.6103106, 10.4853848 ], [ -66.6108546, 10.4852748 ], [ -66.6111356, 10.4857018 ], [ -66.6113316, 10.4849908 ], [ -66.6113446, 10.4847858 ], [ -66.6114256, 10.4841548 ], [ -66.6114066, 10.4838938 ], [ -66.6113456, 10.4833168 ], [ -66.6119856, 10.4825588 ], [ -66.6121686, 10.4824858 ], [ -66.6128156, 10.4822238 ], [ -66.6132076, 10.4820968 ], [ -66.6136436, 10.4819928 ], [ -66.6143026, 10.4816638 ], [ -66.6139436, 10.4813628 ], [ -66.6136496, 10.4812258 ], [ -66.6133806, 10.4810928 ], [ -66.6128256, 10.4809358 ], [ -66.6127476, 10.4808938 ], [ -66.6125996, 10.4808138 ], [ -66.6128276, 10.4806558 ], [ -66.6130006, 10.4806408 ], [ -66.6136556, 10.4804588 ], [ -66.6140426, 10.4804328 ], [ -66.6144836, 10.4802998 ], [ -66.6151896, 10.4801188 ], [ -66.6153116, 10.4800728 ], [ -66.6155536, 10.4799988 ], [ -66.6161406, 10.4798188 ], [ -66.6164056, 10.4797368 ], [ -66.6169686, 10.4795768 ], [ -66.6175396, 10.4794368 ], [ -66.6177976, 10.4793538 ], [ -66.6184036, 10.4791828 ], [ -66.6186256, 10.4791198 ], [ -66.6187016, 10.4791078 ], [ -66.6194536, 10.4789038 ], [ -66.6197446, 10.4788978 ], [ -66.6202806, 10.4789468 ], [ -66.6204746, 10.4790008 ], [ -66.6206076, 10.4791988 ], [ -66.6207596, 10.4795478 ], [ -66.6207156, 10.4800368 ], [ -66.6206666, 10.4804708 ], [ -66.6206466, 10.4808738 ], [ -66.6206976, 10.4812708 ], [ -66.6207786, 10.4817128 ], [ -66.6207936, 10.4820058 ], [ -66.6210796, 10.4825108 ], [ -66.6215126, 10.4821198 ], [ -66.6219126, 10.4817488 ], [ -66.6219286, 10.4817208 ], [ -66.6219626, 10.4816718 ], [ -66.6224576, 10.4808878 ], [ -66.6227476, 10.4805618 ], [ -66.6231106, 10.4805248 ], [ -66.6235756, 10.4803798 ], [ -66.6240026, 10.4804658 ], [ -66.6244016, 10.4805318 ], [ -66.6247666, 10.4805358 ], [ -66.6252266, 10.4807208 ], [ -66.6253336, 10.4808008 ], [ -66.6254266, 10.4809098 ], [ -66.6256736, 10.4812918 ], [ -66.6258016, 10.4817498 ], [ -66.6258086, 10.4819888 ], [ -66.6260406, 10.4824638 ], [ -66.6260836, 10.4825448 ], [ -66.6263386, 10.4825918 ], [ -66.6267886, 10.4826728 ], [ -66.6268656, 10.4826808 ], [ -66.6273786, 10.4829148 ], [ -66.6276866, 10.4833398 ], [ -66.6277306, 10.4833938 ], [ -66.6277496, 10.4834398 ], [ -66.6276836, 10.4838128 ], [ -66.6276226, 10.4842758 ], [ -66.6276246, 10.4843318 ], [ -66.6275916, 10.4851128 ], [ -66.6276076, 10.4851788 ], [ -66.6276686, 10.4857728 ], [ -66.6276886, 10.4859288 ], [ -66.6276926, 10.4859508 ], [ -66.6278876, 10.4865608 ], [ -66.6280026, 10.4867908 ], [ -66.6281856, 10.4870958 ], [ -66.6284826, 10.4873988 ], [ -66.6285896, 10.4875228 ], [ -66.6286646, 10.4876328 ], [ -66.6285156, 10.4884278 ], [ -66.6285156, 10.4884688 ], [ -66.6284736, 10.4885308 ], [ -66.6279166, 10.4893018 ], [ -66.6276386, 10.4896268 ], [ -66.6273396, 10.4901348 ], [ -66.6268026, 10.4908398 ], [ -66.6266306, 10.4909678 ], [ -66.6266426, 10.4911278 ], [ -66.6268006, 10.4911788 ], [ -66.6271036, 10.4914978 ], [ -66.6276246, 10.4915428 ], [ -66.6280056, 10.4914288 ], [ -66.6284526, 10.4912998 ], [ -66.6290286, 10.4912398 ], [ -66.6292806, 10.4911698 ], [ -66.6299016, 10.4911998 ], [ -66.6301066, 10.4912268 ], [ -66.6306246, 10.4909968 ], [ -66.6309366, 10.4908418 ], [ -66.6310836, 10.4908508 ], [ -66.6317636, 10.4907528 ], [ -66.6319636, 10.4908038 ], [ -66.6324656, 10.4910108 ], [ -66.6325456, 10.4910548 ], [ -66.6325876, 10.4910788 ], [ -66.6328456, 10.4910138 ], [ -66.6334156, 10.4909278 ], [ -66.6334886, 10.4909448 ], [ -66.6337716, 10.4910208 ], [ -66.6341116, 10.4911528 ], [ -66.6342406, 10.4911818 ], [ -66.6346906, 10.4914058 ], [ -66.6350646, 10.4915188 ], [ -66.6353636, 10.4915658 ], [ -66.6358906, 10.4916228 ], [ -66.6361056, 10.4916558 ], [ -66.6367166, 10.4916718 ], [ -66.6368916, 10.4917038 ], [ -66.6375426, 10.4918158 ], [ -66.6376206, 10.4918068 ], [ -66.6383696, 10.4917318 ], [ -66.6385926, 10.4916678 ], [ -66.6391986, 10.4915448 ], [ -66.6395576, 10.4915358 ], [ -66.6400246, 10.4916138 ], [ -66.6401996, 10.4917268 ], [ -66.6403466, 10.4919058 ], [ -66.6404846, 10.4922728 ], [ -66.6407156, 10.4927458 ], [ -66.6407016, 10.4928878 ], [ -66.6406046, 10.4935828 ], [ -66.6406266, 10.4937938 ], [ -66.6408326, 10.4940368 ], [ -66.6409516, 10.4942998 ], [ -66.6410296, 10.4944228 ], [ -66.6411946, 10.4948888 ], [ -66.6413476, 10.4952628 ], [ -66.6408176, 10.4959888 ], [ -66.6400726, 10.4960088 ], [ -66.6399906, 10.4960328 ], [ -66.6393086, 10.4959398 ], [ -66.6391646, 10.4959428 ], [ -66.6383706, 10.4960778 ], [ -66.6383366, 10.4960958 ], [ -66.6377666, 10.4969108 ], [ -66.6375016, 10.4972318 ], [ -66.6366726, 10.4977398 ], [ -66.6366706, 10.4977418 ], [ -66.6366686, 10.4977428 ], [ -66.6358396, 10.4983808 ], [ -66.6354196, 10.4985678 ], [ -66.6350056, 10.4993058 ], [ -66.6348866, 10.4994018 ], [ -66.6349716, 10.4994358 ], [ -66.6350046, 10.4994428 ], [ -66.6356406, 10.4995988 ], [ -66.6358306, 10.4995978 ], [ -66.6365626, 10.4995108 ], [ -66.6366576, 10.4994848 ], [ -66.6368226, 10.4994158 ], [ -66.6374876, 10.4990268 ], [ -66.6378866, 10.4990198 ], [ -66.6383156, 10.4989628 ], [ -66.6385826, 10.4991568 ], [ -66.6387786, 10.4994308 ], [ -66.6389976, 10.4995738 ], [ -66.6391356, 10.4998148 ], [ -66.6393396, 10.5000628 ], [ -66.6393776, 10.5002728 ], [ -66.6394516, 10.5007818 ], [ -66.6395226, 10.5011108 ], [ -66.6391216, 10.5016878 ], [ -66.6388786, 10.5019438 ], [ -66.6382866, 10.5026558 ], [ -66.6375216, 10.5027088 ], [ -66.6374596, 10.5027388 ], [ -66.6373566, 10.5027698 ], [ -66.6374076, 10.5028218 ], [ -66.6374596, 10.5028168 ], [ -66.6381936, 10.5028688 ], [ -66.6382856, 10.5028348 ], [ -66.6389416, 10.5027818 ], [ -66.6391136, 10.5027008 ], [ -66.6391516, 10.5027438 ], [ -66.6399426, 10.5024358 ], [ -66.6402916, 10.5024368 ], [ -66.6407696, 10.5022928 ], [ -66.6413996, 10.5021638 ], [ -66.6415986, 10.5020768 ], [ -66.6421316, 10.5019678 ], [ -66.6424266, 10.5018958 ], [ -66.6425046, 10.5018918 ], [ -66.6432536, 10.5018278 ], [ -66.6434566, 10.5017728 ], [ -66.6440816, 10.5017208 ], [ -66.6448356, 10.5012268 ], [ -66.6449126, 10.5011758 ], [ -66.6449736, 10.5011518 ], [ -66.6457416, 10.5008658 ], [ -66.6460126, 10.5008848 ], [ -66.6465676, 10.5008818 ], [ -66.6468016, 10.5009288 ], [ -66.6473926, 10.5011008 ], [ -66.6474526, 10.5011098 ], [ -66.6475356, 10.5011708 ], [ -66.6480396, 10.5013538 ], [ -66.6482166, 10.5014688 ], [ -66.6486436, 10.5015828 ], [ -66.6490406, 10.5018438 ], [ -66.6491916, 10.5018668 ], [ -66.6493966, 10.5020218 ], [ -66.6497136, 10.5021768 ], [ -66.6498636, 10.5023248 ], [ -66.6502786, 10.5024448 ], [ -66.6506886, 10.5025958 ], [ -66.6510596, 10.5024968 ], [ -66.6515146, 10.5026578 ], [ -66.6520466, 10.5020408 ], [ -66.6523486, 10.5017228 ], [ -66.6529306, 10.5012108 ], [ -66.6545146, 10.5020738 ], [ -66.6550136, 10.5040948 ], [ -66.6526086, 10.5060708 ], [ -66.6509296, 10.5065198 ], [ -66.6508846, 10.5071488 ], [ -66.6518826, 10.5075978 ], [ -66.6529896, 10.5071578 ], [ -66.6530716, 10.5071578 ], [ -66.6535886, 10.5066188 ], [ -66.6536156, 10.5066188 ], [ -66.6542966, 10.5065918 ], [ -66.6546226, 10.5070778 ], [ -66.6553576, 10.5074278 ], [ -66.6557936, 10.5070238 ], [ -66.6560386, 10.5062958 ], [ -66.6560386, 10.5057838 ], [ -66.6563926, 10.5053258 ], [ -66.6564196, 10.5053258 ], [ -66.6576986, 10.5052988 ], [ -66.6577536, 10.5052988 ], [ -66.6590876, 10.5053798 ], [ -66.6601486, 10.5052448 ], [ -66.6602306, 10.5052448 ], [ -66.6613196, 10.5049488 ], [ -66.6613466, 10.5049218 ], [ -66.6624356, 10.5041128 ], [ -66.6638516, 10.5038438 ], [ -66.6639056, 10.5038168 ], [ -66.6647766, 10.5036818 ], [ -66.6648036, 10.5036818 ], [ -66.6656206, 10.5041398 ], [ -66.6665186, 10.5038438 ], [ -66.6666006, 10.5038168 ], [ -66.6674986, 10.5033318 ], [ -66.6684516, 10.5034938 ], [ -66.6702116, 10.5031788 ], [ -66.6717996, 10.5026848 ], [ -66.6718446, 10.5026398 ], [ -66.6732966, 10.5027298 ], [ -66.6733876, 10.5027298 ], [ -66.6753386, 10.5032238 ], [ -66.6753836, 10.5032238 ], [ -66.6769266, 10.5030438 ], [ -66.6770166, 10.5030438 ], [ -66.6779696, 10.5031788 ], [ -66.6781056, 10.5030888 ], [ -66.6791036, 10.5018768 ], [ -66.6803746, 10.4997208 ], [ -66.6804656, 10.4997208 ], [ -66.6825976, 10.4983278 ], [ -66.6826426, 10.4982828 ], [ -66.6840036, 10.4977888 ], [ -66.6854106, 10.4977888 ], [ -66.6855466, 10.4977888 ], [ -66.6871796, 10.4971598 ], [ -66.6883596, 10.4968458 ], [ -66.6902196, 10.4975188 ], [ -66.6919896, 10.4983278 ], [ -66.6931686, 10.4986868 ], [ -66.6932596, 10.4987318 ], [ -66.6943486, 10.4990458 ], [ -66.6944396, 10.4990458 ], [ -66.6959816, 10.4990458 ], [ -66.6962086, 10.4990458 ], [ -66.6987496, 10.4991358 ], [ -66.7215156, 10.4965948 ], [ -66.7449546, 10.4995488 ], [ -66.7455598, 10.5000906 ], [ -66.74571, 10.4999851 ], [ -66.7456456, 10.4994365 ], [ -66.7459889, 10.4992466 ], [ -66.7460318, 10.4988458 ], [ -66.7471262, 10.4970735 ], [ -66.7477699, 10.4968414 ], [ -66.7491861, 10.4960608 ], [ -66.7496582, 10.4961662 ], [ -66.7498513, 10.4963983 ], [ -66.7651935, 10.5051963 ], [ -66.7654725, 10.5050697 ], [ -66.7659445, 10.5049221 ], [ -66.7662235, 10.5050275 ], [ -66.7665883, 10.5052596 ], [ -66.7669316, 10.5058082 ], [ -66.7671891, 10.5063778 ], [ -66.7673178, 10.5067998 ], [ -66.7993541, 10.5024325 ], [ -66.7999756, 10.500756 ], [ -66.8009464, 10.5009486 ], [ -66.8011647, 10.5009758 ], [ -66.802943, 10.5011719 ], [ -66.8068827, 10.5012805 ], [ -66.8077799, 10.5013052 ], [ -66.8089773, 10.5009866 ], [ -66.8093528, 10.5010288 ], [ -66.8096693, 10.5009602 ], [ -66.8098731, 10.5008864 ], [ -66.8101923, 10.5008452 ], [ -66.8104632, 10.5008336 ], [ -66.8109567, 10.50086 ], [ -66.8118365, 10.5009708 ], [ -66.8140735, 10.5013769 ], [ -66.8144061, 10.5015088 ], [ -66.8147574, 10.5017261 ], [ -66.8149613, 10.5019476 ], [ -66.8151644, 10.5021957 ], [ -66.8160449, 10.5034087 ], [ -66.8166886, 10.5041102 ], [ -66.81693, 10.5043264 ], [ -66.8170641, 10.5044108 ], [ -66.8174289, 10.5044425 ], [ -66.8188505, 10.5055185 ], [ -66.8200843, 10.5064732 ], [ -66.8209396, 10.5075745 ], [ -66.8210952, 10.5078487 ], [ -66.8213557, 10.5080713 ], [ -66.8216317, 10.5082915 ], [ -66.8219535, 10.508492 ], [ -66.82245, 10.5087675 ], [ -66.8227236, 10.5089047 ], [ -66.8232356, 10.5089719 ], [ -66.8247108, 10.5090247 ], [ -66.8266742, 10.5091618 ], [ -66.8269722, 10.5092159 ], [ -66.8272512, 10.5092792 ], [ -66.8277286, 10.5093741 ], [ -66.8280505, 10.5094163 ], [ -66.8285011, 10.5094163 ], [ -66.828662, 10.5094796 ], [ -66.8287961, 10.5095587 ], [ -66.8289434, 10.5096734 ], [ -66.8296705, 10.5099596 ], [ -66.8305395, 10.5101969 ], [ -66.8311189, 10.5102127 ], [ -66.8320333, 10.5100796 ], [ -66.8332832, 10.509895 ], [ -66.8336134, 10.5098804 ], [ -66.8341444, 10.5099754 ], [ -66.8344878, 10.510102 ], [ -66.8348174, 10.5102589 ], [ -66.8353485, 10.5104751 ], [ -66.8362473, 10.510698 ], [ -66.8368266, 10.511025 ], [ -66.8373494, 10.5114562 ], [ -66.8379156, 10.5119744 ], [ -66.8383847, 10.5123739 ], [ -66.8387602, 10.5125796 ], [ -66.8390821, 10.5127009 ], [ -66.839364, 10.512755 ], [ -66.8397902, 10.512817 ], [ -66.8403588, 10.5127115 ], [ -66.8406861, 10.512606 ], [ -66.8412416, 10.5122803 ], [ -66.8418321, 10.5118676 ], [ -66.8420057, 10.5117463 ], [ -66.8421935, 10.5116461 ], [ -66.8424188, 10.5115406 ], [ -66.8426739, 10.5114628 ], [ -66.8432049, 10.5113573 ], [ -66.8435453, 10.5113771 ], [ -66.8439184, 10.5115999 ], [ -66.8441116, 10.5116843 ], [ -66.8442939, 10.5118794 ], [ -66.8444817, 10.5120798 ], [ -66.8446665, 10.5122631 ], [ -66.8449322, 10.512449 ], [ -66.8452971, 10.5125546 ], [ -66.8455438, 10.5126126 ], [ -66.8458896, 10.5126323 ], [ -66.8462329, 10.512606 ], [ -66.8465309, 10.5125704 ], [ -66.8468981, 10.5125585 ], [ -66.8472336, 10.5125809 ], [ -66.8479066, 10.5126746 ], [ -66.8487142, 10.5128815 ], [ -66.8493633, 10.5131769 ], [ -66.8499544, 10.513372 ], [ -66.8501626, 10.5134407 ], [ -66.8505674, 10.513434 ], [ -66.8511145, 10.5134024 ], [ -66.851203, 10.5134037 ], [ -66.8515573, 10.513409 ], [ -66.8518172, 10.5134313 ], [ -66.8521322, 10.5134583 ], [ -66.8522333, 10.513467 ], [ -66.8529437, 10.5135132 ], [ -66.8533597, 10.5135303 ], [ -66.8535764, 10.5134773 ], [ -66.8537967, 10.5134235 ], [ -66.8544433, 10.513314 ], [ -66.8550359, 10.5132811 ], [ -66.8561892, 10.5131334 ], [ -66.8567447, 10.513082 ], [ -66.8570827, 10.5130609 ], [ -66.8573402, 10.5131137 ], [ -66.8577825, 10.5132072 ], [ -66.8585338, 10.5132864 ], [ -66.8590796, 10.5132679 ], [ -66.8591974, 10.513416 ], [ -66.8593397, 10.5134578 ], [ -66.8594886, 10.513471 ], [ -66.8596118, 10.5134578 ], [ -66.8597971, 10.5134024 ], [ -66.8599899, 10.5133127 ], [ -66.8601928, 10.5132178 ], [ -66.8603052, 10.5131905 ], [ -66.8603454, 10.5133553 ], [ -66.8604086, 10.5133563 ], [ -66.860729, 10.5133672 ], [ -66.860749, 10.5131954 ], [ -66.8612532, 10.5132007 ], [ -66.8614097, 10.5132031 ], [ -66.8615982, 10.5132059 ], [ -66.8621558, 10.5132046 ], [ -66.862711, 10.5131637 ], [ -66.8635881, 10.5130556 ], [ -66.864999, 10.5128754 ], [ -66.8655142, 10.5128223 ], [ -66.8658412, 10.5128209 ], [ -66.8662733, 10.5128288 ], [ -66.8671718, 10.5128684 ], [ -66.8675216, 10.5128776 ], [ -66.8679135, 10.5128447 ], [ -66.8683021, 10.5127959 ], [ -66.8685623, 10.512758 ], [ -66.868507, 10.5130137 ], [ -66.868777, 10.5131114 ], [ -66.8689402, 10.5129844 ], [ -66.8691263, 10.513238 ], [ -66.869259, 10.5131342 ], [ -66.8693897, 10.5131959 ], [ -66.8697613, 10.5132343 ], [ -66.8702617, 10.513257 ], [ -66.8704158, 10.5131378 ], [ -66.8705955, 10.513151 ], [ -66.8703353, 10.5130059 ], [ -66.8693349, 10.5128345 ], [ -66.8701451, 10.5127999 ], [ -66.8713303, 10.5130359 ], [ -66.8717355, 10.5130613 ], [ -66.872087, 10.5130478 ], [ -66.8729075, 10.5129778 ], [ -66.8736826, 10.5129383 ], [ -66.8742325, 10.5129515 ], [ -66.8749138, 10.5130781 ], [ -66.8754424, 10.5131769 ], [ -66.8758314, 10.5131505 ], [ -66.8772018, 10.5130596 ], [ -66.8773173, 10.513235 ], [ -66.8775128, 10.5133655 ], [ -66.8776791, 10.5133761 ], [ -66.8778508, 10.5133655 ], [ -66.8779933, 10.5133352 ], [ -66.8784087, 10.5131809 ], [ -66.878704, 10.5131269 ], [ -66.8792697, 10.5130332 ], [ -66.8796454, 10.5130108 ], [ -66.8802138, 10.5129436 ], [ -66.8808391, 10.5127735 ], [ -66.8815844, 10.5127853 ], [ -66.882255, 10.5128645 ], [ -66.8827139, 10.5129475 ], [ -66.8831323, 10.5131505 ], [ -66.8838056, 10.5134934 ], [ -66.8841352, 10.5136424 ], [ -66.8845268, 10.5136582 ], [ -66.8848004, 10.5135422 ], [ -66.8852378, 10.5135778 ], [ -66.8858679, 10.5136213 ], [ -66.8865868, 10.5136846 ], [ -66.88807, 10.513798 ], [ -66.888153, 10.5138084 ], [ -66.8885555, 10.5138587 ], [ -66.8889686, 10.5139431 ], [ -66.8892531, 10.5140736 ], [ -66.8895482, 10.5143215 ], [ -66.8897896, 10.5146379 ], [ -66.8900417, 10.5149069 ], [ -66.890417, 10.5152379 ], [ -66.8908005, 10.5154568 ], [ -66.8911626, 10.5156519 ], [ -66.8914499, 10.5157509 ], [ -66.8919247, 10.5158511 ], [ -66.8926435, 10.516004 ], [ -66.8931447, 10.5161847 ], [ -66.8933408, 10.5163442 ], [ -66.8935205, 10.5164946 ], [ -66.8937003, 10.5166897 ], [ -66.8938236, 10.516811 ], [ -66.8940141, 10.5170061 ], [ -66.8942501, 10.5172329 ], [ -66.8947517, 10.5176601 ], [ -66.895355, 10.5179743 ], [ -66.8956448, 10.5181928 ], [ -66.8957334, 10.51833 ], [ -66.8959879, 10.5185765 ], [ -66.8964146, 10.5194798 ], [ -66.8968116, 10.5199017 ], [ -66.8970715, 10.520048 ], [ -66.8973963, 10.5201548 ], [ -66.8976616, 10.5202062 ], [ -66.8980454, 10.5202498 ], [ -66.898598, 10.5202129 ], [ -66.8990701, 10.5202182 ], [ -66.8992978, 10.5202854 ], [ -66.8996172, 10.5204502 ], [ -66.899762, 10.5205452 ], [ -66.9000059, 10.5207179 ], [ -66.9001453, 10.5208761 ], [ -66.9002341, 10.521004 ], [ -66.9003653, 10.5211978 ], [ -66.9005691, 10.5215196 ], [ -66.900832, 10.521931 ], [ -66.9010119, 10.5222065 ], [ -66.9011807, 10.5223687 ], [ -66.9013982, 10.5225547 ], [ -66.9016718, 10.5227023 ], [ -66.9020711, 10.5229278 ], [ -66.9031011, 10.523471 ], [ -66.9034713, 10.523624 ], [ -66.9037478, 10.5237044 ], [ -66.9040643, 10.5237361 ], [ -66.9043111, 10.5237466 ], [ -66.9046407, 10.5236662 ], [ -66.9049119, 10.5236042 ], [ -66.9054376, 10.523409 ], [ -66.9058775, 10.5232562 ], [ -66.9063978, 10.5231664 ], [ -66.9066982, 10.5231612 ], [ -66.9069635, 10.5231863 ], [ -66.9072317, 10.5232389 ], [ -66.9074815, 10.5233405 ], [ -66.9077872, 10.5234829 ], [ -66.9082886, 10.5237945 ], [ -66.9087635, 10.5240578 ], [ -66.9092434, 10.5241672 ], [ -66.909595, 10.5241739 ], [ -66.9099193, 10.5241145 ], [ -66.910327, 10.5239299 ], [ -66.9106972, 10.5237031 ], [ -66.9110619, 10.5234868 ], [ -66.9113546, 10.5232878 ], [ -66.9116228, 10.5231295 ], [ -66.9118427, 10.523024 ], [ -66.9121241, 10.5229226 ], [ -66.9124113, 10.5228447 ], [ -66.9127064, 10.5228342 ], [ -66.913256, 10.5228803 ], [ -66.9138222, 10.5230293 ], [ -66.9143372, 10.523061 ], [ -66.9145273, 10.5229911 ], [ -66.9146668, 10.5230543 ], [ -66.9149916, 10.5232508 ], [ -66.9159704, 10.5239985 ], [ -66.9163942, 10.5233251 ], [ -66.9163405, 10.5226271 ], [ -66.9173919, 10.5227801 ], [ -66.91729, 10.5232179 ], [ -66.9173305, 10.5235145 ], [ -66.9175904, 10.5237295 ], [ -66.9179313, 10.5240261 ], [ -66.9183361, 10.5241619 ], [ -66.9189827, 10.5242424 ], [ -66.9193875, 10.5244257 ], [ -66.9194226, 10.5246643 ], [ -66.9192051, 10.5247843 ], [ -66.9191246, 10.5249373 ], [ -66.91913, 10.5251008 ], [ -66.9192241, 10.525255 ], [ -66.9195889, 10.5254554 ], [ -66.920396, 10.5256387 ], [ -66.921665, 10.5258668 ], [ -66.9217961, 10.5261714 ], [ -66.9224428, 10.5261833 ], [ -66.9237517, 10.5262096 ], [ -66.9241079, 10.5241722 ], [ -66.9259104, 10.5251532 ], [ -66.9263219, 10.5254027 ], [ -66.9267372, 10.5256544 ], [ -66.9273373, 10.5260182 ], [ -66.9280776, 10.5263135 ], [ -66.9286462, 10.525649 ], [ -66.9288726, 10.5254319 ], [ -66.9290861, 10.5252271 ], [ -66.9294509, 10.5261659 ], [ -66.9307169, 10.5265351 ], [ -66.93194, 10.5266405 ], [ -66.932927, 10.5271363 ], [ -66.9338926, 10.5276532 ], [ -66.9349011, 10.5282861 ], [ -66.9359096, 10.5290033 ], [ -66.9370576, 10.5289295 ], [ -66.9375082, 10.5287185 ], [ -66.9379267, 10.5284443 ], [ -66.93989, 10.5291088 ], [ -66.9407483, 10.5296362 ], [ -66.9422762, 10.5309435 ], [ -66.9423379, 10.5309501 ], [ -66.9423929, 10.5309501 ], [ -66.9424506, 10.5309449 ], [ -66.9424988, 10.530933 ], [ -66.9425619, 10.5309145 ], [ -66.9426209, 10.5309 ], [ -66.9426624, 10.5308948 ], [ -66.9427054, 10.5308948 ], [ -66.9427456, 10.5309053 ], [ -66.9427858, 10.5309317 ], [ -66.942814, 10.5309594 ], [ -66.9428314, 10.5309963 ], [ -66.9428381, 10.5310332 ], [ -66.9428328, 10.53114 ], [ -66.9428287, 10.5311796 ], [ -66.9428274, 10.531231 ], [ -66.9428355, 10.5312863 ], [ -66.9428663, 10.5313285 ], [ -66.9428918, 10.5313457 ], [ -66.9429508, 10.531376 ], [ -66.9430956, 10.5313997 ], [ -66.9433183, 10.5314103 ], [ -66.9434631, 10.5314419 ], [ -66.9435462, 10.5315052 ], [ -66.9436294, 10.5315738 ], [ -66.9436696, 10.5316054 ], [ -66.9438386, 10.5317505 ], [ -66.9439003, 10.5318032 ], [ -66.9439432, 10.531819 ], [ -66.9439901, 10.5318256 ], [ -66.9442436, 10.5316608 ], [ -66.9442946, 10.5316423 ], [ -66.9443482, 10.5316423 ], [ -66.9443831, 10.5316503 ], [ -66.9444662, 10.5316463 ], [ -66.9445091, 10.5316371 ], [ -66.9445615, 10.5316054 ], [ -66.9446138, 10.5315659 ], [ -66.9446473, 10.5315421 ], [ -66.9447117, 10.5315184 ], [ -66.9447573, 10.5315079 ], [ -66.9447801, 10.5314947 ], [ -66.9448122, 10.5314736 ], [ -66.9448619, 10.5314353 ], [ -66.9449276, 10.5313866 ], [ -66.9449598, 10.5313668 ], [ -66.9450644, 10.5313219 ], [ -66.9452441, 10.5312494 ], [ -66.9453836, 10.5312046 ], [ -66.9455311, 10.5311809 ], [ -66.9457081, 10.5311571 ], [ -66.9458288, 10.5311492 ], [ -66.9459254, 10.5311519 ], [ -66.9461319, 10.5312072 ], [ -66.9462124, 10.5312442 ], [ -66.9462526, 10.5312679 ], [ -66.9462821, 10.5313074 ], [ -66.9462901, 10.5313365 ], [ -66.9462901, 10.5314182 ], [ -66.9462901, 10.5314762 ], [ -66.9462848, 10.5315448 ], [ -66.9462633, 10.5315817 ], [ -66.9461909, 10.5316397 ], [ -66.9461426, 10.5316793 ], [ -66.9461265, 10.5317215 ], [ -66.9461185, 10.5317557 ], [ -66.9461292, 10.5318454 ], [ -66.9461721, 10.5318929 ], [ -66.946207, 10.5319298 ], [ -66.9462499, 10.5319298 ], [ -66.9463491, 10.5319192 ], [ -66.9464242, 10.5319351 ], [ -66.9465235, 10.5319746 ], [ -66.94662, 10.5320458 ], [ -66.9466603, 10.5320669 ], [ -66.9467139, 10.5320801 ], [ -66.9468588, 10.5321513 ], [ -66.9469339, 10.5322278 ], [ -66.9470304, 10.5323148 ], [ -66.9470814, 10.5323807 ], [ -66.9471055, 10.5324361 ], [ -66.9471109, 10.5324967 ], [ -66.9470787, 10.5326523 ], [ -66.9470385, 10.5327314 ], [ -66.9469982, 10.5328 ], [ -66.9469821, 10.5328633 ], [ -66.9469821, 10.5329292 ], [ -66.9470063, 10.532982 ], [ -66.9470465, 10.5330215 ], [ -66.9470921, 10.5330505 ], [ -66.9471377, 10.5330505 ], [ -66.947237, 10.5330426 ], [ -66.9473442, 10.5330031 ], [ -66.9474971, 10.5328949 ], [ -66.9478431, 10.5326444 ], [ -66.9479772, 10.5325521 ], [ -66.9480926, 10.5324915 ], [ -66.9482321, 10.5324519 ], [ -66.9483823, 10.5324282 ], [ -66.9485727, 10.5324308 ], [ -66.9486639, 10.5324176 ], [ -66.9487175, 10.5323781 ], [ -66.9487605, 10.5323385 ], [ -66.9487926, 10.53227 ], [ -66.9488463, 10.5321803 ], [ -66.9488972, 10.532088 ], [ -66.9489267, 10.531972 ], [ -66.9489509, 10.5318744 ], [ -66.9489428, 10.5317215 ], [ -66.9489375, 10.5316292 ], [ -66.9489388, 10.5314433 ], [ -66.9489469, 10.5313404 ], [ -66.9489817, 10.5312547 ], [ -66.9490233, 10.5311796 ], [ -66.9490716, 10.5311176 ], [ -66.9491494, 10.5310556 ], [ -66.9492432, 10.5310042 ], [ -66.9493613, 10.5309791 ], [ -66.9494551, 10.5309791 ], [ -66.9495383, 10.5310226 ], [ -66.9496456, 10.5310912 ], [ -66.9497851, 10.5311914 ], [ -66.9499996, 10.5313813 ], [ -66.9500747, 10.5314736 ], [ -66.9501418, 10.5315184 ], [ -66.9502115, 10.5315448 ], [ -66.9502732, 10.5315553 ], [ -66.9503725, 10.531521 ], [ -66.9504181, 10.5314736 ], [ -66.9504932, 10.5314235 ], [ -66.9506031, 10.5313786 ], [ -66.9507051, 10.5313628 ], [ -66.9508284, 10.5313549 ], [ -66.9509304, 10.5313813 ], [ -66.9510242, 10.5314235 ], [ -66.951094, 10.5314841 ], [ -66.9511369, 10.5315659 ], [ -66.9511664, 10.5316582 ], [ -66.9511932, 10.5317267 ], [ -66.9512361, 10.5318058 ], [ -66.9512683, 10.5318322 ], [ -66.9513059, 10.5318375 ], [ -66.9513488, 10.5318111 ], [ -66.9513702, 10.531761 ], [ -66.9513863, 10.5316898 ], [ -66.9514158, 10.5315711 ], [ -66.9514588, 10.5314868 ], [ -66.9515365, 10.531405 ], [ -66.9516143, 10.5313417 ], [ -66.9519442, 10.5310965 ], [ -66.9520998, 10.5310016 ], [ -66.9521883, 10.5309778 ], [ -66.952309, 10.5309541 ], [ -66.9523761, 10.5309594 ], [ -66.9524539, 10.530991 ], [ -66.9525102, 10.5310596 ], [ -66.9525477, 10.5311308 ], [ -66.9525477, 10.5312046 ], [ -66.9525665, 10.5312679 ], [ -66.9526362, 10.531347 ], [ -66.9526899, 10.5313786 ], [ -66.9527972, 10.5314103 ], [ -66.9529098, 10.5314156 ], [ -66.9531485, 10.5313997 ], [ -66.9532988, 10.5313997 ], [ -66.9533846, 10.5313971 ], [ -66.9534811, 10.5313365 ], [ -66.9535428, 10.53126 ], [ -66.9535804, 10.5311809 ], [ -66.9535965, 10.5310569 ], [ -66.9535589, 10.5306719 ], [ -66.953575, 10.5306165 ], [ -66.9536394, 10.5305612 ], [ -66.9539478, 10.5303898 ], [ -66.954039, 10.5303133 ], [ -66.9541758, 10.5301762 ], [ -66.954318, 10.5300285 ], [ -66.954385, 10.5299388 ], [ -66.9544119, 10.5298914 ], [ -66.9544414, 10.5298254 ], [ -66.9544655, 10.5297701 ], [ -66.9545379, 10.5297147 ], [ -66.9545782, 10.5297147 ], [ -66.9546506, 10.5297358 ], [ -66.9547927, 10.5297991 ], [ -66.955179, 10.5299336 ], [ -66.9553936, 10.5300127 ], [ -66.9554606, 10.5300311 ], [ -66.955525, 10.5300469 ], [ -66.9555679, 10.5300496 ], [ -66.9556135, 10.5300338 ], [ -66.9556323, 10.5300074 ], [ -66.9556403, 10.529952 ], [ -66.955643, 10.5298729 ], [ -66.9556564, 10.5297912 ], [ -66.9556779, 10.5296171 ], [ -66.9557288, 10.5294615 ], [ -66.9557825, 10.5293771 ], [ -66.9558442, 10.5293033 ], [ -66.9559407, 10.5292242 ], [ -66.9560319, 10.5291635 ], [ -66.9561473, 10.5291161 ], [ -66.9562036, 10.5291082 ], [ -66.9562787, 10.5291187 ], [ -66.9563484, 10.5291609 ], [ -66.9563887, 10.5292163 ], [ -66.9564235, 10.5293086 ], [ -66.9564959, 10.5294694 ], [ -66.9565523, 10.5295433 ], [ -66.9566032, 10.5295802 ], [ -66.9567427, 10.5297068 ], [ -66.9568151, 10.529778 ], [ -66.9568715, 10.5298571 ], [ -66.9569036, 10.5299494 ], [ -66.9569117, 10.5300232 ], [ -66.9569063, 10.5302896 ], [ -66.956909, 10.5303818 ], [ -66.9569251, 10.5304425 ], [ -66.9569546, 10.5305058 ], [ -66.9569787, 10.5306456 ], [ -66.9569653, 10.5310306 ], [ -66.956968, 10.5311888 ], [ -66.956968, 10.5313285 ], [ -66.9569841, 10.5314156 ], [ -66.9570243, 10.5314604 ], [ -66.957086, 10.5314789 ], [ -66.9571745, 10.5315 ], [ -66.9573516, 10.5314973 ], [ -66.9576144, 10.5314762 ], [ -66.9576868, 10.5314894 ], [ -66.957778, 10.5315158 ], [ -66.9578907, 10.5315527 ], [ -66.9579685, 10.5315527 ], [ -66.9580302, 10.5315421 ], [ -66.9580784, 10.5315131 ], [ -66.9581509, 10.5314393 ], [ -66.958293, 10.5312837 ], [ -66.9584191, 10.5312178 ], [ -66.9585586, 10.5311809 ], [ -66.9587222, 10.5311492 ], [ -66.958867, 10.5311466 ], [ -66.9590172, 10.5311914 ], [ -66.9592157, 10.5312705 ], [ -66.959374, 10.5313022 ], [ -66.959492, 10.5313127 ], [ -66.9596717, 10.5313127 ], [ -66.9598487, 10.5312758 ], [ -66.9599855, 10.5312336 ], [ -66.9600713, 10.5311782 ], [ -66.960184, 10.5311123 ], [ -66.9603798, 10.5310385 ], [ -66.9605112, 10.5310174 ], [ -66.9606695, 10.5310042 ], [ -66.9607338, 10.5309884 ], [ -66.9607982, 10.5309699 ], [ -66.9608653, 10.5309066 ], [ -66.9609082, 10.5308381 ], [ -66.9609645, 10.5307695 ], [ -66.9610021, 10.5307378 ], [ -66.9610637, 10.5307036 ], [ -66.9611281, 10.5307036 ], [ -66.9611871, 10.5307247 ], [ -66.9612461, 10.5307669 ], [ -66.9612971, 10.5308354 ], [ -66.961332, 10.5309304 ], [ -66.9613534, 10.5310517 ], [ -66.9613481, 10.5311281 ], [ -66.961332, 10.5312125 ], [ -66.9613105, 10.5312837 ], [ -66.9613025, 10.5313338 ], [ -66.9613212, 10.5314472 ], [ -66.9613534, 10.5315501 ], [ -66.9613856, 10.5316503 ], [ -66.9614017, 10.5317267 ], [ -66.9614232, 10.5318718 ], [ -66.9614258, 10.5319852 ], [ -66.9614232, 10.5320564 ], [ -66.9613749, 10.532386 ], [ -66.9613427, 10.5324783 ], [ -66.9613427, 10.5325337 ], [ -66.9613561, 10.5325838 ], [ -66.9614071, 10.5326391 ], [ -66.9614527, 10.5326655 ], [ -66.9615063, 10.5326708 ], [ -66.9615868, 10.5326682 ], [ -66.9616511, 10.5326391 ], [ -66.9617343, 10.5325811 ], [ -66.9618443, 10.5324229 ], [ -66.961914, 10.5323148 ], [ -66.9619569, 10.5322357 ], [ -66.9622064, 10.5317689 ], [ -66.9624129, 10.531405 ], [ -66.9625041, 10.5312072 ], [ -66.9625577, 10.5311044 ], [ -66.9626141, 10.5310226 ], [ -66.9626731, 10.5309646 ], [ -66.9627321, 10.5309409 ], [ -66.9627965, 10.530933 ], [ -66.962893, 10.5309567 ], [ -66.9629279, 10.5309673 ], [ -66.9630888, 10.5310437 ], [ -66.9632283, 10.5311782 ], [ -66.9632766, 10.5312784 ], [ -66.9633999, 10.5315158 ], [ -66.963459, 10.5316819 ], [ -66.963467, 10.5317637 ], [ -66.9634885, 10.5318296 ], [ -66.9635072, 10.5318797 ], [ -66.9635555, 10.5319087 ], [ -66.963585, 10.5319192 ], [ -66.9636306, 10.5319166 ], [ -66.9637138, 10.5318639 ], [ -66.9641107, 10.5315659 ], [ -66.9642137, 10.5317225 ], [ -66.9641733, 10.531782 ], [ -66.9642502, 10.5319166 ], [ -66.9643079, 10.532001 ], [ -66.9643843, 10.532117 ], [ -66.9644246, 10.5321658 ], [ -66.9644728, 10.5322001 ], [ -66.9645345, 10.5322225 ], [ -66.9645788, 10.5322172 ], [ -66.964615, 10.5321974 ], [ -66.9646525, 10.5321632 ], [ -66.9647048, 10.5321117 ], [ -66.9647437, 10.5320735 ], [ -66.9647974, 10.532059 ], [ -66.9648671, 10.5320511 ], [ -66.9649315, 10.5320669 ], [ -66.9650415, 10.5321197 ], [ -66.9652212, 10.5322568 ], [ -66.9652829, 10.5323227 ], [ -66.9653338, 10.5324018 ], [ -66.9653553, 10.5324677 ], [ -66.9653848, 10.5325495 ], [ -66.965425, 10.5326101 ], [ -66.9655028, 10.5326761 ], [ -66.9655833, 10.5326998 ], [ -66.9656423, 10.5327038 ], [ -66.9657174, 10.5326879 ], [ -66.9657657, 10.5326761 ], [ -66.9658153, 10.5326761 ], [ -66.9658528, 10.5326892 ], [ -66.9658957, 10.5327262 ], [ -66.9659494, 10.5327631 ], [ -66.9659829, 10.5327723 ], [ -66.9660379, 10.5327697 ], [ -66.9660929, 10.5327552 ], [ -66.9661371, 10.5327288 ], [ -66.9662458, 10.5326721 ], [ -66.9663638, 10.532626 ], [ -66.966514, 10.5326101 ], [ -66.9666186, 10.5326128 ], [ -66.9667366, 10.5326471 ], [ -66.9670692, 10.532771 ], [ -66.9672355, 10.5328185 ], [ -66.9675413, 10.5328976 ], [ -66.9678015, 10.5329846 ], [ -66.9680241, 10.5325548 ], [ -66.968177, 10.5325468 ], [ -66.9682547, 10.5325653 ], [ -66.9683138, 10.5325996 ], [ -66.9683459, 10.5326312 ], [ -66.9683889, 10.5326892 ], [ -66.968421, 10.5327446 ], [ -66.9684693, 10.5328105 ], [ -66.9685444, 10.5328897 ], [ -66.9686329, 10.5329055 ], [ -66.9686973, 10.5329055 ], [ -66.9687858, 10.5328949 ], [ -66.9688475, 10.5329002 ], [ -66.9689012, 10.5329187 ], [ -66.9689253, 10.5329556 ], [ -66.968928, 10.5330268 ], [ -66.9689199, 10.5331059 ], [ -66.9688931, 10.5332799 ], [ -66.9688824, 10.533425 ], [ -66.9688797, 10.5335753 ], [ -66.9688851, 10.5337651 ], [ -66.9689038, 10.5339418 ], [ -66.9689521, 10.5341475 ], [ -66.9689897, 10.5342741 ], [ -66.969038, 10.5343558 ], [ -66.9690916, 10.5344481 ], [ -66.9691104, 10.5345246 ], [ -66.9691238, 10.5345826 ], [ -66.9691238, 10.5346855 ], [ -66.969105, 10.5347725 ], [ -66.9690701, 10.534907 ], [ -66.9690031, 10.5350863 ], [ -66.9688985, 10.5352999 ], [ -66.9687134, 10.5356295 ], [ -66.9686142, 10.5357904 ], [ -66.9685686, 10.5358457 ], [ -66.9685122, 10.5358827 ], [ -66.9684586, 10.5359169 ], [ -66.968405, 10.5359565 ], [ -66.968354, 10.5359987 ], [ -66.9682467, 10.5361384 ], [ -66.9681636, 10.5362044 ], [ -66.9680804, 10.5362677 ], [ -66.9679865, 10.5363125 ], [ -66.9678578, 10.5363863 ], [ -66.967788, 10.5364391 ], [ -66.9677156, 10.5364997 ], [ -66.9676137, 10.5366342 ], [ -66.9675493, 10.5367397 ], [ -66.9675252, 10.5368425 ], [ -66.9675332, 10.5369164 ], [ -66.9675627, 10.5369585 ], [ -66.967611, 10.5369981 ], [ -66.9676968, 10.5370245 ], [ -66.9677854, 10.5370324 ], [ -66.9678792, 10.5370166 ], [ -66.9680214, 10.5369612 ], [ -66.9681716, 10.5368663 ], [ -66.9683245, 10.5367792 ], [ -66.9684452, 10.5367344 ], [ -66.9686329, 10.5366843 ], [ -66.9689173, 10.5366157 ], [ -66.969054, 10.5365735 ], [ -66.9691131, 10.5365366 ], [ -66.9691774, 10.5364918 ], [ -66.9693786, 10.536265 ], [ -66.9694698, 10.5361859 ], [ -66.969569, 10.5361305 ], [ -66.9696575, 10.53612 ], [ -66.969736, 10.5361206 ], [ -66.9698373, 10.5361305 ], [ -66.9700223, 10.5361806 ], [ -66.9701698, 10.5362202 ], [ -66.9703013, 10.5362096 ], [ -66.9704112, 10.5361912 ], [ -66.9704756, 10.5361622 ], [ -66.9705427, 10.5361437 ], [ -66.970607, 10.5361068 ], [ -66.9707036, 10.5360277 ], [ -66.9707707, 10.5359697 ], [ -66.9708002, 10.5359301 ], [ -66.9708726, 10.5358879 ], [ -66.9709423, 10.535851 ], [ -66.9710094, 10.5358352 ], [ -66.9711623, 10.5358326 ], [ -66.9713661, 10.5358853 ], [ -66.9714412, 10.5359038 ], [ -66.9714895, 10.5359038 ], [ -66.97157, 10.5358747 ], [ -66.9716102, 10.5358352 ], [ -66.9716397, 10.5357904 ], [ -66.9716719, 10.535735 ], [ -66.9717148, 10.5356822 ], [ -66.9717577, 10.5356348 ], [ -66.9717953, 10.5355979 ], [ -66.9718288, 10.5355834 ], [ -66.9718811, 10.5355768 ], [ -66.9719589, 10.5355741 ], [ -66.9720058, 10.5355741 ], [ -66.9720501, 10.5355689 ], [ -66.9720809, 10.5355504 ], [ -66.9721238, 10.5355095 ], [ -66.9721748, 10.5354686 ], [ -66.9722097, 10.5354462 ], [ -66.9722405, 10.5354317 ], [ -66.9722928, 10.5354225 ], [ -66.9723371, 10.5354199 ], [ -66.9724363, 10.5354159 ], [ -66.9725329, 10.5354396 ], [ -66.9726616, 10.5354713 ], [ -66.9728091, 10.5355003 ], [ -66.973013, 10.5355188 ], [ -66.9732061, 10.5355346 ], [ -66.9733912, 10.5355425 ], [ -66.9735226, 10.5355478 ], [ -66.9736272, 10.5355741 ], [ -66.9736621, 10.53559 ], [ -66.973713, 10.5356506 ], [ -66.9737586, 10.535706 ], [ -66.973823, 10.5357508 ], [ -66.9738981, 10.5357904 ], [ -66.9739625, 10.5357983 ], [ -66.9740027, 10.5357825 ], [ -66.9740269, 10.5357376 ], [ -66.9740403, 10.5356532 ], [ -66.9740939, 10.5354001 ], [ -66.974684, 10.5355451 ], [ -66.9749415, 10.535611 ], [ -66.9751668, 10.5356875 ], [ -66.9750407, 10.5359248 ], [ -66.9750112, 10.5360251 ], [ -66.9749898, 10.5361121 ], [ -66.9749925, 10.5362439 ], [ -66.9750005, 10.5363336 ], [ -66.97503, 10.5364021 ], [ -66.9750461, 10.5364522 ], [ -66.9754028, 10.5363679 ], [ -66.9756241, 10.5363072 ], [ -66.9756161, 10.5363599 ], [ -66.9755933, 10.5363942 ], [ -66.9755611, 10.5364259 ], [ -66.9755101, 10.536447 ], [ -66.9754659, 10.5364549 ], [ -66.9754136, 10.5364667 ], [ -66.9753706, 10.5364918 ], [ -66.9753465, 10.5365103 ], [ -66.9752835, 10.5365749 ], [ -66.9752258, 10.5366461 ], [ -66.9751279, 10.5367436 ], [ -66.9750528, 10.5368241 ], [ -66.9749388, 10.5369295 ], [ -66.9747484, 10.5370904 ], [ -66.9744185, 10.5374517 ], [ -66.974287, 10.537536 ], [ -66.974169, 10.5375809 ], [ -66.9740161, 10.5376573 ], [ -66.9739249, 10.5376995 ], [ -66.9738686, 10.5377523 ], [ -66.9738257, 10.5377918 ], [ -66.9737801, 10.5378841 ], [ -66.9737586, 10.5379764 ], [ -66.973756, 10.5380292 ], [ -66.9737747, 10.538103 ], [ -66.9738176, 10.5381689 ], [ -66.9739035, 10.5382137 ], [ -66.9740751, 10.5382929 ], [ -66.9742039, 10.5383535 ], [ -66.9743192, 10.5384194 ], [ -66.9744319, 10.5384511 ], [ -66.9745392, 10.5384537 ], [ -66.9747162, 10.5384405 ], [ -66.9751561, 10.5384142 ], [ -66.9752768, 10.5383799 ], [ -66.9753706, 10.5383192 ], [ -66.9754136, 10.538248 ], [ -66.9754323, 10.5381478 ], [ -66.9754538, 10.537987 ], [ -66.975486, 10.5378498 ], [ -66.9755262, 10.537747 ], [ -66.975553, 10.5376494 ], [ -66.9755664, 10.5375519 ], [ -66.9755825, 10.5374095 ], [ -66.9755825, 10.5373304 ], [ -66.9755504, 10.5371537 ], [ -66.9755423, 10.5371247 ], [ -66.9755101, 10.5369928 ], [ -66.9755128, 10.5369322 ], [ -66.9755477, 10.5368531 ], [ -66.9756094, 10.5367792 ], [ -66.9756791, 10.5367054 ], [ -66.9757783, 10.5366184 ], [ -66.9759178, 10.536563 ], [ -66.9760492, 10.5365182 ], [ -66.976229, 10.5364232 ], [ -66.9763657, 10.5363415 ], [ -66.9766045, 10.5362281 ], [ -66.9767359, 10.5361648 ], [ -66.9768566, 10.5361226 ], [ -66.9769424, 10.5361042 ], [ -66.9770497, 10.5361042 ], [ -66.977157, 10.5361226 ], [ -66.9772321, 10.5361411 ], [ -66.9773126, 10.5361595 ], [ -66.9774708, 10.5361516 ], [ -66.9775888, 10.5361358 ], [ -66.9777069, 10.5361411 ], [ -66.9777739, 10.5361648 ], [ -66.9778383, 10.5362044 ], [ -66.9779027, 10.5362466 ], [ -66.9778436, 10.5363573 ], [ -66.9777954, 10.5364298 ], [ -66.9777149, 10.5365169 ], [ -66.9775312, 10.5367133 ], [ -66.9772536, 10.5370034 ], [ -66.9770953, 10.5371827 ], [ -66.9769907, 10.5373251 ], [ -66.9769317, 10.5373936 ], [ -66.976862, 10.5374912 ], [ -66.9768029, 10.5375835 ], [ -66.9767681, 10.5376415 ], [ -66.9767037, 10.5377285 ], [ -66.9766501, 10.5377707 ], [ -66.976516, 10.5379184 ], [ -66.9764543, 10.5379949 ], [ -66.976406, 10.5380634 ], [ -66.9763657, 10.5381215 ], [ -66.9763497, 10.5381926 ], [ -66.9763362, 10.5382375 ], [ -66.9763443, 10.5382902 ], [ -66.9763657, 10.5383271 ], [ -66.9763953, 10.5383641 ], [ -66.9764207, 10.5383825 ], [ -66.9764596, 10.5383799 ], [ -66.9764811, 10.5383601 ], [ -66.9765079, 10.53831 ], [ -66.9765911, 10.5381228 ], [ -66.9766286, 10.5380674 ], [ -66.9766688, 10.538041 ], [ -66.9767077, 10.5380265 ], [ -66.9767654, 10.538016 ], [ -66.9769035, 10.5380067 ], [ -66.976988, 10.5380094 ], [ -66.9770618, 10.5380094 ], [ -66.977149, 10.5379949 ], [ -66.9772321, 10.5379672 ], [ -66.9772817, 10.5379527 ], [ -66.9773367, 10.5379382 ], [ -66.9774239, 10.5379329 ], [ -66.9775191, 10.5379316 ], [ -66.9775942, 10.5379461 ], [ -66.9777685, 10.5379817 ], [ -66.9778705, 10.5380292 ], [ -66.9779134, 10.5380687 ], [ -66.9779778, 10.5381188 ], [ -66.978069, 10.5381689 ], [ -66.9781601, 10.5382032 ], [ -66.9782245, 10.5382032 ], [ -66.9784471, 10.5381452 ], [ -66.9785289, 10.5381083 ], [ -66.9785799, 10.5380898 ], [ -66.9786416, 10.5380727 ], [ -66.9786966, 10.5380687 ], [ -66.9787408, 10.5380687 ], [ -66.9787931, 10.5380819 ], [ -66.9788414, 10.5380964 ], [ -66.9789058, 10.5381096 ], [ -66.9791847, 10.5381953 ], [ -66.9794825, 10.5383245 ], [ -66.979681, 10.5384379 ], [ -66.9799331, 10.5385882 ], [ -66.9800752, 10.5386488 ], [ -66.9801933, 10.5386937 ], [ -66.9803488, 10.5387332 ], [ -66.9806036, 10.5387781 ], [ -66.9808289, 10.5388202 ], [ -66.9809711, 10.5388677 ], [ -66.9810516, 10.5389125 ], [ -66.9811401, 10.5389732 ], [ -66.981191, 10.5390365 ], [ -66.9813117, 10.5392395 ], [ -66.9813707, 10.5393503 ], [ -66.9814029, 10.5393977 ], [ -66.9814673, 10.5394478 ], [ -66.981529, 10.5394927 ], [ -66.9815961, 10.539548 ], [ -66.9816256, 10.5395929 ], [ -66.9816577, 10.5396852 ], [ -66.9816765, 10.5397616 ], [ -66.9817007, 10.5399014 ], [ -66.9817141, 10.540028 ], [ -66.9817114, 10.5402337 ], [ -66.9817168, 10.5403207 ], [ -66.9817382, 10.5404024 ], [ -66.9817704, 10.5404657 ], [ -66.9818079, 10.5405158 ], [ -66.9818884, 10.5405633 ], [ -66.9819367, 10.5405817 ], [ -66.9820413, 10.5405817 ], [ -66.982154, 10.5405738 ], [ -66.9822425, 10.5405369 ], [ -66.9823954, 10.540442 ], [ -66.9824865, 10.5403971 ], [ -66.9825912, 10.5403761 ], [ -66.9827092, 10.5403629 ], [ -66.9828352, 10.5403734 ], [ -66.9830176, 10.5404156 ], [ -66.9832027, 10.5404842 ], [ -66.983369, 10.5405527 ], [ -66.9834736, 10.5405949 ], [ -66.983538, 10.5406397 ], [ -66.9835782, 10.5406859 ], [ -66.9838759, 10.5412278 ], [ -66.9839671, 10.5413596 ], [ -66.9840288, 10.5414256 ], [ -66.9840851, 10.5414757 ], [ -66.9841683, 10.5414941 ], [ -66.9842139, 10.5414783 ], [ -66.9842568, 10.541444 ], [ -66.984297, 10.5413755 ], [ -66.9843641, 10.5412858 ], [ -66.9843936, 10.5412515 ], [ -66.9845223, 10.541154 ], [ -66.9848388, 10.54103 ], [ -66.9849327, 10.5410089 ], [ -66.9850212, 10.541001 ], [ -66.985091, 10.5410116 ], [ -66.9851714, 10.5410379 ], [ -66.9852975, 10.5410986 ], [ -66.9855148, 10.5412726 ], [ -66.9858661, 10.54156 ], [ -66.9859707, 10.541655 ], [ -66.9860941, 10.5417921 ], [ -66.9861826, 10.5419187 ], [ -66.9862282, 10.5419951 ], [ -66.9862792, 10.5420901 ], [ -66.9863141, 10.5421639 ], [ -66.9863516, 10.5422035 ], [ -66.9864106, 10.5422404 ], [ -66.9865528, 10.5423063 ], [ -66.9866735, 10.5423775 ], [ -66.9867781, 10.5424302 ], [ -66.9868693, 10.5425014 ], [ -66.9869363, 10.54257 ], [ -66.9870919, 10.5427256 ], [ -66.9874433, 10.5431185 ], [ -66.9875854, 10.5432793 ], [ -66.987635, 10.5433413 ], [ -66.9876659, 10.5433756 ], [ -66.9876994, 10.5433953 ], [ -66.9877557, 10.5434191 ], [ -66.9877946, 10.5434389 ], [ -66.9878308, 10.5434613 ], [ -66.9878818, 10.5435127 ], [ -66.9879086, 10.5435641 ], [ -66.9879194, 10.5436023 ], [ -66.9879234, 10.5436669 ], [ -66.9878764, 10.5442154 ], [ -66.9878724, 10.544284 ], [ -66.9878791, 10.544346 ], [ -66.9879006, 10.5444145 ], [ -66.9879301, 10.5444699 ], [ -66.9879636, 10.5445174 ], [ -66.9880119, 10.5445543 ], [ -66.9880334, 10.5445688 ], [ -66.9881031, 10.5445859 ], [ -66.9881447, 10.5445859 ], [ -66.9882144, 10.5445885 ], [ -66.9882801, 10.5446057 ], [ -66.988315, 10.5446202 ], [ -66.9885014, 10.5446914 ], [ -66.9886717, 10.5447652 ], [ -66.9888085, 10.5448325 ], [ -66.9889332, 10.5449063 ], [ -66.9889694, 10.54493 ], [ -66.9889949, 10.5449617 ], [ -66.9890083, 10.5449828 ], [ -66.9890995, 10.5453058 ], [ -66.9891746, 10.545551 ], [ -66.9891827, 10.5456024 ], [ -66.9891867, 10.5456446 ], [ -66.9891706, 10.545762 ], [ -66.9891572, 10.5458345 ], [ -66.9891465, 10.545882 ], [ -66.9891344, 10.545936 ], [ -66.989129, 10.5459861 ], [ -66.9891357, 10.5460257 ], [ -66.989188, 10.5461074 ], [ -66.9892457, 10.5461839 ], [ -66.9893691, 10.546321 ], [ -66.9894227, 10.5463711 ], [ -66.9894603, 10.5464199 ], [ -66.9894844, 10.5464568 ], [ -66.9895273, 10.5465372 ], [ -66.9895796, 10.5467073 ], [ -66.9896159, 10.5467785 ], [ -66.9896776, 10.5468418 ], [ -66.9897392, 10.5468787 ], [ -66.9898143, 10.5469051 ], [ -66.9898921, 10.5469235 ], [ -66.9899511, 10.5469446 ], [ -66.9899967, 10.5469815 ], [ -66.9900262, 10.547029 ], [ -66.9901335, 10.547327 ], [ -66.9901899, 10.5474456 ], [ -66.9902435, 10.5475247 ], [ -66.9902891, 10.5475959 ], [ -66.9903106, 10.5476619 ], [ -66.9903266, 10.5477199 ], [ -66.9903964, 10.548184 ], [ -66.9904313, 10.5484292 ], [ -66.9904286, 10.5484977 ], [ -66.9904085, 10.5485413 ], [ -66.9903722, 10.5485782 ], [ -66.9902395, 10.5486454 ], [ -66.9901671, 10.5486902 ], [ -66.9901174, 10.5487272 ], [ -66.9900866, 10.548768 ], [ -66.9900598, 10.5488181 ], [ -66.9899873, 10.5489381 ], [ -66.9899471, 10.5489961 ], [ -66.9899055, 10.5490409 ], [ -66.9898385, 10.5490871 ], [ -66.9896802, 10.5491662 ], [ -66.9896252, 10.5492031 ], [ -66.9895796, 10.5492466 ], [ -66.9895314, 10.5493112 ], [ -66.9895139, 10.5493561 ], [ -66.9895045, 10.5494127 ], [ -66.9895113, 10.5495064 ], [ -66.9895354, 10.5495789 ], [ -66.9895569, 10.5496329 ], [ -66.9895971, 10.5496923 ], [ -66.9896708, 10.5497793 ], [ -66.9897218, 10.5498149 ], [ -66.9897875, 10.5498465 ], [ -66.9898506, 10.5498518 ], [ -66.989935, 10.5498518 ], [ -66.9900383, 10.5498346 ], [ -66.9901577, 10.5498043 ], [ -66.9902448, 10.5497634 ], [ -66.9903521, 10.5496975 ], [ -66.9904742, 10.5496105 ], [ -66.9905251, 10.5495868 ], [ -66.9905895, 10.5495723 ], [ -66.9906579, 10.5495683 ], [ -66.9907169, 10.5495762 ], [ -66.9908255, 10.5496171 ], [ -66.9911286, 10.5497648 ], [ -66.9911943, 10.5498188 ], [ -66.991252, 10.5498689 ], [ -66.9912922, 10.549919 ], [ -66.9913352, 10.5499559 ], [ -66.9914022, 10.5499994 ], [ -66.9914773, 10.5500324 ], [ -66.9915846, 10.5500522 ], [ -66.9920915, 10.5501155 ], [ -66.992176, 10.5501234 ], [ -66.9922686, 10.5501445 ], [ -66.9923222, 10.5501669 ], [ -66.9923504, 10.5501867 ], [ -66.9923772, 10.550217 ], [ -66.9923933, 10.55025 ], [ -66.992408, 10.5503093 ], [ -66.9924067, 10.5503884 ], [ -66.9923732, 10.5505598 ], [ -66.9923115, 10.5508142 ], [ -66.992294, 10.5509224 ], [ -66.9922873, 10.5510094 ], [ -66.99229, 10.5511702 ], [ -66.9923048, 10.5513442 ], [ -66.9923235, 10.551455 ], [ -66.9923437, 10.5515499 ], [ -66.9923678, 10.5516356 ], [ -66.9924161, 10.5517912 ], [ -66.9926146, 10.5525823 ], [ -66.9927245, 10.5531149 ], [ -66.9927648, 10.5534155 ], [ -66.9928104, 10.5537504 ], [ -66.9928426, 10.5539059 ], [ -66.9928962, 10.554051 ], [ -66.9930062, 10.5542408 ], [ -66.993092, 10.5543489 ], [ -66.9931456, 10.5544439 ], [ -66.9931725, 10.5545282 ], [ -66.9931939, 10.5546522 ], [ -66.9932087, 10.5548091 ], [ -66.9932114, 10.5549066 ], [ -66.9932181, 10.554962 ], [ -66.9932248, 10.5550108 ], [ -66.9932556, 10.5550582 ], [ -66.9932985, 10.5550899 ], [ -66.9934058, 10.5551505 ], [ -66.993501, 10.5551901 ], [ -66.9935533, 10.5552046 ], [ -66.9936432, 10.5552191 ], [ -66.9937183, 10.5552164 ], [ -66.9940549, 10.5551756 ], [ -66.9948716, 10.5550793 ], [ -66.9950929, 10.5550437 ], [ -66.9951828, 10.5550253 ], [ -66.9952673, 10.5550095 ], [ -66.9953866, 10.5549936 ], [ -66.9954711, 10.5549923 ], [ -66.9955583, 10.5549989 ], [ -66.9956173, 10.555024 ], [ -66.9956562, 10.5550582 ], [ -66.9956884, 10.5551004 ], [ -66.9957688, 10.5551967 ], [ -66.9958238, 10.5552626 ], [ -66.9959338, 10.555372 ], [ -66.9961444, 10.5555592 ], [ -66.9962811, 10.5556739 ], [ -66.9963603, 10.5557689 ], [ -66.9964676, 10.5559178 ], [ -66.996658, 10.5562316 ], [ -66.9968122, 10.5565164 ], [ -66.9968578, 10.5566087 ], [ -66.996894, 10.5567036 ], [ -66.9969879, 10.5569449 ], [ -66.9970483, 10.5570807 ], [ -66.9971301, 10.557256 ], [ -66.9973031, 10.557583 ], [ -66.9974533, 10.5578295 ], [ -66.9976236, 10.5581525 ], [ -66.9976906, 10.5582646 ], [ -66.9978368, 10.5584663 ], [ -66.9979307, 10.5585415 ], [ -66.9977081, 10.5589449 ], [ -66.9983679, 10.5593931 ], [ -66.9985181, 10.5594802 ], [ -66.9986281, 10.5595461 ], [ -66.99873, 10.5595724 ], [ -66.9988936, 10.5595988 ], [ -66.9989312, 10.5591374 ], [ -66.9990143, 10.5591057 ], [ -66.9991833, 10.5590411 ], [ -66.9992825, 10.5590187 ], [ -66.9994234, 10.5590069 ], [ -66.9996513, 10.5590095 ], [ -66.9997613, 10.5590359 ], [ -66.9998163, 10.5590609 ] ] ] } }
]
}
