{
"type": "FeatureCollection",
"name": "la-guaira_watch_segments",
"crs": { "type": "name", "properties": { "name": "urn:ogc:def:crs:OGC:1.3:CRS84" } },
"features": [
{ "type": "Feature", "properties": { "name": "Carretera Petare - Santa Lucía", "ref": "L-4", "highway": "primary", "length_km": 0.287 }, "geometry": { "type": "LineString", "coordinates": [ [ -66.721004013644887, 10.425333880091555 ], [ -66.7216765, 10.4253619 ], [ -66.7220027, 10.4254294 ], [ -66.7223374, 10.4255729 ], [ -66.723370967147702, 10.426268830501556 ] ] } },
{ "type": "Feature", "properties": { "name": "Carretera Petare - Santa Lucía", "ref": "L-4", "highway": "primary", "length_km": 0.217 }, "geometry": { "type": "LineString", "coordinates": [ [ -66.725590219276853, 10.426521515673635 ], [ -66.7260539, 10.4264255 ], [ -66.7264144, 10.4263411 ], [ -66.7267234, 10.4263411 ], [ -66.7271697, 10.4264508 ], [ -66.7273219, 10.4264949 ], [ -66.727522315868725, 10.426552986382429 ] ] } },
{ "type": "Feature", "properties": { "name": "Carretera Petare - Santa Lucía", "ref": "L-4", "highway": "primary", "length_km": 0.139 }, "geometry": { "type": "LineString", "coordinates": [ [ -66.755635443839822, 10.447678815504148 ], [ -66.7557741, 10.447683 ], [ -66.7560102, 10.4477466 ], [ -66.7561948, 10.4478875 ], [ -66.7563258, 10.448047 ], [ -66.7564088, 10.4482601 ], [ -66.756414385678127, 10.448474547429759 ] ] } },
{ "type": "Feature", "properties": { "name": "Carretera Vieja Petare - Guarenas", "ref": "L-12", "highway": "secondary", "length_km": 0.166 }, "geometry": { "type": "LineString", "coordinates": [ [ -66.7223895, 10.4775326 ], [ -66.7220014, 10.477458 ], [ -66.721561, 10.4773808 ], [ -66.7210399, 10.4772822 ], [ -66.720899204767974, 10.477259236800352 ] ] } },
{ "type": "Feature", "properties": { "name": "Carretera Vieja Petare - Guarenas", "ref": "L-12", "highway": "secondary", "length_km": 0.161 }, "geometry": { "type": "LineString", "coordinates": [ [ -66.7666903, 10.4766804 ], [ -66.766685400000014, 10.4765803 ], [ -66.766672, 10.4764669 ], [ -66.7666492, 10.4763588 ], [ -66.7666134, 10.4762933 ], [ -66.7665821, 10.4762374 ], [ -66.766554, 10.4762032 ], [ -66.7665059, 10.4761643 ], [ -66.7664322, 10.4761219 ], [ -66.7663219, 10.4760655 ], [ -66.7662402, 10.476033 ], [ -66.7661423, 10.4759961 ], [ -66.7660387, 10.4759708 ], [ -66.765926300000018, 10.4759539 ], [ -66.7658065, 10.4759615 ], [ -66.7656851, 10.4760478 ] ] } },
{ "type": "Feature", "properties": { "name": "Vía Seminario", "ref": "R-42", "highway": "secondary", "length_km": 0.276 }, "geometry": { "type": "LineString", "coordinates": [ [ -66.835854509841326, 10.431670580507468 ], [ -66.835904, 10.4316913 ], [ -66.836055, 10.4317671 ], [ -66.8363036, 10.431953 ], [ -66.8365745, 10.432164 ], [ -66.8366281, 10.4321974 ], [ -66.8366878, 10.4322307 ], [ -66.836758, 10.4322611 ], [ -66.8368429, 10.4322945 ], [ -66.8369204, 10.4323219 ], [ -66.8369566, 10.4323317 ], [ -66.8370113, 10.4323445 ], [ -66.8370714, 10.4323549 ], [ -66.8371362, 10.4323637 ], [ -66.83721, 10.4323631 ], [ -66.8372562, 10.432358 ], [ -66.8373145, 10.4323508 ], [ -66.8374004, 10.4323455 ], [ -66.8374858, 10.4323441 ], [ -66.8375658, 10.4323499 ], [ -66.837658, 10.4323618 ], [ -66.837728, 10.4323848 ], [ -66.8378117, 10.4324123 ], [ -66.83788370000002, 10.4324553 ], [ -66.8379449, 10.4325074 ], [ -66.8380194, 10.4325724 ], [ -66.8380876, 10.4326273 ] ] } },
{ "type": "Feature", "properties": { "name": "Avenida Sur 7", "ref": "R-42", "highway": "secondary", "length_km": 0.054 }, "geometry": { "type": "LineString", "coordinates": [ [ -66.8380876, 10.4326273 ], [ -66.8380167, 10.432752 ], [ -66.8379525, 10.4328663 ], [ -66.837909, 10.4329611 ], [ -66.8378778, 10.4330647 ] ] } },
{ "type": "Feature", "properties": { "name": "Carretera Vieja Caracas - Guarenas", "ref": "L-12", "highway": "secondary", "length_km": 0.112 }, "geometry": { "type": "LineString", "coordinates": [ [ -66.7223895, 10.4775326 ], [ -66.7225361, 10.477583 ], [ -66.7226997, 10.4776463 ], [ -66.7228472, 10.4777359 ], [ -66.7229733, 10.4778203 ], [ -66.7230886, 10.4779337 ], [ -66.7232094, 10.478026 ], [ -66.7232509, 10.4780511 ] ] } },
{ "type": "Feature", "properties": { "name": "Rampa de Los Trailes", "ref": null, "highway": "motorway", "length_km": 0.264 }, "geometry": { "type": "LineString", "coordinates": [ [ -66.7232509, 10.4780511 ], [ -66.7231879, 10.478084 ], [ -66.7229412, 10.478055 ], [ -66.7227909, 10.478063 ], [ -66.7225871, 10.4780524 ], [ -66.722394, 10.4780339 ], [ -66.7221391, 10.4779575 ], [ -66.721911100000014, 10.4779047 ], [ -66.7216456, 10.4778309 ], [ -66.7214042, 10.4777887 ], [ -66.7211655, 10.4777465 ], [ -66.7209348, 10.4777043 ], [ -66.720895995783181, 10.477698071204701 ] ] } },
{ "type": "Feature", "properties": { "name": null, "ref": null, "highway": "secondary", "length_km": 0.053 }, "geometry": { "type": "LineString", "coordinates": [ [ -66.7232509, 10.4780511 ], [ -66.7235085, 10.4781694 ], [ -66.7236319, 10.4781589 ], [ -66.7237006, 10.4781337 ] ] } },
{ "type": "Feature", "properties": { "name": "Autopista Gran Mariscal de Ayacucho", "ref": "T-9", "highway": "motorway", "length_km": 0.345 }, "geometry": { "type": "LineString", "coordinates": [ [ -66.7237061, 10.4792381 ], [ -66.7226417, 10.4786612 ], [ -66.7216375, 10.478121 ], [ -66.7214359, 10.4780389 ], [ -66.7212487, 10.4779627 ], [ -66.720894964641886, 10.477839077497391 ] ] } },
{ "type": "Feature", "properties": { "name": "Carretera Vieja Caracas - Guarenas", "ref": "L-12", "highway": "secondary", "length_km": 0.293 }, "geometry": { "type": "LineString", "coordinates": [ [ -66.7242634, 10.4791549 ], [ -66.72425, 10.4790414 ], [ -66.7242312, 10.4789651 ], [ -66.7241535, 10.4788331 ], [ -66.7240847, 10.4787078 ], [ -66.7239882, 10.4785556 ], [ -66.7238584, 10.478358 ], [ -66.723782, 10.478222 ], [ -66.7237006, 10.4781337 ], [ -66.7235863, 10.4779914 ], [ -66.7234642, 10.4778904 ], [ -66.7233726, 10.4778455 ], [ -66.7232945, 10.4778006 ], [ -66.7232188, 10.477757 ], [ -66.7231218, 10.4777077 ], [ -66.7229899, 10.4776552 ], [ -66.7229058, 10.4776351 ], [ -66.7226761, 10.4775785 ], [ -66.7223895, 10.4775326 ] ] } },
{ "type": "Feature", "properties": { "name": "Autopista Gran Mariscal de Ayacucho", "ref": "T-9", "highway": "motorway", "length_km": 0.345 }, "geometry": { "type": "LineString", "coordinates": [ [ -66.720894117704091, 10.477954892867395 ], [ -66.7209965, 10.4779865 ], [ -66.7215625, 10.4782186 ], [ -66.7235229, 10.4792745 ], [ -66.7237003, 10.4793701 ] ] } },
{ "type": "Feature", "properties": { "name": "Carretera Vieja Caracas - Guarenas", "ref": "L-12", "highway": "secondary", "length_km": 0.114 }, "geometry": { "type": "LineString", "coordinates": [ [ -66.7236306746221, 10.478344560537725 ], [ -66.723727, 10.4784375 ], [ -66.7238826, 10.4786036 ], [ -66.7240623, 10.4788674 ], [ -66.7241669, 10.4790257 ], [ -66.7242634, 10.4791549 ] ] } },
{ "type": "Feature", "properties": { "name": "Carretera Vieja Petare - Guarenas", "ref": "L-12", "highway": "secondary", "length_km": 0.05 }, "geometry": { "type": "LineString", "coordinates": [ [ -66.76629212316054, 10.482089903761562 ], [ -66.7662935, 10.4821058 ], [ -66.7663123, 10.4823225 ], [ -66.766281, 10.4824507 ], [ -66.7662529, 10.4825283 ] ] } },
{ "type": "Feature", "properties": { "name": "Viaducto El Aguacate", "ref": "T-9", "highway": "motorway", "length_km": 0.094 }, "geometry": { "type": "LineString", "coordinates": [ [ -66.724459529252997, 10.479641626161698 ], [ -66.7237061, 10.4792381 ] ] } },
{ "type": "Feature", "properties": { "name": "Viaducto El Aguacate", "ref": "T-9", "highway": "motorway", "length_km": 0.106 }, "geometry": { "type": "LineString", "coordinates": [ [ -66.7237003, 10.4793701 ], [ -66.724509900000015, 10.4797976 ], [ -66.724557688517152, 10.479822829607121 ] ] } },
{ "type": "Feature", "properties": { "name": "Carretera Vieja Petare - Guarenas", "ref": "L-12", "highway": "secondary", "length_km": 0.158 }, "geometry": { "type": "LineString", "coordinates": [ [ -66.724616337703949, 10.480917419473228 ], [ -66.724583, 10.4808661 ], [ -66.7245018, 10.4806814 ], [ -66.7244593, 10.4805222 ], [ -66.72446, 10.4802816 ], [ -66.7244352, 10.4800543 ], [ -66.7244103, 10.4798287 ], [ -66.724362444552085, 10.479523999273876 ] ] } },
{ "type": "Feature", "properties": { "name": "Autopista Gran Mariscal de Ayacucho", "ref": "T-9", "highway": "motorway", "length_km": 0.68 }, "geometry": { "type": "LineString", "coordinates": [ [ -66.726083989466488, 10.480517340474069 ], [ -66.7262267, 10.4805712 ], [ -66.7266326, 10.4807169 ], [ -66.7274736, 10.4809333 ], [ -66.7283611, 10.4811659 ], [ -66.729227, 10.4813251 ], [ -66.7298046, 10.4813976 ], [ -66.7303836, 10.4814125 ], [ -66.7312383, 10.4813659 ], [ -66.7317805, 10.4812963 ], [ -66.732164324967059, 10.481203513912327 ] ] } },
{ "type": "Feature", "properties": { "name": "Autopista Gran Mariscal de Ayacucho", "ref": "T-9", "highway": "motorway", "length_km": 0.252 }, "geometry": { "type": "LineString", "coordinates": [ [ -66.735774311358966, 10.481234938545999 ], [ -66.7363005, 10.4815457 ], [ -66.736794, 10.48182 ], [ -66.7373412, 10.4820521 ], [ -66.7378562, 10.4821576 ] ] } },
{ "type": "Feature", "properties": { "name": "Carretera Vieja Petare - Guarenas", "ref": "L-12", "highway": "secondary", "length_km": 0.476 }, "geometry": { "type": "LineString", "coordinates": [ [ -66.780369577810802, 10.486154656477613 ], [ -66.7803526, 10.4860765 ], [ -66.780346, 10.4859832 ], [ -66.7803472, 10.4858971 ], [ -66.7803606, 10.4857811 ], [ -66.7803901, 10.4856756 ], [ -66.7804293, 10.4855847 ], [ -66.780484, 10.485491 ], [ -66.7805611, 10.4854182 ], [ -66.7806637, 10.4853538 ], [ -66.7807844, 10.4852984 ], [ -66.7809078, 10.4852615 ], [ -66.7810151, 10.4852351 ], [ -66.7811304, 10.4852219 ], [ -66.7813611, 10.4851771 ], [ -66.7814282, 10.4851771 ], [ -66.7814899, 10.485164 ], [ -66.7817194, 10.4851293 ], [ -66.7819217, 10.4850637 ], [ -66.7819941, 10.4850426 ], [ -66.7820585, 10.4850321 ], [ -66.782147, 10.4850189 ], [ -66.7822596, 10.4849925 ], [ -66.7823737, 10.4849431 ], [ -66.782492, 10.4848698 ], [ -66.7825927, 10.4847768 ], [ -66.782658, 10.4846919 ], [ -66.7827001, 10.4846045 ], [ -66.7827312, 10.4845171 ], [ -66.7827398, 10.4844228 ], [ -66.7827282, 10.4843122 ], [ -66.7827067, 10.4842165 ], [ -66.782665, 10.4841351 ], [ -66.7826226, 10.4840619 ], [ -66.7825783, 10.4840113 ], [ -66.7825118, 10.483956 ], [ -66.7824045, 10.4838835 ], [ -66.7822932, 10.4838241 ], [ -66.782131328714044, 10.483747820260614 ] ] } },
{ "type": "Feature", "properties": { "name": "Carretera Vieja Petare - Guarenas", "ref": "L-12", "highway": "secondary", "length_km": 0.376 }, "geometry": { "type": "LineString", "coordinates": [ [ -66.778595804396431, 10.482360795874463 ], [ -66.7782903, 10.4823097 ], [ -66.7779904, 10.4822471 ], [ -66.7772026, 10.4821394 ], [ -66.7769574, 10.4821175 ], [ -66.7768523, 10.482094 ], [ -66.7764601, 10.4819988 ], [ -66.775861, 10.4818326 ], [ -66.7755113, 10.4817196 ], [ -66.7753013, 10.4816712 ], [ -66.775244732422863, 10.481663345861389 ] ] } },
{ "type": "Feature", "properties": { "name": "Carretera Vieja Petare - Guarenas", "ref": "L-12", "highway": "secondary", "length_km": 1.284 }, "geometry": { "type": "LineString", "coordinates": [ [ -66.774644757051348, 10.481686031822708 ], [ -66.7741693, 10.4817883 ], [ -66.7739179, 10.4818352 ], [ -66.7735089, 10.4819212 ], [ -66.7731658, 10.4819838 ], [ -66.7730208, 10.4820082 ], [ -66.7729422, 10.4820157 ], [ -66.7728639, 10.4820188 ], [ -66.7727982, 10.4820175 ], [ -66.7727254, 10.4820107 ], [ -66.7726376, 10.4819914 ], [ -66.7724414, 10.4819383 ], [ -66.7722917, 10.4819014 ], [ -66.7722604, 10.4818909 ], [ -66.7720938, 10.4818129 ], [ -66.7718452, 10.4816368 ], [ -66.771671, 10.4815065 ], [ -66.771614, 10.4814702 ], [ -66.771527, 10.4814271 ], [ -66.7714262, 10.4813801 ], [ -66.7713552, 10.4813558 ], [ -66.7709055, 10.481376 ], [ -66.770757, 10.4813977 ], [ -66.7702549, 10.4814364 ], [ -66.7700934, 10.4814377 ], [ -66.77001, 10.4814267 ], [ -66.7699325, 10.481397 ], [ -66.769886600000021, 10.4813641 ], [ -66.7698499, 10.4813303 ], [ -66.7698102, 10.4812763 ], [ -66.7697232, 10.4811408 ], [ -66.7696238, 10.4810086 ], [ -66.7695554, 10.4809282 ], [ -66.7695069, 10.4808779 ], [ -66.7694575, 10.4808385 ], [ -66.7693347, 10.4807617 ], [ -66.7692492, 10.480724 ], [ -66.7690954, 10.4806763 ], [ -66.7690035, 10.4806571 ], [ -66.7689317, 10.4806526 ], [ -66.7688177, 10.4806472 ], [ -66.7687373, 10.4806526 ], [ -66.7686595, 10.4806697 ], [ -66.7685898, 10.4806842 ], [ -66.7684932, 10.4806908 ], [ -66.768247800000012, 10.4806921 ], [ -66.7681821, 10.4806908 ], [ -66.7681137, 10.4806842 ], [ -66.7680319, 10.4806694 ], [ -66.7679736, 10.4806497 ], [ -66.7679219, 10.4806302 ], [ -66.7678763, 10.4806079 ], [ -66.767830700000019, 10.4805801 ], [ -66.7677905, 10.480551 ], [ -66.7675836, 10.48034 ], [ -66.767255, 10.4799444 ], [ -66.7669827, 10.4796247 ], [ -66.7669429, 10.4795791 ], [ -66.7668973, 10.4795237 ], [ -66.7668517, 10.4794578 ], [ -66.7668141, 10.4793998 ], [ -66.7667739, 10.4793372 ], [ -66.7667336, 10.4792546 ], [ -66.7666984, 10.4791774 ], [ -66.766676, 10.4791044 ], [ -66.7666465, 10.4789897 ], [ -66.7666298, 10.4788923 ], [ -66.7666181, 10.478788 ], [ -66.766618300000019, 10.4786943 ], [ -66.766618300000019, 10.478594 ], [ -66.766668, 10.4781285 ], [ -66.766685400000014, 10.4779426 ], [ -66.7667055, 10.4777487 ], [ -66.7667122, 10.4776538 ], [ -66.7667162, 10.4775667 ], [ -66.7667203, 10.4774473 ], [ -66.7667113, 10.4771483 ], [ -66.7666903, 10.4766804 ] ] } },
{ "type": "Feature", "properties": { "name": "Avenida Principal de Parque Caiza", "ref": "R-62", "highway": "secondary", "length_km": 0.167 }, "geometry": { "type": "LineString", "coordinates": [ [ -66.7376057, 10.4814086 ], [ -66.736151, 10.4818747 ] ] } },
{ "type": "Feature", "properties": { "name": "Avenida Principal de Parque Caiza", "ref": "R-62", "highway": "secondary", "length_km": 0.169 }, "geometry": { "type": "LineString", "coordinates": [ [ -66.736165, 10.4819298 ], [ -66.7376313, 10.4814591 ] ] } },
{ "type": "Feature", "properties": { "name": "Avenida Principal de Parque Caiza", "ref": "R-62", "highway": "secondary", "length_km": 0.061 }, "geometry": { "type": "LineString", "coordinates": [ [ -66.736151, 10.4818747 ], [ -66.7360258, 10.4819007 ], [ -66.7358984, 10.4819284 ], [ -66.7357978, 10.4819443 ], [ -66.7356074, 10.4820049 ] ] } },
{ "type": "Feature", "properties": { "name": "Avenida Principal de Parque Caiza", "ref": null, "highway": "secondary", "length_km": 0.467 }, "geometry": { "type": "LineString", "coordinates": [ [ -66.7461732, 10.4826693 ], [ -66.74593040000002, 10.4825862 ], [ -66.7456542, 10.4824807 ], [ -66.7452188, 10.4823143 ], [ -66.7449125, 10.4821972 ], [ -66.7443144, 10.4820205 ], [ -66.7440127, 10.4819572 ], [ -66.7436291, 10.4819137 ], [ -66.7428043, 10.4818293 ], [ -66.7421643, 10.4817587 ], [ -66.742046410797371, 10.481736530490574 ] ] } },
{ "type": "Feature", "properties": { "name": "Avenida Principal de Parque Caiza", "ref": null, "highway": "secondary", "length_km": 0.057 }, "geometry": { "type": "LineString", "coordinates": [ [ -66.741303302919377, 10.481613180532714 ], [ -66.7409767, 10.4815669 ], [ -66.740791266732359, 10.481541744568521 ] ] } },
{ "type": "Feature", "properties": { "name": "Avenida Principal de Parque Caiza", "ref": null, "highway": "secondary", "length_km": 0.172 }, "geometry": { "type": "LineString", "coordinates": [ [ -66.739882478044947, 10.481432437121988 ], [ -66.7398519, 10.4814292 ], [ -66.7393546, 10.4814384 ], [ -66.7389203, 10.4813948 ], [ -66.738539, 10.4813411 ], [ -66.738319, 10.4813106 ] ] } },
{ "type": "Feature", "properties": { "name": "Avenida Principal de Parque Caiza", "ref": "R-62", "highway": "secondary", "length_km": 0.062 }, "geometry": { "type": "LineString", "coordinates": [ [ -66.7356074, 10.4820049 ], [ -66.7357898, 10.4819891 ], [ -66.7359011, 10.4819759 ], [ -66.7360258, 10.4819614 ], [ -66.736165, 10.4819298 ] ] } },
{ "type": "Feature", "properties": { "name": "Autopista Gran Mariscal de Ayacucho", "ref": "T-9", "highway": "motorway", "length_km": 1.561 }, "geometry": { "type": "LineString", "coordinates": [ [ -66.749734, 10.4844864 ], [ -66.7492996, 10.4843739 ], [ -66.7489278, 10.4842593 ], [ -66.7485196, 10.4841133 ], [ -66.747627, 10.4836998 ], [ -66.7465112, 10.483185 ], [ -66.7448804, 10.4826195 ], [ -66.7434728, 10.4823157 ], [ -66.742254, 10.4821975 ], [ -66.7415073, 10.4821722 ], [ -66.7403485, 10.4821215 ], [ -66.7389409, 10.482054 ], [ -66.7379453, 10.4820034 ], [ -66.7373616, 10.4818768 ], [ -66.7367179, 10.4816151 ], [ -66.736052916377517, 10.481236921752835 ] ] } },
{ "type": "Feature", "properties": { "name": "Autopista Gran Mariscal de Ayacucho", "ref": "T-9", "highway": "motorway", "length_km": 0.744 }, "geometry": { "type": "LineString", "coordinates": [ [ -66.732726555000369, 10.480952815736511 ], [ -66.7323179, 10.4810548 ], [ -66.7317751, 10.4811583 ], [ -66.7312262, 10.4812541 ], [ -66.7303634, 10.4812971 ], [ -66.7298241, 10.4813028 ], [ -66.7292422, 10.4812209 ], [ -66.7286101, 10.4811055 ], [ -66.7274863, 10.4808339 ], [ -66.726646, 10.4806145 ], [ -66.726081153703134, 10.480398913280403 ] ] } },
{ "type": "Feature", "properties": { "name": "Avenida Principal de Parque Caiza", "ref": "R-62", "highway": "secondary", "length_km": 0.301 }, "geometry": { "type": "LineString", "coordinates": [ [ -66.7356074, 10.4820049 ], [ -66.7352049, 10.482031 ], [ -66.7342178, 10.4820785 ], [ -66.7331664, 10.4823106 ], [ -66.7330384, 10.4823867 ], [ -66.7329626, 10.4824899 ] ] } },
{ "type": "Feature", "properties": { "name": "Autopista Gran Mariscal de Ayacucho", "ref": "T-9", "highway": "motorway", "length_km": 0.827 }, "geometry": { "type": "LineString", "coordinates": [ [ -66.7378562, 10.4821576 ], [ -66.7386608, 10.4822103 ], [ -66.741504, 10.4823264 ], [ -66.7433386, 10.4824319 ], [ -66.7444973, 10.482664 ], [ -66.7453444, 10.4829093 ] ] } },
{ "type": "Feature", "properties": { "name": "Distribuidor Parque Caiza", "ref": null, "highway": "motorway", "length_km": 0.251 }, "geometry": { "type": "LineString", "coordinates": [ [ -66.747074388087697, 10.483022159880724 ], [ -66.7470436, 10.4830689 ], [ -66.7469698, 10.4831124 ], [ -66.7468652, 10.4831071 ], [ -66.7466519, 10.4830491 ], [ -66.7465017, 10.4830108 ], [ -66.7461101, 10.4829159 ], [ -66.74585, 10.48285 ], [ -66.7455321, 10.4827761 ], [ -66.7453229, 10.4827207 ], [ -66.7448804, 10.4826195 ] ] } },
{ "type": "Feature", "properties": { "name": "Avenida Principal de Parque Caiza", "ref": "R-62", "highway": "secondary", "length_km": 0.09 }, "geometry": { "type": "LineString", "coordinates": [ [ -66.7329626, 10.4824899 ], [ -66.7326136, 10.4832279 ] ] } },
{ "type": "Feature", "properties": { "name": "Carretera Vieja Petare - Guarenas", "ref": "L-12", "highway": "secondary", "length_km": 0.068 }, "geometry": { "type": "LineString", "coordinates": [ [ -66.7326136, 10.4832279 ], [ -66.7325184, 10.4831831 ], [ -66.7323887, 10.4831094 ], [ -66.7322555, 10.4830183 ], [ -66.7320905, 10.4829088 ], [ -66.73208964742831, 10.482908338509279 ] ] } },
{ "type": "Feature", "properties": { "name": "Distribuidor Parque Caiza", "ref": null, "highway": "motorway", "length_km": 0.147 }, "geometry": { "type": "LineString", "coordinates": [ [ -66.7453444, 10.4829093 ], [ -66.7455469, 10.4830346 ], [ -66.745626, 10.4830992 ], [ -66.7457507, 10.4832126 ], [ -66.7458332, 10.4833062 ], [ -66.7459084, 10.4834401 ], [ -66.7459727, 10.4836047 ], [ -66.7460089, 10.4836588 ], [ -66.7460629, 10.483702 ], [ -66.7461902, 10.4837654 ], [ -66.7462843, 10.4837836 ] ] } },
{ "type": "Feature", "properties": { "name": "Carretera Vieja Petare - Guarenas", "ref": "L-12", "highway": "secondary", "length_km": 0.059 }, "geometry": { "type": "LineString", "coordinates": [ [ -66.7331359, 10.4833651 ], [ -66.7330158, 10.4833215 ], [ -66.7328684, 10.4832952 ], [ -66.7326136, 10.4832279 ] ] } },
{ "type": "Feature", "properties": { "name": "Distribuidor Parque Caiza", "ref": null, "highway": "motorway", "length_km": 0.133 }, "geometry": { "type": "LineString", "coordinates": [ [ -66.7462176, 10.4837371 ], [ -66.7461398, 10.4836996 ], [ -66.7461204, 10.4836817 ], [ -66.7461068, 10.4836588 ], [ -66.7460934, 10.4836113 ], [ -66.7460884, 10.4835727 ], [ -66.7460927, 10.4835317 ], [ -66.7461115, 10.483479 ], [ -66.746141, 10.4834328 ], [ -66.7461971, 10.4833992 ], [ -66.7462603, 10.4833722 ], [ -66.7463102, 10.4833678 ], [ -66.7463636, 10.4833708 ], [ -66.7465162, 10.4834057 ], [ -66.7466931, 10.4834701 ], [ -66.7467887, 10.483491 ], [ -66.7469373, 10.4835154 ] ] } },
{ "type": "Feature", "properties": { "name": "Distribuidor Parque Caiza", "ref": null, "highway": "motorway", "length_km": 0.217 }, "geometry": { "type": "LineString", "coordinates": [ [ -66.749734, 10.4844864 ], [ -66.74936, 10.4842636 ], [ -66.7490232, 10.4841322 ], [ -66.7485353, 10.4838781 ], [ -66.7481637, 10.4836205 ], [ -66.748022028025247, 10.483521285828642 ] ] } },
{ "type": "Feature", "properties": { "name": "Distribuidor Parque Caiza", "ref": null, "highway": "motorway", "length_km": 0.098 }, "geometry": { "type": "LineString", "coordinates": [ [ -66.7470468, 10.483706 ], [ -66.7470225, 10.4837454 ], [ -66.746996, 10.4837748 ], [ -66.7469652, 10.4838039 ], [ -66.7469249, 10.4838289 ], [ -66.7468818, 10.4838456 ], [ -66.7468364, 10.48385 ], [ -66.7467561, 10.4838479 ], [ -66.7462176, 10.4837371 ] ] } },
{ "type": "Feature", "properties": { "name": "Distribuidor Parque Caiza", "ref": null, "highway": "motorway", "length_km": 0.098 }, "geometry": { "type": "LineString", "coordinates": [ [ -66.7462843, 10.4837836 ], [ -66.7467236, 10.4838666 ], [ -66.746796, 10.4838802 ], [ -66.7468561, 10.4838848 ], [ -66.7468931, 10.4838833 ], [ -66.746928, 10.4838742 ], [ -66.7469586, 10.4838612 ], [ -66.7469927, 10.4838427 ], [ -66.7470256, 10.4838181 ], [ -66.7470656, 10.4837803 ], [ -66.7470996, 10.48372 ] ] } },
{ "type": "Feature", "properties": { "name": "Autopista Gran Mariscal de Ayacucho", "ref": "T-9", "highway": "motorway", "length_km": 0.876 }, "geometry": { "type": "LineString", "coordinates": [ [ -66.7453444, 10.4829093 ], [ -66.7460852, 10.4831809 ], [ -66.7465533, 10.4833396 ], [ -66.7469373, 10.4835154 ], [ -66.7472506, 10.4836511 ], [ -66.7477266, 10.4839069 ], [ -66.7481177, 10.4840931 ], [ -66.7485866, 10.484288 ], [ -66.7493146, 10.4845102 ], [ -66.7496815, 10.4846048 ], [ -66.750087, 10.484679 ], [ -66.7507629, 10.4847634 ], [ -66.751633500000011, 10.4848704 ], [ -66.7523342, 10.4849793 ], [ -66.752958, 10.4851417 ] ] } },
{ "type": "Feature", "properties": { "name": "Autopista Gran Mariscal de Ayacucho", "ref": "T-9", "highway": "motorway", "length_km": 0.418 }, "geometry": { "type": "LineString", "coordinates": [ [ -66.7535004, 10.48502 ], [ -66.7527465, 10.4848256 ], [ -66.7520432, 10.4847165 ], [ -66.7513274, 10.4846985 ], [ -66.7506874, 10.484647 ], [ -66.7501225, 10.4845693 ], [ -66.749734, 10.4844864 ] ] } },
{ "type": "Feature", "properties": { "name": "Carretera Vieja Petare - Guarenas", "ref": "L-12", "highway": "secondary", "length_km": 0.614 }, "geometry": { "type": "LineString", "coordinates": [ [ -66.7662529, 10.4825283 ], [ -66.7662262, 10.4826021 ], [ -66.7660696, 10.4827868 ], [ -66.7657644, 10.4830382 ], [ -66.7656157, 10.4831998 ], [ -66.7655426, 10.4833101 ], [ -66.7655243, 10.4834347 ], [ -66.7655348, 10.4835641 ], [ -66.7656992, 10.4842362 ], [ -66.7656887, 10.4844696 ], [ -66.7656392, 10.4846928 ], [ -66.7655922, 10.4848442 ], [ -66.7643094, 10.4874742 ] ] } },
{ "type": "Feature", "properties": { "name": "Cruce de Vista Hermosa", "ref": "R-60", "highway": "primary", "length_km": 0.053 }, "geometry": { "type": "LineString", "coordinates": [ [ -66.787417, 10.4855587 ], [ -66.7874068, 10.4854648 ], [ -66.787404, 10.4854102 ], [ -66.7873996, 10.4853603 ], [ -66.7874046, 10.485302 ], [ -66.7874117, 10.4852438 ], [ -66.7874392, 10.4851766 ], [ -66.7874775, 10.4850958 ] ] } },
{ "type": "Feature", "properties": { "name": "Carretera Petare - Vista Hermosa", "ref": "L-4", "highway": "primary", "length_km": 0.128 }, "geometry": { "type": "LineString", "coordinates": [ [ -66.787417, 10.4855587 ], [ -66.7875331, 10.4857712 ], [ -66.7877152, 10.4860606 ], [ -66.7877947, 10.4861619 ], [ -66.7879505, 10.4863062 ], [ -66.7880394, 10.4863874 ], [ -66.7881315, 10.4864535 ] ] } },
{ "type": "Feature", "properties": { "name": "Carretera Petare - Vista Hermosa", "ref": "L-4", "highway": "primary", "length_km": 0.181 }, "geometry": { "type": "LineString", "coordinates": [ [ -66.7881315, 10.4864535 ], [ -66.7887479, 10.4868806 ], [ -66.7887977, 10.4869199 ], [ -66.788905600000021, 10.4870139 ], [ -66.7889889, 10.4871078 ], [ -66.7890649, 10.4871937 ], [ -66.7891394, 10.4872781 ], [ -66.7892015, 10.4873858 ], [ -66.7892425, 10.4874752 ], [ -66.7892836, 10.4875752 ] ] } },
{ "type": "Feature", "properties": { "name": "Túnel de Turumo", "ref": "T-9", "highway": "motorway", "length_km": 0.277 }, "geometry": { "type": "LineString", "coordinates": [ [ -66.752958, 10.4851417 ], [ -66.7535507, 10.4853729 ], [ -66.7541504, 10.485792 ], [ -66.754900186966921, 10.486663784116296 ] ] } },
{ "type": "Feature", "properties": { "name": "Túnel de Turumo", "ref": "T-9", "highway": "motorway", "length_km": 0.154 }, "geometry": { "type": "LineString", "coordinates": [ [ -66.755833321175857, 10.487715216603991 ], [ -66.7564256, 10.4882797 ], [ -66.7568497, 10.4886726 ] ] } },
{ "type": "Feature", "properties": { "name": "Túnel de Turumo", "ref": "T-9", "highway": "motorway", "length_km": 0.218 }, "geometry": { "type": "LineString", "coordinates": [ [ -66.7576034, 10.4890215 ], [ -66.7570124, 10.4885149 ], [ -66.75620810642782, 10.487618075236352 ] ] } },
{ "type": "Feature", "properties": { "name": "Túnel de Turumo", "ref": "T-9", "highway": "motorway", "length_km": 0.282 }, "geometry": { "type": "LineString", "coordinates": [ [ -66.75539038192727, 10.486706268041615 ], [ -66.7544458, 10.485653 ], [ -66.7539691, 10.4852463 ], [ -66.7535004, 10.48502 ] ] } },
{ "type": "Feature", "properties": { "name": "Carretera Vieja Petare - Guarenas", "ref": "L-12", "highway": "secondary", "length_km": 0.304 }, "geometry": { "type": "LineString", "coordinates": [ [ -66.756473, 10.4906449 ], [ -66.7562596, 10.4906219 ], [ -66.7559937, 10.4905932 ], [ -66.7558044, 10.4905949 ], [ -66.7555956, 10.4906054 ], [ -66.755385, 10.490621 ], [ -66.7551885, 10.4906402 ], [ -66.754985, 10.4906767 ], [ -66.7548116, 10.4907237 ], [ -66.7545798, 10.4907881 ], [ -66.7543285, 10.4908733 ], [ -66.7541498, 10.4909464 ], [ -66.7538967, 10.4910386 ], [ -66.75376725812437, 10.491069707549629 ] ] } },
{ "type": "Feature", "properties": { "name": "Carretera Vieja Petare - Guarenas", "ref": "L-12", "highway": "secondary", "length_km": 1.245 }, "geometry": { "type": "LineString", "coordinates": [ [ -66.753179713367857, 10.491125458210892 ], [ -66.7528757, 10.4911048 ], [ -66.7524067, 10.4910578 ], [ -66.7520953, 10.4910317 ], [ -66.7519604, 10.4910248 ], [ -66.7517874, 10.491016 ], [ -66.7515007, 10.4910143 ], [ -66.7512894, 10.4910407 ], [ -66.7512048, 10.4910513 ], [ -66.7509542, 10.4910901 ], [ -66.7507553, 10.4911227 ], [ -66.7505967, 10.491144 ], [ -66.7503985, 10.491151 ], [ -66.7502192, 10.4911402 ], [ -66.7498358, 10.4910848 ], [ -66.7493859, 10.4909756 ], [ -66.7488147, 10.4908245 ], [ -66.7483187, 10.4906946 ], [ -66.7479237, 10.4905975 ], [ -66.7477975, 10.4905633 ], [ -66.7476418, 10.4905211 ], [ -66.7473458, 10.4904409 ], [ -66.7473109, 10.4904315 ], [ -66.7470442, 10.4903593 ], [ -66.7468124, 10.4902813 ], [ -66.7466132, 10.4902054 ], [ -66.7464404, 10.4901194 ], [ -66.7463015, 10.4900279 ], [ -66.7461426, 10.4899019 ], [ -66.7460085, 10.4897937 ], [ -66.7458207, 10.4896118 ], [ -66.745641, 10.489414 ], [ -66.745467, 10.4892475 ], [ -66.7451877, 10.4889946 ], [ -66.7450536, 10.488926 ], [ -66.7449383, 10.4888759 ], [ -66.7447961, 10.4888469 ], [ -66.7446674, 10.4888443 ], [ -66.7445386, 10.4888786 ], [ -66.7444394, 10.488897 ], [ -66.7443482, 10.4889129 ], [ -66.7442785, 10.4889223 ], [ -66.7440746, 10.4889498 ], [ -66.7438493, 10.4890131 ], [ -66.7436616, 10.4890922 ], [ -66.7432404, 10.4892689 ], [ -66.7430901, 10.4893182 ], [ -66.7430232, 10.4893401 ], [ -66.7428251, 10.4893776 ], [ -66.742696, 10.4893981 ], [ -66.742534995332932, 10.489409100327228 ] ] } },
{ "type": "Feature", "properties": { "name": "Carretera Vieja Petare - Guarenas", "ref": "L-12", "highway": "secondary", "length_km": 0.136 }, "geometry": { "type": "LineString", "coordinates": [ [ -66.73747253305099, 10.488867137464869 ], [ -66.7372642, 10.4888576 ], [ -66.7371181, 10.4888391 ], [ -66.7369531, 10.4887904 ], [ -66.7367667, 10.4887073 ], [ -66.7365682, 10.4885596 ], [ -66.7364663, 10.4884765 ], [ -66.736378579898528, 10.488382086094168 ] ] } },
{ "type": "Feature", "properties": { "name": "Carretera Vieja Petare - Guarenas", "ref": "L-12", "highway": "secondary", "length_km": 0.513 }, "geometry": { "type": "LineString", "coordinates": [ [ -66.734831554091528, 10.48707610961317 ], [ -66.7346453, 10.4869901 ], [ -66.7343475, 10.4868344 ], [ -66.7341719, 10.4866487 ], [ -66.7340644, 10.486451 ], [ -66.7339519, 10.4862623 ], [ -66.7338688, 10.4860869 ], [ -66.733732, 10.4857717 ], [ -66.7336755, 10.4856255 ], [ -66.7336637, 10.4855172 ], [ -66.7336837, 10.4852957 ], [ -66.7337602, 10.4851005 ], [ -66.7338477, 10.4849433 ], [ -66.7339385, 10.4847906 ], [ -66.734005, 10.4846178 ], [ -66.7340217, 10.4844622 ], [ -66.7340016, 10.4843238 ], [ -66.7339466, 10.4841813 ], [ -66.7339056, 10.4840861 ], [ -66.7338531, 10.484016 ], [ -66.733783, 10.4838873 ], [ -66.7336358, 10.4837301 ], [ -66.7335362, 10.4835985 ], [ -66.7334115, 10.483489 ], [ -66.7331897, 10.4833776 ], [ -66.7331359, 10.4833651 ] ] } },
{ "type": "Feature", "properties": { "name": "Carretera Vieja Petare - Guarenas", "ref": "L-12", "highway": "secondary", "length_km": 0.189 }, "geometry": { "type": "LineString", "coordinates": [ [ -66.7643094, 10.4874742 ], [ -66.76414, 10.4877546 ], [ -66.763995800000018, 10.4879009 ], [ -66.7638897, 10.4879773 ], [ -66.7636981, 10.4880754 ], [ -66.7634637, 10.4881844 ], [ -66.7632277, 10.4883137 ], [ -66.7630598, 10.4884507 ], [ -66.7629926, 10.4885183 ] ] } },
{ "type": "Feature", "properties": { "name": "Cruce de Turumo", "ref": null, "highway": "secondary", "length_km": 0.056 }, "geometry": { "type": "LineString", "coordinates": [ [ -66.7629426, 10.4889994 ], [ -66.762916, 10.4889116 ], [ -66.7629036, 10.4887672 ], [ -66.7629352, 10.4886312 ], [ -66.7629926, 10.4885183 ] ] } },
{ "type": "Feature", "properties": { "name": "Carretera Vieja Petare - Guarenas", "ref": "L-12", "highway": "secondary", "length_km": 0.051 }, "geometry": { "type": "LineString", "coordinates": [ [ -66.76267, 10.4889351 ], [ -66.7626327, 10.4889846 ], [ -66.7626028, 10.4890238 ], [ -66.7625586, 10.4890824 ], [ -66.7624714, 10.4891681 ], [ -66.7623548, 10.4892763 ] ] } },
{ "type": "Feature", "properties": { "name": "Carretera Petare - Vista Hermosa", "ref": "L-4", "highway": "primary", "length_km": 0.111 }, "geometry": { "type": "LineString", "coordinates": [ [ -66.7892836, 10.4875752 ], [ -66.7893429, 10.4877325 ], [ -66.7893867, 10.4878807 ], [ -66.7894193, 10.4880278 ], [ -66.7894313, 10.4881369 ], [ -66.789434, 10.4882369 ], [ -66.789429, 10.4883941 ], [ -66.789424765873775, 10.488556565108652 ] ] } },
{ "type": "Feature", "properties": { "name": "Cruce de Turumo", "ref": null, "highway": "secondary", "length_km": 0.064 }, "geometry": { "type": "LineString", "coordinates": [ [ -66.7623548, 10.4892763 ], [ -66.7624296, 10.4892466 ], [ -66.7625134, 10.489203 ], [ -66.7626081, 10.4891404 ], [ -66.7626984, 10.4890908 ], [ -66.7627971, 10.4890706 ], [ -66.7628883, 10.489064 ] ] } },
{ "type": "Feature", "properties": { "name": "Autopista Gran Mariscal de Ayacucho", "ref": "T-9", "highway": "motorway", "length_km": 0.21 }, "geometry": { "type": "LineString", "coordinates": [ [ -66.7568497, 10.4886726 ], [ -66.7576464, 10.4893646 ], [ -66.7583461, 10.4898509 ] ] } },
{ "type": "Feature", "properties": { "name": "Autopista Gran Mariscal de Ayacucho", "ref": "T-9", "highway": "motorway", "length_km": 0.116 }, "geometry": { "type": "LineString", "coordinates": [ [ -66.7584159, 10.4897004 ], [ -66.7576034, 10.4890215 ] ] } },
{ "type": "Feature", "properties": { "name": "Carretera Vieja Caracas - Guarenas", "ref": "L-12", "highway": "secondary", "length_km": 0.332 }, "geometry": { "type": "LineString", "coordinates": [ [ -66.7623548, 10.4892763 ], [ -66.7620906, 10.4893224 ], [ -66.7618948, 10.4893514 ], [ -66.7616587, 10.4893805 ], [ -66.761475, 10.489407 ], [ -66.7612626, 10.4894418 ], [ -66.761062, 10.489511 ], [ -66.7608928, 10.4896002 ], [ -66.7607646, 10.4896932 ], [ -66.7604468, 10.4900039 ], [ -66.7603477, 10.4900804 ], [ -66.760231, 10.4901535 ], [ -66.7600275, 10.490251 ], [ -66.7598293, 10.4903345 ], [ -66.759635, 10.4904268 ] ] } },
{ "type": "Feature", "properties": { "name": "Carretera Vieja Caracas - Guarenas", "ref": "L-12", "highway": "secondary", "length_km": 0.33 }, "geometry": { "type": "LineString", "coordinates": [ [ -66.7598652, 10.4907659 ], [ -66.7599141, 10.4907193 ], [ -66.7600628, 10.4905756 ], [ -66.7604176, 10.490196 ], [ -66.7607594, 10.4898317 ], [ -66.7610985, 10.4896342 ], [ -66.7615212, 10.4895059 ], [ -66.761629, 10.4894712 ], [ -66.7618033, 10.4894396 ], [ -66.7620064, 10.4894033 ], [ -66.7621896, 10.489371 ], [ -66.7622647, 10.4893393 ], [ -66.7623548, 10.4892763 ] ] } },
{ "type": "Feature", "properties": { "name": null, "ref": null, "highway": "secondary", "length_km": 0.065 }, "geometry": { "type": "LineString", "coordinates": [ [ -66.7598652, 10.4907659 ], [ -66.7599324, 10.4906141 ], [ -66.7599272, 10.4905397 ], [ -66.7598985, 10.4904781 ], [ -66.7597915, 10.4904089 ], [ -66.759635, 10.4904268 ] ] } },
{ "type": "Feature", "properties": { "name": "Carretera Vieja Caracas - Guarenas", "ref": "L-12", "highway": "secondary", "length_km": 0.077 }, "geometry": { "type": "LineString", "coordinates": [ [ -66.759635, 10.4904268 ], [ -66.7595061, 10.4905096 ], [ -66.7594122, 10.4906203 ], [ -66.7592958, 10.4907834 ], [ -66.7591914, 10.4909553 ] ] } },
{ "type": "Feature", "properties": { "name": "Carretera Vieja Caracas - Guarenas", "ref": "L-12", "highway": "secondary", "length_km": 0.06 }, "geometry": { "type": "LineString", "coordinates": [ [ -66.7594635, 10.4911337 ], [ -66.7596042, 10.4910147 ], [ -66.7598652, 10.4907659 ] ] } },
{ "type": "Feature", "properties": { "name": "Carretera Vieja Caracas - Guarenas", "ref": "L-12", "highway": "secondary", "length_km": 0.078 }, "geometry": { "type": "LineString", "coordinates": [ [ -66.757165294446949, 10.490777076026593 ], [ -66.75695, 10.4907127 ], [ -66.7567365, 10.4906654 ], [ -66.756473, 10.4906449 ] ] } },
{ "type": "Feature", "properties": { "name": "Carretera Vieja Caracas - Guarenas", "ref": "L-12", "highway": "secondary", "length_km": 0.07 }, "geometry": { "type": "LineString", "coordinates": [ [ -66.756473, 10.4906449 ], [ -66.7567, 10.4907218 ], [ -66.757072020863987, 10.49086022999828 ] ] } },
{ "type": "Feature", "properties": { "name": "Autopista Gran Mariscal de Ayacucho", "ref": "T-9", "highway": "motorway", "length_km": 0.243 }, "geometry": { "type": "LineString", "coordinates": [ [ -66.760067547269699, 10.491164108882653 ], [ -66.7599694, 10.4910676 ], [ -66.7593429, 10.4904937 ], [ -66.7584159, 10.4897004 ] ] } },
{ "type": "Feature", "properties": { "name": "Autopista Gran Mariscal de Ayacucho", "ref": "T-9", "highway": "motorway", "length_km": 0.231 }, "geometry": { "type": "LineString", "coordinates": [ [ -66.7583461, 10.4898509 ], [ -66.7591379, 10.490534 ], [ -66.759908478787111, 10.491258379649086 ] ] } },
{ "type": "Feature", "properties": { "name": "Autopista Gran Mariscal de Ayacucho", "ref": "T-9", "highway": "motorway", "length_km": 0.506 }, "geometry": { "type": "LineString", "coordinates": [ [ -66.765254400000018, 10.4950356 ], [ -66.7648548, 10.4950119 ], [ -66.7641842, 10.4948484 ], [ -66.7634885, 10.4944519 ], [ -66.7629048, 10.4939286 ], [ -66.7623384, 10.4933716 ], [ -66.7615144, 10.4925868 ] ] } },
{ "type": "Feature", "properties": { "name": "Rampa de Turumo", "ref": null, "highway": "motorway", "length_km": 0.082 }, "geometry": { "type": "LineString", "coordinates": [ [ -66.7624737, 10.4940347 ], [ -66.7621433, 10.4938701 ], [ -66.761795059372886, 10.493727492793665 ] ] } },
{ "type": "Feature", "properties": { "name": "Autopista Gran Mariscal de Ayacucho", "ref": "T-9", "highway": "motorway", "length_km": 0.905 }, "geometry": { "type": "LineString", "coordinates": [ [ -66.7614161, 10.4926756 ], [ -66.7619209, 10.4931919 ], [ -66.7629402, 10.494173 ], [ -66.7635839, 10.4946794 ], [ -66.7640131, 10.4948904 ], [ -66.7645602, 10.4950592 ], [ -66.7650967, 10.4951436 ], [ -66.7656528, 10.4951457 ], [ -66.766232100000011, 10.4950956 ], [ -66.7668678, 10.4951062 ], [ -66.7674785, 10.4952069 ], [ -66.7686694, 10.4957449 ] ] } },
{ "type": "Feature", "properties": { "name": "Rampa de Turumo", "ref": null, "highway": "motorway", "length_km": 0.227 }, "geometry": { "type": "LineString", "coordinates": [ [ -66.7644234, 10.4947348 ], [ -66.7634243, 10.4943267 ], [ -66.7624737, 10.4940347 ] ] } },
{ "type": "Feature", "properties": { "name": "Autopista Regional del Centro", "ref": "T-1", "highway": "motorway", "length_km": 0.525 }, "geometry": { "type": "LineString", "coordinates": [ [ -66.896352800000017, 10.400164 ], [ -66.8967444, 10.4003619 ], [ -66.8973578, 10.400618 ], [ -66.8980373, 10.4008732 ], [ -66.899492, 10.4013959 ], [ -66.8998676, 10.4015444 ], [ -66.9001958, 10.4016998 ], [ -66.9006232, 10.401917 ], [ -66.900764963816485, 10.402007052493216 ] ] } },
{ "type": "Feature", "properties": { "name": "Autopista Regional del Centro", "ref": "T-1", "highway": "motorway", "length_km": 0.682 }, "geometry": { "type": "LineString", "coordinates": [ [ -66.903718022284139, 10.404292357648799 ], [ -66.9038549, 10.4043639 ], [ -66.904214300000021, 10.4045169 ], [ -66.9050941, 10.4048071 ], [ -66.9075171, 10.4056 ], [ -66.9077602, 10.4057067 ], [ -66.907956, 10.4058122 ], [ -66.9081491, 10.4059283 ], [ -66.9083744, 10.406113 ], [ -66.9084924, 10.4062475 ], [ -66.9085997, 10.4063821 ], [ -66.9087499, 10.40663 ], [ -66.9088183, 10.4068187 ], [ -66.9088478, 10.4069994 ], [ -66.9088545, 10.4071603 ] ] } },
{ "type": "Feature", "properties": { "name": "Autopista Regional del Centro", "ref": "T-1", "highway": "motorway", "length_km": 0.662 }, "geometry": { "type": "LineString", "coordinates": [ [ -66.9089661, 10.407152 ], [ -66.9089193, 10.4068289 ], [ -66.9088718, 10.4066446 ], [ -66.9087635, 10.4064371 ], [ -66.9086365, 10.4062449 ], [ -66.9083612, 10.4059599 ], [ -66.9079991, 10.4056948 ], [ -66.9075695, 10.405496 ], [ -66.9051253, 10.404699 ], [ -66.904314, 10.4044107 ], [ -66.904039249938833, 10.404294459621116 ] ] } },
{ "type": "Feature", "properties": { "name": "Autopista Regional del Centro", "ref": "T-1", "highway": "motorway", "length_km": 0.203 }, "geometry": { "type": "LineString", "coordinates": [ [ -66.9088545, 10.4071603 ], [ -66.9088395, 10.4073533 ], [ -66.908808300000018, 10.4076377 ], [ -66.9087408, 10.4079041 ], [ -66.9085187, 10.4083268 ], [ -66.908191028025939, 10.408840937095084 ] ] } },
{ "type": "Feature", "properties": { "name": "Autopista Regional del Centro", "ref": "T-1", "highway": "motorway", "length_km": 0.437 }, "geometry": { "type": "LineString", "coordinates": [ [ -66.910005286449035, 10.413622658817889 ], [ -66.9102208, 10.4137126 ], [ -66.9105985, 10.4139489 ], [ -66.9109504, 10.4142697 ], [ -66.911225, 10.4145736 ], [ -66.9114654, 10.4150126 ], [ -66.9118258, 10.4157217 ], [ -66.9120318, 10.4160762 ], [ -66.9122808, 10.4164308 ], [ -66.9124619, 10.4166252 ] ] } },
{ "type": "Feature", "properties": { "name": "Autopista Regional del Centro", "ref": "T-1", "highway": "motorway", "length_km": 0.456 }, "geometry": { "type": "LineString", "coordinates": [ [ -66.912658676700147, 10.416661778633417 ], [ -66.9126516, 10.4166549 ], [ -66.9125305, 10.4165234 ], [ -66.9123879, 10.4163374 ], [ -66.9121938, 10.4160586 ], [ -66.911995800000014, 10.415719 ], [ -66.911621, 10.4149775 ], [ -66.911412, 10.4146009 ], [ -66.9113472, 10.4145095 ], [ -66.9111944, 10.4143261 ], [ -66.9110566, 10.4141781 ], [ -66.9108793, 10.4140116 ], [ -66.9107723, 10.413916 ], [ -66.9106902, 10.4138509 ], [ -66.9106075, 10.4137953 ], [ -66.9102859, 10.4135982 ], [ -66.9101762, 10.4135414 ], [ -66.910109513127452, 10.413515514659274 ] ] } },
{ "type": "Feature", "properties": { "name": "Autopista Regional del Centro", "ref": "T-1", "highway": "motorway", "length_km": 0.203 }, "geometry": { "type": "LineString", "coordinates": [ [ -66.908358844159224, 10.408838489801678 ], [ -66.9084393, 10.4087148 ], [ -66.9085789, 10.4085103 ], [ -66.9087385, 10.4082459 ], [ -66.908808300000018, 10.4081113 ], [ -66.90888, 10.4079425 ], [ -66.9089189, 10.4077882 ], [ -66.9089429, 10.4076463 ], [ -66.9089584, 10.407399 ], [ -66.9089661, 10.407152 ] ] } },
{ "type": "Feature", "properties": { "name": "Avenida Intercomunal Hoyo de La Puerta - Baruta", "ref": "L-9", "highway": "primary", "length_km": 0.463 }, "geometry": { "type": "LineString", "coordinates": [ [ -66.888400572021411, 10.399310924014502 ], [ -66.8884277, 10.3993582 ], [ -66.8884595, 10.3994284 ], [ -66.8884829, 10.3994987 ], [ -66.888488100000018, 10.3995737 ], [ -66.8884772, 10.3996259 ], [ -66.8884572, 10.3996801 ], [ -66.8884272, 10.3997337 ], [ -66.8883796, 10.3997831 ], [ -66.8883304, 10.399808 ], [ -66.8882757, 10.3998273 ], [ -66.8881589, 10.399848 ], [ -66.8880602, 10.3998626 ], [ -66.8879698, 10.3998882 ], [ -66.8879176, 10.3999184 ], [ -66.8878834, 10.3999555 ], [ -66.8877783, 10.4000926 ], [ -66.8877012, 10.4002025 ], [ -66.8876478, 10.4002686 ], [ -66.8876139, 10.4002992 ], [ -66.8875245, 10.4003325 ], [ -66.8874508, 10.4003368 ], [ -66.8873869, 10.4003275 ], [ -66.8872646, 10.4002979 ], [ -66.8870704, 10.4002237 ], [ -66.8870152, 10.4002134 ], [ -66.8869545, 10.400214 ], [ -66.8868793, 10.4002396 ], [ -66.8863907, 10.4004855 ], [ -66.8862879, 10.4005428 ], [ -66.8862184, 10.4005946 ], [ -66.8861588, 10.4006718 ], [ -66.8860689, 10.4007975 ], [ -66.8860063, 10.4009019 ], [ -66.885955, 10.4009911 ], [ -66.8859083, 10.4011131 ], [ -66.8858947, 10.4012331 ], [ -66.8859042, 10.4012932 ], [ -66.8859193, 10.4013533 ], [ -66.8859456, 10.401419 ], [ -66.8859858, 10.4014847 ], [ -66.8861035, 10.4016409 ], [ -66.886106024625406, 10.40164582302056 ] ] } },
{ "type": "Feature", "properties": { "name": "Autopista Regional del Centro", "ref": "T-1", "highway": "motorway", "length_km": 0.343 }, "geometry": { "type": "LineString", "coordinates": [ [ -66.8993053, 10.401225 ], [ -66.8980607, 10.4007866 ], [ -66.8973906, 10.4005322 ], [ -66.896786, 10.4002683 ], [ -66.8964044, 10.4000716 ] ] } },
{ "type": "Feature", "properties": { "name": "Autopista Regional del Centro", "ref": "T-1", "highway": "motorway", "length_km": 0.197 }, "geometry": { "type": "LineString", "coordinates": [ [ -66.900928824286837, 10.401975012590441 ], [ -66.9009068, 10.4019585 ], [ -66.9006707, 10.4018226 ], [ -66.9002582, 10.4016064 ], [ -66.8999128, 10.4014518 ], [ -66.8995342, 10.4013056 ], [ -66.8993053, 10.401225 ] ] } },
{ "type": "Feature", "properties": { "name": "Distribuidor La Castellana", "ref": null, "highway": "motorway", "length_km": 0.139 }, "geometry": { "type": "LineString", "coordinates": [ [ -66.860938861811889, 10.512876226575198 ], [ -66.8604449, 10.512787 ], [ -66.8600323, 10.5126488 ], [ -66.859758105632267, 10.512462314329365 ] ] } },
{ "type": "Feature", "properties": { "name": "Distribuidor La Castellana", "ref": null, "highway": "motorway", "length_km": 0.082 }, "geometry": { "type": "LineString", "coordinates": [ [ -66.859130148364528, 10.51249015633107 ], [ -66.8591267, 10.5125035 ], [ -66.8591153, 10.5125306 ], [ -66.8591029, 10.5125553 ], [ -66.8590855, 10.512586 ], [ -66.8590724, 10.5126084 ], [ -66.8590499, 10.5126433 ], [ -66.8590225, 10.5126842 ], [ -66.8589936, 10.5127218 ], [ -66.8589494, 10.512764 ], [ -66.858895, 10.5128114 ], [ -66.8588367, 10.512849 ], [ -66.8588052, 10.5128668 ], [ -66.8587482, 10.5129037 ], [ -66.8587046, 10.5129255 ], [ -66.8586523, 10.5129552 ], [ -66.8585946, 10.5129763 ] ] } },
{ "type": "Feature", "properties": { "name": "Distribuidor La Castellana", "ref": null, "highway": "motorway", "length_km": 0.32 }, "geometry": { "type": "LineString", "coordinates": [ [ -66.8577149, 10.5131413 ], [ -66.85779, 10.51318 ], [ -66.857847, 10.5132024 ], [ -66.8579189, 10.5132164 ], [ -66.857987300000019, 10.5132307 ], [ -66.8580407, 10.513242 ], [ -66.858073, 10.5132518 ], [ -66.8581165, 10.5132637 ], [ -66.8581676, 10.513274 ], [ -66.8582392, 10.5132854 ], [ -66.8582922, 10.5132944 ], [ -66.8583398, 10.5132963 ], [ -66.8583797, 10.5133016 ], [ -66.858418, 10.5133052 ], [ -66.8584672, 10.5133043 ], [ -66.8585356, 10.5133076 ], [ -66.8585977, 10.5133066 ], [ -66.8586764, 10.5133066 ], [ -66.8588367, 10.5133033 ], [ -66.858889, 10.513296 ], [ -66.8589534, 10.5132914 ], [ -66.8589866, 10.5132868 ], [ -66.8590278, 10.5132842 ], [ -66.8590674, 10.5132812 ], [ -66.859163, 10.5132747 ], [ -66.8591898, 10.5132756 ], [ -66.859239, 10.5132782 ], [ -66.8593255, 10.5132855 ], [ -66.8593752, 10.5132822 ], [ -66.8594415, 10.5132782 ], [ -66.8594992, 10.5132723 ], [ -66.8595576, 10.5132631 ], [ -66.8596032, 10.5132532 ], [ -66.8596467, 10.5132354 ], [ -66.8596816, 10.5132162 ], [ -66.8597319, 10.5131866 ], [ -66.8597768, 10.5131516 ], [ -66.8598043, 10.5131226 ], [ -66.8598325, 10.5130864 ], [ -66.8598633, 10.5130323 ], [ -66.8598824, 10.5129908 ], [ -66.8598901, 10.5129594 ], [ -66.8598905, 10.5129252 ], [ -66.8598918, 10.5128942 ], [ -66.8598895, 10.5128704 ], [ -66.8598888, 10.5128474 ], [ -66.8598834, 10.5128141 ], [ -66.8598757, 10.5127841 ], [ -66.859866, 10.5127551 ], [ -66.8598536, 10.5127287 ], [ -66.8598435, 10.5127083 ], [ -66.8598335, 10.5126914 ], [ -66.8598218, 10.512672 ], [ -66.8598091, 10.5126538 ], [ -66.8597961, 10.5126364 ], [ -66.859786400000019, 10.5126188 ], [ -66.8597763, 10.5126019 ], [ -66.8597659, 10.5125858 ], [ -66.8597554, 10.5125705 ], [ -66.8597448, 10.512556 ], [ -66.8597342, 10.5125424 ], [ -66.8597239, 10.5125297 ], [ -66.8597138, 10.5125179 ], [ -66.8597041, 10.5125071 ], [ -66.859695, 10.5124973 ], [ -66.8596865, 10.5124885 ], [ -66.8596788, 10.5124808 ], [ -66.8596719, 10.5124742 ], [ -66.8596661, 10.5124687 ], [ -66.8596613, 10.5124644 ], [ -66.859658183949378, 10.512461640069462 ] ] } },
{ "type": "Feature", "properties": { "name": "Avenida Boyacá", "ref": "L-8", "highway": "motorway", "length_km": 0.925 }, "geometry": { "type": "LineString", "coordinates": [ [ -66.845397931776304, 10.512543979413245 ], [ -66.8454543, 10.5125587 ], [ -66.8455999, 10.5125821 ], [ -66.8457636, 10.5125932 ], [ -66.8459931, 10.5125836 ], [ -66.8462007, 10.512571 ], [ -66.8464183, 10.5125538 ], [ -66.846945, 10.5125436 ], [ -66.847157, 10.5125576 ], [ -66.8475661, 10.512611 ], [ -66.8480821, 10.5126836 ], [ -66.8482802, 10.512727 ], [ -66.8485456, 10.5128018 ], [ -66.848764300000013, 10.512878 ], [ -66.8490473, 10.5130013 ], [ -66.8493544, 10.5131352 ], [ -66.8496957, 10.5132769 ], [ -66.8499975, 10.5133699 ], [ -66.850092, 10.5133943 ], [ -66.8502148, 10.5134121 ], [ -66.8506656, 10.5134262 ], [ -66.8513158, 10.5133791 ], [ -66.8514714, 10.5133745 ], [ -66.8516397, 10.5133857 ], [ -66.8520368, 10.5134228 ], [ -66.8526376, 10.5134903 ], [ -66.8530639, 10.5135119 ], [ -66.8532684, 10.513511 ], [ -66.8534444, 10.5134988 ], [ -66.8536505, 10.5134696 ], [ -66.853687098828928, 10.513461461255991 ] ] } },
{ "type": "Feature", "properties": { "name": "Avenida Boyacá", "ref": "L-8", "highway": "motorway", "length_km": 0.222 }, "geometry": { "type": "LineString", "coordinates": [ [ -66.85571505933666, 10.513240782101761 ], [ -66.8558776, 10.5132169 ], [ -66.8563197, 10.5131359 ], [ -66.8565233, 10.513091 ], [ -66.8567305, 10.51306 ], [ -66.8570551, 10.5130455 ], [ -66.8570852, 10.5130461 ], [ -66.8571322, 10.5130501 ], [ -66.8576396, 10.5131264 ], [ -66.8577149, 10.5131413 ] ] } },
{ "type": "Feature", "properties": { "name": "Distribuidor La Florida", "ref": "L-8", "highway": "motorway", "length_km": 0.074 }, "geometry": { "type": "LineString", "coordinates": [ [ -66.8828538, 10.5126459 ], [ -66.8823411, 10.5124857 ], [ -66.882200916430179, 10.512464014514363 ] ] } },
{ "type": "Feature", "properties": { "name": "Carretera Panamericana", "ref": "L-1", "highway": "primary", "length_km": 0.317 }, "geometry": { "type": "LineString", "coordinates": [ [ -66.965637441409555, 10.399268187189945 ], [ -66.9656663, 10.3993383 ], [ -66.9657007, 10.3994245 ], [ -66.9657276, 10.3994989 ], [ -66.9657505, 10.3996032 ], [ -66.9657652, 10.3996903 ], [ -66.9657674, 10.3997801 ], [ -66.9657626, 10.3998634 ], [ -66.9657356, 10.3999675 ], [ -66.9655329, 10.400652 ], [ -66.9655016, 10.4007368 ], [ -66.9654714, 10.4008205 ], [ -66.965452, 10.4008821 ], [ -66.9654256, 10.4009742 ], [ -66.9653971, 10.4010512 ], [ -66.9653369, 10.4011837 ], [ -66.9652941, 10.4012715 ], [ -66.9652132, 10.4013944 ], [ -66.9649899, 10.401701 ], [ -66.9649234, 10.4017769 ], [ -66.9648579, 10.4018585 ], [ -66.964840688170526, 10.401884434045229 ] ] } },
{ "type": "Feature", "properties": { "name": "Carretera Panamericana", "ref": "L-1", "highway": "primary", "length_km": 0.503 }, "geometry": { "type": "LineString", "coordinates": [ [ -66.960888744600652, 10.40872891843884 ], [ -66.9608814, 10.4087834 ], [ -66.9608632, 10.4088553 ], [ -66.9608438, 10.4089126 ], [ -66.9608136, 10.4089957 ], [ -66.96076, 10.4091395 ], [ -66.9607305, 10.4091923 ], [ -66.9606842, 10.4092694 ], [ -66.9606527, 10.409311 ], [ -66.9606252, 10.409338 ], [ -66.9605796, 10.4093842 ], [ -66.9605286, 10.4094277 ], [ -66.9604965, 10.4094646 ], [ -66.9597675, 10.4098679 ], [ -66.9596403, 10.4099365 ], [ -66.959566, 10.4099818 ], [ -66.9594954, 10.4100308 ], [ -66.9583155, 10.4109093 ], [ -66.958117, 10.4110847 ], [ -66.9579587, 10.4112179 ], [ -66.9577334, 10.4114686 ], [ -66.9575591, 10.4117033 ] ] } },
{ "type": "Feature", "properties": { "name": "Carretera Panamericana", "ref": "L-1", "highway": "primary", "length_km": 0.22 }, "geometry": { "type": "LineString", "coordinates": [ [ -66.9575591, 10.4117033 ], [ -66.9574008, 10.4119342 ], [ -66.9573002, 10.4120384 ], [ -66.9567477, 10.4124684 ], [ -66.9566431, 10.4125488 ], [ -66.9565358, 10.4126372 ], [ -66.9564473, 10.4127361 ], [ -66.9563776, 10.4128232 ], [ -66.9563145, 10.4129313 ], [ -66.9562582, 10.4130303 ], [ -66.9562113, 10.4131424 ] ] } },
{ "type": "Feature", "properties": { "name": "Carretera Panamericana", "ref": "L-1", "highway": "primary", "length_km": 1.669 }, "geometry": { "type": "LineString", "coordinates": [ [ -66.9542561, 10.4202647 ], [ -66.9544947, 10.4197717 ], [ -66.9545671, 10.419624 ], [ -66.9546261, 10.4194697 ], [ -66.9546905, 10.4192428 ], [ -66.9546824, 10.4190304 ], [ -66.954623400000017, 10.4187534 ], [ -66.9544531, 10.4184949 ], [ -66.9540736, 10.4181177 ], [ -66.9538563, 10.4179198 ], [ -66.9537302, 10.4177958 ], [ -66.9536323, 10.4176297 ], [ -66.9535653, 10.4174305 ], [ -66.9535438, 10.4171561 ], [ -66.9536283, 10.416895 ], [ -66.9537289, 10.4167222 ], [ -66.9541875, 10.4162816 ], [ -66.9543579, 10.4160917 ], [ -66.9545322, 10.4158411 ], [ -66.9546905, 10.4154968 ], [ -66.954801800000013, 10.4152911 ], [ -66.9549332, 10.4150418 ], [ -66.9550083, 10.4149613 ], [ -66.9551652, 10.4148096 ], [ -66.95542, 10.4145643 ], [ -66.955645300000015, 10.4143519 ], [ -66.9557861, 10.4142016 ], [ -66.9558837, 10.4140823 ], [ -66.9560141, 10.4138586 ], [ -66.9560852, 10.413703 ], [ -66.9562368, 10.413302 ], [ -66.9563266, 10.4130791 ], [ -66.9564312, 10.4128773 ], [ -66.9565667, 10.4127229 ], [ -66.9567665, 10.4125581 ], [ -66.9573418, 10.4121096 ], [ -66.9574652, 10.4119685 ], [ -66.9576395, 10.4117521 ], [ -66.9577629, 10.4115662 ], [ -66.9579413, 10.4113485 ], [ -66.9581505, 10.411148 ], [ -66.9583624, 10.41097 ], [ -66.9596151, 10.4100871 ], [ -66.9596833, 10.4100389 ], [ -66.9597982, 10.4099677 ], [ -66.960571, 10.4095485 ], [ -66.960661, 10.4094658 ], [ -66.9607199, 10.4093988 ], [ -66.9607719, 10.40932 ], [ -66.960817, 10.4092338 ], [ -66.9608572, 10.4091494 ], [ -66.9608881, 10.4090557 ], [ -66.9609229, 10.4089766 ], [ -66.9609363, 10.4089344 ], [ -66.9609591, 10.4088764 ], [ -66.9609672, 10.4088051 ], [ -66.960977383732455, 10.408729482882803 ] ] } },
{ "type": "Feature", "properties": { "name": "Carretera Panamericana", "ref": "L-1", "highway": "primary", "length_km": 0.49 }, "geometry": { "type": "LineString", "coordinates": [ [ -66.9562113, 10.4131424 ], [ -66.9561603, 10.4132558 ], [ -66.956108, 10.4134141 ], [ -66.956045, 10.4136001 ], [ -66.9560101, 10.4137043 ], [ -66.9559699, 10.4137821 ], [ -66.9559189, 10.413881 ], [ -66.9558478, 10.4139971 ], [ -66.9557446, 10.4141501 ], [ -66.955526, 10.4143625 ], [ -66.9553758, 10.4145102 ], [ -66.9552564, 10.4146223 ], [ -66.9551116, 10.4147687 ], [ -66.95496, 10.4149178 ], [ -66.954801800000013, 10.4151486 ], [ -66.9547361, 10.4152739 ], [ -66.9546422, 10.4154823 ], [ -66.9545322, 10.4156828 ], [ -66.9544477, 10.4158239 ], [ -66.9543753, 10.41594 ], [ -66.9542854, 10.4160693 ], [ -66.9541527, 10.4162065 ], [ -66.9537664, 10.416581 ], [ -66.9536565, 10.416705 ] ] } },
{ "type": "Feature", "properties": { "name": "Carretera Panamericana", "ref": "L-1", "highway": "primary", "length_km": 0.113 }, "geometry": { "type": "LineString", "coordinates": [ [ -66.9536565, 10.416705 ], [ -66.953584, 10.4168396 ], [ -66.9535143, 10.4170242 ], [ -66.9534647, 10.4172405 ], [ -66.9534902, 10.4174595 ], [ -66.95358, 10.4176732 ] ] } },
{ "type": "Feature", "properties": { "name": "Carretera Panamericana", "ref": "L-1", "highway": "primary", "length_km": 0.26 }, "geometry": { "type": "LineString", "coordinates": [ [ -66.95358, 10.4176732 ], [ -66.9536819, 10.4178473 ], [ -66.95382810000001, 10.4179924 ], [ -66.954036, 10.4181784 ], [ -66.9544075, 10.4185358 ], [ -66.9545134, 10.4186901 ], [ -66.9545885, 10.4188814 ], [ -66.9546167, 10.4190568 ], [ -66.9546207, 10.4192494 ], [ -66.9545604, 10.4194736 ], [ -66.9544973, 10.4196161 ] ] } },
{ "type": "Feature", "properties": { "name": "Carretera Regional Caracas - Los Teques", "ref": "L-7", "highway": "primary", "length_km": 0.605 }, "geometry": { "type": "LineString", "coordinates": [ [ -67.016650300002084, 10.403803279663821 ], [ -67.0166503, 10.4036331 ], [ -67.0165805, 10.4030975 ], [ -67.0165671, 10.4028733 ], [ -67.016602, 10.4026675 ], [ -67.0167012, 10.4023826 ], [ -67.016892, 10.4019536 ], [ -67.0170687, 10.4016254 ], [ -67.0171813, 10.4015384 ], [ -67.0173262, 10.4015173 ], [ -67.017597, 10.4015437 ], [ -67.0178572, 10.4014883 ], [ -67.018037, 10.4013459 ], [ -67.0181228, 10.4011506 ], [ -67.0181872, 10.4008499 ], [ -67.0182193, 10.4005966 ], [ -67.0181952, 10.4004409 ], [ -67.0181657, 10.4002721 ], [ -67.0181765, 10.4001059 ], [ -67.0182274, 10.4000135 ], [ -67.0183213, 10.3999238 ], [ -67.0183964, 10.3998394 ], [ -67.0184446, 10.3996258 ], [ -67.0184393, 10.3994174 ], [ -67.018409617814314, 10.399327646099133 ] ] } },
{ "type": "Feature", "properties": { "name": "Carretera Panamericana", "ref": "L-1", "highway": "primary", "length_km": 0.315 }, "geometry": { "type": "LineString", "coordinates": [ [ -66.964947334750022, 10.401885111412515 ], [ -66.9649877, 10.401834 ], [ -66.9650548, 10.4017575 ], [ -66.96528, 10.4014409 ], [ -66.9653498, 10.4013538 ], [ -66.9654141, 10.4012166 ], [ -66.9654759, 10.4010874 ], [ -66.9655081, 10.4010004 ], [ -66.9655351, 10.4009063 ], [ -66.9655537, 10.4008474 ], [ -66.9655832, 10.4007656 ], [ -66.9656153, 10.4006785 ], [ -66.9658192, 10.39999 ], [ -66.9658487, 10.3998765 ], [ -66.9658541, 10.3997815 ], [ -66.9658517, 10.3996822 ], [ -66.9658356, 10.3995872 ], [ -66.9658111, 10.3994755 ], [ -66.9657819, 10.3993947 ], [ -66.9657468, 10.3993067 ], [ -66.965731194875318, 10.399268782291978 ] ] } },
{ "type": "Feature", "properties": { "name": "Distribuidor Caricuao", "ref": null, "highway": "motorway", "length_km": 0.331 }, "geometry": { "type": "LineString", "coordinates": [ [ -66.9891214, 10.4419757 ], [ -66.9890795, 10.4421618 ], [ -66.989065600000018, 10.4422155 ], [ -66.9889698, 10.4425796 ], [ -66.9886652, 10.4438037 ], [ -66.9886138, 10.444002 ], [ -66.9885035, 10.4443741 ], [ -66.9884922, 10.4444212 ], [ -66.9884753, 10.4444996 ], [ -66.9884296, 10.4448816 ] ] } },
{ "type": "Feature", "properties": { "name": "Distribuidor Caricuao", "ref": null, "highway": "motorway", "length_km": 0.247 }, "geometry": { "type": "LineString", "coordinates": [ [ -66.9884447, 10.4453492 ], [ -66.9885121, 10.4449816 ], [ -66.9886693, 10.444518 ], [ -66.9888016, 10.4441457 ], [ -66.9889464, 10.4438505 ], [ -66.989236053379841, 10.443272367911348 ] ] } },
{ "type": "Feature", "properties": { "name": "Autopista Gran Cacique Guaicaipuro", "ref": "L-7", "highway": "motorway", "length_km": 0.115 }, "geometry": { "type": "LineString", "coordinates": [ [ -66.9882039, 10.4463596 ], [ -66.9884447, 10.4453492 ] ] } },
{ "type": "Feature", "properties": { "name": "Autopista Gran Cacique Guaicaipuro", "ref": "L-7", "highway": "motorway", "length_km": 0.278 }, "geometry": { "type": "LineString", "coordinates": [ [ -66.9884296, 10.4448816 ], [ -66.9883705, 10.4450936 ], [ -66.9883327, 10.4452648 ], [ -66.9882903, 10.4454834 ], [ -66.988075, 10.4465781 ], [ -66.9880185, 10.4469047 ], [ -66.9879938, 10.4470606 ], [ -66.9879829, 10.447179 ], [ -66.987960900000019, 10.4473529 ] ] } },
{ "type": "Feature", "properties": { "name": "Autopista Gran Cacique Guaicaipuro", "ref": "L-7", "highway": "motorway", "length_km": 0.137 }, "geometry": { "type": "LineString", "coordinates": [ [ -66.9880424, 10.447584 ], [ -66.9880598, 10.4472823 ], [ -66.9880677, 10.447096 ], [ -66.9880916, 10.4469599 ], [ -66.9881131, 10.4468491 ], [ -66.9882039, 10.4463596 ] ] } },
{ "type": "Feature", "properties": { "name": "Autopista Gran Cacique Guaicaipuro", "ref": "L-7", "highway": "motorway", "length_km": 0.38 }, "geometry": { "type": "LineString", "coordinates": [ [ -66.987960900000019, 10.4473529 ], [ -66.9879543, 10.4476381 ], [ -66.9879509, 10.447762 ], [ -66.9879668, 10.4480132 ], [ -66.9879778, 10.4481539 ], [ -66.9879844, 10.4482183 ], [ -66.9880633, 10.448565 ], [ -66.9881391, 10.4488336 ], [ -66.9881608, 10.4488908 ], [ -66.9882258, 10.4491354 ], [ -66.9882438, 10.4491934 ], [ -66.9883122, 10.4494273 ], [ -66.9884073, 10.4496131 ], [ -66.9884288, 10.4496551 ], [ -66.9885246, 10.4498216 ], [ -66.9886682, 10.450071 ], [ -66.9887128, 10.4501442 ], [ -66.9888214, 10.4503225 ], [ -66.9888684, 10.4503997 ], [ -66.9889733, 10.4505703 ] ] } },
{ "type": "Feature", "properties": { "name": "Autopista Gran Cacique Guaicaipuro", "ref": "L-7", "highway": "motorway", "length_km": 0.082 }, "geometry": { "type": "LineString", "coordinates": [ [ -66.9904216, 10.4546794 ], [ -66.9903787, 10.4549129 ], [ -66.9903438, 10.4550645 ], [ -66.9902995, 10.4552123 ], [ -66.9902593, 10.4553415 ], [ -66.990238086753322, 10.455399579836293 ] ] } },
{ "type": "Feature", "properties": { "name": "Autopista Gran Cacique Guaicaipuro", "ref": "L-7", "highway": "motorway", "length_km": 0.086 }, "geometry": { "type": "LineString", "coordinates": [ [ -66.989653128534897, 10.456466077292221 ], [ -66.9895324, 10.4566221 ], [ -66.9893192, 10.456841 ], [ -66.9892226, 10.4569294 ], [ -66.9891502, 10.45699 ], [ -66.989107047292634, 10.457025692433067 ] ] } },
{ "type": "Feature", "properties": { "name": "Autopista Gran Cacique Guaicaipuro", "ref": "L-7", "highway": "motorway", "length_km": 0.632 }, "geometry": { "type": "LineString", "coordinates": [ [ -66.986208690933793, 10.458610758878431 ], [ -66.9860242, 10.4587013 ], [ -66.9852972, 10.459058 ], [ -66.9846417, 10.4593794 ], [ -66.9843558, 10.4595196 ], [ -66.9837791, 10.4598308 ], [ -66.9835273, 10.4599859 ], [ -66.9831756, 10.4602027 ], [ -66.982997, 10.4603354 ], [ -66.9828135, 10.4604717 ], [ -66.9824997, 10.4606907 ], [ -66.9820517, 10.4610362 ], [ -66.981687, 10.4613422 ], [ -66.981353384335947, 10.461646563353804 ] ] } },
{ "type": "Feature", "properties": { "name": "Autopista Gran Cacique Guaicaipuro", "ref": "L-7", "highway": "motorway", "length_km": 0.246 }, "geometry": { "type": "LineString", "coordinates": [ [ -66.981096592402267, 10.461910715962555 ], [ -66.980893, 10.4621203 ], [ -66.9806436, 10.4623629 ], [ -66.980340500000011, 10.462661 ], [ -66.9798684, 10.4631753 ], [ -66.979545998323857, 10.463519669755421 ] ] } },
{ "type": "Feature", "properties": { "name": "Autopista Gran Cacique Guaicaipuro", "ref": "L-7", "highway": "motorway", "length_km": 0.15 }, "geometry": { "type": "LineString", "coordinates": [ [ -66.979937392788756, 10.463535881415668 ], [ -66.9800293, 10.4634377 ], [ -66.9801806, 10.4632761 ], [ -66.9803406, 10.4631188 ], [ -66.9803594, 10.4631003 ], [ -66.9806556, 10.462809 ], [ -66.9807277, 10.4627381 ], [ -66.9807884, 10.4626749 ], [ -66.980892756549878, 10.462566219687663 ] ] } },
{ "type": "Feature", "properties": { "name": "Autopista Gran Cacique Guaicaipuro", "ref": "L-7", "highway": "motorway", "length_km": 0.537 }, "geometry": { "type": "LineString", "coordinates": [ [ -66.981839549289077, 10.461649736833479 ], [ -66.9819272, 10.4615714 ], [ -66.9820542, 10.4614578 ], [ -66.9821133, 10.4614049 ], [ -66.9821629, 10.4613606 ], [ -66.982306, 10.4612468 ], [ -66.9824058, 10.4611674 ], [ -66.9826766, 10.4609521 ], [ -66.9828715, 10.4607971 ], [ -66.983005, 10.4606909 ], [ -66.983074, 10.4606475 ], [ -66.9832232, 10.4605538 ], [ -66.9832785, 10.460519 ], [ -66.9834845, 10.4603896 ], [ -66.9840017, 10.4600647 ], [ -66.9840327, 10.4600494 ], [ -66.9840589, 10.4600364 ], [ -66.9845637, 10.4597866 ], [ -66.9852768, 10.4594339 ], [ -66.9854699, 10.4593383 ], [ -66.9858875, 10.4591317 ], [ -66.985976856797663, 10.459087506508952 ] ] } },
{ "type": "Feature", "properties": { "name": "Autopista Gran Cacique Guaicaipuro", "ref": "L-7", "highway": "motorway", "length_km": 0.183 }, "geometry": { "type": "LineString", "coordinates": [ [ -66.990776435095839, 10.454787981585278 ], [ -66.990791, 10.4546553 ], [ -66.990803, 10.4545174 ], [ -66.9907947, 10.4542776 ], [ -66.9907805, 10.4541084 ], [ -66.9907486, 10.4538886 ], [ -66.9906795, 10.4536483 ], [ -66.990629200000015, 10.4534622 ], [ -66.9905851, 10.4532993 ], [ -66.990541, 10.4531636 ] ] } },
{ "type": "Feature", "properties": { "name": "Distribuidor Caricuao", "ref": null, "highway": "motorway", "length_km": 0.301 }, "geometry": { "type": "LineString", "coordinates": [ [ -66.9895004, 10.4412138 ], [ -66.9895166, 10.4407809 ], [ -66.989564700000017, 10.4402352 ], [ -66.9896749, 10.4393749 ], [ -66.9896883, 10.4392114 ], [ -66.9896882, 10.439098 ], [ -66.9896721, 10.4389872 ], [ -66.9896507, 10.4388976 ], [ -66.9896194, 10.438786 ], [ -66.9895792, 10.4386963 ], [ -66.9895001, 10.4385358 ] ] } },
{ "type": "Feature", "properties": { "name": "Distribuidor Caricuao", "ref": null, "highway": "motorway", "length_km": 0.152 }, "geometry": { "type": "LineString", "coordinates": [ [ -66.9894436, 10.4406498 ], [ -66.9892216, 10.4412804 ], [ -66.9891869, 10.4414457 ], [ -66.9891214, 10.4419757 ] ] } },
{ "type": "Feature", "properties": { "name": "Distribuidor Caricuao", "ref": null, "highway": "motorway", "length_km": 0.137 }, "geometry": { "type": "LineString", "coordinates": [ [ -66.9895166, 10.4424506 ], [ -66.9895004, 10.4412138 ] ] } },
{ "type": "Feature", "properties": { "name": "Distribuidor Caricuao", "ref": "L-7", "highway": "motorway", "length_km": 0.4 }, "geometry": { "type": "LineString", "coordinates": [ [ -66.9897481, 10.441523 ], [ -66.9896829, 10.4416012 ], [ -66.9896167, 10.4416799 ], [ -66.9894182, 10.4420835 ], [ -66.9888577, 10.4434879 ], [ -66.988582, 10.4444007 ], [ -66.9884296, 10.4448816 ] ] } },
{ "type": "Feature", "properties": { "name": "Distribuidor Caricuao", "ref": "L-7", "highway": "motorway", "length_km": 0.201 }, "geometry": { "type": "LineString", "coordinates": [ [ -66.9884447, 10.4453492 ], [ -66.9885794, 10.4450801 ], [ -66.9888105, 10.4445695 ], [ -66.9888957, 10.4443815 ], [ -66.988937800000016, 10.4442957 ], [ -66.9890194, 10.4441242 ], [ -66.989233231151829, 10.443711325773648 ] ] } },
{ "type": "Feature", "properties": { "name": "Carretera Colonia Tovar - El Junquito", "ref": "L-4", "highway": "primary", "length_km": 0.251 }, "geometry": { "type": "LineString", "coordinates": [ [ -67.120526016705924, 10.458161702754595 ], [ -67.120389, 10.458188 ], [ -67.119879, 10.458299 ], [ -67.1193127, 10.4584134 ], [ -67.1184222, 10.458569 ], [ -67.118272711148109, 10.458561290829024 ] ] } },
{ "type": "Feature", "properties": { "name": "Autopista Gran Cacique Guaicaipuro", "ref": "L-7", "highway": "motorway", "length_km": 0.575 }, "geometry": { "type": "LineString", "coordinates": [ [ -66.9901131, 10.4522738 ], [ -66.990078, 10.4522157 ], [ -66.9900491, 10.452168 ], [ -66.9900288, 10.4521345 ], [ -66.9899085, 10.4519288 ], [ -66.9897698, 10.4516872 ], [ -66.9894028, 10.4511132 ], [ -66.9893858, 10.4510862 ], [ -66.9890616, 10.450542 ], [ -66.9889247, 10.4503071 ], [ -66.9884537, 10.4494992 ], [ -66.9883168, 10.4492102 ], [ -66.9882117, 10.4488306 ], [ -66.9881773, 10.4486956 ], [ -66.988159, 10.448632 ], [ -66.988145, 10.4485713 ], [ -66.9880994, 10.448304 ], [ -66.9880762, 10.4481393 ], [ -66.988059, 10.4479737 ], [ -66.9880437, 10.4477589 ], [ -66.9880424, 10.447584 ] ] } },
{ "type": "Feature", "properties": { "name": "Autopista Gran Cacique Guaicaipuro", "ref": "L-7", "highway": "motorway", "length_km": 0.218 }, "geometry": { "type": "LineString", "coordinates": [ [ -66.9889733, 10.4505703 ], [ -66.9890083, 10.4506247 ], [ -66.9891059, 10.4507838 ], [ -66.98931, 10.4510964 ], [ -66.9897824, 10.4518843 ], [ -66.9899857, 10.4522617 ] ] } },
{ "type": "Feature", "properties": { "name": null, "ref": null, "highway": "primary", "length_km": 0.058 }, "geometry": { "type": "LineString", "coordinates": [ [ -66.9544973, 10.4196161 ], [ -66.9543816, 10.4196893 ], [ -66.9543192, 10.4197365 ], [ -66.9541992, 10.4199018 ], [ -66.954137732892335, 10.419995014476649 ] ] } },
{ "type": "Feature", "properties": { "name": "Carretera Panamericana", "ref": "L-1", "highway": "primary", "length_km": 0.072 }, "geometry": { "type": "LineString", "coordinates": [ [ -66.9544973, 10.4196161 ], [ -66.9544343, 10.4197493 ], [ -66.954191926976506, 10.4201962808208 ] ] } },
{ "type": "Feature", "properties": { "name": "Autopista Gran Cacique Guaicaipuro", "ref": "L-7", "highway": "motorway", "length_km": 0.109 }, "geometry": { "type": "LineString", "coordinates": [ [ -66.990541, 10.4531636 ], [ -66.990507, 10.4530598 ], [ -66.9904864, 10.4529989 ], [ -66.9904618, 10.4529373 ], [ -66.9904336, 10.4528792 ], [ -66.9903949, 10.4527996 ], [ -66.9903641, 10.452733 ], [ -66.9903348, 10.4526764 ], [ -66.9902963, 10.4526118 ], [ -66.9902641, 10.4525504 ], [ -66.9902355, 10.4524949 ], [ -66.9902042, 10.4524343 ], [ -66.990178, 10.4523937 ], [ -66.9901461, 10.4523283 ], [ -66.9901131, 10.4522738 ] ] } },
{ "type": "Feature", "properties": { "name": "Autopista Gran Cacique Guaicaipuro", "ref": "L-7", "highway": "motorway", "length_km": 0.123 }, "geometry": { "type": "LineString", "coordinates": [ [ -66.9899857, 10.4522617 ], [ -66.990043700000015, 10.4523631 ], [ -66.9900926, 10.4524577 ], [ -66.990113, 10.4525023 ], [ -66.9901582, 10.4526155 ], [ -66.9902008, 10.4527356 ], [ -66.9902455, 10.452873 ], [ -66.9902928, 10.4530254 ], [ -66.9903577, 10.4533027 ] ] } },
{ "type": "Feature", "properties": { "name": "Rampa de Mamera", "ref": null, "highway": "motorway", "length_km": 0.159 }, "geometry": { "type": "LineString", "coordinates": [ [ -66.9899857, 10.4522617 ], [ -66.9901376, 10.4527299 ], [ -66.9902234, 10.4530279 ], [ -66.9902181, 10.4532482 ], [ -66.9901644, 10.4534078 ], [ -66.9900331, 10.453621 ] ] } },
{ "type": "Feature", "properties": { "name": "Autopista Gran Cacique Guaicaipuro", "ref": "L-7", "highway": "motorway", "length_km": 0.154 }, "geometry": { "type": "LineString", "coordinates": [ [ -66.9903577, 10.4533027 ], [ -66.9904051, 10.453508 ], [ -66.990432, 10.453668 ], [ -66.9904547, 10.4538725 ], [ -66.9904584, 10.4539248 ], [ -66.9904681, 10.4540392 ], [ -66.9904739, 10.4542798 ], [ -66.9904524, 10.4544882 ], [ -66.9904216, 10.4546794 ] ] } },
{ "type": "Feature", "properties": { "name": "Rampa de Mamera", "ref": null, "highway": "motorway", "length_km": 0.134 }, "geometry": { "type": "LineString", "coordinates": [ [ -66.9900331, 10.453621 ], [ -66.990063800000016, 10.4535977 ], [ -66.9901161, 10.4535634 ], [ -66.9901765, 10.4535462 ], [ -66.9902395, 10.4535607 ], [ -66.9903079, 10.4535924 ], [ -66.990327400000012, 10.4536417 ], [ -66.9903908, 10.4540878 ], [ -66.9904524, 10.4544882 ] ] } },
{ "type": "Feature", "properties": { "name": "Rampa de Mamera", "ref": null, "highway": "motorway", "length_km": 0.113 }, "geometry": { "type": "LineString", "coordinates": [ [ -66.990155, 10.4546224 ], [ -66.9901114, 10.4545189 ], [ -66.9900705, 10.4543745 ], [ -66.9900357, 10.4541522 ], [ -66.9900102, 10.4537744 ], [ -66.9900331, 10.453621 ] ] } },
{ "type": "Feature", "properties": { "name": "Rampa de Mamera", "ref": null, "highway": "motorway", "length_km": 0.073 }, "geometry": { "type": "LineString", "coordinates": [ [ -66.990741443466888, 10.454894019269778 ], [ -66.9905898, 10.4548664 ], [ -66.9904125, 10.454813 ], [ -66.9902911, 10.4547418 ], [ -66.990206, 10.4546732 ], [ -66.990155, 10.4546224 ] ] } },
{ "type": "Feature", "properties": { "name": "Distribuidor Antímano", "ref": null, "highway": "motorway", "length_km": 0.114 }, "geometry": { "type": "LineString", "coordinates": [ [ -66.980059355051694, 10.463532468734829 ], [ -66.9800999, 10.4634847 ], [ -66.9801648, 10.4634082 ], [ -66.9803721, 10.4631654 ], [ -66.9807277, 10.4627381 ] ] } },
{ "type": "Feature", "properties": { "name": "Autopista Regional del Centro", "ref": "T-1", "highway": "motorway", "length_km": 0.126 }, "geometry": { "type": "LineString", "coordinates": [ [ -66.927267, 10.4224252 ], [ -66.9277903, 10.4224915 ], [ -66.9278023, 10.4224929 ], [ -66.9280875, 10.4225875 ], [ -66.9281376, 10.4226164 ], [ -66.9283584, 10.4227436 ] ] } },
{ "type": "Feature", "properties": { "name": "Autopista Regional del Centro", "ref": "T-1", "highway": "motorway", "length_km": 0.384 }, "geometry": { "type": "LineString", "coordinates": [ [ -66.9273505, 10.4223379 ], [ -66.9273427, 10.4223379 ], [ -66.9268181, 10.4223352 ], [ -66.9263103, 10.4224125 ], [ -66.9257511, 10.4225277 ], [ -66.923914261027335, 10.422974939459488 ] ] } },
{ "type": "Feature", "properties": { "name": "Autopista Regional del Centro", "ref": "T-1", "highway": "motorway", "length_km": 0.364 }, "geometry": { "type": "LineString", "coordinates": [ [ -66.924017414530624, 10.423083650184076 ], [ -66.9257562, 10.4226522 ], [ -66.926331200000021, 10.4225256 ], [ -66.9268462, 10.4224412 ], [ -66.9272548, 10.4224257 ], [ -66.927267, 10.4224252 ] ] } },
{ "type": "Feature", "properties": { "name": "Autopista Regional del Centro", "ref": "T-1", "highway": "motorway", "length_km": 0.154 }, "geometry": { "type": "LineString", "coordinates": [ [ -66.928646465276444, 10.422813870058951 ], [ -66.9286452, 10.4228126 ], [ -66.9285191, 10.422717 ], [ -66.9282753, 10.4225776 ], [ -66.9280192, 10.4224705 ], [ -66.9276883, 10.4223794 ], [ -66.9273505, 10.4223379 ] ] } },
{ "type": "Feature", "properties": { "name": "Carretera Panamericana", "ref": "L-1", "highway": "primary", "length_km": 0.91 }, "geometry": { "type": "LineString", "coordinates": [ [ -66.953937077892462, 10.420615948280224 ], [ -66.9538415, 10.4207726 ], [ -66.9537137, 10.4209523 ], [ -66.9536343, 10.4210643 ], [ -66.953562500000018, 10.4211534 ], [ -66.953476, 10.4212365 ], [ -66.9533988, 10.4213104 ], [ -66.9532958, 10.4213884 ], [ -66.9531799, 10.4214729 ], [ -66.9530907, 10.4215251 ], [ -66.9524251, 10.4218071 ], [ -66.9520978, 10.4219499 ], [ -66.9516595, 10.4221411 ], [ -66.9510451, 10.4223783 ], [ -66.9509393, 10.422425 ], [ -66.9508324, 10.4224839 ], [ -66.9507358, 10.4225408 ], [ -66.9506478, 10.4226031 ], [ -66.9505768, 10.4226729 ], [ -66.950522, 10.4227385 ], [ -66.9502652, 10.4232169 ], [ -66.9502144, 10.4233065 ], [ -66.9501612, 10.4234263 ], [ -66.9501245, 10.4235565 ], [ -66.9500949, 10.4236163 ], [ -66.9500483, 10.4236693 ], [ -66.94999, 10.4237338 ], [ -66.9498834, 10.4238 ], [ -66.9497621, 10.4238673 ], [ -66.9496908, 10.4238943 ], [ -66.9495945, 10.4239198 ], [ -66.9494986, 10.4239272 ], [ -66.9494039, 10.4239292 ], [ -66.9493151, 10.4239311 ], [ -66.9492427, 10.4239255 ], [ -66.9489966, 10.4238935 ], [ -66.948188, 10.423761 ], [ -66.9479526, 10.4237589 ], [ -66.9478171, 10.4237742 ], [ -66.9477019, 10.4238024 ], [ -66.9476041, 10.4238352 ], [ -66.9475271, 10.4238709 ], [ -66.9474552, 10.423912 ], [ -66.9473818, 10.4239701 ], [ -66.9472074, 10.4241438 ], [ -66.947167863014457, 10.424204519365608 ] ] } },
{ "type": "Feature", "properties": { "name": null, "ref": null, "highway": "primary", "length_km": 0.055 }, "geometry": { "type": "LineString", "coordinates": [ [ -66.947009515159536, 10.424913485121213 ], [ -66.9470118, 10.4249536 ], [ -66.9469662, 10.4250195 ], [ -66.9469125, 10.4250697 ], [ -66.9468106, 10.4250881 ], [ -66.9467274, 10.4250828 ], [ -66.9466721, 10.4250602 ], [ -66.946623849223357, 10.425027289066129 ] ] } },
{ "type": "Feature", "properties": { "name": null, "ref": null, "highway": "primary", "length_km": 0.077 }, "geometry": { "type": "LineString", "coordinates": [ [ -66.946476848189675, 10.425129108416268 ], [ -66.9465316, 10.4251699 ], [ -66.9465826, 10.4251884 ], [ -66.946656, 10.4251947 ], [ -66.9467793, 10.4251894 ], [ -66.9469098, 10.4251752 ], [ -66.9470306, 10.4251791 ], [ -66.9471497, 10.4252309 ] ] } },
{ "type": "Feature", "properties": { "name": "Carretera Panamericana", "ref": "L-1", "highway": "primary", "length_km": 0.708 }, "geometry": { "type": "LineString", "coordinates": [ [ -66.948026623435538, 10.433428119402993 ], [ -66.9480443, 10.4331602 ], [ -66.9480577, 10.4330019 ], [ -66.9480845, 10.4328172 ], [ -66.9481408, 10.4326643 ], [ -66.9482133, 10.4325376 ], [ -66.9483581, 10.4323926 ], [ -66.9485324, 10.4322738 ], [ -66.9487041, 10.4322105 ], [ -66.9489271, 10.432165 ], [ -66.9503242, 10.4319151 ], [ -66.9505843, 10.4318043 ], [ -66.9507962, 10.4316566 ], [ -66.9509706, 10.4314825 ], [ -66.9511101, 10.4312583 ], [ -66.9511932, 10.4310499 ], [ -66.9512254, 10.4307544 ], [ -66.9511878, 10.4304669 ], [ -66.9511047, 10.43024 ], [ -66.9509733, 10.4299921 ], [ -66.950807, 10.4298259 ], [ -66.9506997, 10.4297388 ], [ -66.950253973794645, 10.42949557183951 ] ] } },
{ "type": "Feature", "properties": { "name": "Carretera Panamericana", "ref": "L-1", "highway": "primary", "length_km": 0.325 }, "geometry": { "type": "LineString", "coordinates": [ [ -66.949622666175841, 10.426039024179087 ], [ -66.9495898, 10.4260056 ], [ -66.94949, 10.4259076 ], [ -66.9494129, 10.4258356 ], [ -66.9493377, 10.4257797 ], [ -66.9492747, 10.4257377 ], [ -66.949169, 10.4256977 ], [ -66.9490247, 10.4256537 ], [ -66.9488844, 10.4256357 ], [ -66.9486994, 10.4256297 ], [ -66.9484128, 10.4256337 ], [ -66.9480613, 10.4256199 ], [ -66.9479216, 10.4256045 ], [ -66.9478124, 10.4255762 ], [ -66.9477052, 10.4255437 ], [ -66.9475795, 10.4254829 ], [ -66.9473456, 10.4253362 ], [ -66.9472088, 10.4251555 ], [ -66.9471136, 10.4249524 ], [ -66.947106260970813, 10.424910842530899 ] ] } },
{ "type": "Feature", "properties": { "name": "Carretera Panamericana", "ref": "L-1", "highway": "primary", "length_km": 0.846 }, "geometry": { "type": "LineString", "coordinates": [ [ -66.947358879784275, 10.424099820555082 ], [ -66.9474352, 10.4240254 ], [ -66.9474991, 10.4239748 ], [ -66.947563, 10.4239383 ], [ -66.9476331, 10.4239058 ], [ -66.9477238, 10.4238754 ], [ -66.9478309, 10.4238491 ], [ -66.9479567, 10.4238349 ], [ -66.9481813, 10.4238369 ], [ -66.9489852, 10.4239687 ], [ -66.9492346, 10.4240011 ], [ -66.9493129, 10.4240072 ], [ -66.9494056, 10.4240052 ], [ -66.9495025, 10.4240031 ], [ -66.9496076, 10.423995 ], [ -66.9497148, 10.4239667 ], [ -66.9497952, 10.4239362 ], [ -66.949923, 10.4238653 ], [ -66.9500405, 10.4237923 ], [ -66.9501064, 10.4237194 ], [ -66.95016, 10.4236585 ], [ -66.9501971, 10.4235835 ], [ -66.9502342, 10.4234518 ], [ -66.9502837, 10.4233403 ], [ -66.9503331, 10.4232531 ], [ -66.9505867, 10.4227808 ], [ -66.9506341, 10.422724 ], [ -66.950698, 10.4226612 ], [ -66.9507783, 10.4226044 ], [ -66.9508711, 10.4225497 ], [ -66.9509741, 10.422493 ], [ -66.9510751, 10.4224484 ], [ -66.9516893, 10.4222112 ], [ -66.9524561, 10.4218767 ], [ -66.9531259, 10.4215929 ], [ -66.9532228, 10.4215362 ], [ -66.9533424, 10.421449 ], [ -66.9534495, 10.4213679 ], [ -66.9535299, 10.4212909 ], [ -66.9536165, 10.4212078 ], [ -66.9537049, 10.4211044 ], [ -66.9537872, 10.4209862 ] ] } },
{ "type": "Feature", "properties": { "name": "Carretera Panamericana", "ref": "L-1", "highway": "primary", "length_km": 0.307 }, "geometry": { "type": "LineString", "coordinates": [ [ -66.9471497, 10.4252309 ], [ -66.9472959, 10.4254021 ], [ -66.9475092, 10.4255538 ], [ -66.9476621, 10.4256369 ], [ -66.9479074, 10.4256794 ], [ -66.9480554, 10.4256957 ], [ -66.9484118, 10.4257097 ], [ -66.9486987, 10.4257057 ], [ -66.9488781, 10.4257115 ], [ -66.9490081, 10.4257282 ], [ -66.9491437, 10.4257695 ], [ -66.9492387, 10.4258055 ], [ -66.9492927, 10.4258415 ], [ -66.9493627, 10.4258936 ], [ -66.9494354, 10.425962 ], [ -66.9495348, 10.426059 ], [ -66.9495855, 10.4261105 ], [ -66.949621529689608, 10.426177737568569 ] ] } },
{ "type": "Feature", "properties": { "name": "Carretera Panamericana", "ref": "L-1", "highway": "primary", "length_km": 0.687 }, "geometry": { "type": "LineString", "coordinates": [ [ -66.950243604780724, 10.429596078443724 ], [ -66.95072380000002, 10.429876 ], [ -66.9508955, 10.4300554 ], [ -66.9510189, 10.430248 ], [ -66.9510859, 10.4304115 ], [ -66.9511261, 10.4306278 ], [ -66.9511261, 10.4308151 ], [ -66.9510779, 10.4310631 ], [ -66.9509733, 10.431311 ], [ -66.95083910000001, 10.4315036 ], [ -66.9507024, 10.4316223 ], [ -66.9504717, 10.43177 ], [ -66.9502625, 10.4318386 ], [ -66.9487745, 10.4321236 ], [ -66.9485405, 10.4321921 ], [ -66.948334, 10.4323055 ], [ -66.9481516, 10.4324664 ], [ -66.9480497, 10.432622 ], [ -66.9479853, 10.4328067 ], [ -66.9479638, 10.4329966 ], [ -66.9479397, 10.4331338 ], [ -66.947929190584517, 10.433377819015986 ] ] } },
{ "type": "Feature", "properties": { "name": "Carretera Panamericana", "ref": "L-1", "highway": "primary", "length_km": 0.132 }, "geometry": { "type": "LineString", "coordinates": [ [ -66.943977064407278, 10.442267502243622 ], [ -66.9439577, 10.4422813 ], [ -66.9438846, 10.4423366 ], [ -66.9437998, 10.4423984 ], [ -66.9436955, 10.4424593 ], [ -66.9436218, 10.4424956 ], [ -66.9434874, 10.4425476 ], [ -66.9433686, 10.442584 ], [ -66.9432543, 10.4426072 ], [ -66.943141600000018, 10.4426188 ], [ -66.9430322, 10.4426184 ], [ -66.9429426, 10.4426103 ], [ -66.9428594, 10.4426028 ] ] } },
{ "type": "Feature", "properties": { "name": "Carretera Panamericana", "ref": "L-1", "highway": "primary", "length_km": 0.223 }, "geometry": { "type": "LineString", "coordinates": [ [ -66.9428594, 10.4426028 ], [ -66.9425805, 10.4425319 ], [ -66.9424178, 10.4424768 ], [ -66.9422428, 10.4424007 ], [ -66.9415781, 10.4421245 ], [ -66.9411687, 10.4419565 ], [ -66.940969624883678, 10.441866339961791 ] ] } },
{ "type": "Feature", "properties": { "name": null, "ref": null, "highway": "primary", "length_km": 0.089 }, "geometry": { "type": "LineString", "coordinates": [ [ -66.9412485, 10.4420771 ], [ -66.9414583, 10.4422563 ], [ -66.9419367, 10.4425002 ] ] } },
{ "type": "Feature", "properties": { "name": null, "ref": null, "highway": "primary", "length_km": 0.326 }, "geometry": { "type": "LineString", "coordinates": [ [ -66.943993600418523, 10.442300778055815 ], [ -66.9438827, 10.4424069 ], [ -66.943777, 10.4424929 ], [ -66.9436536, 10.4425772 ], [ -66.9435383, 10.4426299 ], [ -66.9434256, 10.4426616 ], [ -66.9432915, 10.4426906 ], [ -66.9431467, 10.4427038 ], [ -66.9430206, 10.4427038 ], [ -66.9428958, 10.4426682 ], [ -66.9427027, 10.4426062 ], [ -66.9424881, 10.4425389 ], [ -66.9422554, 10.4424611 ], [ -66.941845, 10.4423273 ], [ -66.9416432, 10.4422501 ], [ -66.9414045, 10.4421393 ], [ -66.9412485, 10.4420771 ] ] } },
{ "type": "Feature", "properties": { "name": "Carretera Panamericana", "ref": "L-1", "highway": "primary", "length_km": 0.108 }, "geometry": { "type": "LineString", "coordinates": [ [ -66.93862575050143, 10.443024325179556 ], [ -66.938546, 10.4430922 ], [ -66.938482, 10.4431245 ], [ -66.9384083, 10.4431574 ], [ -66.9383384, 10.4431829 ], [ -66.9382674, 10.4432013 ], [ -66.9382047, 10.4432179 ], [ -66.9381557, 10.4432269 ], [ -66.9380768, 10.4432318 ], [ -66.9380165, 10.4432334 ], [ -66.937944, 10.4432251 ], [ -66.9378938, 10.4432218 ], [ -66.9378205, 10.443208 ], [ -66.9377172, 10.4431641 ], [ -66.937706335299026, 10.443157079274865 ] ] } },
{ "type": "Feature", "properties": { "name": "Carretera Panamericana", "ref": "L-1", "highway": "primary", "length_km": 0.177 }, "geometry": { "type": "LineString", "coordinates": [ [ -66.924604591560794, 10.456412100004185 ], [ -66.9246487, 10.4564121 ], [ -66.9247333, 10.4564022 ], [ -66.9248501, 10.456376 ], [ -66.9249864, 10.4563446 ], [ -66.9250625, 10.456322 ], [ -66.9251226, 10.4563064 ], [ -66.9252347, 10.4562526 ], [ -66.9252713, 10.456235 ], [ -66.9254146, 10.4561532 ], [ -66.9258959, 10.4558174 ], [ -66.926025537244712, 10.455721486679122 ] ] } },
{ "type": "Feature", "properties": { "name": "Carretera Panamericana", "ref": "L-1", "highway": "primary", "length_km": 0.129 }, "geometry": { "type": "LineString", "coordinates": [ [ -66.937647808561891, 10.443196239770099 ], [ -66.9376815, 10.443218 ], [ -66.9377987, 10.4432679 ], [ -66.937885, 10.4432841 ], [ -66.9379381, 10.4432876 ], [ -66.9380142, 10.4432963 ], [ -66.9380814, 10.4432945 ], [ -66.9381663, 10.4432893 ], [ -66.938223, 10.4432789 ], [ -66.938288400000019, 10.4432615 ], [ -66.9383628, 10.4432423 ], [ -66.9384671, 10.4432066 ], [ -66.9385167, 10.4431797 ], [ -66.9385893, 10.4431431 ], [ -66.9386512, 10.4430944 ], [ -66.938722, 10.4430387 ], [ -66.938734556092598, 10.443025027813123 ] ] } },
{ "type": "Feature", "properties": { "name": "Carretera Panamericana", "ref": "L-1", "highway": "primary", "length_km": 0.379 }, "geometry": { "type": "LineString", "coordinates": [ [ -66.940885230324696, 10.442054096293802 ], [ -66.9414749, 10.4423378 ], [ -66.9416523, 10.4424225 ], [ -66.9417839, 10.4424622 ], [ -66.9419367, 10.4425002 ], [ -66.9420922, 10.4425476 ], [ -66.9422258, 10.4425894 ], [ -66.942751, 10.4427276 ], [ -66.942929400000011, 10.4427646 ], [ -66.94303, 10.4427758 ], [ -66.9431706, 10.4427791 ], [ -66.9432645, 10.4427725 ], [ -66.9433852, 10.4427593 ], [ -66.943487200000021, 10.4427303 ], [ -66.943581, 10.442696 ], [ -66.9436642, 10.4426617 ], [ -66.9437393, 10.4426116 ], [ -66.9438358, 10.4425456 ], [ -66.943924400000014, 10.4424797 ], [ -66.9440021, 10.4424111 ], [ -66.944078378934108, 10.442340055904326 ] ] } },
{ "type": "Feature", "properties": { "name": null, "ref": null, "highway": "secondary", "length_km": 0.061 }, "geometry": { "type": "LineString", "coordinates": [ [ -66.9735071, 10.4654616 ], [ -66.9734194, 10.4654286 ], [ -66.9733491, 10.4654021 ], [ -66.9732613, 10.4653165 ], [ -66.9732503, 10.4652516 ], [ -66.9732525, 10.4651896 ], [ -66.9732604, 10.4650545 ] ] } },
{ "type": "Feature", "properties": { "name": null, "ref": null, "highway": "secondary", "length_km": 0.11 }, "geometry": { "type": "LineString", "coordinates": [ [ -66.9732604, 10.4650545 ], [ -66.9731198, 10.4652498 ], [ -66.9730017, 10.4653965 ], [ -66.9728408, 10.4654871 ], [ -66.9727043, 10.4655559 ], [ -66.9724996, 10.4656671 ] ] } },
{ "type": "Feature", "properties": { "name": "Avenida Teherán", "ref": "R-15", "highway": "secondary", "length_km": 0.067 }, "geometry": { "type": "LineString", "coordinates": [ [ -66.9731854, 10.4656178 ], [ -66.9735278, 10.4656093 ], [ -66.9736859, 10.4656164 ], [ -66.973796818581107, 10.465627986650462 ] ] } },
{ "type": "Feature", "properties": { "name": "Avenida Teherán", "ref": "R-15", "highway": "secondary", "length_km": 0.11 }, "geometry": { "type": "LineString", "coordinates": [ [ -66.9722521, 10.4659637 ], [ -66.972428800000017, 10.465867 ], [ -66.9726054, 10.4657807 ], [ -66.9727534, 10.4657111 ], [ -66.972875, 10.4656687 ], [ -66.9729983, 10.4656453 ], [ -66.9731854, 10.4656178 ] ] } },
{ "type": "Feature", "properties": { "name": "Avenida Teherán", "ref": "R-15", "highway": "secondary", "length_km": 0.218 }, "geometry": { "type": "LineString", "coordinates": [ [ -66.9731858, 10.4654878 ], [ -66.9728917, 10.4655308 ], [ -66.9727517, 10.4655678 ], [ -66.9726154, 10.4656208 ], [ -66.9724996, 10.4656671 ], [ -66.9713749, 10.4662645 ] ] } },
{ "type": "Feature", "properties": { "name": "Avenida Teherán", "ref": "R-15", "highway": "secondary", "length_km": 0.155 }, "geometry": { "type": "LineString", "coordinates": [ [ -66.970995472782292, 10.466606054946922 ], [ -66.9722521, 10.4659637 ] ] } },
{ "type": "Feature", "properties": { "name": "Avenida Teherán", "ref": "R-15", "highway": "secondary", "length_km": 0.061 }, "geometry": { "type": "LineString", "coordinates": [ [ -66.9713749, 10.4662645 ], [ -66.970888406618911, 10.466532431767643 ] ] } },
{ "type": "Feature", "properties": { "name": "Carretera Panamericana", "ref": "L-1", "highway": "primary", "length_km": 0.151 }, "geometry": { "type": "LineString", "coordinates": [ [ -66.925933225356303, 10.455700472948896 ], [ -66.925876, 10.4557428 ], [ -66.9253985, 10.456076 ], [ -66.9252594, 10.4561554 ], [ -66.925187100000016, 10.4561934 ], [ -66.9251227, 10.4562212 ], [ -66.9250672, 10.4562357 ], [ -66.9249921, 10.456258 ], [ -66.924859, 10.4562886 ], [ -66.9247215, 10.4563173 ] ] } },
{ "type": "Feature", "properties": { "name": "Túnel El Paraíso", "ref": "L-2", "highway": "motorway", "length_km": 0.5 }, "geometry": { "type": "LineString", "coordinates": [ [ -66.9270832, 10.4865628 ], [ -66.9238887, 10.485413 ], [ -66.922793006024335, 10.485012300832224 ] ] } },
{ "type": "Feature", "properties": { "name": "Túnel El Paraíso", "ref": "L-2", "highway": "motorway", "length_km": 0.517 }, "geometry": { "type": "LineString", "coordinates": [ [ -66.922585567912108, 10.485121424868728 ], [ -66.9268111, 10.4866423 ], [ -66.9270258, 10.4867111 ] ] } },
{ "type": "Feature", "properties": { "name": "Autopista Norte - Sur", "ref": "L-2", "highway": "motorway", "length_km": 0.058 }, "geometry": { "type": "LineString", "coordinates": [ [ -66.927581125660595, 10.486732178011925 ], [ -66.9270832, 10.4865628 ] ] } },
{ "type": "Feature", "properties": { "name": "Autopista Norte - Sur", "ref": "L-2", "highway": "motorway", "length_km": 0.062 }, "geometry": { "type": "LineString", "coordinates": [ [ -66.9270258, 10.4867111 ], [ -66.927562113682882, 10.486884604247029 ] ] } },
{ "type": "Feature", "properties": { "name": "Carretera Regional Caracas - El Junquito", "ref": "R-2", "highway": "primary", "length_km": 0.37 }, "geometry": { "type": "LineString", "coordinates": [ [ -66.974415716765932, 10.494866755587948 ], [ -66.9743449, 10.4949364 ], [ -66.9740874, 10.4952486 ], [ -66.9739329, 10.4953414 ], [ -66.9737441, 10.4953752 ], [ -66.9735896, 10.495333 ], [ -66.9725854, 10.494641 ], [ -66.9721305, 10.494354 ], [ -66.9719213, 10.494195 ], [ -66.9717314, 10.4939901 ], [ -66.971708085577944, 10.493964956363918 ] ] } },
{ "type": "Feature", "properties": { "name": "Carretera Regional Caracas - El Junquito", "ref": "R-2", "highway": "primary", "length_km": 0.058 }, "geometry": { "type": "LineString", "coordinates": [ [ -66.970196704962987, 10.490589805303056 ], [ -66.9701907, 10.4905647 ], [ -66.9700963, 10.4905056 ], [ -66.9699504, 10.4905056 ], [ -66.969707364436687, 10.490517562604197 ] ] } },
{ "type": "Feature", "properties": { "name": "Carretera Regional Caracas - El Junquito", "ref": "R-2", "highway": "primary", "length_km": 0.119 }, "geometry": { "type": "LineString", "coordinates": [ [ -66.968531671580351, 10.490315904070728 ], [ -66.9683539, 10.490168 ], [ -66.9681479, 10.489957 ], [ -66.9679763, 10.489746 ], [ -66.967839, 10.4896869 ], [ -66.9677493, 10.489697 ], [ -66.96771797132358, 10.489723051572929 ] ] } },
{ "type": "Feature", "properties": { "name": "Avenida Morán", "ref": null, "highway": "secondary", "length_km": 0.107 }, "geometry": { "type": "LineString", "coordinates": [ [ -66.945426484058103, 10.495299362182262 ], [ -66.9454278, 10.4953007 ], [ -66.9454703, 10.4953568 ], [ -66.945521, 10.4954174 ], [ -66.9455612, 10.4954926 ], [ -66.9455894, 10.4955624 ], [ -66.9456042, 10.4956402 ], [ -66.9456075, 10.4957339 ], [ -66.9456035, 10.4958196 ], [ -66.9455914, 10.4959416 ], [ -66.9455753, 10.4960365 ], [ -66.945540400588357, 10.496211447846672 ] ] } },
{ "type": "Feature", "properties": { "name": "Avenida Morán", "ref": null, "highway": "secondary", "length_km": 0.217 }, "geometry": { "type": "LineString", "coordinates": [ [ -66.945491675772828, 10.496496352995761 ], [ -66.9454908, 10.4965033 ], [ -66.9454908, 10.4965824 ], [ -66.9455009, 10.496655 ], [ -66.945515, 10.4967281 ], [ -66.9455411, 10.4968178 ], [ -66.9455874, 10.4969167 ], [ -66.9456404, 10.4970301 ], [ -66.9457376, 10.4972253 ], [ -66.9457959, 10.4973426 ], [ -66.9458228, 10.497427 ], [ -66.9458435, 10.4975035 ], [ -66.945865, 10.4975866 ], [ -66.945871, 10.4976647 ], [ -66.9458704, 10.4977363 ], [ -66.9458677, 10.4978642 ], [ -66.9458516, 10.4979947 ], [ -66.9458315, 10.4980976 ], [ -66.9458231, 10.498128 ], [ -66.945754838093933, 10.498374463871803 ] ] } },
{ "type": "Feature", "properties": { "name": "Túnel La Planicie", "ref": "L-2", "highway": "motorway", "length_km": 0.3 }, "geometry": { "type": "LineString", "coordinates": [ [ -66.93809036897521, 10.503671257087609 ], [ -66.9378124, 10.5028283 ], [ -66.937255469191257, 10.501085018624206 ] ] } },
{ "type": "Feature", "properties": { "name": "Túnel La Planicie", "ref": "L-2", "highway": "motorway", "length_km": 0.319 }, "geometry": { "type": "LineString", "coordinates": [ [ -66.937748947581738, 10.503787993682575 ], [ -66.9368182, 10.5010552 ] ] } },
{ "type": "Feature", "properties": { "name": "Túnel La Planicie", "ref": "L-2", "highway": "motorway", "length_km": 0.324 }, "geometry": { "type": "LineString", "coordinates": [ [ -66.9366315, 10.5010993 ], [ -66.937609528023842, 10.503861709080436 ] ] } },
{ "type": "Feature", "properties": { "name": "Túnel La Planicie", "ref": "L-2", "highway": "motorway", "length_km": 0.277 }, "geometry": { "type": "LineString", "coordinates": [ [ -66.936512, 10.5015575 ], [ -66.9372105, 10.5036749 ], [ -66.937304753885329, 10.503934205707818 ] ] } },
{ "type": "Feature", "properties": { "name": "Carretera Regional Caracas - El Junquito", "ref": "L-4", "highway": "primary", "length_km": 2.068 }, "geometry": { "type": "LineString", "coordinates": [ [ -67.064171602122343, 10.465312919844504 ], [ -67.0641206, 10.4656637 ], [ -67.0640348, 10.4660013 ], [ -67.0639146, 10.4662545 ], [ -67.0637451, 10.4664549 ], [ -67.0636711, 10.4666997 ], [ -67.0636625, 10.4668685 ], [ -67.0637484, 10.4670373 ], [ -67.0640144, 10.4672989 ], [ -67.0641775, 10.4676028 ], [ -67.0642118, 10.4679404 ], [ -67.0641603, 10.4682527 ], [ -67.0640402, 10.4684468 ], [ -67.063868500000012, 10.4685565 ], [ -67.0634222, 10.4687253 ], [ -67.0626218, 10.4689839 ], [ -67.0624415, 10.4690176 ], [ -67.0622441, 10.4689839 ], [ -67.0619351, 10.4688488 ], [ -67.061609, 10.4687644 ], [ -67.0613343, 10.4687644 ], [ -67.0610253, 10.4688488 ], [ -67.06052750000002, 10.4690683 ], [ -67.0588624, 10.4705031 ], [ -67.0586736, 10.4706381 ], [ -67.058459, 10.4707225 ], [ -67.0583217, 10.470731 ], [ -67.0581672, 10.4706803 ], [ -67.0580146, 10.4705792 ], [ -67.0577466, 10.4704018 ], [ -67.0575578, 10.470309 ], [ -67.057368900000014, 10.4702921 ], [ -67.0571286, 10.4703427 ], [ -67.056133, 10.4707225 ], [ -67.0555171, 10.4710011 ], [ -67.0553069, 10.4711867 ], [ -67.0550665, 10.4714146 ], [ -67.0547919, 10.4715834 ], [ -67.0544743, 10.4717016 ], [ -67.053541, 10.4719291 ], [ -67.0530205, 10.4720245 ], [ -67.0527684, 10.4720054 ], [ -67.052571, 10.4719717 ], [ -67.0522878, 10.4718873 ], [ -67.0520045, 10.4717522 ], [ -67.0517213, 10.4715497 ], [ -67.051438, 10.4713133 ], [ -67.0512578, 10.4711952 ], [ -67.051069, 10.4711361 ], [ -67.0509032, 10.4711783 ], [ -67.050451, 10.4713313 ], [ -67.050258133698449, 10.471351923502541 ] ] } },
{ "type": "Feature", "properties": { "name": "Carretera Regional Caracas - El Junquito", "ref": "L-4", "highway": "primary", "length_km": 0.092 }, "geometry": { "type": "LineString", "coordinates": [ [ -67.049579376000324, 10.471020539917612 ], [ -67.0494983, 10.4709757 ], [ -67.0491807, 10.4707985 ], [ -67.0489661, 10.4707056 ], [ -67.048818702504946, 10.470691169481622 ] ] } },
{ "type": "Feature", "properties": { "name": "Carretera Regional Caracas - El Junquito", "ref": "L-4", "highway": "primary", "length_km": 0.199 }, "geometry": { "type": "LineString", "coordinates": [ [ -67.042957797447144, 10.469101240521342 ], [ -67.0427949, 10.4690345 ], [ -67.0425889, 10.4690092 ], [ -67.0423743, 10.4690261 ], [ -67.0421597, 10.4690851 ], [ -67.0415598, 10.469474 ], [ -67.0414044, 10.4695747 ], [ -67.041324473891876, 10.469613964696098 ] ] } },
{ "type": "Feature", "properties": { "name": "Carretera Regional Caracas - El Junquito", "ref": "L-4", "highway": "primary", "length_km": 0.535 }, "geometry": { "type": "LineString", "coordinates": [ [ -67.038171395185898, 10.470962697268355 ], [ -67.0379626, 10.4712627 ], [ -67.0377955, 10.4714801 ], [ -67.0375533, 10.4716177 ], [ -67.0373257, 10.4717313 ], [ -67.0363061, 10.4721067 ], [ -67.0360915, 10.4722333 ], [ -67.0359113, 10.472419 ], [ -67.0357739, 10.47263 ], [ -67.0356881, 10.4729085 ], [ -67.0356023, 10.4735584 ], [ -67.0355508, 10.4737356 ], [ -67.0354135, 10.4738876 ], [ -67.0352246, 10.4740142 ], [ -67.035004035036053, 10.474185075594168 ] ] } },
{ "type": "Feature", "properties": { "name": "Carretera Regional Caracas - El Junquito", "ref": "L-4", "highway": "primary", "length_km": 0.745 }, "geometry": { "type": "LineString", "coordinates": [ [ -67.033806376560889, 10.476665871336801 ], [ -67.0336979, 10.477034 ], [ -67.033537, 10.4775338 ], [ -67.0332763, 10.478192 ], [ -67.0331656, 10.4786197 ], [ -67.0329376, 10.4790813 ], [ -67.0326747, 10.4794294 ], [ -67.0323743, 10.4796958 ], [ -67.0317923, 10.480191 ], [ -67.0313631, 10.4805603 ], [ -67.0308964, 10.4809401 ], [ -67.0307247, 10.4810653 ], [ -67.030651, 10.4811075 ], [ -67.0304659, 10.4811379 ], [ -67.0303506, 10.4811313 ], [ -67.0302741, 10.4811181 ], [ -67.0301896, 10.4810798 ], [ -67.0300147, 10.4809771 ], [ -67.0297347, 10.4807882 ], [ -67.029636704983204, 10.480736677448444 ] ] } },
{ "type": "Feature", "properties": { "name": "Carretera Regional Caracas - El Junquito", "ref": "L-4", "highway": "primary", "length_km": 0.75 }, "geometry": { "type": "LineString", "coordinates": [ [ -67.021641101514717, 10.478352569911699 ], [ -67.0216172, 10.4783496 ], [ -67.0214855, 10.4783494 ], [ -67.0214189, 10.4783453 ], [ -67.02127710000002, 10.4783439 ], [ -67.0208308, 10.4783776 ], [ -67.0205647, 10.4783692 ], [ -67.020333, 10.4783101 ], [ -67.0191827, 10.4779221 ], [ -67.0185563, 10.4777362 ], [ -67.015052345264081, 10.476684567901989 ] ] } },
{ "type": "Feature", "properties": { "name": null, "ref": "L-6", "highway": "secondary", "length_km": 0.259 }, "geometry": { "type": "LineString", "coordinates": [ [ -67.1203186, 10.5331824 ], [ -67.120232700000017, 10.5331494 ], [ -67.120108, 10.5331349 ], [ -67.1200168, 10.5331323 ], [ -67.1198063, 10.533152 ], [ -67.1195957, 10.5331626 ], [ -67.1194323, 10.5332185 ], [ -67.1192821, 10.5332528 ], [ -67.1191292, 10.5332027 ], [ -67.1189936, 10.5331336 ], [ -67.1188179, 10.5330624 ], [ -67.1186447, 10.5330415 ], [ -67.1185081, 10.533065 ], [ -67.1183525, 10.5331626 ], [ -67.1182345, 10.5332377 ], [ -67.1181031, 10.5333221 ], [ -67.118094563879396, 10.533328535686907 ] ] } },
{ "type": "Feature", "properties": { "name": null, "ref": "L-6", "highway": "secondary", "length_km": 0.25 }, "geometry": { "type": "LineString", "coordinates": [ [ -67.118093903815733, 10.533437276954711 ], [ -67.11824390000001, 10.5334698 ], [ -67.118737400000015, 10.5334949 ], [ -67.1190418, 10.5334645 ], [ -67.119409300000015, 10.5334091 ], [ -67.119607800000011, 10.533396 ], [ -67.1198921, 10.5333828 ], [ -67.1200557, 10.5333459 ], [ -67.1201187, 10.5333142 ], [ -67.1202059, 10.5332575 ], [ -67.1203186, 10.5331824 ] ] } },
{ "type": "Feature", "properties": { "name": "Autopista Caracas - La Guaira", "ref": "L-2", "highway": "trunk", "length_km": 0.871 }, "geometry": { "type": "LineString", "coordinates": [ [ -66.9702635, 10.5254131 ], [ -66.970135, 10.5253846 ], [ -66.9697365, 10.5252881 ], [ -66.9694711, 10.5252144 ], [ -66.9690618, 10.5251166 ], [ -66.9687345, 10.5250245 ], [ -66.9685519, 10.524981 ], [ -66.9676312, 10.5247676 ], [ -66.967321, 10.5246788 ], [ -66.96667260000001, 10.5245414 ], [ -66.966436, 10.5244792 ], [ -66.966215, 10.5244142 ], [ -66.9659675, 10.5243535 ], [ -66.9657051, 10.5242985 ], [ -66.9653628, 10.5242089 ], [ -66.9646314, 10.5240414 ], [ -66.9625367, 10.5235508 ] ] } },
{ "type": "Feature", "properties": { "name": "Autopista Caracas - La Guaira", "ref": "L-2", "highway": "trunk", "length_km": 0.306 }, "geometry": { "type": "LineString", "coordinates": [ [ -66.9625027, 10.5236932 ], [ -66.965222873758748, 10.524341812162861 ] ] } },
{ "type": "Feature", "properties": { "name": "Autopista Caracas - La Guaira", "ref": "L-2", "highway": "trunk", "length_km": 0.525 }, "geometry": { "type": "LineString", "coordinates": [ [ -66.965406865823368, 10.524385683271012 ], [ -66.9700699, 10.5254975 ] ] } },
{ "type": "Feature", "properties": { "name": "Autopista Caracas - La Guaira", "ref": "L-2", "highway": "trunk", "length_km": 0.062 }, "geometry": { "type": "LineString", "coordinates": [ [ -66.9700699, 10.5254975 ], [ -66.9702791, 10.5255366 ], [ -66.9704075, 10.5255559 ], [ -66.9705437, 10.5255706 ], [ -66.9706334, 10.5255784 ] ] } },
{ "type": "Feature", "properties": { "name": "Autopista Caracas - La Guaira", "ref": "L-2", "highway": "trunk", "length_km": 0.646 }, "geometry": { "type": "LineString", "coordinates": [ [ -66.9706334, 10.5255784 ], [ -66.9706846, 10.5255828 ], [ -66.9711385, 10.525622 ], [ -66.9733134, 10.5258099 ], [ -66.9737388, 10.5258507 ], [ -66.973971100000014, 10.525882 ], [ -66.974190900000011, 10.5259276 ], [ -66.9743909, 10.525981 ], [ -66.9745976, 10.52605 ], [ -66.9746686, 10.5260737 ], [ -66.976356648179618, 10.526754537953581 ] ] } },
{ "type": "Feature", "properties": { "name": "Autopista Caracas - La Guaira", "ref": "L-2", "highway": "trunk", "length_km": 0.623 }, "geometry": { "type": "LineString", "coordinates": [ [ -66.961013344962296, 10.523299174475275 ], [ -66.9601596, 10.5231891 ], [ -66.959955600000015, 10.5231717 ], [ -66.9597388, 10.5231571 ], [ -66.9595324, 10.5231624 ], [ -66.9593194, 10.5231704 ], [ -66.9590732, 10.5231996 ], [ -66.9587651, 10.5232578 ], [ -66.9584637, 10.523312 ], [ -66.9576332, 10.5234596 ], [ -66.9557374, 10.5238214 ], [ -66.9555084, 10.5238755 ], [ -66.955401540257512, 10.523904589008312 ] ] } },
{ "type": "Feature", "properties": { "name": "Autopista Caracas - La Guaira", "ref": "L-2", "highway": "trunk", "length_km": 0.935 }, "geometry": { "type": "LineString", "coordinates": [ [ -66.954622349898273, 10.524241953121971 ], [ -66.9544847, 10.5243341 ], [ -66.9543641, 10.5244322 ], [ -66.9542195, 10.5245529 ], [ -66.9540717, 10.5246929 ], [ -66.9539019, 10.5248665 ], [ -66.9531405, 10.5256454 ], [ -66.9530323, 10.5257506 ], [ -66.9529355, 10.5258327 ], [ -66.9527882, 10.5259526 ], [ -66.9526234, 10.526078 ], [ -66.9524206, 10.526215 ], [ -66.9518108, 10.5265891 ], [ -66.950806, 10.5271703 ], [ -66.9505865, 10.5272798 ], [ -66.950381400000012, 10.5273624 ], [ -66.9501811, 10.5274253 ], [ -66.9499143, 10.527501 ], [ -66.949582, 10.5275689 ], [ -66.9494442, 10.5275857 ], [ -66.9491368, 10.5276099 ], [ -66.94720365209848, 10.52769074760727 ] ] } },
{ "type": "Feature", "properties": { "name": "Autopista Caracas - La Guaira", "ref": "L-2", "highway": "trunk", "length_km": 0.504 }, "geometry": { "type": "LineString", "coordinates": [ [ -66.945833665440375, 10.527312795680878 ], [ -66.9458157, 10.5272994 ], [ -66.945699, 10.5271976 ], [ -66.9455963, 10.5270928 ], [ -66.9454612, 10.5269314 ], [ -66.9453727, 10.5268161 ], [ -66.9452799, 10.5266773 ], [ -66.9452085, 10.5265652 ], [ -66.945132, 10.526416 ], [ -66.9450651, 10.5262535 ], [ -66.9450218, 10.5261092 ], [ -66.9449811, 10.5259361 ], [ -66.9449655, 10.5258066 ], [ -66.9449482, 10.5256327 ], [ -66.9449495, 10.5254697 ], [ -66.944956, 10.5252917 ], [ -66.9449732, 10.5251578 ], [ -66.9450038, 10.5249773 ], [ -66.945115, 10.5244083 ], [ -66.9452574, 10.523681 ], [ -66.945326, 10.5232784 ], [ -66.945356577383819, 10.523061456400654 ] ] } },
{ "type": "Feature", "properties": { "name": "Autopista Caracas - La Guaira", "ref": "L-2", "highway": "trunk", "length_km": 0.476 }, "geometry": { "type": "LineString", "coordinates": [ [ -66.9452194, 10.5232663 ], [ -66.9451553, 10.5236734 ], [ -66.9450053, 10.5243912 ], [ -66.9448912, 10.5249627 ], [ -66.9448627, 10.5251224 ], [ -66.9448437, 10.5252707 ], [ -66.9448274, 10.5254618 ], [ -66.944826, 10.5256362 ], [ -66.9448369, 10.5258209 ], [ -66.9448535, 10.5259577 ], [ -66.9448959, 10.5261379 ], [ -66.9449411, 10.5262889 ], [ -66.945011, 10.5264586 ], [ -66.94509, 10.5266126 ], [ -66.9451621, 10.5267398 ], [ -66.9452477, 10.526872 ], [ -66.9453389, 10.5270031 ], [ -66.9454779, 10.5271746 ], [ -66.9455985, 10.5272986 ], [ -66.945613137143511, 10.527311365514393 ] ] } },
{ "type": "Feature", "properties": { "name": "Autopista Caracas - La Guaira", "ref": "L-2", "highway": "trunk", "length_km": 0.957 }, "geometry": { "type": "LineString", "coordinates": [ [ -66.947155364813923, 10.527833815328155 ], [ -66.9471632, 10.5278335 ], [ -66.9491398, 10.5277536 ], [ -66.9493808, 10.5277363 ], [ -66.9495742, 10.5277081 ], [ -66.9499164, 10.5276364 ], [ -66.9501579, 10.5275683 ], [ -66.9503873, 10.5274882 ], [ -66.9506314, 10.5273829 ], [ -66.9508497, 10.5272723 ], [ -66.9523954, 10.5263665 ], [ -66.9525895, 10.5262398 ], [ -66.9527747, 10.5260975 ], [ -66.9529486, 10.525961 ], [ -66.9530832, 10.5258461 ], [ -66.9532095, 10.5257232 ], [ -66.9539663, 10.5249264 ], [ -66.9541344, 10.5247545 ], [ -66.954279, 10.5246176 ], [ -66.9544188, 10.5245009 ], [ -66.9545262, 10.5244249 ], [ -66.9546901, 10.5243236 ], [ -66.954751662134143, 10.524291158701686 ] ] } },
{ "type": "Feature", "properties": { "name": "Autopista Caracas - La Guaira", "ref": "L-2", "highway": "trunk", "length_km": 0.642 }, "geometry": { "type": "LineString", "coordinates": [ [ -66.955254478909254, 10.524071256907108 ], [ -66.9553307, 10.5240469 ], [ -66.9555266, 10.5239974 ], [ -66.958908, 10.5233544 ], [ -66.9590912, 10.523327 ], [ -66.9592903, 10.5233061 ], [ -66.9594877, 10.5232957 ], [ -66.959724, 10.523297 ], [ -66.9599122, 10.5233074 ], [ -66.960112, 10.5233284 ], [ -66.961037225804986, 10.523436876238591 ] ] } },
{ "type": "Feature", "properties": { "name": "Distribuidor Caribia Sur", "ref": null, "highway": "trunk", "length_km": 0.18 }, "geometry": { "type": "LineString", "coordinates": [ [ -66.994235727457124, 10.541691310108591 ], [ -66.9942521, 10.5417024 ], [ -66.994362, 10.5417749 ], [ -66.9944479, 10.5418224 ], [ -66.9953343, 10.5422799 ], [ -66.9953839, 10.5423089 ], [ -66.995451, 10.5423524 ], [ -66.995514, 10.5424078 ], [ -66.9955623, 10.5424698 ], [ -66.995610321942664, 10.542545281654192 ] ] } },
{ "type": "Feature", "properties": { "name": "Distribuidor Caribia Sur", "ref": null, "highway": "trunk", "length_km": 0.248 }, "geometry": { "type": "LineString", "coordinates": [ [ -66.9962391, 10.5422985 ], [ -66.9962087, 10.5422773 ], [ -66.9960719, 10.5421758 ], [ -66.9960049, 10.5421323 ], [ -66.9959702, 10.5421136 ], [ -66.9959191, 10.5420861 ], [ -66.9958037, 10.542036 ], [ -66.9955355, 10.5419279 ], [ -66.995105, 10.541742 ], [ -66.9949186, 10.5416655 ], [ -66.9945163, 10.5415047 ], [ -66.994175938047221, 10.541396203211733 ] ] } },
{ "type": "Feature", "properties": { "name": "Autopista Caracas - La Guaira", "ref": "L-2", "highway": "trunk", "length_km": 0.252 }, "geometry": { "type": "LineString", "coordinates": [ [ -66.994186048710816, 10.5415047755677 ], [ -66.9953618, 10.5421168 ], [ -66.9955524, 10.5422365 ], [ -66.9956775, 10.5423258 ], [ -66.9957919, 10.5424202 ], [ -66.9958955, 10.5425169 ], [ -66.9959977, 10.5426303 ], [ -66.996085752713341, 10.542744862478136 ] ] } },
{ "type": "Feature", "properties": { "name": "Autopista Caracas - La Guaira", "ref": "L-2", "highway": "trunk", "length_km": 0.2 }, "geometry": { "type": "LineString", "coordinates": [ [ -66.996792413869557, 10.543732399925458 ], [ -66.9971083, 10.5441818 ], [ -66.9972319, 10.5443341 ], [ -66.9973272, 10.5444412 ], [ -66.9974168, 10.5445306 ], [ -66.9974973, 10.5445968 ], [ -66.997542, 10.5446335 ], [ -66.9976837, 10.5447294 ], [ -66.997821, 10.5448037 ], [ -66.9979544, 10.5448645 ], [ -66.9981112, 10.5449189 ] ] } },
{ "type": "Feature", "properties": { "name": "Distribuidor Caribia Sur", "ref": null, "highway": "trunk", "length_km": 0.109 }, "geometry": { "type": "LineString", "coordinates": [ [ -66.9977303, 10.5446552 ], [ -66.9975941, 10.5445108 ], [ -66.9975016, 10.5444145 ], [ -66.9974291, 10.5443235 ], [ -66.9973581, 10.544222 ], [ -66.9973232, 10.5441587 ], [ -66.9972856, 10.5440954 ], [ -66.997168840117823, 10.543850972228078 ] ] } },
{ "type": "Feature", "properties": { "name": "Distribuidor Caribia Sur", "ref": null, "highway": "trunk", "length_km": 0.138 }, "geometry": { "type": "LineString", "coordinates": [ [ -66.996617623172298, 10.543727619936062 ], [ -66.9968686, 10.5440875 ], [ -66.9969235, 10.5441574 ], [ -66.996978500000012, 10.5442141 ], [ -66.9970536, 10.5442932 ], [ -66.9971931, 10.5444106 ], [ -66.9972749, 10.5444738 ], [ -66.9973581, 10.5445384 ], [ -66.9974224, 10.5445727 ], [ -66.9974973, 10.5445968 ] ] } },
{ "type": "Feature", "properties": { "name": "Autopista Caracas - La Guaira", "ref": "L-2", "highway": "trunk", "length_km": 0.279 }, "geometry": { "type": "LineString", "coordinates": [ [ -67.0005472, 10.5456709 ], [ -66.9981407, 10.5448367 ] ] } },
{ "type": "Feature", "properties": { "name": "Autopista Caracas - La Guaira", "ref": "L-2", "highway": "trunk", "length_km": 0.279 }, "geometry": { "type": "LineString", "coordinates": [ [ -66.9981112, 10.5449189 ], [ -67.0005178, 10.5457531 ] ] } },
{ "type": "Feature", "properties": { "name": "Autopista Caracas - La Guaira", "ref": "L-2", "highway": "trunk", "length_km": 0.075 }, "geometry": { "type": "LineString", "coordinates": [ [ -67.0005178, 10.5457531 ], [ -67.0006263, 10.5457907 ], [ -67.001159, 10.5459815 ] ] } },
{ "type": "Feature", "properties": { "name": "Autopista Caracas - La Guaira", "ref": "L-2", "highway": "trunk", "length_km": 0.256 }, "geometry": { "type": "LineString", "coordinates": [ [ -67.0027718, 10.546385 ], [ -67.0024267, 10.5463021 ], [ -67.0020714, 10.546205 ], [ -67.0018785, 10.5461448 ], [ -67.0015066, 10.5460133 ], [ -67.0006562, 10.5457087 ], [ -67.0005472, 10.5456709 ] ] } },
{ "type": "Feature", "properties": { "name": "Distribuidor Ciudad Caribia", "ref": null, "highway": "trunk", "length_km": 0.28 }, "geometry": { "type": "LineString", "coordinates": [ [ -67.001159, 10.5459815 ], [ -67.0013304, 10.546081 ], [ -67.0014873, 10.5461496 ], [ -67.0018387, 10.5462788 ], [ -67.002119, 10.5463803 ], [ -67.002414, 10.5464687 ], [ -67.0028257, 10.5465886 ], [ -67.0031221, 10.5466704 ], [ -67.0033729, 10.5467336 ], [ -67.0035767, 10.546789 ] ] } },
{ "type": "Feature", "properties": { "name": "Distribuidor Ciudad Caribia", "ref": null, "highway": "trunk", "length_km": 0.271 }, "geometry": { "type": "LineString", "coordinates": [ [ -67.0049605, 10.5473646 ], [ -67.0048669, 10.547265 ], [ -67.0047663, 10.5471688 ], [ -67.0046805, 10.5470831 ], [ -67.0044981, 10.546938 ], [ -67.0043425, 10.5468391 ], [ -67.0041601, 10.5467258 ], [ -67.0040046, 10.5466506 ], [ -67.0038182, 10.546561 ], [ -67.0036733, 10.5465082 ], [ -67.0034815, 10.5464621 ], [ -67.0033501, 10.546441 ], [ -67.0032495, 10.5464291 ], [ -67.0027718, 10.546385 ] ] } },
{ "type": "Feature", "properties": { "name": "Distribuidor Ciudad Caribia", "ref": null, "highway": "trunk", "length_km": 0.142 }, "geometry": { "type": "LineString", "coordinates": [ [ -67.0035767, 10.546789 ], [ -67.0039188, 10.5469684 ], [ -67.004022, 10.547033 ], [ -67.0041132, 10.5470778 ], [ -67.0041883, 10.5471055 ], [ -67.0042513, 10.5471239 ], [ -67.0044874, 10.5471899 ], [ -67.0046054, 10.5472189 ], [ -67.004706, 10.5472479 ], [ -67.0047703, 10.5472769 ] ] } },
{ "type": "Feature", "properties": { "name": "Autopista Caracas - La Guaira", "ref": "L-2", "highway": "trunk", "length_km": 0.309 }, "geometry": { "type": "LineString", "coordinates": [ [ -66.987122434078955, 10.532737255756087 ], [ -66.9871529, 10.5327811 ], [ -66.9872226, 10.5328949 ], [ -66.9873004, 10.5330427 ], [ -66.987361, 10.53318 ], [ -66.9874123, 10.5333158 ], [ -66.9874595, 10.5334796 ], [ -66.9874871, 10.5336279 ], [ -66.9875069, 10.5337903 ], [ -66.9875202, 10.5339791 ], [ -66.987622165320133, 10.535443510003482 ] ] } },
{ "type": "Feature", "properties": { "name": "Autopista Caracas - La Guaira", "ref": "L-2", "highway": "trunk", "length_km": 0.135 }, "geometry": { "type": "LineString", "coordinates": [ [ -66.9977303, 10.5446552 ], [ -66.9975957, 10.544564 ], [ -66.9974769, 10.5444665 ], [ -66.9973922, 10.5443819 ], [ -66.9972999, 10.5442782 ], [ -66.9971794, 10.5441298 ], [ -66.996913453925274, 10.543751449229658 ] ] } },
{ "type": "Feature", "properties": { "name": "Autopista Caracas - La Guaira", "ref": "L-2", "highway": "trunk", "length_km": 0.277 }, "geometry": { "type": "LineString", "coordinates": [ [ -66.996236575593798, 10.542796600779575 ], [ -66.9960664, 10.542575 ], [ -66.9959593, 10.5424563 ], [ -66.995851, 10.5423552 ], [ -66.9957321, 10.5422571 ], [ -66.9956023, 10.5421644 ], [ -66.9954065, 10.5420415 ], [ -66.994176147724659, 10.541401061532369 ] ] } },
{ "type": "Feature", "properties": { "name": "Autopista Caracas - La Guaira", "ref": "L-2", "highway": "trunk", "length_km": 0.393 }, "geometry": { "type": "LineString", "coordinates": [ [ -66.987755196224583, 10.536078404001756 ], [ -66.9876086, 10.5339731 ], [ -66.9875951, 10.5337821 ], [ -66.9875747, 10.5336148 ], [ -66.9875459, 10.5334598 ], [ -66.9874966, 10.5332887 ], [ -66.9874432, 10.5331475 ], [ -66.9873805, 10.5330052 ], [ -66.9873, 10.5328523 ], [ -66.9872275, 10.532734 ], [ -66.987153286516943, 10.532627197955325 ] ] } },
{ "type": "Feature", "properties": { "name": "Autopista Caracas - La Guaira", "ref": "L-2", "highway": "trunk", "length_km": 0.685 }, "geometry": { "type": "LineString", "coordinates": [ [ -66.976337682324058, 10.526652706917776 ], [ -66.9746997, 10.5259921 ], [ -66.9744168, 10.5258976 ], [ -66.9742117, 10.5258429 ], [ -66.9739863, 10.5257961 ], [ -66.9737491, 10.5257641 ], [ -66.9733215, 10.5257232 ], [ -66.970606, 10.5254766 ], [ -66.9704397, 10.5254474 ], [ -66.9703679, 10.5254332 ], [ -66.9702635, 10.5254131 ] ] } },
{ "type": "Feature", "properties": { "name": "Carretera Vieja Caracas - La Guaira", "ref": "L-5", "highway": "secondary", "length_km": 0.289 }, "geometry": { "type": "LineString", "coordinates": [ [ -66.985087254530171, 10.569746266521888 ], [ -66.984517, 10.5699757 ], [ -66.9844553, 10.5699902 ], [ -66.9844016, 10.5699968 ], [ -66.9842917, 10.570006 ], [ -66.9842112, 10.5700192 ], [ -66.9841093, 10.5700482 ], [ -66.9840489, 10.5700746 ], [ -66.9840047, 10.5701036 ], [ -66.9838223, 10.5702921 ], [ -66.983766, 10.5703369 ], [ -66.9837163, 10.5703673 ], [ -66.9834951, 10.5704635 ], [ -66.9833811, 10.5704912 ], [ -66.9833046, 10.5705017 ], [ -66.9832376, 10.5704978 ], [ -66.9831584, 10.5704912 ], [ -66.9831035, 10.5704767 ], [ -66.9830458, 10.5704582 ], [ -66.982972, 10.5704174 ], [ -66.9828473, 10.570333 ], [ -66.9827347, 10.5702315 ], [ -66.982728914278198, 10.570224136355099 ] ] } },
{ "type": "Feature", "properties": { "name": "Autopista Caracas - La Guaira", "ref": "L-2", "highway": "trunk", "length_km": 0.461 }, "geometry": { "type": "LineString", "coordinates": [ [ -67.001159, 10.5459815 ], [ -67.0014764, 10.5460952 ], [ -67.0018501, 10.5462274 ], [ -67.0020461, 10.5462885 ], [ -67.0024043, 10.5463865 ], [ -67.0027512, 10.5464697 ], [ -67.0034149, 10.5466223 ], [ -67.0036494, 10.5466962 ], [ -67.0038806, 10.5468008 ], [ -67.0040644, 10.5469118 ], [ -67.0043035, 10.5470871 ], [ -67.0044204, 10.5471956 ], [ -67.004622, 10.5474366 ], [ -67.0047417, 10.547624 ], [ -67.0048106, 10.5477533 ], [ -67.004811851017209, 10.547756627387413 ] ] } },
{ "type": "Feature", "properties": { "name": "Autopista Caracas - La Guaira", "ref": "L-2", "highway": "trunk", "length_km": 0.172 }, "geometry": { "type": "LineString", "coordinates": [ [ -67.00485856004947, 10.55022840597278 ], [ -67.0048579, 10.5503726 ], [ -67.0048667, 10.5517812 ] ] } },
{ "type": "Feature", "properties": { "name": "Autopista Caracas - La Guaira", "ref": "L-2", "highway": "trunk", "length_km": 0.179 }, "geometry": { "type": "LineString", "coordinates": [ [ -67.0049554, 10.5517807 ], [ -67.004946500000017, 10.5503725 ], [ -67.004947534130579, 10.550163532749243 ] ] } },
{ "type": "Feature", "properties": { "name": "Autopista Caracas - La Guaira", "ref": "L-2", "highway": "trunk", "length_km": 0.292 }, "geometry": { "type": "LineString", "coordinates": [ [ -67.004906618032834, 10.547757225368192 ], [ -67.0048918, 10.5477178 ], [ -67.0048186, 10.5475806 ], [ -67.0046941, 10.5473856 ], [ -67.0044853, 10.547136 ], [ -67.0043607, 10.5470203 ], [ -67.0041142, 10.5468396 ], [ -67.0039225, 10.5467238 ], [ -67.0036815, 10.5466148 ], [ -67.0034385, 10.5465383 ], [ -67.0027718, 10.546385 ] ] } },
{ "type": "Feature", "properties": { "name": "Carretera Catia La Mar - Carayaca", "ref": "L-6", "highway": "secondary", "length_km": 0.202 }, "geometry": { "type": "LineString", "coordinates": [ [ -67.109803522556064, 10.53619818763814 ], [ -67.1097815, 10.5361424 ], [ -67.1096917, 10.5359288 ], [ -67.1096259, 10.5358299 ], [ -67.1095384, 10.5357672 ], [ -67.1094355, 10.5357534 ], [ -67.1092813, 10.5357363 ], [ -67.1090519, 10.5356888 ], [ -67.1088213, 10.5356229 ], [ -67.1087046, 10.535586 ], [ -67.1086396, 10.535582 ], [ -67.1085899, 10.5356015 ], [ -67.1085517, 10.5356335 ], [ -67.1085182, 10.5356902 ], [ -67.108478, 10.5358813 ], [ -67.108469054542013, 10.535919026513856 ] ] } },
{ "type": "Feature", "properties": { "name": "Carretera Catia La Mar - Carayaca", "ref": "L-6", "highway": "secondary", "length_km": 0.137 }, "geometry": { "type": "LineString", "coordinates": [ [ -67.104119624103362, 10.540206687487911 ], [ -67.1037613, 10.5402192 ], [ -67.1036252, 10.5402061 ], [ -67.1035065, 10.5401625 ], [ -67.1033724, 10.5400754 ], [ -67.1031404, 10.5398777 ], [ -67.103014512791276, 10.539773421189082 ] ] } },
{ "type": "Feature", "properties": { "name": "Carretera Catia La Mar - Carayaca", "ref": "L-6", "highway": "secondary", "length_km": 0.299 }, "geometry": { "type": "LineString", "coordinates": [ [ -67.101177337124824, 10.539474948556805 ], [ -67.1010751, 10.5394452 ], [ -67.1009195, 10.5393648 ], [ -67.1008202, 10.5392778 ], [ -67.1007264, 10.5391617 ], [ -67.1005453, 10.5389666 ], [ -67.100407200000021, 10.5389112 ], [ -67.1003093, 10.5389086 ], [ -67.1002141, 10.5389297 ], [ -67.1001457, 10.5389877 ], [ -67.1000435, 10.5391559 ], [ -67.099953900000017, 10.5392791 ], [ -67.0997071, 10.5395454 ], [ -67.099404, 10.5398223 ], [ -67.0992726, 10.5398961 ], [ -67.099087723605024, 10.539917690085298 ] ] } },
{ "type": "Feature", "properties": { "name": "Carretera Catia La Mar - Carayaca", "ref": "L-6", "highway": "secondary", "length_km": 0.261 }, "geometry": { "type": "LineString", "coordinates": [ [ -67.096747370902349, 10.541363551202519 ], [ -67.096746, 10.5413662 ], [ -67.0966601, 10.5414638 ], [ -67.0960312, 10.5419965 ], [ -67.0959601, 10.5420466 ], [ -67.0958756, 10.5420822 ], [ -67.0957549, 10.5421323 ], [ -67.0957026, 10.5421665 ], [ -67.095661, 10.5422166 ], [ -67.0956037, 10.5423316 ], [ -67.095539, 10.5425186 ], [ -67.095492, 10.5425898 ], [ -67.0953874, 10.5426689 ], [ -67.0950839, 10.5428347 ], [ -67.095015351670611, 10.542899292443877 ] ] } },
{ "type": "Feature", "properties": { "name": "Carretera Catia La Mar - Carayaca", "ref": "L-6", "highway": "secondary", "length_km": 0.232 }, "geometry": { "type": "LineString", "coordinates": [ [ -67.09476574481279, 10.543274410769774 ], [ -67.094716, 10.5433431 ], [ -67.0946364, 10.5434046 ], [ -67.0944999, 10.5434721 ], [ -67.0941938, 10.543576 ], [ -67.0940048, 10.5436459 ], [ -67.0938712, 10.543685 ], [ -67.0937768, 10.543688 ], [ -67.0934992, 10.5436735 ], [ -67.093416, 10.543688 ], [ -67.0933557, 10.543717 ], [ -67.0932162, 10.543924 ], [ -67.0931773, 10.5439689 ], [ -67.0930968, 10.5440071 ], [ -67.093011, 10.5440216 ], [ -67.092907989102656, 10.544020303027326 ] ] } },
{ "type": "Feature", "properties": { "name": "Carretera Catia La Mar - Carayaca", "ref": "L-6", "highway": "secondary", "length_km": 0.467 }, "geometry": { "type": "LineString", "coordinates": [ [ -67.092617901478235, 10.543987343740669 ], [ -67.0924611, 10.5439517 ], [ -67.0923968, 10.5439465 ], [ -67.0923364, 10.5439662 ], [ -67.0922948, 10.5440032 ], [ -67.0922488, 10.5440832 ], [ -67.0921695, 10.5442483 ], [ -67.0920923, 10.5444013 ], [ -67.0920011, 10.5445068 ], [ -67.0918711, 10.5445925 ], [ -67.091753, 10.54464 ], [ -67.0916323, 10.5446584 ], [ -67.0913842, 10.5446637 ], [ -67.0911522, 10.5446545 ], [ -67.0909376, 10.5446281 ], [ -67.0906949, 10.5445556 ], [ -67.0905823, 10.544549 ], [ -67.0904897, 10.5446057 ], [ -67.0903811, 10.5447112 ], [ -67.0902483, 10.5448681 ], [ -67.0899948, 10.5451212 ], [ -67.0898822, 10.5452003 ], [ -67.0897602, 10.5452662 ], [ -67.0896542, 10.5452979 ], [ -67.0893417, 10.5453203 ], [ -67.0892546, 10.5453664 ], [ -67.0892009, 10.5454192 ], [ -67.089162, 10.5455185 ], [ -67.089151565051182, 10.545565715570298 ] ] } },
{ "type": "Feature", "properties": { "name": "Autopista Caracas - La Guaira", "ref": "L-2", "highway": "trunk", "length_km": 0.222 }, "geometry": { "type": "LineString", "coordinates": [ [ -67.0049679, 10.5537834 ], [ -67.0049554, 10.5517807 ] ] } },
{ "type": "Feature", "properties": { "name": "Autopista Caracas - La Guaira", "ref": "L-2", "highway": "trunk", "length_km": 0.222 }, "geometry": { "type": "LineString", "coordinates": [ [ -67.0048667, 10.5517812 ], [ -67.0048793, 10.5537839 ] ] } },
{ "type": "Feature", "properties": { "name": "Carretera Vieja Caracas - La Guaira", "ref": "L-5", "highway": "secondary", "length_km": 0.969 }, "geometry": { "type": "LineString", "coordinates": [ [ -66.9751748, 10.5378011 ], [ -66.9751266, 10.5379144 ], [ -66.9750972, 10.5379951 ], [ -66.9750743, 10.5380582 ], [ -66.9750582, 10.5381083 ], [ -66.9750206, 10.5384221 ], [ -66.9750179, 10.5384827 ], [ -66.975022, 10.5385447 ], [ -66.97503, 10.5385987 ], [ -66.9750394, 10.5386673 ], [ -66.9750421, 10.5388532 ], [ -66.9750381, 10.5390536 ], [ -66.975026, 10.5391762 ], [ -66.9750153, 10.539229 ], [ -66.9750018, 10.5392738 ], [ -66.9749509, 10.5393911 ], [ -66.9749402, 10.5394544 ], [ -66.9749334, 10.5396733 ], [ -66.9749348, 10.5397392 ], [ -66.9749241, 10.5397735 ], [ -66.9748972, 10.5398144 ], [ -66.9748355, 10.5398803 ], [ -66.9746384, 10.5401031 ], [ -66.9746076, 10.5401506 ], [ -66.974596800000015, 10.5401862 ], [ -66.9745955, 10.5402402 ], [ -66.9746237, 10.5405198 ], [ -66.974625, 10.5405923 ], [ -66.9746196, 10.5406503 ], [ -66.974596800000015, 10.540736 ], [ -66.9745794, 10.5407993 ], [ -66.9745713, 10.5408467 ], [ -66.9746076, 10.5411935 ], [ -66.974621, 10.5412898 ], [ -66.9746357, 10.5413372 ], [ -66.9746666, 10.5413675 ], [ -66.9747269, 10.5413979 ], [ -66.9747873, 10.5414084 ], [ -66.9748302, 10.5414045 ], [ -66.9748718, 10.5413834 ], [ -66.9749066, 10.5413399 ], [ -66.9750153, 10.5411052 ], [ -66.9750635, 10.5410089 ], [ -66.9751172, 10.5409351 ], [ -66.9751628, 10.5408916 ], [ -66.9752124, 10.5408626 ], [ -66.975262, 10.5408494 ], [ -66.97531570000001, 10.5408454 ], [ -66.9753774, 10.5408547 ], [ -66.9755772, 10.540914 ], [ -66.9757569, 10.5409575 ], [ -66.9758293, 10.5409575 ], [ -66.975891, 10.5409549 ], [ -66.9760934, 10.5409187 ], [ -66.9763416, 10.5408744 ], [ -66.9764261, 10.5408612 ], [ -66.9764851, 10.5408573 ], [ -66.9765441, 10.5408744 ], [ -66.9768646, 10.5410933 ], [ -66.9769599, 10.5411737 ], [ -66.9770108, 10.5412001 ], [ -66.9770497, 10.5412093 ], [ -66.9773944, 10.5412476 ], [ -66.9774614, 10.5412436 ], [ -66.9775325, 10.5412344 ], [ -66.9775969, 10.5412397 ], [ -66.9777404, 10.5412792 ], [ -66.9780099, 10.5413517 ], [ -66.9780529, 10.5413557 ], [ -66.9780971, 10.5413504 ], [ -66.9781414, 10.5413399 ], [ -66.9782674, 10.541295 ], [ -66.9783144, 10.5412898 ], [ -66.9783975, 10.5412963 ], [ -66.9785102, 10.5413135 ], [ -66.9785799, 10.5413188 ], [ -66.9786698, 10.5413174 ], [ -66.978765, 10.5413095 ], [ -66.9788307, 10.5412963 ], [ -66.9788843, 10.5412739 ], [ -66.9789916, 10.5412146 ], [ -66.9791284, 10.5411249 ], [ -66.979197910671786, 10.541089116402478 ] ] } },
{ "type": "Feature", "properties": { "name": "Carretera Vieja Caracas - La Guaira", "ref": "L-5", "highway": "secondary", "length_km": 0.231 }, "geometry": { "type": "LineString", "coordinates": [ [ -66.979378442404595, 10.541026375076296 ], [ -66.979387300000013, 10.5410247 ], [ -66.9794382, 10.54103 ], [ -66.9794825, 10.5410485 ], [ -66.9795415, 10.5410893 ], [ -66.9795831, 10.5411434 ], [ -66.9796005, 10.5412014 ], [ -66.9796045, 10.5412581 ], [ -66.9795884, 10.5416655 ], [ -66.9795831, 10.5417473 ], [ -66.9795777, 10.5418026 ], [ -66.9795643, 10.5418475 ], [ -66.9795053, 10.542011 ], [ -66.9794208, 10.5422259 ], [ -66.979398, 10.5422944 ], [ -66.9793591, 10.5424619 ], [ -66.9793484, 10.5425186 ], [ -66.9793336, 10.5425634 ], [ -66.9793095, 10.5425977 ], [ -66.9791378, 10.5427862 ], [ -66.979105600000011, 10.5428429 ], [ -66.979097773525751, 10.54285805521711 ] ] } },
{ "type": "Feature", "properties": { "name": "Carretera Vieja Caracas - La Guaira", "ref": "L-5", "highway": "secondary", "length_km": 0.273 }, "geometry": { "type": "LineString", "coordinates": [ [ -66.979793612212916, 10.543120274152923 ], [ -66.9798821, 10.5430855 ], [ -66.9799747, 10.5430314 ], [ -66.9800109, 10.5430064 ], [ -66.9800484, 10.5429603 ], [ -66.9801195, 10.5428363 ], [ -66.9801517, 10.5428073 ], [ -66.9801919, 10.5427849 ], [ -66.9802348, 10.542777 ], [ -66.9802791, 10.5427757 ], [ -66.9803274, 10.542802 ], [ -66.9803689, 10.542839 ], [ -66.9805272, 10.5430631 ], [ -66.9805942, 10.543158 ], [ -66.9806291, 10.5431963 ], [ -66.9806667, 10.5432213 ], [ -66.9810677, 10.543452 ], [ -66.9811307, 10.5434876 ], [ -66.981183, 10.5435074 ], [ -66.981234, 10.5435114 ], [ -66.9813305, 10.5435074 ], [ -66.9814056, 10.5435114 ], [ -66.981443200000015, 10.5435232 ], [ -66.9815062, 10.5435667 ], [ -66.9817208, 10.5437698 ], [ -66.981744396637893, 10.54379618698759 ] ] } },
{ "type": "Feature", "properties": { "name": "Carretera Vieja Caracas - La Guaira", "ref": "L-5", "highway": "secondary", "length_km": 0.78 }, "geometry": { "type": "LineString", "coordinates": [ [ -66.982391553750972, 10.54446005482937 ], [ -66.9825563, 10.5445833 ], [ -66.9826233, 10.5446268 ], [ -66.9826716, 10.5446452 ], [ -66.9827078, 10.5446492 ], [ -66.9827507, 10.5446413 ], [ -66.9830391, 10.5445319 ], [ -66.9831048, 10.5445147 ], [ -66.9831745, 10.5445042 ], [ -66.9832322, 10.5445081 ], [ -66.9832926, 10.5445187 ], [ -66.9833475, 10.5445477 ], [ -66.9833811, 10.5445833 ], [ -66.9833998, 10.5446176 ], [ -66.9834508, 10.5447573 ], [ -66.9834682, 10.5447916 ], [ -66.9835004, 10.5448206 ], [ -66.9835407, 10.5448311 ], [ -66.9835822, 10.5448311 ], [ -66.9837767, 10.5448048 ], [ -66.9838384, 10.544814 ], [ -66.9838853, 10.5448325 ], [ -66.9839242, 10.5448602 ], [ -66.9842139, 10.545228 ], [ -66.9842407, 10.5452715 ], [ -66.9842501, 10.5453269 ], [ -66.9842447, 10.5453994 ], [ -66.98423, 10.5454561 ], [ -66.9841468, 10.5456169 ], [ -66.9841214, 10.5456842 ], [ -66.9841146, 10.5457382 ], [ -66.9841146, 10.5457936 ], [ -66.9841214, 10.5458384 ], [ -66.9841495, 10.545907 ], [ -66.9842139, 10.5460164 ], [ -66.9842702, 10.5460784 ], [ -66.9843332, 10.5461232 ], [ -66.9843936, 10.5461522 ], [ -66.9848509, 10.54623 ], [ -66.984918, 10.5462327 ], [ -66.9850735, 10.5462168 ], [ -66.9851446, 10.5462142 ], [ -66.9852076, 10.5462248 ], [ -66.9852586, 10.5462432 ], [ -66.9853525, 10.5463118 ], [ -66.9855322, 10.5464713 ], [ -66.9856006, 10.5465188 ], [ -66.9856542, 10.5465491 ], [ -66.9857588, 10.5465821 ], [ -66.9859037, 10.5466308 ], [ -66.9859935, 10.5466875 ], [ -66.9860485, 10.5467363 ], [ -66.9860968, 10.5467996 ], [ -66.9861625, 10.5468787 ], [ -66.9862229, 10.5469446 ], [ -66.9862792, 10.5469934 ], [ -66.9865032, 10.5471463 ], [ -66.9866507, 10.5472531 ], [ -66.9866896, 10.5472914 ], [ -66.9867407, 10.5473591 ], [ -66.9867633, 10.5473889 ], [ -66.9868062, 10.547439 ], [ -66.9868384, 10.547472 ], [ -66.9868867, 10.5475089 ], [ -66.9870423, 10.5475999 ], [ -66.9870892, 10.5476421 ], [ -66.987137500000017, 10.547704 ], [ -66.987167, 10.5477476 ], [ -66.9871844, 10.5477937 ], [ -66.9871871, 10.5478293 ], [ -66.9871804, 10.5478754 ], [ -66.9871616, 10.5479269 ], [ -66.9871295, 10.5479737 ], [ -66.9870879, 10.5480126 ], [ -66.9870114, 10.5480693 ], [ -66.987007174528159, 10.548071318136749 ] ] } },
{ "type": "Feature", "properties": { "name": "Carretera Vieja Caracas - La Guaira", "ref": "L-5", "highway": "secondary", "length_km": 0.092 }, "geometry": { "type": "LineString", "coordinates": [ [ -66.983744522401949, 10.552594442560215 ], [ -66.983711, 10.5526376 ], [ -66.9836828, 10.5526851 ], [ -66.9836748, 10.5527233 ], [ -66.9836721, 10.5527629 ], [ -66.9836855, 10.5527998 ], [ -66.983711, 10.5528301 ], [ -66.9837378, 10.5528446 ], [ -66.9837861, 10.5528512 ], [ -66.9838451, 10.5528446 ], [ -66.9840194, 10.5528051 ], [ -66.984264082299745, 10.552737283616729 ] ] } },
{ "type": "Feature", "properties": { "name": "Carretera Vieja Caracas - La Guaira", "ref": "L-5", "highway": "secondary", "length_km": 0.062 }, "geometry": { "type": "LineString", "coordinates": [ [ -66.984795115500205, 10.553002743196599 ], [ -66.9849126, 10.5532441 ], [ -66.9849716, 10.5533469 ], [ -66.9849864, 10.5533667 ], [ -66.9850038, 10.5533786 ], [ -66.9850333, 10.5533825 ], [ -66.9850642, 10.5533812 ], [ -66.9851124, 10.5533707 ], [ -66.985133123562633, 10.553363359444001 ] ] } },
{ "type": "Feature", "properties": { "name": "Carretera Vieja Caracas - La Guaira", "ref": "L-5", "highway": "secondary", "length_km": 0.463 }, "geometry": { "type": "LineString", "coordinates": [ [ -66.985466573663416, 10.553301443171616 ], [ -66.9855201, 10.5533113 ], [ -66.9856945, 10.5533575 ], [ -66.9858018, 10.5533997 ], [ -66.9858755, 10.5534379 ], [ -66.9860727, 10.5535908 ], [ -66.9861142, 10.5536185 ], [ -66.9861491, 10.5536304 ], [ -66.9861826, 10.5536344 ], [ -66.9862215, 10.5536278 ], [ -66.9862551, 10.5536172 ], [ -66.9867459, 10.5533614 ], [ -66.9867982, 10.5533443 ], [ -66.9868626, 10.5533311 ], [ -66.9874218, 10.5532797 ], [ -66.9874781, 10.5532665 ], [ -66.9875291, 10.5532428 ], [ -66.9875895, 10.5531993 ], [ -66.9877128, 10.5531017 ], [ -66.9877839, 10.5530424 ], [ -66.9879422, 10.5528881 ], [ -66.9880548, 10.5527629 ], [ -66.9881071, 10.5527194 ], [ -66.9881661, 10.5526917 ], [ -66.9882305, 10.5526706 ], [ -66.9882922, 10.552664 ], [ -66.9883673, 10.5526785 ], [ -66.9884196, 10.552697 ], [ -66.9884786, 10.5527352 ], [ -66.9885175, 10.5527787 ], [ -66.9885443, 10.5528275 ], [ -66.9885577, 10.5528894 ], [ -66.9885738, 10.5530345 ], [ -66.9885778, 10.5530859 ], [ -66.9885939, 10.5531386 ], [ -66.9886221, 10.5531993 ], [ -66.9887562, 10.5534023 ], [ -66.9887951, 10.5534485 ], [ -66.988797794641755, 10.553450422137551 ] ] } },
{ "type": "Feature", "properties": { "name": "Carretera Vieja Caracas - La Guaira", "ref": "L-5", "highway": "secondary", "length_km": 0.073 }, "geometry": { "type": "LineString", "coordinates": [ [ -66.990315968569973, 10.554133677672825 ], [ -66.9903561, 10.5541288 ], [ -66.9904165, 10.5541248 ], [ -66.9904795, 10.5541314 ], [ -66.9905104, 10.5541433 ], [ -66.9905506, 10.5541868 ], [ -66.9905922, 10.5542527 ], [ -66.9906257, 10.5543542 ], [ -66.9906472, 10.5544386 ], [ -66.990668600000021, 10.5545414 ], [ -66.990672433428799, 10.554574316486461 ] ] } },
{ "type": "Feature", "properties": { "name": "Carretera Vieja Caracas - La Guaira", "ref": "L-5", "highway": "secondary", "length_km": 0.281 }, "geometry": { "type": "LineString", "coordinates": [ [ -67.000616527956055, 10.562250874421517 ], [ -67.0006236, 10.5622554 ], [ -67.0007846, 10.5623463 ], [ -67.001038, 10.5624439 ], [ -67.001211, 10.5625072 ], [ -67.0013197, 10.5625533 ], [ -67.0013934, 10.5625929 ], [ -67.0015115, 10.5626812 ], [ -67.0016523, 10.5628289 ], [ -67.001714, 10.5628908 ], [ -67.0017716, 10.5629291 ], [ -67.0018226, 10.5629488 ], [ -67.0022866, 10.563053 ], [ -67.0025696, 10.5631031 ], [ -67.0026273, 10.5631281 ], [ -67.0026554, 10.5631545 ], [ -67.0026635, 10.5631822 ], [ -67.0026608, 10.5632165 ], [ -67.002635468705492, 10.563433742554688 ] ] } },
{ "type": "Feature", "properties": { "name": "Carretera Vieja Caracas - La Guaira", "ref": "L-5", "highway": "secondary", "length_km": 1.295 }, "geometry": { "type": "LineString", "coordinates": [ [ -67.002208511952063, 10.564201308046849 ], [ -67.0022035, 10.5642092 ], [ -67.0021606, 10.5643015 ], [ -67.0020895, 10.5644083 ], [ -67.0020144, 10.5645045 ], [ -67.0019285, 10.5646073 ], [ -67.0018508, 10.564755 ], [ -67.0017716, 10.5649277 ], [ -67.0016013, 10.5653799 ], [ -67.0015825, 10.5654867 ], [ -67.0015812, 10.5656278 ], [ -67.0015892, 10.5656897 ], [ -67.0016013, 10.5657359 ], [ -67.0016402, 10.5658229 ], [ -67.0018213, 10.5662013 ], [ -67.001832, 10.566254 ], [ -67.0018347, 10.5663094 ], [ -67.001832, 10.5663581 ], [ -67.0018145, 10.5664175 ], [ -67.0016804, 10.5667326 ], [ -67.001667, 10.5667774 ], [ -67.001659, 10.5668538 ], [ -67.0016509, 10.5670411 ], [ -67.0016469, 10.5671202 ], [ -67.0016389, 10.5672072 ], [ -67.0015933, 10.5676027 ], [ -67.0015825, 10.5676857 ], [ -67.0015638, 10.567753 ], [ -67.001541, 10.5678097 ], [ -67.0015155, 10.5678637 ], [ -67.0014873, 10.5679059 ], [ -67.0014229, 10.5679771 ], [ -67.0012929, 10.5680681 ], [ -67.0012204, 10.5681023 ], [ -67.0011681, 10.5681129 ], [ -67.0011038, 10.5681155 ], [ -67.0010528, 10.5681102 ], [ -67.0009911, 10.5680918 ], [ -67.0009549, 10.568072 ], [ -67.0009227, 10.5680391 ], [ -67.0009026, 10.5680035 ], [ -67.0008275, 10.5678202 ], [ -67.000802, 10.5677846 ], [ -67.0007685, 10.5677569 ], [ -67.0007323, 10.5677451 ], [ -67.0007055, 10.5677424 ], [ -67.0006639, 10.5677477 ], [ -67.0006156, 10.5677543 ], [ -67.0004292, 10.5678044 ], [ -67.000346, 10.5678242 ], [ -67.0002937, 10.5678307 ], [ -67.0001999, 10.5678149 ], [ -67.0001395, 10.5678004 ], [ -67.000102, 10.5677978 ], [ -67.0000456, 10.5678031 ], [ -66.999874, 10.5678505 ], [ -66.9997962, 10.5678677 ], [ -66.9997385, 10.5678729 ], [ -66.9996741, 10.567869 ], [ -66.9995092, 10.5678439 ], [ -66.9989821, 10.56772 ], [ -66.9988869, 10.5676989 ], [ -66.9988105, 10.567687 ], [ -66.998671, 10.5676778 ], [ -66.9985878, 10.567662 ], [ -66.9985154, 10.5676435 ], [ -66.998435, 10.5676132 ], [ -66.998333, 10.5675658 ], [ -66.9982298, 10.5675078 ], [ -66.9981587, 10.5674669 ], [ -66.9980836, 10.5674036 ], [ -66.9979857, 10.5673205 ], [ -66.9979508, 10.5672995 ], [ -66.9979133, 10.5672902 ], [ -66.9978797, 10.5672889 ], [ -66.9978382, 10.5672929 ], [ -66.9976357, 10.5673271 ], [ -66.9975874, 10.5673285 ], [ -66.9975418, 10.5673232 ], [ -66.9974694, 10.5673008 ], [ -66.9973795, 10.5672757 ], [ -66.9973339, 10.5672704 ], [ -66.9972669, 10.567277 ], [ -66.9971341, 10.5673008 ], [ -66.9970711, 10.5673021 ], [ -66.9970161, 10.5672995 ], [ -66.9969611, 10.5672889 ], [ -66.996654, 10.5671913 ], [ -66.9964877, 10.5671347 ], [ -66.9964072, 10.5671043 ], [ -66.99615510000001, 10.5669738 ], [ -66.9960907, 10.5669395 ], [ -66.9959955, 10.5669013 ], [ -66.9958882, 10.5668591 ], [ -66.9957796, 10.5668103 ], [ -66.9952203, 10.5665098 ], [ -66.9951117, 10.5664597 ], [ -66.9950634, 10.5664504 ], [ -66.995025900000016, 10.5664504 ], [ -66.9949856, 10.566461 ], [ -66.9948234, 10.5665453 ], [ -66.9947791, 10.5665572 ], [ -66.994724100000013, 10.5665612 ], [ -66.9946785, 10.5665572 ], [ -66.9944398, 10.5664807 ], [ -66.9943315506098, 10.566453892408521 ] ] } },
{ "type": "Feature", "properties": { "name": "Autopista Caracas - La Guaira", "ref": "L-2", "highway": "trunk", "length_km": 0.098 }, "geometry": { "type": "LineString", "coordinates": [ [ -67.0050493, 10.5574221 ], [ -67.005041, 10.5571485 ], [ -67.0050359, 10.5569818 ], [ -67.0050278, 10.5568645 ], [ -67.0050091, 10.5566561 ], [ -67.005002599412208, 10.556538552154802 ] ] } },
{ "type": "Feature", "properties": { "name": "Autopista Caracas - La Guaira", "ref": "L-2", "highway": "trunk", "length_km": 0.113 }, "geometry": { "type": "LineString", "coordinates": [ [ -67.004975042327885, 10.554801082662344 ], [ -67.0049734, 10.5546465 ], [ -67.0049679, 10.5537834 ] ] } },
{ "type": "Feature", "properties": { "name": "Autopista Caracas - La Guaira", "ref": "L-2", "highway": "trunk", "length_km": 0.113 }, "geometry": { "type": "LineString", "coordinates": [ [ -67.0048793, 10.5537839 ], [ -67.0048847, 10.5546473 ], [ -67.004886413016479, 10.554806658433659 ] ] } },
{ "type": "Feature", "properties": { "name": "Autopista Caracas - La Guaira", "ref": "L-2", "highway": "trunk", "length_km": 0.106 }, "geometry": { "type": "LineString", "coordinates": [ [ -67.004897088803091, 10.556467675809985 ], [ -67.0048924, 10.5567247 ], [ -67.0048884, 10.5569778 ], [ -67.0048857, 10.5571492 ], [ -67.004887, 10.5573061 ], [ -67.0048903, 10.5574259 ] ] } },
{ "type": "Feature", "properties": { "name": "Túnel Boquerón I", "ref": "L-2", "highway": "trunk", "length_km": 1.834 }, "geometry": { "type": "LineString", "coordinates": [ [ -67.0081352, 10.5734212 ], [ -67.0068598, 10.5706573 ], [ -67.0060859, 10.5689795 ], [ -67.0056796, 10.5680601 ], [ -67.0055643, 10.5677833 ], [ -67.0054758, 10.5675249 ], [ -67.0054033, 10.5672296 ], [ -67.0053363, 10.5668684 ], [ -67.00529610000001, 10.5664808 ], [ -67.0052719, 10.5661301 ], [ -67.0052541, 10.5657115 ], [ -67.0051217, 10.5603529 ], [ -67.0050493, 10.5574221 ] ] } },
{ "type": "Feature", "properties": { "name": "Carretera Vieja Caracas - La Guaira", "ref": "L-5", "highway": "secondary", "length_km": 0.304 }, "geometry": { "type": "LineString", "coordinates": [ [ -66.944486611345184, 10.523523676350688 ], [ -66.9442898, 10.5236698 ], [ -66.9441444, 10.5237931 ], [ -66.9441041, 10.5238551 ], [ -66.944082, 10.5239217 ], [ -66.9440766, 10.5239975 ], [ -66.944084, 10.5240437 ], [ -66.944088, 10.524101 ], [ -66.9441048, 10.5241749 ], [ -66.9441175, 10.524285 ], [ -66.944131, 10.5243746 ], [ -66.9441363, 10.5244379 ], [ -66.9441283, 10.5245052 ], [ -66.9441135, 10.5245724 ], [ -66.9440679, 10.5246805 ], [ -66.9440089, 10.5247623 ], [ -66.9439445, 10.5248229 ], [ -66.9438386, 10.5248915 ], [ -66.9437353, 10.5249601 ], [ -66.9436844, 10.5249983 ], [ -66.9436656, 10.5250445 ], [ -66.9436509, 10.5250972 ], [ -66.9436475, 10.5251295 ], [ -66.9436449, 10.5251519 ], [ -66.9436421, 10.5251777 ], [ -66.9437105, 10.5255435 ], [ -66.9437192, 10.525676 ], [ -66.9437233, 10.5257696 ], [ -66.9437246, 10.5258329 ], [ -66.943718654209121, 10.525885463357715 ] ] } },
{ "type": "Feature", "properties": { "name": "Avenida Carlos Soublette", "ref": "L-2", "highway": "primary", "length_km": 0.7 }, "geometry": { "type": "LineString", "coordinates": [ [ -66.940139443295891, 10.597610288401061 ], [ -66.9399213, 10.5976224 ], [ -66.9384622, 10.5975486 ], [ -66.9374939, 10.5976236 ], [ -66.936598, 10.5977727 ], [ -66.9359143, 10.5979651 ], [ -66.9355878, 10.5981722 ], [ -66.9353351, 10.5984102 ], [ -66.9352569, 10.5985281 ], [ -66.9350999, 10.5987645 ], [ -66.9349139, 10.5992073 ], [ -66.934768610456004, 10.599659475336226 ] ] } },
{ "type": "Feature", "properties": { "name": "Avenida Carlos Soublette", "ref": "L-2", "highway": "primary", "length_km": 0.051 }, "geometry": { "type": "LineString", "coordinates": [ [ -66.93476730011939, 10.599663553404438 ], [ -66.9347259, 10.5997924 ], [ -66.9347243, 10.5997973 ], [ -66.934590545608273, 10.600089082319949 ] ] } },
{ "type": "Feature", "properties": { "name": "Avenida Carlos Soublette", "ref": "L-2", "highway": "primary", "length_km": 0.646 }, "geometry": { "type": "LineString", "coordinates": [ [ -66.934962535640167, 10.599458061406089 ], [ -66.9350384, 10.599216 ], [ -66.935202, 10.598887 ], [ -66.9353723, 10.5986032 ], [ -66.9357076, 10.5982235 ], [ -66.9361103, 10.5980417 ], [ -66.9366571, 10.5979124 ], [ -66.9379219, 10.5977275 ], [ -66.9384675, 10.5976804 ], [ -66.9391021, 10.5977038 ], [ -66.939955, 10.5977223 ], [ -66.940065236170796, 10.597715036052175 ] ] } },
{ "type": "Feature", "properties": { "name": "Carretera Vieja Caracas - La Guaira", "ref": "L-5", "highway": "secondary", "length_km": 1.782 }, "geometry": { "type": "LineString", "coordinates": [ [ -66.947885876160655, 10.530128134897595 ], [ -66.9479142, 10.5301801 ], [ -66.9479437, 10.5302566 ], [ -66.9479558, 10.5303133 ], [ -66.9479571, 10.5303779 ], [ -66.9479437, 10.5304465 ], [ -66.9478656, 10.5307578 ], [ -66.9478472, 10.5308315 ], [ -66.9478217, 10.5309541 ], [ -66.9478204, 10.5309856 ], [ -66.947819, 10.53102 ], [ -66.9478311, 10.5310807 ], [ -66.9478552, 10.5311347 ], [ -66.9478874, 10.5311756 ], [ -66.9479249, 10.5312059 ], [ -66.9480228, 10.5312534 ], [ -66.9481047, 10.5312784 ], [ -66.9481798, 10.5312798 ], [ -66.9482897, 10.5312639 ], [ -66.9484842, 10.5312086 ], [ -66.9485486, 10.5311796 ], [ -66.9486009, 10.5311387 ], [ -66.9486384, 10.5310873 ], [ -66.9486786, 10.5310042 ], [ -66.948739, 10.5308367 ], [ -66.9487993, 10.5306851 ], [ -66.9488972, 10.5304992 ], [ -66.9491105, 10.5301841 ], [ -66.9491574, 10.530134 ], [ -66.9492352, 10.5300839 ], [ -66.9493184, 10.5300535 ], [ -66.9494015, 10.5300443 ], [ -66.9494766, 10.5300522 ], [ -66.9495437, 10.5300773 ], [ -66.949596, 10.5301168 ], [ -66.9497073, 10.5302724 ], [ -66.9497797, 10.5303687 ], [ -66.949817200000012, 10.5303937 ], [ -66.949880300000018, 10.5304188 ], [ -66.9499379, 10.5304267 ], [ -66.9499929, 10.530424 ], [ -66.9500399, 10.5304109 ], [ -66.9500962, 10.5303792 ], [ -66.9501311, 10.5303462 ], [ -66.950186, 10.5302632 ], [ -66.9502786, 10.5301102 ], [ -66.9503483, 10.5300298 ], [ -66.9504006, 10.5299889 ], [ -66.9504677, 10.5299626 ], [ -66.9505455, 10.529956 ], [ -66.9506232, 10.5299692 ], [ -66.9506682, 10.529985 ], [ -66.9507091, 10.5300107 ], [ -66.950752, 10.5300588 ], [ -66.9507761, 10.5301003 ], [ -66.9507869, 10.5301379 ], [ -66.950812, 10.5302651 ], [ -66.9508351, 10.5303818 ], [ -66.9508874, 10.5306034 ], [ -66.9509183, 10.5306983 ], [ -66.9509706, 10.5307537 ], [ -66.9510148, 10.5307866 ], [ -66.9510765, 10.530809 ], [ -66.9511275, 10.530813 ], [ -66.9512013, 10.5308051 ], [ -66.95126430000002, 10.530788 ], [ -66.95133, 10.5307497 ], [ -66.9515204, 10.5305809 ], [ -66.9515795, 10.530548 ], [ -66.9516639, 10.5305163 ], [ -66.951783, 10.5304818 ], [ -66.9518276, 10.5304689 ], [ -66.9519107, 10.5304293 ], [ -66.9519684, 10.5303898 ], [ -66.952014, 10.530337 ], [ -66.9520435, 10.5302882 ], [ -66.9520582, 10.5302342 ], [ -66.9520663, 10.5301406 ], [ -66.9520636, 10.5299599 ], [ -66.9520663, 10.5298584 ], [ -66.9520783, 10.5297635 ], [ -66.9521105, 10.5296712 ], [ -66.9521374, 10.5296039 ], [ -66.952174900000017, 10.5295367 ], [ -66.9522379, 10.5294562 ], [ -66.9523211, 10.5293798 ], [ -66.9523828, 10.5293402 ], [ -66.9524807, 10.5293007 ], [ -66.95260810000002, 10.5292677 ], [ -66.9527081, 10.5292561 ], [ -66.9528012, 10.5292453 ], [ -66.9530064, 10.5292466 ], [ -66.9531016, 10.5292624 ], [ -66.9531901, 10.5292875 ], [ -66.9532518, 10.5293218 ], [ -66.953453, 10.529509 ], [ -66.9535442, 10.5295947 ], [ -66.9536005, 10.5296277 ], [ -66.9536783, 10.5296514 ], [ -66.9537427, 10.5296619 ], [ -66.953795, 10.5296553 ], [ -66.9538566, 10.5296303 ], [ -66.9539036, 10.5295986 ], [ -66.9539613, 10.5295354 ], [ -66.9541799, 10.5291965 ], [ -66.9542402, 10.5291147 ], [ -66.9542952, 10.5290607 ], [ -66.9543542, 10.5290211 ], [ -66.954432, 10.5289921 ], [ -66.9545124, 10.5289737 ], [ -66.9545701, 10.5289723 ], [ -66.9546345, 10.5289882 ], [ -66.9546527, 10.5289986 ], [ -66.9547203, 10.529037 ], [ -66.9549926, 10.5292084 ], [ -66.9550918, 10.5292506 ], [ -66.9551535, 10.5292637 ], [ -66.9552299, 10.5292677 ], [ -66.9552809, 10.5292624 ], [ -66.9553359, 10.5292426 ], [ -66.9553842, 10.5292136 ], [ -66.9555183, 10.5290699 ], [ -66.9556095, 10.5289723 ], [ -66.9556806, 10.5289064 ], [ -66.9557664, 10.5288484 ], [ -66.9558589, 10.5287983 ], [ -66.9559528, 10.5287548 ], [ -66.9560426, 10.5287284 ], [ -66.9561298, 10.52871 ], [ -66.9562331, 10.528706 ], [ -66.9568261, 10.5287286 ], [ -66.9569948, 10.528735 ], [ -66.9571844, 10.5287462 ], [ -66.9572175, 10.5287482 ], [ -66.9573596, 10.5287706 ], [ -66.9574857, 10.5288036 ], [ -66.9575863, 10.5288379 ], [ -66.9577324, 10.5289209 ], [ -66.9578397, 10.5290014 ], [ -66.957947, 10.5291002 ], [ -66.9580114, 10.5291675 ], [ -66.9580516, 10.5292242 ], [ -66.9581281, 10.5293719 ], [ -66.9582018, 10.529567 ], [ -66.9582421, 10.529687 ], [ -66.9582622, 10.5297872 ], [ -66.9582903, 10.5299744 ], [ -66.9583038, 10.5300839 ], [ -66.9583239, 10.5301551 ], [ -66.958348, 10.5302038 ], [ -66.9584017, 10.5302698 ], [ -66.9584633, 10.5303238 ], [ -66.9585331, 10.5303621 ], [ -66.9585867, 10.5303739 ], [ -66.9586484, 10.5303766 ], [ -66.9587316, 10.5303687 ], [ -66.958804587072407, 10.530348370577043 ] ] } },
{ "type": "Feature", "properties": { "name": "Carretera Vieja Caracas - La Guaira", "ref": "L-5", "highway": "secondary", "length_km": 1.056 }, "geometry": { "type": "LineString", "coordinates": [ [ -66.958816389980555, 10.530345083057149 ], [ -66.9591057, 10.5302645 ], [ -66.9592479, 10.5302329 ], [ -66.9593351, 10.5302223 ], [ -66.9594303, 10.5302236 ], [ -66.9595027, 10.5302408 ], [ -66.9595818, 10.5302737 ], [ -66.9597602, 10.5303845 ], [ -66.9600914, 10.5306587 ], [ -66.9601491, 10.5307115 ], [ -66.9602028, 10.5307418 ], [ -66.9602524, 10.5307576 ], [ -66.9603315, 10.5307695 ], [ -66.9604388, 10.5307682 ], [ -66.9605461, 10.5307524 ], [ -66.9606525, 10.5307225 ], [ -66.9606681, 10.5307181 ], [ -66.9607312, 10.5306891 ], [ -66.9607902, 10.5306508 ], [ -66.9609377, 10.5305506 ], [ -66.9610531, 10.5304869 ], [ -66.9610691, 10.5304781 ], [ -66.961167, 10.5304385 ], [ -66.9612515, 10.5304201 ], [ -66.9613427, 10.5304201 ], [ -66.9614111, 10.5304412 ], [ -66.9614621, 10.5304755 ], [ -66.9615063, 10.5305203 ], [ -66.9615385, 10.5305849 ], [ -66.9616565, 10.5309725 ], [ -66.9617169, 10.531136 ], [ -66.9617517, 10.5311901 ], [ -66.9617879, 10.5312349 ], [ -66.9618376, 10.5312639 ], [ -66.9618952, 10.5312732 ], [ -66.961969, 10.5312666 ], [ -66.9620495, 10.5312468 ], [ -66.9621648, 10.5311809 ], [ -66.9622211, 10.5311347 ], [ -66.9622573, 10.5310952 ], [ -66.9624813, 10.5307734 ], [ -66.9625416, 10.5307102 ], [ -66.962602, 10.5306587 ], [ -66.9626704, 10.5306271 ], [ -66.9627374, 10.530606 ], [ -66.9627844, 10.5306034 ], [ -66.962831300000019, 10.5306165 ], [ -66.963239, 10.5307959 ], [ -66.9632833, 10.5308236 ], [ -66.9633329, 10.5308578 ], [ -66.9636199, 10.5311875 ], [ -66.9636682, 10.5312204 ], [ -66.9637258, 10.5312442 ], [ -66.9637674, 10.5312481 ], [ -66.963809, 10.5312428 ], [ -66.9638479, 10.5312125 ], [ -66.9638881, 10.5311558 ], [ -66.9639485, 10.530991 ], [ -66.9639672, 10.5309198 ], [ -66.9639806, 10.5308394 ], [ -66.963978, 10.5305559 ], [ -66.9639699, 10.5304807 ], [ -66.9639552, 10.5303937 ], [ -66.963931, 10.530312 ], [ -66.9638734, 10.5301498 ], [ -66.9638439, 10.5300601 ], [ -66.9638304, 10.5299863 ], [ -66.9638291, 10.5299138 ], [ -66.9638345, 10.5298413 ], [ -66.9638667, 10.5296883 ], [ -66.9639122, 10.5295578 ], [ -66.9641107, 10.5290488 ], [ -66.9641738, 10.5288998 ], [ -66.9642019, 10.5288484 ], [ -66.9642262, 10.5288166 ], [ -66.964242200000015, 10.5287957 ], [ -66.9642837, 10.5287653 ], [ -66.9643253, 10.5287416 ], [ -66.9643669, 10.5287337 ], [ -66.9644071, 10.5287416 ], [ -66.9646134, 10.5288545 ], [ -66.9647397, 10.5289236 ], [ -66.9648041, 10.5289789 ], [ -66.964841863421469, 10.529025863157589 ] ] } },
{ "type": "Feature", "properties": { "name": "Carretera Vieja Caracas - La Guaira", "ref": "L-5", "highway": "secondary", "length_km": 1.609 }, "geometry": { "type": "LineString", "coordinates": [ [ -66.966052192079133, 10.53037455131086 ], [ -66.9660653, 10.530386 ], [ -66.9661184, 10.5304306 ], [ -66.9661935, 10.5304992 ], [ -66.9662417, 10.5305585 ], [ -66.9662726, 10.5306284 ], [ -66.9662795, 10.5306527 ], [ -66.9662954, 10.5307088 ], [ -66.966304900000011, 10.5307728 ], [ -66.9663209, 10.5308802 ], [ -66.966337, 10.5309923 ], [ -66.9663906, 10.5311861 ], [ -66.9664067, 10.531231 ], [ -66.9664708, 10.5313413 ], [ -66.9664979, 10.5313879 ], [ -66.9665408, 10.5314512 ], [ -66.9665931, 10.5314999 ], [ -66.9667232, 10.5315936 ], [ -66.9667689, 10.5316198 ], [ -66.9671343, 10.5318298 ], [ -66.9671752, 10.5318533 ], [ -66.9672677, 10.5319126 ], [ -66.9677545, 10.5321974 ], [ -66.967839, 10.5322344 ], [ -66.9678873, 10.5322502 ], [ -66.9679463, 10.5322515 ], [ -66.9681501, 10.5322502 ], [ -66.9682574, 10.5322502 ], [ -66.9683366, 10.5322673 ], [ -66.968417, 10.5322937 ], [ -66.9689521, 10.5325521 ], [ -66.9691104, 10.532618 ], [ -66.9691533, 10.532651 ], [ -66.9691801, 10.5326918 ], [ -66.9691996, 10.5327479 ], [ -66.9692137, 10.5328105 ], [ -66.969224400000016, 10.5329068 ], [ -66.9692257, 10.5329819 ], [ -66.9692257, 10.5332879 ], [ -66.9692257, 10.5333643 ], [ -66.9692297, 10.533748 ], [ -66.9692418, 10.5338588 ], [ -66.969274, 10.5339933 ], [ -66.9692901, 10.5340434 ], [ -66.9693182, 10.5341106 ], [ -66.9694805, 10.5344138 ], [ -66.9694939, 10.5344458 ], [ -66.9695221, 10.5345127 ], [ -66.969547500000019, 10.5345945 ], [ -66.9695703, 10.5346947 ], [ -66.9695811, 10.5348002 ], [ -66.9695851, 10.5348556 ], [ -66.9695771, 10.5349123 ], [ -66.969547500000019, 10.5350613 ], [ -66.9694108, 10.535383 ], [ -66.969384, 10.5354515 ], [ -66.9693531, 10.535503 ], [ -66.9691587, 10.535739 ], [ -66.9691385, 10.5357904 ], [ -66.9691318, 10.5358326 ], [ -66.9691439, 10.5358655 ], [ -66.9691748, 10.5358866 ], [ -66.9692123, 10.5358945 ], [ -66.9692633, 10.5358906 ], [ -66.9696415, 10.5357205 ], [ -66.96969780000002, 10.5356888 ], [ -66.9697501, 10.5356493 ], [ -66.9698185, 10.5355873 ], [ -66.9699446, 10.5354528 ], [ -66.9701283, 10.5352062 ], [ -66.9701792, 10.5351364 ], [ -66.9702315, 10.5350573 ], [ -66.9702785, 10.5349636 ], [ -66.9703294, 10.5347817 ], [ -66.9703495, 10.5346788 ], [ -66.9703778, 10.5345945 ], [ -66.9704112, 10.534518 ], [ -66.9704836, 10.5343849 ], [ -66.9705198, 10.5343123 ], [ -66.9705399, 10.5342348 ], [ -66.9705548, 10.5341871 ], [ -66.9705869, 10.5341224 ], [ -66.9706339, 10.5340565 ], [ -66.970705, 10.533988 ], [ -66.9708324, 10.5338891 ], [ -66.9708681, 10.5338637 ], [ -66.9710041, 10.533777 ], [ -66.9710805, 10.5337361 ], [ -66.9711529, 10.533715 ], [ -66.9712307, 10.5337005 ], [ -66.9712991, 10.5336979 ], [ -66.9713849, 10.5337058 ], [ -66.9715177, 10.5337546 ], [ -66.971637, 10.5337638 ], [ -66.9717792, 10.5337638 ], [ -66.971983, 10.5337493 ], [ -66.9721748, 10.5337164 ], [ -66.9722673, 10.5336926 ], [ -66.972329, 10.53369 ], [ -66.9723947, 10.5337071 ], [ -66.9724913, 10.5337493 ], [ -66.9725624, 10.5337942 ], [ -66.972616, 10.5338456 ], [ -66.9726469, 10.533897 ], [ -66.9726737, 10.5339695 ], [ -66.9726925, 10.534046 ], [ -66.972722, 10.5341726 ], [ -66.9727354, 10.5342082 ], [ -66.97279570000002, 10.5342939 ], [ -66.9728708, 10.5343624 ], [ -66.972974100000016, 10.5344323 ], [ -66.9730666, 10.5344745 ], [ -66.9734851, 10.5346024 ], [ -66.9738297, 10.5347138 ], [ -66.973884700000013, 10.5347316 ], [ -66.9739772, 10.5347672 ], [ -66.9742892, 10.5349304 ], [ -66.974520390714019, 10.535051337179251 ] ] } },
{ "type": "Feature", "properties": { "name": "Carretera Vieja Caracas - La Guaira", "ref": "L-5", "highway": "secondary", "length_km": 0.335 }, "geometry": { "type": "LineString", "coordinates": [ [ -66.975568196768407, 10.535456028134627 ], [ -66.9756214, 10.5354673 ], [ -66.975718, 10.5355082 ], [ -66.9757432, 10.535525 ], [ -66.9758213, 10.5355768 ], [ -66.9758521, 10.535615 ], [ -66.9758722, 10.5356611 ], [ -66.9759125, 10.5357824 ], [ -66.975942, 10.5358471 ], [ -66.9759768, 10.5358945 ], [ -66.9760264, 10.5359591 ], [ -66.9760399, 10.5360013 ], [ -66.9760372, 10.5360738 ], [ -66.9760224, 10.53612 ], [ -66.9759996, 10.5361609 ], [ -66.9758092, 10.5363534 ], [ -66.9756925, 10.5364641 ], [ -66.9755772, 10.5365314 ], [ -66.9754739, 10.5365854 ], [ -66.9753854, 10.5366527 ], [ -66.9752781, 10.5367357 ], [ -66.9751762, 10.5368465 ], [ -66.9751252, 10.5369111 ], [ -66.9750863, 10.5369717 ], [ -66.9750568, 10.5370324 ], [ -66.9750461, 10.5371023 ], [ -66.9750434, 10.5371642 ], [ -66.9750555, 10.5372091 ], [ -66.9751263, 10.5373437 ], [ -66.9751547, 10.5373976 ], [ -66.9751923, 10.5374767 ], [ -66.9752017, 10.5375347 ], [ -66.9752017, 10.5376191 ], [ -66.9751923, 10.5377206 ], [ -66.9751748, 10.5378011 ] ] } },
{ "type": "Feature", "properties": { "name": "Túnel Boquerón I", "ref": "L-2", "highway": "trunk", "length_km": 1.841 }, "geometry": { "type": "LineString", "coordinates": [ [ -67.0048903, 10.5574259 ], [ -67.0049628, 10.5603567 ], [ -67.0050952, 10.5657167 ], [ -67.0051131, 10.5661386 ], [ -67.0051376, 10.566494 ], [ -67.0051787, 10.5668903 ], [ -67.0052477, 10.567262 ], [ -67.0053228, 10.5675682 ], [ -67.0054152, 10.5678379 ], [ -67.0055331, 10.5681209 ], [ -67.0059406, 10.5690429 ], [ -67.006715, 10.5707219 ], [ -67.0079904, 10.5734857 ] ] } },
{ "type": "Feature", "properties": { "name": "Carretera Catia La Mar - Carayaca", "ref": "L-6", "highway": "secondary", "length_km": 0.113 }, "geometry": { "type": "LineString", "coordinates": [ [ -67.075022103123146, 10.570180369394636 ], [ -67.0750133, 10.5701769 ], [ -67.0749236, 10.5701258 ], [ -67.0748471, 10.5700657 ], [ -67.0747768, 10.5699905 ], [ -67.0747238, 10.5699204 ], [ -67.0746789, 10.5698382 ], [ -67.0746565, 10.5697641 ], [ -67.0746412, 10.5696719 ], [ -67.0746341, 10.5695687 ], [ -67.074615096298174, 10.569309505179387 ] ] } },
{ "type": "Feature", "properties": { "name": "Carretera Catia La Mar - Carayaca", "ref": "L-6", "highway": "secondary", "length_km": 0.281 }, "geometry": { "type": "LineString", "coordinates": [ [ -67.071341625244742, 10.570662085796318 ], [ -67.0714072, 10.5708143 ], [ -67.0714281, 10.570889 ], [ -67.0714332, 10.5709676 ], [ -67.0713872, 10.5712737 ], [ -67.0713695, 10.5713744 ], [ -67.0713673, 10.5714451 ], [ -67.0713688, 10.5715102 ], [ -67.0714575, 10.5717062 ], [ -67.0715085, 10.5717663 ], [ -67.0715427, 10.5718173 ], [ -67.0715534, 10.571876 ], [ -67.071534, 10.5719306 ], [ -67.0715109, 10.5719835 ], [ -67.0714434, 10.5720869 ], [ -67.0713277, 10.5721881 ], [ -67.0712976, 10.5722242 ], [ -67.0712762, 10.5722693 ], [ -67.071265, 10.5723184 ], [ -67.071265, 10.5723665 ], [ -67.0712783, 10.5724296 ], [ -67.0713313, 10.5725519 ], [ -67.0713608, 10.5726816 ], [ -67.0713872, 10.5727863 ], [ -67.0714009, 10.5728645 ], [ -67.0714328, 10.5729247 ], [ -67.0715148, 10.5729427 ] ] } },
{ "type": "Feature", "properties": { "name": "Carretera Vieja Caracas - La Guaira", "ref": "L-5", "highway": "secondary", "length_km": 2.096 }, "geometry": { "type": "LineString", "coordinates": [ [ -66.988132800039779, 10.573336693417675 ], [ -66.9882171, 10.5732874 ], [ -66.9884223, 10.5731819 ], [ -66.9884786, 10.573145 ], [ -66.9885094, 10.5731068 ], [ -66.9885282, 10.573054 ], [ -66.9885376, 10.5729921 ], [ -66.9885376, 10.572702 ], [ -66.9885457, 10.5726177 ], [ -66.9885711, 10.5725346 ], [ -66.9885953, 10.5724727 ], [ -66.9886288, 10.5724212 ], [ -66.9886597, 10.5723909 ], [ -66.9888608, 10.5722419 ], [ -66.988944, 10.572176 ], [ -66.9894482, 10.5717687 ], [ -66.9896548, 10.5716025 ], [ -66.9897191, 10.5715709 ], [ -66.9897781, 10.5715511 ], [ -66.9898224, 10.5715511 ], [ -66.9898787, 10.5715656 ], [ -66.9900303, 10.5716342 ], [ -66.9900852, 10.5716526 ], [ -66.9901375, 10.5716526 ], [ -66.9901899, 10.5716421 ], [ -66.9902435, 10.5716223 ], [ -66.990383, 10.5715314 ], [ -66.990454, 10.5714958 ], [ -66.9905077, 10.5714839 ], [ -66.9905587, 10.5714931 ], [ -66.9905922, 10.5715142 ], [ -66.9907853, 10.5717133 ], [ -66.9908765, 10.5718082 ], [ -66.9909301, 10.5718438 ], [ -66.9909717, 10.5718583 ], [ -66.9910441, 10.5718768 ], [ -66.991303, 10.5719269 ], [ -66.9914371, 10.5719664 ], [ -66.9915417, 10.5720099 ], [ -66.991936, 10.572205 ], [ -66.9926226, 10.5726045 ], [ -66.9927393, 10.5726651 ], [ -66.9927889, 10.5726836 ], [ -66.9928519, 10.5726954 ], [ -66.9933374, 10.5726928 ], [ -66.9934407, 10.5726796 ], [ -66.9935413, 10.5726559 ], [ -66.9938564, 10.5725663 ], [ -66.9941609, 10.5724937 ], [ -66.9946812, 10.5724081 ], [ -66.9949052, 10.5723883 ], [ -66.9951962, 10.5723883 ], [ -66.995244500000013, 10.5723896 ], [ -66.9953276, 10.5724146 ], [ -66.9954725, 10.5724753 ], [ -66.995573, 10.5725175 ], [ -66.9956428, 10.5725333 ], [ -66.9957206, 10.5725346 ], [ -66.995848, 10.5725188 ], [ -66.9968095, 10.5723659 ], [ -66.9969074, 10.5723632 ], [ -66.9969893, 10.5723725 ], [ -66.9973031, 10.572474 ], [ -66.9975565, 10.5725636 ], [ -66.9976732, 10.5726177 ], [ -66.99781, 10.5726928 ], [ -66.997873, 10.5727363 ], [ -66.9979146, 10.572793 ], [ -66.9979401, 10.5728352 ], [ -66.9979428, 10.5728642 ], [ -66.9979374, 10.5728906 ], [ -66.9979119, 10.572909 ], [ -66.9978543, 10.5729235 ], [ -66.9977899, 10.5729235 ], [ -66.9977255, 10.5728998 ], [ -66.9976679, 10.5728471 ], [ -66.9976021, 10.57276 ], [ -66.9975445, 10.5726823 ], [ -66.9974881, 10.5726414 ], [ -66.997295, 10.5725623 ], [ -66.9971247, 10.5725241 ], [ -66.9970389, 10.5725135 ], [ -66.9969584, 10.5725096 ], [ -66.9968833, 10.5725148 ], [ -66.9967881, 10.572528 ], [ -66.9966888, 10.5725518 ], [ -66.9965091, 10.5726045 ], [ -66.9963026, 10.5726849 ], [ -66.9959311, 10.5728431 ], [ -66.9958493, 10.5728708 ], [ -66.9957836, 10.57288 ], [ -66.9956991, 10.57288 ], [ -66.9955972, 10.5728655 ], [ -66.9954765, 10.5728457 ], [ -66.9953088, 10.5728062 ], [ -66.9951895, 10.5727864 ], [ -66.9949763, 10.5727851 ], [ -66.994818, 10.5727956 ], [ -66.9947255, 10.5728128 ], [ -66.9945712, 10.5728576 ], [ -66.9941582, 10.5729947 ], [ -66.9934393, 10.5732281 ], [ -66.9932449, 10.5732847 ], [ -66.9930638, 10.5733203 ], [ -66.9928399, 10.5733546 ], [ -66.9927795, 10.5733586 ], [ -66.992695, 10.5733467 ], [ -66.9921318, 10.5732175 ], [ -66.9919172, 10.5731621 ], [ -66.9918126, 10.5731305 ], [ -66.9917576, 10.5730989 ], [ -66.9917093, 10.5730659 ], [ -66.9916557, 10.5730158 ], [ -66.9915605, 10.5728998 ], [ -66.9915055, 10.5728523 ], [ -66.9914626, 10.572822 ], [ -66.9914103, 10.5727904 ], [ -66.991248, 10.572706 ], [ -66.9908443, 10.5725504 ], [ -66.990796, 10.5725372 ], [ -66.9907766, 10.5725366 ], [ -66.9907585, 10.5725386 ] ] } },
{ "type": "Feature", "properties": { "name": "Autopista Caracas - La Guaira", "ref": "L-2", "highway": "trunk", "length_km": 0.099 }, "geometry": { "type": "LineString", "coordinates": [ [ -67.00833961682774, 10.575680022468733 ], [ -67.0083076, 10.5757707 ], [ -67.0082639, 10.5758867 ], [ -67.0082125, 10.5760057 ], [ -67.0081547, 10.5761181 ], [ -67.0080726, 10.57626 ], [ -67.007991, 10.5763881 ], [ -67.007925561850158, 10.576473184894853 ] ] } },
{ "type": "Feature", "properties": { "name": "Autopista Caracas - La Guaira", "ref": "L-2", "highway": "trunk", "length_km": 0.552 }, "geometry": { "type": "LineString", "coordinates": [ [ -67.007779045023838, 10.576641771923354 ], [ -67.0077225, 10.5766959 ], [ -67.0075764, 10.5768226 ], [ -67.0074506, 10.5769241 ], [ -67.0073226, 10.5770162 ], [ -67.0071832, 10.5771041 ], [ -67.0070055, 10.577196 ], [ -67.0068676, 10.5772535 ], [ -67.006676, 10.5773077 ], [ -67.0063827, 10.5773677 ], [ -67.0061954, 10.5773936 ], [ -67.0060478, 10.5774027 ], [ -67.0059013, 10.5774066 ], [ -67.0056921, 10.5773975 ], [ -67.0045989, 10.5772948 ], [ -67.0040609, 10.577241 ], [ -67.0038946, 10.5772305 ], [ -67.0036049, 10.5772173 ], [ -67.0032763, 10.5772081 ], [ -67.0030785, 10.5772087 ], [ -67.002956100482933, 10.577213100231027 ] ] } },
{ "type": "Feature", "properties": { "name": "Autopista Caracas - La Guaira", "ref": "L-2", "highway": "trunk", "length_km": 0.513 }, "geometry": { "type": "LineString", "coordinates": [ [ -67.003514461016621, 10.577374625320846 ], [ -67.0037149, 10.5773663 ], [ -67.0041427, 10.5773676 ], [ -67.00459, 10.5773869 ], [ -67.0056856, 10.5774898 ], [ -67.0059005, 10.5774992 ], [ -67.006052, 10.5774952 ], [ -67.0062049, 10.5774858 ], [ -67.0063989, 10.5774589 ], [ -67.0066986, 10.5773976 ], [ -67.006899100000012, 10.5773409 ], [ -67.0070459, 10.5772796 ], [ -67.0072306, 10.5771841 ], [ -67.0073759, 10.5770925 ], [ -67.0075083, 10.5769973 ], [ -67.0076374, 10.576893 ], [ -67.0077865, 10.5767638 ], [ -67.0078928, 10.5766621 ], [ -67.007931330055698, 10.576615180349068 ] ] } },
{ "type": "Feature", "properties": { "name": "Autopista Caracas - La Guaira", "ref": "L-2", "highway": "trunk", "length_km": 0.124 }, "geometry": { "type": "LineString", "coordinates": [ [ -67.00794155866447, 10.576602724543168 ], [ -67.0079796, 10.5765564 ], [ -67.0080686, 10.5764407 ], [ -67.0081534, 10.5763075 ], [ -67.0082377, 10.5761619 ], [ -67.008298, 10.5760447 ], [ -67.0083514, 10.5759209 ], [ -67.0083962, 10.575802 ], [ -67.0084412, 10.5756746 ], [ -67.008457262576229, 10.575614939018278 ] ] } },
{ "type": "Feature", "properties": { "name": "Carretera Catia La Mar - Carayaca", "ref": "L-6", "highway": "secondary", "length_km": 1.056 }, "geometry": { "type": "LineString", "coordinates": [ [ -67.070742, 10.5794729 ], [ -67.0706821, 10.5790373 ], [ -67.0706494, 10.5789267 ], [ -67.0705953, 10.5787756 ], [ -67.0705583, 10.5786552 ], [ -67.0705298, 10.5785139 ], [ -67.0705127, 10.5783151 ], [ -67.0704885, 10.5782213 ], [ -67.0704415, 10.5781332 ], [ -67.0703789, 10.5780044 ], [ -67.0703262, 10.5778434 ], [ -67.070265, 10.5776727 ], [ -67.0701909, 10.5773774 ], [ -67.0701553, 10.5772878 ], [ -67.0700841, 10.5771702 ], [ -67.070025, 10.5770876 ], [ -67.0699887, 10.5770274 ], [ -67.0699574, 10.5769491 ], [ -67.0699446, 10.5768525 ], [ -67.0699232, 10.5761471 ], [ -67.0699026, 10.5758734 ], [ -67.0699061, 10.5758273 ], [ -67.0699168, 10.5758042 ], [ -67.0699339, 10.5757975 ], [ -67.0699635, 10.5758024 ], [ -67.0699887, 10.5758168 ], [ -67.0700158, 10.5758448 ], [ -67.070038600000018, 10.5758979 ], [ -67.0700742, 10.5760043 ], [ -67.0701283, 10.5761331 ], [ -67.0702528, 10.5763542 ], [ -67.0703369, 10.5764872 ], [ -67.0703981, 10.576567 ], [ -67.070497, 10.5766369 ], [ -67.070581, 10.5766834 ], [ -67.0706558, 10.5767013 ], [ -67.070821, 10.5767062 ], [ -67.0708758, 10.5767237 ], [ -67.0709163, 10.5767531 ], [ -67.0709477, 10.5767965 ], [ -67.07096970000002, 10.5768525 ], [ -67.0710222, 10.5770011 ], [ -67.0710787, 10.5771464 ], [ -67.0711071, 10.5771982 ], [ -67.0711456, 10.5772444 ], [ -67.0714147, 10.5774844 ], [ -67.0715649, 10.5776188 ], [ -67.0716219, 10.5776643 ], [ -67.0716781, 10.5776972 ], [ -67.0717386, 10.5777105 ], [ -67.071792, 10.5777077 ], [ -67.0718518, 10.577686 ], [ -67.0722733, 10.5773962 ], [ -67.072316, 10.5773728 ], [ -67.072358, 10.5773616 ], [ -67.0723968, 10.5773567 ], [ -67.0724406, 10.5773662 ], [ -67.072474, 10.5773941 ], [ -67.0726313, 10.5776195 ], [ -67.0727375, 10.5777684 ], [ -67.072788, 10.5778497 ], [ -67.0728378, 10.5779456 ], [ -67.0728677, 10.5780394 ], [ -67.072909, 10.578215 ], [ -67.0729318, 10.5782619 ], [ -67.072956, 10.5782913 ], [ -67.072989400000012, 10.578313 ], [ -67.0730151, 10.5783193 ], [ -67.0730354, 10.5783074 ], [ -67.0730517, 10.5782875 ], [ -67.073067, 10.5782514 ], [ -67.0730905, 10.5781353 ], [ -67.0730948, 10.5780401 ], [ -67.0730891, 10.5779484 ], [ -67.0730549, 10.5777679 ], [ -67.0730371, 10.5776573 ], [ -67.0730265, 10.5775656 ], [ -67.0730229, 10.5774935 ], [ -67.073036735092671, 10.577354291616983 ] ] } },
{ "type": "Feature", "properties": { "name": "Carretera Catia La Mar - Carayaca", "ref": "L-6", "highway": "secondary", "length_km": 0.403 }, "geometry": { "type": "LineString", "coordinates": [ [ -67.072398017307563, 10.576055350119809 ], [ -67.0723927, 10.5759259 ], [ -67.0723844, 10.5758138 ], [ -67.0723786, 10.575751 ], [ -67.0723387, 10.5756754 ], [ -67.072306, 10.5756264 ], [ -67.0722739, 10.5755893 ], [ -67.07220980000001, 10.5755495 ], [ -67.0721451, 10.5755215 ], [ -67.0720186, 10.5754886 ], [ -67.07196, 10.5754347 ], [ -67.0719066, 10.5753997 ], [ -67.0718668, 10.5753493 ], [ -67.0718546, 10.5753066 ], [ -67.0718546, 10.5752359 ], [ -67.0718698, 10.5751647 ], [ -67.0719493, 10.5749714 ], [ -67.0720077, 10.5748664 ], [ -67.072039, 10.5747768 ], [ -67.0720931, 10.5746033 ], [ -67.0720932, 10.574489 ], [ -67.0720789, 10.5744591 ], [ -67.0720376, 10.5742926 ], [ -67.0719935, 10.5741876 ], [ -67.0719465, 10.5740812 ], [ -67.0718952, 10.5740084 ], [ -67.0718269, 10.5739482 ], [ -67.0716332, 10.5737901 ], [ -67.0715791, 10.5737159 ], [ -67.0715635, 10.5736599 ], [ -67.0715606, 10.5735927 ], [ -67.0715934, 10.5734976 ], [ -67.0716233, 10.5734227 ], [ -67.0716318, 10.5733534 ], [ -67.0716133, 10.5732372 ], [ -67.0715148, 10.5729427 ] ] } },
{ "type": "Feature", "properties": { "name": "Túnel Boquerón II", "ref": "L-2", "highway": "trunk", "length_km": 0.217 }, "geometry": { "type": "LineString", "coordinates": [ [ -66.999604658119324, 10.577436653740786 ], [ -66.9976284, 10.5775693 ] ] } },
{ "type": "Feature", "properties": { "name": "Túnel Boquerón II", "ref": "L-2", "highway": "trunk", "length_km": 0.215 }, "geometry": { "type": "LineString", "coordinates": [ [ -66.9976419, 10.5777628 ], [ -66.999603397498845, 10.577631187518518 ] ] } },
{ "type": "Feature", "properties": { "name": "Carretera Vieja Caracas - La Guaira", "ref": "L-5", "highway": "secondary", "length_km": 0.182 }, "geometry": { "type": "LineString", "coordinates": [ [ -66.982287987617539, 10.571266595272357 ], [ -66.98228, 10.571298 ], [ -66.9822183, 10.5714628 ], [ -66.9821258, 10.5717054 ], [ -66.9821177, 10.5717397 ], [ -66.982115100000016, 10.5717766 ], [ -66.9821177, 10.5718781 ], [ -66.982111, 10.5719163 ], [ -66.9820936, 10.571998 ], [ -66.9820789, 10.5720666 ], [ -66.9820815, 10.5720982 ], [ -66.9820923, 10.5721417 ], [ -66.9821177, 10.5721932 ], [ -66.9821486, 10.5722327 ], [ -66.9821982, 10.5722775 ], [ -66.9822492, 10.5723131 ], [ -66.9822961, 10.5723276 ], [ -66.9823444, 10.572329 ], [ -66.982394, 10.5723197 ], [ -66.982722309193662, 10.57218372288537 ] ] } },
{ "type": "Feature", "properties": { "name": "Carretera Vieja Caracas - La Guaira", "ref": "L-5", "highway": "secondary", "length_km": 0.423 }, "geometry": { "type": "LineString", "coordinates": [ [ -66.982866697046376, 10.572121305637882 ], [ -66.9828983, 10.5721009 ], [ -66.9829251, 10.5720719 ], [ -66.9829358, 10.5720416 ], [ -66.9830082, 10.5717397 ], [ -66.9830337, 10.5716619 ], [ -66.9830552, 10.5716223 ], [ -66.9830941, 10.5715841 ], [ -66.983137, 10.5715485 ], [ -66.9831866, 10.5715221 ], [ -66.9832456, 10.571505 ], [ -66.9833127, 10.571501 ], [ -66.983432, 10.5715037 ], [ -66.9835688, 10.5715261 ], [ -66.9839229, 10.5716078 ], [ -66.9839712, 10.5716144 ], [ -66.9840141, 10.5716105 ], [ -66.9840731, 10.5715973 ], [ -66.9843413, 10.5715037 ], [ -66.9844499, 10.5714747 ], [ -66.9845009, 10.5714668 ], [ -66.9845465, 10.5714654 ], [ -66.9845974, 10.571476 ], [ -66.9846404, 10.5714813 ], [ -66.984698, 10.5714753 ], [ -66.9847986, 10.5714588 ], [ -66.9848469, 10.5714562 ], [ -66.9848804, 10.5714615 ], [ -66.9849367, 10.5714799 ], [ -66.9850239, 10.5715116 ], [ -66.9850869, 10.5715248 ], [ -66.9851567, 10.57153 ], [ -66.9853149, 10.5715195 ], [ -66.9853619, 10.5715234 ], [ -66.9854088, 10.5715406 ], [ -66.9854705, 10.5715735 ], [ -66.9855684, 10.5716342 ], [ -66.9856328, 10.5716652 ], [ -66.98567030000001, 10.5716734 ], [ -66.9857025, 10.5716724 ], [ -66.9857629, 10.5716632 ], [ -66.9858514, 10.5716447 ], [ -66.9860056, 10.5715775 ], [ -66.986078, 10.571559 ], [ -66.986129, 10.5715577 ], [ -66.9861692, 10.5715788 ], [ -66.986184, 10.5716052 ], [ -66.986187287509566, 10.571619642146102 ] ] } },
{ "type": "Feature", "properties": { "name": "Carretera Vieja Caracas - La Guaira", "ref": "L-5;R-8", "highway": "secondary", "length_km": 0.34 }, "geometry": { "type": "LineString", "coordinates": [ [ -66.986163562073983, 10.571699823824039 ], [ -66.9860432, 10.5717186 ], [ -66.985964, 10.5717423 ], [ -66.9857615, 10.5718201 ], [ -66.9856958, 10.5718372 ], [ -66.9856247, 10.5718346 ], [ -66.9855322, 10.5718201 ], [ -66.9853726, 10.5717818 ], [ -66.9852559, 10.5717673 ], [ -66.9851486, 10.5717581 ], [ -66.9850548, 10.5717581 ], [ -66.9849421, 10.5717594 ], [ -66.9848362, 10.5717673 ], [ -66.9844942, 10.5718346 ], [ -66.9843829, 10.5718623 ], [ -66.9843104, 10.5718926 ], [ -66.9841898, 10.5719585 ], [ -66.984053, 10.5720112 ], [ -66.98366, 10.5721312 ], [ -66.9835943, 10.5721628 ], [ -66.9835621, 10.5721813 ], [ -66.9835299, 10.5722143 ], [ -66.9835031, 10.5722512 ], [ -66.983389529767052, 10.572530850649073 ] ] } },
{ "type": "Feature", "properties": { "name": "Carretera Vieja Caracas - La Guaira", "ref": "L-5", "highway": "secondary", "length_km": 0.11 }, "geometry": { "type": "LineString", "coordinates": [ [ -66.9904174, 10.5725925 ], [ -66.9903414, 10.5726045 ], [ -66.9902985, 10.5726229 ], [ -66.9902663, 10.5726506 ], [ -66.9902274, 10.5727165 ], [ -66.9901496, 10.5728998 ], [ -66.9901282, 10.5729842 ], [ -66.9901228, 10.5730448 ], [ -66.9901241, 10.5731476 ], [ -66.9901469, 10.5733981 ], [ -66.990147804543668, 10.573454310901562 ] ] } },
{ "type": "Feature", "properties": { "name": "Carretera Vieja Caracas - La Guaira", "ref": "L-5", "highway": "secondary", "length_km": 0.319 }, "geometry": { "type": "LineString", "coordinates": [ [ -66.9896336774529, 10.586147363596982 ], [ -66.9898425, 10.5864665 ], [ -66.989876, 10.5865153 ], [ -66.9899257, 10.5865733 ], [ -66.9900933, 10.5867328 ], [ -66.9901335, 10.5867895 ], [ -66.9901644, 10.5868461 ], [ -66.9901899, 10.5869002 ], [ -66.990214, 10.5869582 ], [ -66.9902395, 10.587032 ], [ -66.9902609, 10.5871164 ], [ -66.9903038, 10.5874183 ], [ -66.9903065, 10.5874947 ], [ -66.9903038, 10.5875699 ], [ -66.9902985, 10.5876358 ], [ -66.9902435, 10.5879034 ], [ -66.9902234, 10.587972 ], [ -66.9902019, 10.5880207 ], [ -66.9901644, 10.5880669 ], [ -66.9901161, 10.5880998 ], [ -66.9900477, 10.5881262 ], [ -66.9899833, 10.5881354 ], [ -66.9899189, 10.5881301 ], [ -66.9898358, 10.5881051 ], [ -66.989487026214405, 10.587910106068341 ] ] } },
{ "type": "Feature", "properties": { "name": "Carretera Vieja Caracas - La Guaira", "ref": "L-5", "highway": "secondary", "length_km": 0.907 }, "geometry": { "type": "LineString", "coordinates": [ [ -66.98579818925802, 10.591862944207238 ], [ -66.9857602, 10.5918621 ], [ -66.9856945, 10.5918806 ], [ -66.9856556, 10.591903 ], [ -66.9856301, 10.5919294 ], [ -66.9856113, 10.5919768 ], [ -66.9855711, 10.5921139 ], [ -66.9855469, 10.5922207 ], [ -66.9855027, 10.5923894 ], [ -66.9854558, 10.5925331 ], [ -66.9854082, 10.5926399 ], [ -66.9853437, 10.5927428 ], [ -66.98528, 10.5928001 ], [ -66.9852412, 10.5928179 ], [ -66.9851936, 10.5928311 ], [ -66.9851466, 10.5928363 ], [ -66.9850943, 10.5928304 ], [ -66.9850326, 10.5928357 ], [ -66.9849823, 10.5928377 ], [ -66.9849341, 10.5928502 ], [ -66.9849073, 10.5928634 ], [ -66.9848677, 10.5929042 ], [ -66.9847611, 10.5929932 ], [ -66.984698, 10.5930538 ], [ -66.9846484, 10.5930828 ], [ -66.9845911, 10.5930941 ], [ -66.9845331, 10.5930763 ], [ -66.9844808, 10.5930327 ], [ -66.9844351, 10.5929681 ], [ -66.9843922, 10.5928798 ], [ -66.9843467, 10.5927888 ], [ -66.9843359, 10.5926913 ], [ -66.9843534, 10.5925793 ], [ -66.984352, 10.5924554 ], [ -66.9843467, 10.5924013 ], [ -66.9843145, 10.5922866 ], [ -66.984285, 10.5921746 ], [ -66.9842756, 10.5921007 ], [ -66.9842736, 10.5920625 ], [ -66.9842783, 10.5920203 ], [ -66.9842997, 10.5919281 ], [ -66.9843373, 10.5918252 ], [ -66.9843507, 10.5917527 ], [ -66.984356, 10.591696 ], [ -66.9843587, 10.5914034 ], [ -66.984356, 10.5913124 ], [ -66.984344, 10.5912439 ], [ -66.9843051, 10.5911503 ], [ -66.9842622, 10.5910923 ], [ -66.9842206, 10.5910567 ], [ -66.9841763, 10.5910343 ], [ -66.9841281, 10.5910264 ], [ -66.9840811, 10.5910356 ], [ -66.9840503, 10.591058 ], [ -66.9840248, 10.5910896 ], [ -66.9839698, 10.591207 ], [ -66.9839296, 10.5912847 ], [ -66.9838907, 10.5913309 ], [ -66.983656, 10.5914746 ], [ -66.983475, 10.591559 ], [ -66.9833314, 10.5916315 ], [ -66.9832872, 10.5916644 ], [ -66.9832255, 10.5917303 ], [ -66.9831343, 10.5918397 ], [ -66.9831075, 10.5918846 ], [ -66.9830927, 10.5919201 ], [ -66.9830874, 10.5919663 ], [ -66.9831061, 10.5923301 ], [ -66.9831088, 10.5923749 ], [ -66.9830981, 10.5924171 ], [ -66.983082, 10.5924527 ], [ -66.9828567, 10.5927533 ], [ -66.9828084, 10.5928073 ], [ -66.9827722, 10.5928284 ], [ -66.9827253, 10.5928482 ], [ -66.9826703, 10.5928587 ], [ -66.982622, 10.5928574 ], [ -66.9823846, 10.5927783 ], [ -66.9823109, 10.5927651 ], [ -66.9822532, 10.5927612 ], [ -66.9821987, 10.5927571 ], [ -66.9821265, 10.5927668 ], [ -66.9820526, 10.5927965 ], [ -66.9820334, 10.5928448 ], [ -66.9820335, 10.5928848 ], [ -66.9820356, 10.5929368 ], [ -66.9820332, 10.5930729 ], [ -66.9820417, 10.5931628 ], [ -66.9820682, 10.5932555 ], [ -66.9821173, 10.5933596 ], [ -66.9821524, 10.593426 ], [ -66.9821849, 10.5935172 ], [ -66.982191997939111, 10.593572631524982 ] ] } },
{ "type": "Feature", "properties": { "name": "Carretera Vieja Caracas - La Guaira", "ref": "L-5", "highway": "secondary", "length_km": 0.384 }, "geometry": { "type": "LineString", "coordinates": [ [ -66.978520450976774, 10.593354279640039 ], [ -66.9784579, 10.593183 ], [ -66.9784096, 10.5930235 ], [ -66.9783812, 10.5929015 ], [ -66.9782996, 10.5925516 ], [ -66.9782808, 10.5924488 ], [ -66.9782728, 10.5923723 ], [ -66.9782728, 10.5923143 ], [ -66.9782808, 10.5922642 ], [ -66.9783077, 10.5922181 ], [ -66.9785772, 10.5919386 ], [ -66.9786027, 10.5918951 ], [ -66.9786188, 10.5918529 ], [ -66.978655, 10.5916552 ], [ -66.9786778, 10.5915814 ], [ -66.9787207, 10.5914759 ], [ -66.9788682, 10.5911648 ], [ -66.9791982, 10.590503 ], [ -66.9792545, 10.590391 ], [ -66.9792706, 10.5903303 ], [ -66.9792692, 10.5902381 ], [ -66.9792606, 10.5901831 ] ] } },
{ "type": "Feature", "properties": { "name": "Carretera Vieja Caracas - La Guaira", "ref": "L-5", "highway": "secondary", "length_km": 0.364 }, "geometry": { "type": "LineString", "coordinates": [ [ -66.9788213, 10.5897463 ], [ -66.9787369, 10.5897619 ], [ -66.9785644, 10.5898124 ], [ -66.9782286, 10.5900223 ], [ -66.9779386, 10.5903079 ], [ -66.9777238, 10.5906145 ], [ -66.9776892, 10.5906849 ], [ -66.9775121, 10.5910456 ], [ -66.9775031, 10.591064 ], [ -66.9770038, 10.5920806 ], [ -66.976917139037667, 10.592287263855084 ] ] } },
{ "type": "Feature", "properties": { "name": "Avenida Principal de Las Tunitas", "ref": "L-6", "highway": "secondary", "length_km": 0.386 }, "geometry": { "type": "LineString", "coordinates": [ [ -67.070742, 10.5794729 ], [ -67.0707044, 10.5796193 ], [ -67.070687, 10.5797326 ], [ -67.0706025, 10.5803681 ], [ -67.0705341, 10.580728 ], [ -67.0705032, 10.5809059 ], [ -67.0704952, 10.5810193 ], [ -67.0705207, 10.5812342 ], [ -67.0705086, 10.5813331 ], [ -67.0704523, 10.5814385 ], [ -67.0703718, 10.5815203 ], [ -67.0701827, 10.5816508 ], [ -67.0699936, 10.5818208 ], [ -67.0698273, 10.5819527 ], [ -67.069771, 10.5819804 ], [ -67.0696825, 10.5819936 ], [ -67.0696261, 10.581987 ], [ -67.0695269, 10.5819553 ], [ -67.0693166, 10.5819022 ], [ -67.0692522, 10.5818954 ], [ -67.0691863, 10.5819144 ], [ -67.069168205803152, 10.581928846175598 ] ] } },
{ "type": "Feature", "properties": { "name": "Avenida Principal de Las Tunitas", "ref": "L-6", "highway": "secondary", "length_km": 0.079 }, "geometry": { "type": "LineString", "coordinates": [ [ -67.063106981446921, 10.584775158516624 ], [ -67.0630722, 10.5847633 ], [ -67.063036, 10.5847527 ], [ -67.062989, 10.5847672 ], [ -67.0629314, 10.5848041 ], [ -67.0627543, 10.5849979 ], [ -67.0626095, 10.585168 ], [ -67.06258622587049, 10.58519543631199 ] ] } },
{ "type": "Feature", "properties": { "name": "Autopista Caracas - La Guaira", "ref": "L-2", "highway": "trunk", "length_km": 0.142 }, "geometry": { "type": "LineString", "coordinates": [ [ -66.9976284, 10.5775693 ], [ -66.9971162, 10.5776036 ], [ -66.9969101, 10.5776273 ], [ -66.9967237, 10.5776576 ], [ -66.9965239, 10.5777077 ], [ -66.996350716766031, 10.577757432533154 ] ] } },
{ "type": "Feature", "properties": { "name": "Autopista Caracas - La Guaira", "ref": "L-2", "highway": "trunk", "length_km": 0.342 }, "geometry": { "type": "LineString", "coordinates": [ [ -66.995413532507001, 10.586158211857839 ], [ -66.9954174, 10.5862493 ], [ -66.9954213, 10.5863929 ], [ -66.9954187, 10.5865649 ], [ -66.9954095, 10.5867217 ], [ -66.995387, 10.5868893 ], [ -66.9953484, 10.5871236 ], [ -66.9953126, 10.5872953 ], [ -66.9952624, 10.58748 ], [ -66.9952026, 10.5876639 ], [ -66.9951364, 10.5878438 ], [ -66.9950449, 10.5880548 ], [ -66.9949671, 10.5882078 ], [ -66.9948821, 10.5883527 ], [ -66.9947724, 10.5885354 ], [ -66.9946837, 10.5886787 ], [ -66.9945828, 10.5888178 ], [ -66.9944573, 10.5889593 ], [ -66.994413388712189, 10.5890067578806 ] ] } },
{ "type": "Feature", "properties": { "name": "Autopista Caracas - La Guaira", "ref": "L-2", "highway": "trunk", "length_km": 0.134 }, "geometry": { "type": "LineString", "coordinates": [ [ -66.992355528956935, 10.59042114757875 ], [ -66.991310669717691, 10.591058531090297 ] ] } },
{ "type": "Feature", "properties": { "name": "Autopista Caracas - La Guaira", "ref": "L-2", "highway": "trunk", "length_km": 0.429 }, "geometry": { "type": "LineString", "coordinates": [ [ -66.986890924523451, 10.593729417475465 ], [ -66.9868764, 10.5937355 ], [ -66.9867143, 10.5937921 ], [ -66.9866161, 10.5938247 ], [ -66.986526, 10.5938534 ], [ -66.9864291, 10.5938782 ], [ -66.9860921, 10.5939544 ], [ -66.9852333, 10.5941575 ], [ -66.9842265, 10.5944096 ], [ -66.983961, 10.5944851 ], [ -66.9838189, 10.5945283 ], [ -66.9837084, 10.5945648 ], [ -66.9835391, 10.5946293 ], [ -66.9834099, 10.5946821 ], [ -66.9832791, 10.5947451 ], [ -66.98314177620523, 10.594818384829244 ] ] } },
{ "type": "Feature", "properties": { "name": "Autopista Caracas - La Guaira", "ref": "L-2", "highway": "trunk", "length_km": 0.417 }, "geometry": { "type": "LineString", "coordinates": [ [ -66.983237013854193, 10.594898401922938 ], [ -66.9833328, 10.5948473 ], [ -66.9834581, 10.5947869 ], [ -66.9835827, 10.594736 ], [ -66.9837475, 10.5946732 ], [ -66.9838504, 10.5946377 ], [ -66.9839952, 10.5945951 ], [ -66.9842572, 10.5945205 ], [ -66.9843893, 10.5944874 ], [ -66.9852614, 10.5942692 ], [ -66.9856902, 10.5941678 ], [ -66.9861189, 10.5940663 ], [ -66.9864585, 10.5939895 ], [ -66.986558800000012, 10.5939628 ], [ -66.9866511, 10.5939345 ], [ -66.9867521, 10.5939009 ], [ -66.986890111451885, 10.593853898453947 ] ] } },
{ "type": "Feature", "properties": { "name": "Autopista Caracas - La Guaira", "ref": "L-2", "highway": "trunk", "length_km": 0.102 }, "geometry": { "type": "LineString", "coordinates": [ [ -66.991498859331656, 10.591058642416373 ], [ -66.9916705, 10.590954 ], [ -66.992290651604904, 10.590575865882844 ] ] } },
{ "type": "Feature", "properties": { "name": "Autopista Caracas - La Guaira", "ref": "L-2", "highway": "trunk", "length_km": 0.368 }, "geometry": { "type": "LineString", "coordinates": [ [ -66.994412435274796, 10.58915334350738 ], [ -66.9945317, 10.5890244 ], [ -66.9946611, 10.5888785 ], [ -66.9947669, 10.5887326 ], [ -66.9948579, 10.5885858 ], [ -66.9949682, 10.588402 ], [ -66.9950549, 10.5882542 ], [ -66.9951354, 10.5880959 ], [ -66.9952291, 10.5878797 ], [ -66.9952969, 10.5876955 ], [ -66.995358, 10.5875076 ], [ -66.9954096, 10.5873178 ], [ -66.9954464, 10.5871413 ], [ -66.9954855, 10.5869036 ], [ -66.9955087, 10.5867309 ], [ -66.9955183, 10.5865685 ], [ -66.995521, 10.5863924 ], [ -66.9955169, 10.5862459 ], [ -66.995511010768851, 10.586106203960847 ] ] } },
{ "type": "Feature", "properties": { "name": "Autopista Caracas - La Guaira", "ref": "L-2", "highway": "trunk", "length_km": 0.129 }, "geometry": { "type": "LineString", "coordinates": [ [ -66.996472862978052, 10.577876345565429 ], [ -66.9969034, 10.5778237 ], [ -66.9976419, 10.5777628 ] ] } },
{ "type": "Feature", "properties": { "name": null, "ref": null, "highway": "secondary", "length_km": 0.062 }, "geometry": { "type": "LineString", "coordinates": [ [ -67.0542726, 10.5928261 ], [ -67.0542879, 10.5927862 ], [ -67.0542945, 10.5927401 ], [ -67.0542856, 10.5926587 ], [ -67.0542611, 10.5926307 ], [ -67.0542218, 10.5926038 ], [ -67.0541562, 10.5925942 ], [ -67.0541038, 10.5926038 ], [ -67.0539501, 10.5927193 ] ] } },
{ "type": "Feature", "properties": { "name": null, "ref": null, "highway": "secondary", "length_km": 0.077 }, "geometry": { "type": "LineString", "coordinates": [ [ -67.0506322, 10.5943349 ], [ -67.0507386, 10.5942708 ], [ -67.050827900000016, 10.5942276 ], [ -67.0508596, 10.5942061 ], [ -67.050890600000017, 10.5941736 ], [ -67.0509067, 10.5941276 ], [ -67.0509068, 10.5940931 ], [ -67.0509046, 10.5940627 ], [ -67.0509021, 10.5940621 ], [ -67.0508901, 10.5940361 ], [ -67.0508625, 10.5940149 ], [ -67.0508426, 10.5940042 ], [ -67.0508109, 10.5939938 ], [ -67.0507637, 10.5939887 ], [ -67.0507172, 10.5939911 ], [ -67.05065070000002, 10.5939904 ] ] } },
{ "type": "Feature", "properties": { "name": "Avenida La Marina", "ref": "L-6", "highway": "secondary", "length_km": 0.529 }, "geometry": { "type": "LineString", "coordinates": [ [ -67.054325852262053, 10.592442616646125 ], [ -67.0541688, 10.5925277 ], [ -67.0539501, 10.5927193 ], [ -67.0535887, 10.5930572 ], [ -67.0532164, 10.5932654 ], [ -67.0528559, 10.5934089 ], [ -67.0522637, 10.5935607 ], [ -67.0508758, 10.5939202 ], [ -67.05065070000002, 10.5939904 ], [ -67.0501907, 10.5941736 ], [ -67.0500186, 10.5942706 ], [ -67.04996139316674, 10.594306530163935 ] ] } },
{ "type": "Feature", "properties": { "name": "Avenida La Marina", "ref": "L-6", "highway": "secondary", "length_km": 0.462 }, "geometry": { "type": "LineString", "coordinates": [ [ -67.050467011007157, 10.594413241440247 ], [ -67.0506322, 10.5943349 ], [ -67.0512063, 10.5941603 ], [ -67.0515925, 10.5940506 ], [ -67.0521934, 10.5937722 ], [ -67.0525624, 10.5936372 ], [ -67.0529749, 10.5935224 ], [ -67.0530774, 10.5934938 ], [ -67.053331, 10.5933978 ], [ -67.0537883, 10.5931691 ], [ -67.0541637, 10.5929094 ], [ -67.0542726, 10.5928261 ], [ -67.054320754458431, 10.592779450391648 ] ] } },
{ "type": "Feature", "properties": { "name": "Distribuidor Maripérez", "ref": null, "highway": "motorway", "length_km": 0.069 }, "geometry": { "type": "LineString", "coordinates": [ [ -66.8859612, 10.5133286 ], [ -66.8857852, 10.5132358 ], [ -66.8857241, 10.5131894 ], [ -66.8856827, 10.5131276 ], [ -66.8856586, 10.5130786 ], [ -66.8856405, 10.5130184 ], [ -66.8856401, 10.5129573 ], [ -66.8856482, 10.5128576 ] ] } },
{ "type": "Feature", "properties": { "name": "Alimentador San Bernardino", "ref": "R-13", "highway": "motorway", "length_km": 0.111 }, "geometry": { "type": "LineString", "coordinates": [ [ -66.890133556280958, 10.514424029669801 ], [ -66.8900871, 10.514372 ], [ -66.8899898, 10.5142728 ], [ -66.8898833, 10.5141716 ], [ -66.889751100000012, 10.5140724 ], [ -66.8895982, 10.5139669 ], [ -66.8894729, 10.513892 ], [ -66.8893262, 10.5138445 ] ] } },
{ "type": "Feature", "properties": { "name": "Avenida Boyacá", "ref": "L-8", "highway": "motorway", "length_km": 0.241 }, "geometry": { "type": "LineString", "coordinates": [ [ -66.887194900000011, 10.5135373 ], [ -66.8865574, 10.5134757 ], [ -66.885872, 10.5133917 ], [ -66.8854455, 10.5133421 ], [ -66.8850073, 10.5132924 ] ] } },
{ "type": "Feature", "properties": { "name": "Distribuidor Maripérez", "ref": null, "highway": "motorway", "length_km": 0.137 }, "geometry": { "type": "LineString", "coordinates": [ [ -66.887194900000011, 10.5135373 ], [ -66.8868737, 10.5134559 ], [ -66.8866146, 10.5134207 ], [ -66.8863348, 10.5133874 ], [ -66.8859612, 10.5133286 ] ] } },
{ "type": "Feature", "properties": { "name": "Avenida Boyacá", "ref": "L-8", "highway": "motorway", "length_km": 0.237 }, "geometry": { "type": "LineString", "coordinates": [ [ -66.8893262, 10.5138445 ], [ -66.8891096, 10.5137448 ], [ -66.8888797, 10.5136901 ], [ -66.888174, 10.5135955 ], [ -66.8875518, 10.5135638 ], [ -66.887194900000011, 10.5135373 ] ] } },
{ "type": "Feature", "properties": { "name": "Distribuidor Alta Florida", "ref": null, "highway": "motorway", "length_km": 0.069 }, "geometry": { "type": "LineString", "coordinates": [ [ -66.879262562233478, 10.512593325582129 ], [ -66.878961300000014, 10.5126235 ], [ -66.8786399, 10.5126555 ] ] } },
{ "type": "Feature", "properties": { "name": "Avenida Boyacá", "ref": "L-8", "highway": "motorway", "length_km": 0.185 }, "geometry": { "type": "LineString", "coordinates": [ [ -66.883712, 10.5129811 ], [ -66.8827245, 10.5126736 ], [ -66.8822368, 10.5125607 ], [ -66.882083651145152, 10.512541761206053 ] ] } },
{ "type": "Feature", "properties": { "name": "Avenida Boyacá", "ref": "L-8", "highway": "motorway", "length_km": 0.152 }, "geometry": { "type": "LineString", "coordinates": [ [ -66.880030060424517, 10.512606294575439 ], [ -66.8799994, 10.5126103 ], [ -66.879581, 10.5126499 ], [ -66.8793396, 10.5126604 ], [ -66.8790928, 10.5126578 ], [ -66.8786399, 10.5126555 ] ] } },
{ "type": "Feature", "properties": { "name": "Distribuidor La Florida", "ref": null, "highway": "motorway", "length_km": 0.102 }, "geometry": { "type": "LineString", "coordinates": [ [ -66.883712, 10.5129811 ], [ -66.8834666, 10.5128241 ], [ -66.8828538, 10.5126459 ] ] } },
{ "type": "Feature", "properties": { "name": "Distribuidor Maripérez", "ref": null, "highway": "motorway", "length_km": 0.108 }, "geometry": { "type": "LineString", "coordinates": [ [ -66.881889571333886, 10.512752353740458 ], [ -66.8823328, 10.5128107 ], [ -66.882853, 10.5129349 ] ] } },
{ "type": "Feature", "properties": { "name": "Distribuidor Maripérez", "ref": null, "highway": "motorway", "length_km": 0.101 }, "geometry": { "type": "LineString", "coordinates": [ [ -66.8792723, 10.5128091 ], [ -66.8795773, 10.5128581 ], [ -66.8801892, 10.5128755 ] ] } },
{ "type": "Feature", "properties": { "name": "Distribuidor Maripérez", "ref": null, "highway": "motorway", "length_km": 0.078 }, "geometry": { "type": "LineString", "coordinates": [ [ -66.8852082, 10.5129621 ], [ -66.884946, 10.5129453 ], [ -66.8847162, 10.5129078 ], [ -66.884507577067382, 10.512863722107067 ] ] } },
{ "type": "Feature", "properties": { "name": "Distribuidor Maripérez", "ref": null, "highway": "motorway", "length_km": 0.078 }, "geometry": { "type": "LineString", "coordinates": [ [ -66.8849778, 10.5130801 ], [ -66.885025700000014, 10.5130427 ], [ -66.8850802, 10.5130297 ], [ -66.8852967, 10.5129894 ], [ -66.8854087, 10.5129664 ], [ -66.8855111, 10.5129323 ], [ -66.8856482, 10.5128576 ] ] } },
{ "type": "Feature", "properties": { "name": "Distribuidor Maripérez", "ref": null, "highway": "motorway", "length_km": 0.091 }, "geometry": { "type": "LineString", "coordinates": [ [ -66.8852082, 10.5129621 ], [ -66.8849447, 10.5130085 ], [ -66.884608, 10.5130171 ], [ -66.884381697120048, 10.513000905241096 ] ] } },
{ "type": "Feature", "properties": { "name": "Distribuidor Maripérez", "ref": null, "highway": "motorway", "length_km": 0.18 }, "geometry": { "type": "LineString", "coordinates": [ [ -66.8859612, 10.5133286 ], [ -66.8848675, 10.5131866 ], [ -66.8844856, 10.5131037 ], [ -66.884338578777005, 10.513063600006644 ] ] } },
{ "type": "Feature", "properties": { "name": "Distribuidor Maripérez", "ref": null, "highway": "motorway", "length_km": 0.157 }, "geometry": { "type": "LineString", "coordinates": [ [ -66.884230226221206, 10.513034046832578 ], [ -66.8840878, 10.5129952 ], [ -66.8834524, 10.5127788 ], [ -66.8833742, 10.5127522 ], [ -66.8832163, 10.5126958 ], [ -66.8828538, 10.5126459 ] ] } },
{ "type": "Feature", "properties": { "name": "Distribuidor Maripérez", "ref": null, "highway": "motorway", "length_km": 0.077 }, "geometry": { "type": "LineString", "coordinates": [ [ -66.882853, 10.5129349 ], [ -66.8832656, 10.5130167 ], [ -66.883544, 10.513081 ] ] } },
{ "type": "Feature", "properties": { "name": "Avenida Boyacá", "ref": "L-8", "highway": "motorway", "length_km": 0.113 }, "geometry": { "type": "LineString", "coordinates": [ [ -66.8792723, 10.5128091 ], [ -66.8801289, 10.5127057 ], [ -66.880292463501831, 10.512681393492478 ] ] } },
{ "type": "Feature", "properties": { "name": "Avenida Boyacá", "ref": "L-8", "highway": "motorway", "length_km": 0.56 }, "geometry": { "type": "LineString", "coordinates": [ [ -66.881990718985904, 10.512626874101379 ], [ -66.8821061, 10.5126467 ], [ -66.882598, 10.5127481 ], [ -66.8829903, 10.5128687 ], [ -66.883544, 10.513081 ], [ -66.883960400000021, 10.5132273 ], [ -66.884401, 10.5133215 ], [ -66.8848723, 10.5134057 ], [ -66.8853599, 10.513494 ], [ -66.886065, 10.5135343 ], [ -66.8869748, 10.5136187 ] ] } },
{ "type": "Feature", "properties": { "name": "Avenida Boyacá", "ref": "L-8", "highway": "motorway", "length_km": 0.146 }, "geometry": { "type": "LineString", "coordinates": [ [ -66.8850073, 10.5132924 ], [ -66.884515, 10.5132055 ], [ -66.8841335, 10.5131132 ], [ -66.883712, 10.5129811 ] ] } },
{ "type": "Feature", "properties": { "name": "Distribuidor Maripérez", "ref": null, "highway": "motorway", "length_km": 0.218 }, "geometry": { "type": "LineString", "coordinates": [ [ -66.882853, 10.5129349 ], [ -66.8831038, 10.5130734 ], [ -66.8833861, 10.5132148 ], [ -66.8841647, 10.5135952 ], [ -66.8845225, 10.5136152 ], [ -66.8846074, 10.5136019 ], [ -66.8846703, 10.5135559 ] ] } },
{ "type": "Feature", "properties": { "name": "Distribuidor Maripérez", "ref": null, "highway": "motorway", "length_km": 0.062 }, "geometry": { "type": "LineString", "coordinates": [ [ -66.8846703, 10.5135559 ], [ -66.8849778, 10.5130801 ] ] } },
{ "type": "Feature", "properties": { "name": "Distribuidor Maripérez", "ref": null, "highway": "motorway", "length_km": 0.15 }, "geometry": { "type": "LineString", "coordinates": [ [ -66.8840463, 10.513331 ], [ -66.8840768, 10.5133842 ], [ -66.8841031, 10.5134094 ], [ -66.8841433, 10.513441 ], [ -66.8841835, 10.5134516 ], [ -66.8843075, 10.5134738 ], [ -66.8844384, 10.5134806 ], [ -66.8845998, 10.5134844 ], [ -66.8847634, 10.5134923 ], [ -66.8849083, 10.5135002 ], [ -66.8853599, 10.513494 ] ] } },
{ "type": "Feature", "properties": { "name": "Avenida Boyacá", "ref": "L-8", "highway": "motorway", "length_km": 0.722 }, "geometry": { "type": "LineString", "coordinates": [ [ -66.8918179, 10.5157436 ], [ -66.8923362, 10.5158567 ], [ -66.8926044, 10.5159055 ], [ -66.8927935, 10.515953 ], [ -66.8929792, 10.5160196 ], [ -66.8931797, 10.5161105 ], [ -66.8932877, 10.5161758 ], [ -66.8936102, 10.5164158 ], [ -66.8937195, 10.5165193 ], [ -66.8941029, 10.5169322 ], [ -66.8944645, 10.5172953 ], [ -66.8946362, 10.517443 ], [ -66.894836, 10.5175814 ], [ -66.8952504, 10.5177897 ], [ -66.8954743, 10.5179335 ], [ -66.8956849, 10.5181022 ], [ -66.8958391, 10.5182631 ], [ -66.8959934, 10.518478 ], [ -66.8961879, 10.5188915 ], [ -66.8963548, 10.5192407 ], [ -66.8964245, 10.5193503 ], [ -66.8965285, 10.5194775 ], [ -66.896740846966026, 10.519696392231232 ] ] } },
{ "type": "Feature", "properties": { "name": "Avenida Boyacá", "ref": "L-8", "highway": "motorway", "length_km": 0.55 }, "geometry": { "type": "LineString", "coordinates": [ [ -66.900826053862346, 10.521777652976892 ], [ -66.9009238, 10.5219356 ], [ -66.9011948, 10.522243 ], [ -66.9013651, 10.5223895 ], [ -66.9015691, 10.5225322 ], [ -66.9030006, 10.5233369 ], [ -66.9034539, 10.52354 ], [ -66.9036578, 10.5235848 ], [ -66.9039123, 10.5236293 ], [ -66.904093, 10.5236389 ], [ -66.9043162, 10.5236349 ], [ -66.9047233, 10.5235809 ], [ -66.9050624, 10.5234774 ], [ -66.905218135292159, 10.523411479479975 ] ] } },
{ "type": "Feature", "properties": { "name": "Avenida Boyacá", "ref": "L-8", "highway": "motorway", "length_km": 0.275 }, "geometry": { "type": "LineString", "coordinates": [ [ -66.905830444836923, 10.523152296524003 ], [ -66.9058491, 10.5231444 ], [ -66.9062045, 10.5230376 ], [ -66.9065271, 10.523002 ], [ -66.9067081, 10.5229961 ], [ -66.9069335, 10.5230132 ], [ -66.9073026, 10.5231061 ], [ -66.9073746, 10.5231332 ], [ -66.9076248, 10.5232552 ], [ -66.9076808, 10.5232919 ], [ -66.9081695, 10.5236124 ] ] } },
{ "type": "Feature", "properties": { "name": "Avenida Intercomunal de Macuto", "ref": "L-2", "highway": "primary", "length_km": 0.075 }, "geometry": { "type": "LineString", "coordinates": [ [ -66.8972479, 10.6039321 ], [ -66.8970767, 10.6039131 ], [ -66.8970664, 10.6039132 ], [ -66.8969206, 10.6039147 ], [ -66.8967293, 10.6039454 ], [ -66.8965702, 10.6039835 ] ] } },
{ "type": "Feature", "properties": { "name": "Avenida Boyacá", "ref": "L-8", "highway": "motorway", "length_km": 0.292 }, "geometry": { "type": "LineString", "coordinates": [ [ -66.8869748, 10.5136187 ], [ -66.8878503, 10.5136778 ], [ -66.8886402, 10.5137613 ], [ -66.8888825, 10.5138075 ], [ -66.8891295, 10.5138849 ], [ -66.8892482, 10.5139464 ], [ -66.8893483, 10.5140135 ], [ -66.8895377, 10.5141538 ] ] } },
{ "type": "Feature", "properties": { "name": "Avenida Boyacá", "ref": "L-8", "highway": "motorway", "length_km": 0.11 }, "geometry": { "type": "LineString", "coordinates": [ [ -66.8900754, 10.5145039 ], [ -66.8898645, 10.5142749 ], [ -66.889571, 10.5140276 ], [ -66.8893262, 10.5138445 ] ] } },
{ "type": "Feature", "properties": { "name": "Avenida Boyacá", "ref": "L-8", "highway": "motorway", "length_km": 0.069 }, "geometry": { "type": "LineString", "coordinates": [ [ -66.8895377, 10.5141538 ], [ -66.8898991, 10.5144698 ], [ -66.8900052, 10.5145675 ] ] } },
{ "type": "Feature", "properties": { "name": "Alimentador San Bernardino", "ref": "R-13", "highway": "motorway", "length_km": 0.103 }, "geometry": { "type": "LineString", "coordinates": [ [ -66.8895377, 10.5141538 ], [ -66.8896021, 10.5143214 ], [ -66.8898497, 10.514594 ], [ -66.8899456, 10.5146907 ], [ -66.8900741, 10.514817 ], [ -66.890130549287861, 10.514866652628896 ] ] } },
{ "type": "Feature", "properties": { "name": "Avenida Intercomunal de Macuto", "ref": "L-2", "highway": "primary", "length_km": 0.849 }, "geometry": { "type": "LineString", "coordinates": [ [ -66.8965702, 10.6039835 ], [ -66.8962348, 10.604069 ], [ -66.8946541, 10.6044695 ], [ -66.8929725, 10.6048712 ], [ -66.8926961, 10.6049421 ], [ -66.8916994, 10.6052702 ], [ -66.8912523, 10.605448 ], [ -66.8907521, 10.6056887 ], [ -66.8903686, 10.6059155 ], [ -66.8899466, 10.6062091 ], [ -66.889395228000168, 10.606660472412903 ] ] } },
{ "type": "Feature", "properties": { "name": "Avenida Intercomunal de Macuto", "ref": "L-2", "highway": "primary", "length_km": 0.863 }, "geometry": { "type": "LineString", "coordinates": [ [ -66.889506975267111, 10.606662070878393 ], [ -66.8899904, 10.6062677 ], [ -66.8903042, 10.6060453 ], [ -66.8912892, 10.6055103 ], [ -66.8917157, 10.6053303 ], [ -66.8924624, 10.6050772 ], [ -66.893145, 10.6049245 ], [ -66.8937073, 10.6047881 ], [ -66.8958617, 10.6042506 ], [ -66.8965161, 10.6040896 ], [ -66.896829400000016, 10.6040191 ] ] } },
{ "type": "Feature", "properties": { "name": "Avenida Boyacá", "ref": "L-8", "highway": "motorway", "length_km": 0.417 }, "geometry": { "type": "LineString", "coordinates": [ [ -66.90943785286774, 10.523892014347325 ], [ -66.9093481, 10.523896 ], [ -66.9091415, 10.5238696 ], [ -66.9088561, 10.523798 ], [ -66.9084549, 10.5236046 ], [ -66.9078981, 10.5232404 ], [ -66.9078347, 10.5231989 ], [ -66.9076543, 10.523093 ], [ -66.9074296, 10.5230073 ], [ -66.9071446, 10.5229255 ], [ -66.9068147, 10.5228807 ], [ -66.906573, 10.5228698 ], [ -66.9063266, 10.5228833 ], [ -66.9061095, 10.5229288 ], [ -66.905890332593259, 10.523016179098306 ] ] } },
{ "type": "Feature", "properties": { "name": "Avenida Boyacá", "ref": "L-8", "highway": "motorway", "length_km": 0.518 }, "geometry": { "type": "LineString", "coordinates": [ [ -66.905129159857125, 10.523315099652628 ], [ -66.9050364, 10.5233488 ], [ -66.904799, 10.5234147 ], [ -66.9045496, 10.5234833 ], [ -66.9043109, 10.5235031 ], [ -66.9041084, 10.5234978 ], [ -66.9037932, 10.5234582 ], [ -66.9035451, 10.5233963 ], [ -66.903297, 10.5233 ], [ -66.9022697, 10.5227607 ], [ -66.9016632, 10.5223985 ], [ -66.9013174, 10.5221197 ], [ -66.9010367, 10.5217932 ], [ -66.900983513614165, 10.521719566065935 ] ] } },
{ "type": "Feature", "properties": { "name": "Avenida Boyacá", "ref": "L-8", "highway": "motorway", "length_km": 0.718 }, "geometry": { "type": "LineString", "coordinates": [ [ -66.896784428780819, 10.519528665951146 ], [ -66.8966529, 10.5194043 ], [ -66.8964715, 10.5191795 ], [ -66.8963742, 10.5190121 ], [ -66.896285, 10.5188114 ], [ -66.8962133, 10.5186363 ], [ -66.89611, 10.518426 ], [ -66.8959974, 10.5182512 ], [ -66.8959169, 10.5181517 ], [ -66.8957654, 10.5179968 ], [ -66.8956185, 10.5178682 ], [ -66.8953397, 10.5176912 ], [ -66.8949768, 10.5174965 ], [ -66.8948021, 10.5173725 ], [ -66.894668200000012, 10.5172714 ], [ -66.8945478, 10.5171569 ], [ -66.8941558, 10.5167924 ], [ -66.8938937, 10.5165023 ], [ -66.8936142, 10.5162351 ], [ -66.8934376, 10.5161035 ], [ -66.8932381, 10.5159795 ], [ -66.8931127, 10.5159174 ], [ -66.892954300000014, 10.5158535 ], [ -66.8926504, 10.5157644 ], [ -66.8922576, 10.515696 ], [ -66.891874279345387, 10.51563534802438 ] ] } },
{ "type": "Feature", "properties": { "name": "Carretera Caracas - Galipán", "ref": "R-13", "highway": "secondary", "length_km": 0.106 }, "geometry": { "type": "LineString", "coordinates": [ [ -66.908043044311057, 10.522546166580486 ], [ -66.9080519, 10.522559 ], [ -66.9081145, 10.5226577 ], [ -66.9082133, 10.5228223 ], [ -66.9082578, 10.5229031 ], [ -66.9082806, 10.5229678 ], [ -66.9082977, 10.5230307 ], [ -66.9083019, 10.52309 ], [ -66.9082951, 10.5232239 ], [ -66.9082938, 10.523301 ], [ -66.9083273, 10.5234342 ] ] } },
{ "type": "Feature", "properties": { "name": "Carretera Caracas - Galipán", "ref": "R-13", "highway": "secondary", "length_km": 0.188 }, "geometry": { "type": "LineString", "coordinates": [ [ -66.907837413912304, 10.525709650591695 ], [ -66.9079252, 10.5255363 ], [ -66.9079238, 10.5254598 ], [ -66.9079017, 10.5253515 ], [ -66.907855, 10.5251876 ], [ -66.9078387, 10.5251117 ], [ -66.9078489, 10.5250477 ], [ -66.9078855, 10.5250118 ], [ -66.9079343, 10.5250038 ], [ -66.9079688, 10.5250178 ], [ -66.908007400000017, 10.5250797 ], [ -66.908072500000017, 10.5252176 ], [ -66.9081424, 10.5253741 ], [ -66.9081719, 10.5254862 ], [ -66.9081277, 10.5256839 ], [ -66.908084758792015, 10.525834082631155 ] ] } },
{ "type": "Feature", "properties": { "name": "Carretera Caracas - Galipán", "ref": "R-13", "highway": "secondary", "length_km": 0.289 }, "geometry": { "type": "LineString", "coordinates": [ [ -66.908288699123986, 10.525928652719946 ], [ -66.9083315, 10.5258356 ], [ -66.9084359, 10.5256863 ], [ -66.90850970000001, 10.5255663 ], [ -66.9085634, 10.5254898 ], [ -66.9086385, 10.5254357 ], [ -66.9087202, 10.5253764 ], [ -66.9087808, 10.5253306 ], [ -66.908810300000013, 10.5253081 ], [ -66.9088431, 10.5252666 ], [ -66.9088451, 10.5252356 ], [ -66.9088338, 10.5251934 ], [ -66.9088144, 10.5251526 ], [ -66.9087312, 10.5250589 ], [ -66.9086722, 10.5249759 ], [ -66.9086414, 10.5248691 ], [ -66.9086427, 10.524757 ], [ -66.9086548, 10.5246449 ], [ -66.908656800000017, 10.5245908 ], [ -66.9086508, 10.5245421 ], [ -66.9086238, 10.5244392 ], [ -66.9084931, 10.5243597 ], [ -66.9083799, 10.5243196 ], [ -66.9082797, 10.5242649 ], [ -66.908307, 10.5241848 ], [ -66.908332, 10.524009 ], [ -66.9082968, 10.5239162 ], [ -66.9082871, 10.5238192 ] ] } },
{ "type": "Feature", "properties": { "name": "Carretera Caracas - Galipán", "ref": "R-13", "highway": "secondary", "length_km": 0.899 }, "geometry": { "type": "LineString", "coordinates": [ [ -66.902059449106545, 10.5468154236569 ], [ -66.9017226, 10.5463592 ], [ -66.9015053, 10.54623 ], [ -66.901296, 10.5461154 ], [ -66.9011968, 10.545911 ], [ -66.9012398, 10.5457343 ], [ -66.9014248, 10.5456513 ], [ -66.9016662, 10.5456288 ], [ -66.9017681, 10.5455669 ], [ -66.9017842, 10.5455022 ], [ -66.9016662, 10.5453414 ], [ -66.9014785, 10.5451304 ], [ -66.9012961, 10.5450091 ], [ -66.901103, 10.5449696 ], [ -66.9009956, 10.5448497 ], [ -66.9009528, 10.5447586 ], [ -66.9009956, 10.5446387 ], [ -66.9012398, 10.5445345 ], [ -66.9012854, 10.544429 ], [ -66.9012102, 10.5443434 ], [ -66.9008696, 10.5442075 ], [ -66.900781, 10.5440481 ], [ -66.9008508, 10.5439491 ], [ -66.9009527, 10.5439215 ], [ -66.9010654, 10.5439122 ], [ -66.9013604, 10.5440059 ], [ -66.901736, 10.544342 ], [ -66.9018325, 10.5443434 ], [ -66.9018889, 10.5442708 ], [ -66.9018406, 10.5441047 ], [ -66.9013818, 10.5434574 ], [ -66.9009528, 10.5432081 ], [ -66.9008696, 10.5430525 ], [ -66.9008455, 10.5427572 ], [ -66.900861095993761, 10.542293157180303 ] ] } },
{ "type": "Feature", "properties": { "name": "Carretera Caracas - Galipán", "ref": "R-13", "highway": "secondary", "length_km": 1.778 }, "geometry": { "type": "LineString", "coordinates": [ [ -66.901686357018917, 10.540796083053978 ], [ -66.9016287, 10.5406767 ], [ -66.9013256, 10.5404789 ], [ -66.9011673, 10.5404196 ], [ -66.9009997, 10.5404538 ], [ -66.9006737, 10.5405884 ], [ -66.9003572, 10.5406385 ], [ -66.9000582, 10.5405672 ], [ -66.8995432, 10.5402496 ], [ -66.8995446, 10.5401268 ], [ -66.899727, 10.5399185 ], [ -66.8998584, 10.5398132 ], [ -66.9000462, 10.539759 ], [ -66.9005008, 10.5397617 ], [ -66.9007193, 10.5397196 ], [ -66.9008495, 10.5396272 ], [ -66.901217, 10.5392092 ], [ -66.9015281, 10.5387082 ], [ -66.9017225, 10.5382362 ], [ -66.9017668, 10.5380964 ], [ -66.9017635, 10.53795 ], [ -66.9017353, 10.5377964 ], [ -66.9017628, 10.5376494 ], [ -66.9021249, 10.5371194 ], [ -66.9027109, 10.5364694 ], [ -66.9027592, 10.536381 ], [ -66.90277, 10.5362677 ], [ -66.9027203, 10.5361701 ], [ -66.9025835, 10.5358841 ], [ -66.902487, 10.5355056 ], [ -66.9024937, 10.5353645 ], [ -66.9025809, 10.5350929 ], [ -66.9027847, 10.5348674 ], [ -66.9028303, 10.5347962 ], [ -66.9028062, 10.5347211 ], [ -66.9027083, 10.5346182 ], [ -66.902719, 10.5345681 ], [ -66.9027874, 10.5345127 ], [ -66.9029054, 10.5345061 ], [ -66.9031844, 10.534576 ], [ -66.9032715, 10.534547 ], [ -66.9033024, 10.5344679 ], [ -66.9033077, 10.5343374 ], [ -66.9033426, 10.5342583 ], [ -66.9034526, 10.5342042 ], [ -66.9036417, 10.5339497 ], [ -66.90406280000002, 10.5335199 ], [ -66.9041097, 10.5333946 ], [ -66.9040708, 10.5333287 ], [ -66.9038589, 10.5328949 ], [ -66.9039099, 10.5327684 ], [ -66.9040346, 10.532742 ], [ -66.9042599, 10.5329635 ], [ -66.904343, 10.5329728 ], [ -66.9043498, 10.5328369 ], [ -66.9043323, 10.5315857 ], [ -66.9042318, 10.531107 ], [ -66.9043109, 10.5309791 ], [ -66.9047239, 10.5306798 ], [ -66.90500580427252, 10.530389685797592 ] ] } },
{ "type": "Feature", "properties": { "name": "Carretera Caracas - Galipán", "ref": "R-13", "highway": "secondary", "length_km": 0.296 }, "geometry": { "type": "LineString", "coordinates": [ [ -66.905097688948501, 10.53029512495824 ], [ -66.9051531, 10.5302381 ], [ -66.9052887, 10.5297073 ], [ -66.9051424, 10.5294826 ], [ -66.9051477, 10.5293745 ], [ -66.905196, 10.5292215 ], [ -66.9053938, 10.5289788 ], [ -66.9055983, 10.5288853 ], [ -66.9056949, 10.5287614 ], [ -66.9057378, 10.5286454 ], [ -66.9058397, 10.5285689 ], [ -66.9059409, 10.5285776 ], [ -66.9060315, 10.5285847 ], [ -66.906293117357734, 10.528860548003713 ] ] } },
{ "type": "Feature", "properties": { "name": "Carretera Caracas - Galipán", "ref": "R-13", "highway": "secondary", "length_km": 0.056 }, "geometry": { "type": "LineString", "coordinates": [ [ -66.906496491358013, 10.528597404722355 ], [ -66.9065036, 10.5284225 ], [ -66.906562, 10.5283181 ], [ -66.9066444, 10.5283751 ], [ -66.906709112281192, 10.528464095508616 ] ] } },
{ "type": "Feature", "properties": { "name": "Carretera Caracas - Galipán", "ref": "R-13", "highway": "secondary", "length_km": 0.072 }, "geometry": { "type": "LineString", "coordinates": [ [ -66.907042520571494, 10.528142492100404 ], [ -66.9070065, 10.5277909 ], [ -66.9070044, 10.5277666 ], [ -66.9070744, 10.527738 ], [ -66.9071527, 10.5277778 ], [ -66.907236371832497, 10.527855959657197 ] ] } },
{ "type": "Feature", "properties": { "name": "Carretera Caracas - Galipán", "ref": "R-13", "highway": "secondary", "length_km": 0.196 }, "geometry": { "type": "LineString", "coordinates": [ [ -66.907530302291903, 10.527661672910391 ], [ -66.9075228, 10.5276393 ], [ -66.9071081, 10.5269853 ], [ -66.9070936, 10.5268978 ], [ -66.9071405, 10.5268089 ], [ -66.9072469, 10.5266957 ], [ -66.9073619, 10.5265476 ], [ -66.9075054, 10.5262733 ], [ -66.9075393, 10.5261963 ], [ -66.9075617, 10.5261454 ] ] } },
{ "type": "Feature", "properties": { "name": "Carretera Principal de Galipán", "ref": "R-13", "highway": "secondary", "length_km": 0.723 }, "geometry": { "type": "LineString", "coordinates": [ [ -66.9069262, 10.5864125 ], [ -66.9069505, 10.5863849 ], [ -66.9070255, 10.5862826 ], [ -66.9072916, 10.5860754 ], [ -66.9075299, 10.5857969 ], [ -66.9076258, 10.5857072 ], [ -66.9076861, 10.5856313 ], [ -66.907742, 10.5855206 ], [ -66.9077542, 10.5854501 ], [ -66.907722, 10.5853934 ], [ -66.9076482, 10.585396 ], [ -66.9074852, 10.5854443 ], [ -66.9072273, 10.5855127 ], [ -66.9071535, 10.5854982 ], [ -66.9071147, 10.585453 ], [ -66.9070999, 10.5854098 ], [ -66.9071843, 10.585311 ], [ -66.9072477, 10.5852546 ], [ -66.9072562, 10.5852013 ], [ -66.9072112, 10.5850307 ], [ -66.9070708, 10.5848544 ], [ -66.9070146, 10.584801 ], [ -66.9069285, 10.5845547 ], [ -66.9068188, 10.584253 ], [ -66.9067367, 10.5841393 ], [ -66.9063687, 10.5840407 ], [ -66.9063071, 10.5840041 ], [ -66.9062726, 10.5839114 ], [ -66.9062857, 10.5837919 ], [ -66.9063626, 10.5835653 ], [ -66.9063691, 10.5832759 ], [ -66.9063689, 10.583033 ], [ -66.9063087, 10.5826575 ], [ -66.9062249, 10.5824989 ], [ -66.9061567, 10.5823373 ], [ -66.9061536, 10.5818524 ], [ -66.9061505, 10.581767 ], [ -66.906058, 10.5816314 ], [ -66.905956283699481, 10.58155206130772 ] ] } },
{ "type": "Feature", "properties": { "name": "Carretera Principal de Galipán", "ref": "R-13", "highway": "secondary", "length_km": 0.764 }, "geometry": { "type": "LineString", "coordinates": [ [ -66.905540146394316, 10.581221167141615 ], [ -66.9053304, 10.5810844 ], [ -66.9051105, 10.5808832 ], [ -66.9049522, 10.580599 ], [ -66.9049563, 10.5804118 ], [ -66.9049869, 10.5803438 ], [ -66.9049805, 10.580288 ], [ -66.9049373, 10.5802446 ], [ -66.9048197, 10.5802696 ], [ -66.9045815, 10.5803497 ], [ -66.9045449, 10.5803184 ], [ -66.9045362, 10.5802826 ], [ -66.9046232, 10.580079 ], [ -66.904779300000015, 10.5798853 ], [ -66.9048756, 10.5797652 ], [ -66.9048733, 10.5797299 ], [ -66.9048011, 10.5796979 ], [ -66.9045979, 10.5797712 ], [ -66.904495, 10.5798195 ], [ -66.9043474, 10.579857 ], [ -66.9042873, 10.5798332 ], [ -66.9042421, 10.5795507 ], [ -66.9041771, 10.5794644 ], [ -66.9040692, 10.5794483 ], [ -66.9036084, 10.5792479 ], [ -66.9032767, 10.5792621 ], [ -66.9031309, 10.5792709 ], [ -66.9030557, 10.5792881 ], [ -66.9029867, 10.5792751 ], [ -66.9029184, 10.5792341 ], [ -66.902866, 10.5790897 ], [ -66.9026002, 10.5789389 ], [ -66.9025157, 10.5788418 ], [ -66.9024744, 10.5787264 ], [ -66.9024708, 10.5783874 ], [ -66.9023497, 10.5781743 ], [ -66.9022923, 10.5781473 ], [ -66.9021856, 10.5781567 ], [ -66.9021124, 10.5781834 ], [ -66.9020464, 10.5781905 ], [ -66.9019602, 10.5782051 ], [ -66.9017998, 10.5782073 ], [ -66.9015843, 10.5782761 ], [ -66.9014984, 10.5782736 ], [ -66.901428581296514, 10.578262064420075 ] ] } },
{ "type": "Feature", "properties": { "name": "Carretera Principal de Galipán", "ref": "R-13", "highway": "secondary", "length_km": 0.104 }, "geometry": { "type": "LineString", "coordinates": [ [ -66.898003708156295, 10.572741379422112 ], [ -66.8980496, 10.5728496 ], [ -66.898073, 10.5729477 ], [ -66.8980537, 10.5729915 ], [ -66.8979824, 10.5730194 ], [ -66.8979234, 10.5730171 ], [ -66.8977661, 10.5729394 ], [ -66.8977065, 10.5728851 ], [ -66.8975879, 10.5727164 ], [ -66.897559149504474, 10.572640744071354 ] ] } },
{ "type": "Feature", "properties": { "name": "Carretera Principal de Galipán", "ref": "R-13", "highway": "secondary", "length_km": 1.932 }, "geometry": { "type": "LineString", "coordinates": [ [ -66.897624132679184, 10.571807766418344 ], [ -66.8975893, 10.5717489 ], [ -66.8975557, 10.5717027 ], [ -66.8974645, 10.5716289 ], [ -66.8973868, 10.5716263 ], [ -66.8973023, 10.5716381 ], [ -66.897199, 10.5716224 ], [ -66.8971239, 10.5715762 ], [ -66.8970877, 10.5715063 ], [ -66.8970676, 10.5714061 ], [ -66.8970689, 10.5712611 ], [ -66.8970622, 10.5711649 ], [ -66.8970401, 10.5710937 ], [ -66.8970059, 10.5710357 ], [ -66.8968705, 10.570942 ], [ -66.8967256, 10.570892 ], [ -66.8965459, 10.5708102 ], [ -66.8963152, 10.570627 ], [ -66.8961194, 10.570478 ], [ -66.8959799, 10.570416 ], [ -66.895828, 10.5704256 ], [ -66.8955433, 10.5703809 ], [ -66.8954072, 10.5703419 ], [ -66.8953265, 10.5702726 ], [ -66.8952778, 10.5701502 ], [ -66.8950817, 10.5700482 ], [ -66.894943, 10.5699869 ], [ -66.8947987, 10.5699218 ], [ -66.8947145, 10.5698517 ], [ -66.8946651, 10.5698084 ], [ -66.8945914, 10.5697608 ], [ -66.8945557, 10.5696936 ], [ -66.8945932, 10.5695894 ], [ -66.894612, 10.5695441 ], [ -66.8946254, 10.5695117 ], [ -66.8946831, 10.5694128 ], [ -66.8948025, 10.5692243 ], [ -66.8948467, 10.5690806 ], [ -66.8948749, 10.5688472 ], [ -66.8948615, 10.5686956 ], [ -66.8947984, 10.5684807 ], [ -66.8947126, 10.5682381 ], [ -66.8946013, 10.5679599 ], [ -66.8945892, 10.5678584 ], [ -66.8946218, 10.5677317 ], [ -66.8946227, 10.5676396 ], [ -66.8946406, 10.5675767 ], [ -66.8946963, 10.5675745 ], [ -66.8947273, 10.5675895 ], [ -66.8947957, 10.5677385 ], [ -66.8948843, 10.5679599 ], [ -66.8950291, 10.5681195 ], [ -66.8951585, 10.5683464 ], [ -66.8953284, 10.5685011 ], [ -66.8953842, 10.5685098 ], [ -66.8954288, 10.5684683 ], [ -66.8954277, 10.5684189 ], [ -66.8953584, 10.5683405 ], [ -66.8952982, 10.5682725 ], [ -66.8952662, 10.5682024 ], [ -66.8952718, 10.5681142 ], [ -66.895310800000019, 10.5680279 ], [ -66.8953564, 10.5678718 ], [ -66.8953831, 10.5675998 ], [ -66.8954087, 10.5675563 ], [ -66.8954533, 10.5675561 ], [ -66.8955123, 10.5676199 ], [ -66.8956075, 10.5678167 ], [ -66.8957228, 10.5679001 ], [ -66.8958191, 10.5679284 ], [ -66.8960815, 10.5678495 ], [ -66.8962346, 10.5678413 ], [ -66.8963533, 10.567853 ], [ -66.8964205, 10.5678109 ], [ -66.8964161, 10.5677765 ], [ -66.8961722, 10.5676086 ], [ -66.8960753, 10.5675337 ], [ -66.8960592, 10.5674838 ], [ -66.8960973, 10.5674549 ], [ -66.8962655, 10.5674626 ], [ -66.8964242, 10.5674572 ], [ -66.8965099, 10.5674608 ], [ -66.8965526, 10.5674275 ], [ -66.8965872, 10.5673682 ], [ -66.8965842, 10.5673247 ], [ -66.8965494, 10.5672669 ], [ -66.8964932, 10.5672302 ], [ -66.8964243, 10.5671704 ], [ -66.8963032, 10.5669767 ], [ -66.8962546, 10.5667869 ], [ -66.896179, 10.5665991 ], [ -66.8959958, 10.5663801 ], [ -66.8959591, 10.5662992 ], [ -66.8959308, 10.5662088 ], [ -66.8959131, 10.5660105 ], [ -66.8958564, 10.5658678 ], [ -66.895814, 10.5658087 ], [ -66.8958317, 10.5657599 ], [ -66.8958706, 10.5657321 ], [ -66.8959414, 10.5657565 ], [ -66.8959909, 10.5658156 ], [ -66.8961396, 10.5660557 ], [ -66.8962316, 10.5661079 ], [ -66.896359, 10.5661566 ], [ -66.8966062, 10.566168 ], [ -66.8966805, 10.5661366 ], [ -66.8966912, 10.5660914 ], [ -66.8966522, 10.5660462 ], [ -66.8963898, 10.5658839 ], [ -66.8963377, 10.5658418 ], [ -66.8963035, 10.5657733 ], [ -66.8962196, 10.5656209 ], [ -66.896125, 10.5655297 ], [ -66.8958352, 10.5652729 ], [ -66.8957326, 10.5651789 ], [ -66.8957113, 10.5651093 ], [ -66.8957219, 10.5649319 ], [ -66.8957149, 10.5648414 ], [ -66.8956724, 10.5647475 ], [ -66.8954636, 10.5645248 ], [ -66.8954413, 10.5645017 ], [ -66.8953397, 10.5643961 ], [ -66.8952972, 10.5643196 ], [ -66.8952548, 10.5641769 ], [ -66.8952017, 10.5641212 ], [ -66.8949858, 10.5639751 ], [ -66.8949221, 10.5638638 ], [ -66.8949292, 10.5638012 ], [ -66.8950672, 10.5637316 ], [ -66.8951557, 10.5637003 ], [ -66.8952689, 10.5637107 ], [ -66.8954211, 10.5637455 ], [ -66.8955042, 10.5637114 ], [ -66.895528860843768, 10.563679061725223 ] ] } },
{ "type": "Feature", "properties": { "name": "Carretera Principal de Galipán", "ref": "R-13", "highway": "secondary", "length_km": 0.065 }, "geometry": { "type": "LineString", "coordinates": [ [ -66.894698690061475, 10.563246756403336 ], [ -66.8945717, 10.5632236 ], [ -66.8944655, 10.5631749 ], [ -66.8944231, 10.5631262 ], [ -66.8944195, 10.5630392 ], [ -66.894462, 10.5628513 ], [ -66.894465446732553, 10.562848861973276 ] ] } },
{ "type": "Feature", "properties": { "name": "Carretera Principal de Galipán", "ref": "R-13", "highway": "secondary", "length_km": 0.15 }, "geometry": { "type": "LineString", "coordinates": [ [ -66.894529532492044, 10.562212420641611 ], [ -66.8943103, 10.5622198 ], [ -66.8942124, 10.5621776 ], [ -66.8941869, 10.5621433 ], [ -66.894207, 10.5621103 ], [ -66.8942378, 10.5620708 ], [ -66.8946213, 10.5618911 ], [ -66.8948761, 10.5618598 ], [ -66.8950106, 10.5618563 ], [ -66.895099430575996, 10.561878902964327 ] ] } },
{ "type": "Feature", "properties": { "name": "Carretera Principal de Galipán", "ref": "R-13", "highway": "secondary", "length_km": 0.061 }, "geometry": { "type": "LineString", "coordinates": [ [ -66.895736663794395, 10.561695576415586 ], [ -66.8958458, 10.5614709 ], [ -66.8958378, 10.5613786 ], [ -66.8957432, 10.5612996 ], [ -66.8956968, 10.5612796 ], [ -66.895660859813432, 10.561264181715938 ] ] } },
{ "type": "Feature", "properties": { "name": "Carretera Principal de Galipán", "ref": "R-13", "highway": "secondary", "length_km": 0.371 }, "geometry": { "type": "LineString", "coordinates": [ [ -66.895297043004248, 10.561032833941351 ], [ -66.8951788, 10.560956 ], [ -66.8950425, 10.5608987 ], [ -66.8949138, 10.5608632 ], [ -66.8947072, 10.5608816 ], [ -66.894494, 10.5608473 ], [ -66.8944417, 10.5607669 ], [ -66.8944417, 10.5606984 ], [ -66.8944551, 10.5606074 ], [ -66.8945691, 10.5600141 ], [ -66.8945865, 10.5598374 ], [ -66.8945812, 10.5596937 ], [ -66.8944712, 10.559256 ], [ -66.8944792, 10.5591308 ], [ -66.8945262, 10.5589686 ], [ -66.8945678, 10.558879 ], [ -66.8946187, 10.5588183 ], [ -66.8946643, 10.5587827 ], [ -66.8947367, 10.5587208 ], [ -66.8947662, 10.5586272 ], [ -66.894776021324247, 10.558465330048689 ] ] } },
{ "type": "Feature", "properties": { "name": "Carretera Principal de Galipán", "ref": "R-13", "highway": "secondary", "length_km": 0.745 }, "geometry": { "type": "LineString", "coordinates": [ [ -66.895292652317593, 10.556667784502809 ], [ -66.8954207, 10.5563977 ], [ -66.8954282, 10.5562407 ], [ -66.8953443, 10.5557675 ], [ -66.8953027, 10.5554313 ], [ -66.895363, 10.555252 ], [ -66.8954435, 10.5551518 ], [ -66.8955441, 10.5551097 ], [ -66.895637, 10.5551622 ], [ -66.8957361, 10.55519 ], [ -66.8961325, 10.5553187 ], [ -66.8962493, 10.5553466 ], [ -66.896359, 10.5553535 ], [ -66.896550100000013, 10.5553048 ], [ -66.8967519, 10.5551969 ], [ -66.896943, 10.5550821 ], [ -66.8971129, 10.5550752 ], [ -66.8972509, 10.5550647 ], [ -66.8974172, 10.5549778 ], [ -66.897534, 10.5549012 ], [ -66.8977995, 10.5547655 ], [ -66.8979127, 10.5547133 ], [ -66.8979127, 10.5546716 ], [ -66.8978809, 10.5546611 ], [ -66.8978065, 10.554682 ], [ -66.8976544, 10.5546959 ], [ -66.8975269, 10.5546959 ], [ -66.8973712, 10.5546646 ], [ -66.8970775, 10.5545498 ], [ -66.8966811, 10.5544176 ], [ -66.8961996, 10.5542126 ], [ -66.8960688, 10.5541462 ], [ -66.8959803, 10.5540314 ], [ -66.89581937127312, 10.553695993061998 ] ] } },
{ "type": "Feature", "properties": { "name": "Carretera Principal de Galipán", "ref": "R-13", "highway": "secondary", "length_km": 0.143 }, "geometry": { "type": "LineString", "coordinates": [ [ -66.896868037286922, 10.55359021098538 ], [ -66.8969335, 10.5535526 ], [ -66.8973613, 10.5536159 ], [ -66.8977074, 10.5534155 ], [ -66.8977782, 10.5533007 ], [ -66.8977676, 10.5532207 ], [ -66.8977205, 10.553193 ], [ -66.8976809, 10.5531556 ], [ -66.897621466434316, 10.553118598335621 ] ] } },
{ "type": "Feature", "properties": { "name": "Carretera Principal de Galipán", "ref": "R-13", "highway": "secondary", "length_km": 0.352 }, "geometry": { "type": "LineString", "coordinates": [ [ -66.898787755968186, 10.550779294361332 ], [ -66.8988254, 10.5507976 ], [ -66.8993012, 10.550832 ], [ -66.8995392, 10.5508063 ], [ -66.899752500000019, 10.5506864 ], [ -66.8999244, 10.550543 ], [ -66.899988, 10.5504584 ], [ -66.9001669, 10.550366 ], [ -66.9002621, 10.5503475 ], [ -66.9003472, 10.5503616 ], [ -66.9008441, 10.5504433 ], [ -66.9010514, 10.550461 ], [ -66.9012719, 10.5504925 ], [ -66.9014436, 10.5504596 ], [ -66.9016045, 10.5503422 ], [ -66.901709292229683, 10.550187774365241 ] ] } },
{ "type": "Feature", "properties": { "name": "Avenida Boyacá", "ref": "L-8", "highway": "motorway", "length_km": 0.155 }, "geometry": { "type": "LineString", "coordinates": [ [ -66.9081695, 10.5236124 ], [ -66.9082711, 10.5236719 ], [ -66.9083253, 10.5237036 ], [ -66.90853, 10.5238234 ], [ -66.9089511, 10.523991 ], [ -66.9092166, 10.5240259 ], [ -66.9093055, 10.5240341 ], [ -66.9094155, 10.5240442 ], [ -66.9094913, 10.5240512 ], [ -66.909493798275292, 10.524050941057125 ] ] } },
{ "type": "Feature", "properties": { "name": "Avenida Carlos Soublette", "ref": "L-2", "highway": "primary", "length_km": 0.977 }, "geometry": { "type": "LineString", "coordinates": [ [ -66.914276420105907, 10.604536452023169 ], [ -66.913944, 10.604384 ], [ -66.9136825, 10.6042482 ], [ -66.9126465, 10.6036656 ], [ -66.9121988, 10.6034554 ], [ -66.9118284, 10.6032922 ], [ -66.9114452, 10.6031583 ], [ -66.9109413, 10.6029854 ], [ -66.9094734, 10.60252 ], [ -66.9077421, 10.6021707 ], [ -66.9058778, 10.6021758 ], [ -66.9058203, 10.602176 ] ] } },
{ "type": "Feature", "properties": { "name": "Avenida Carlos Soublette", "ref": "L-2", "highway": "primary", "length_km": 0.958 }, "geometry": { "type": "LineString", "coordinates": [ [ -66.9058564, 10.6023887 ], [ -66.9059086, 10.6023722 ], [ -66.9060197, 10.6023371 ], [ -66.9061681, 10.6023038 ], [ -66.906555, 10.6022728 ], [ -66.9073249, 10.602271 ], [ -66.9073862, 10.6022692 ], [ -66.9077209, 10.6022911 ], [ -66.9094493, 10.6026018 ], [ -66.9108917, 10.6030816 ], [ -66.9114281, 10.6032525 ], [ -66.9117943, 10.6033927 ], [ -66.9121626, 10.6035643 ], [ -66.9125884, 10.6037882 ], [ -66.91413821284435, 10.60459953483401 ] ] } },
{ "type": "Feature", "properties": { "name": "Carretera Macuto - Galipán", "ref": "R-13", "highway": "secondary", "length_km": 1.536 }, "geometry": { "type": "LineString", "coordinates": [ [ -66.9032372, 10.6027712 ], [ -66.903069, 10.602163 ], [ -66.9028811, 10.6013186 ], [ -66.9028527, 10.6012062 ], [ -66.9028083, 10.601014 ], [ -66.9028076, 10.6008272 ], [ -66.9028376, 10.600693 ], [ -66.9028752, 10.6005939 ], [ -66.9029676, 10.6004768 ], [ -66.9031522, 10.6003582 ], [ -66.9032464, 10.6003245 ], [ -66.903332600000013, 10.6003261 ], [ -66.9033573, 10.6004303 ], [ -66.903339, 10.600586 ], [ -66.903442, 10.6008238 ], [ -66.9034344, 10.6009667 ], [ -66.9034003, 10.6011148 ], [ -66.9033936, 10.6012967 ], [ -66.9034087, 10.6013699 ], [ -66.9034758, 10.6013779 ], [ -66.90352230000002, 10.6013508 ], [ -66.903542400000021, 10.6013139 ], [ -66.903576, 10.6011412 ], [ -66.9036679, 10.6009837 ], [ -66.9037449, 10.6008116 ], [ -66.903844, 10.600658 ], [ -66.904073, 10.600295 ], [ -66.904125, 10.600155 ], [ -66.904227, 10.599657 ], [ -66.90426, 10.599598 ], [ -66.904331, 10.599568 ], [ -66.904392, 10.599582 ], [ -66.904573, 10.599686 ], [ -66.904843, 10.599879 ], [ -66.904927, 10.599906 ], [ -66.905345, 10.599852 ], [ -66.905411, 10.599831 ], [ -66.905602, 10.599644 ], [ -66.905661, 10.599634 ], [ -66.905722, 10.599659 ], [ -66.905942, 10.600011 ], [ -66.906042, 10.600097 ], [ -66.906142, 10.600132 ], [ -66.906332, 10.600139 ], [ -66.906411, 10.600125 ], [ -66.906492, 10.600074 ], [ -66.906533, 10.600016 ], [ -66.906574, 10.599889 ], [ -66.906592, 10.59972 ], [ -66.906628, 10.599593 ], [ -66.906881, 10.599148 ], [ -66.906949, 10.59898 ], [ -66.906984, 10.598938 ], [ -66.907062, 10.598921 ], [ -66.907125, 10.59895 ], [ -66.90725, 10.599052 ], [ -66.907363, 10.599071 ], [ -66.90748, 10.599044 ], [ -66.907542, 10.598994 ], [ -66.907787, 10.598663 ], [ -66.907819, 10.598573 ], [ -66.907854, 10.598319 ], [ -66.907862, 10.598151 ], [ -66.907801, 10.597811 ], [ -66.907811, 10.597651 ], [ -66.90799, 10.597002 ], [ -66.908037, 10.596779 ], [ -66.908075, 10.596682 ], [ -66.908162, 10.596557 ], [ -66.908547, 10.59616 ], [ -66.908735361412766, 10.595908851508863 ] ] } },
{ "type": "Feature", "properties": { "name": "Carretera Macuto - Galipán", "ref": "R-13", "highway": "secondary", "length_km": 1.811 }, "geometry": { "type": "LineString", "coordinates": [ [ -66.909448042528453, 10.595377764347029 ], [ -66.909448, 10.595375 ], [ -66.909472, 10.595321 ], [ -66.909583, 10.595179 ], [ -66.9098218, 10.5949375 ], [ -66.91001, 10.594683 ], [ -66.910289, 10.594489 ], [ -66.910359, 10.594407 ], [ -66.910551, 10.594057 ], [ -66.9105922, 10.5939647 ], [ -66.910612, 10.5938428 ], [ -66.9106503, 10.5937149 ], [ -66.9107173, 10.593622 ], [ -66.910749, 10.5935983 ], [ -66.9108547, 10.5935615 ], [ -66.9109252, 10.5935436 ], [ -66.9109621, 10.5935146 ], [ -66.9109868, 10.593486 ], [ -66.9110017, 10.5934612 ], [ -66.9110073, 10.5934282 ], [ -66.9110017, 10.5933544 ], [ -66.911003, 10.5933083 ], [ -66.9110298, 10.5932727 ], [ -66.9110827, 10.5932359 ], [ -66.9111487, 10.5931999 ], [ -66.9113113, 10.5931038 ], [ -66.9113469, 10.5930678 ], [ -66.9113761, 10.5930101 ], [ -66.9114488, 10.5927904 ], [ -66.9114888, 10.5926861 ], [ -66.9115052, 10.5926472 ], [ -66.911516, 10.5926175 ], [ -66.9115158, 10.5925948 ], [ -66.9115073, 10.5925689 ], [ -66.9114851, 10.5925529 ], [ -66.9114523, 10.5925516 ], [ -66.9114198, 10.5925666 ], [ -66.9113953, 10.5925865 ], [ -66.9113631, 10.5926149 ], [ -66.9113074, 10.5926663 ], [ -66.9111889, 10.5927605 ], [ -66.911089, 10.592812 ], [ -66.910932, 10.5928541 ], [ -66.9108582, 10.5928752 ], [ -66.9107883, 10.5928826 ], [ -66.910629, 10.5928953 ], [ -66.910542, 10.592911 ], [ -66.9104078, 10.5929656 ], [ -66.9103676, 10.5929804 ], [ -66.910259, 10.593006 ], [ -66.9101621, 10.5930314 ], [ -66.9100656, 10.5930308 ], [ -66.9099212, 10.5930009 ], [ -66.9097511, 10.5929154 ], [ -66.9097185, 10.5928823 ], [ -66.9097035, 10.5928515 ], [ -66.9097001, 10.5928172 ], [ -66.9097234, 10.5927839 ], [ -66.9097558, 10.5927599 ], [ -66.9098017, 10.5927493 ], [ -66.9098554, 10.592739 ], [ -66.9099967, 10.5927086 ], [ -66.9100729, 10.5926966 ], [ -66.910145, 10.592665 ], [ -66.9102206, 10.592598 ], [ -66.9102639, 10.5925515 ], [ -66.9103806, 10.5923897 ], [ -66.9103988, 10.5923624 ], [ -66.9104072, 10.592326 ], [ -66.9103957, 10.5922483 ], [ -66.9103804, 10.5920924 ], [ -66.9104156, 10.5919557 ], [ -66.9104424, 10.591874 ], [ -66.9104302, 10.5918255 ], [ -66.9103653, 10.5917773 ], [ -66.9100339, 10.5914785 ], [ -66.9099551, 10.5914112 ], [ -66.909878, 10.5913094 ], [ -66.9098564, 10.591236 ], [ -66.9098614, 10.5911035 ], [ -66.909907, 10.5909216 ], [ -66.9099408, 10.5908392 ], [ -66.9099717, 10.5907628 ], [ -66.909977, 10.5907218 ], [ -66.909961, 10.5906889 ], [ -66.9099274, 10.5906797 ], [ -66.9098926, 10.5906876 ], [ -66.9098496, 10.5907271 ], [ -66.9098201, 10.5907904 ], [ -66.9097666, 10.5909865 ], [ -66.909712, 10.591085 ], [ -66.909636, 10.591256 ], [ -66.909569, 10.591328 ], [ -66.909453, 10.591405 ], [ -66.909092, 10.591464 ], [ -66.908979, 10.591445 ], [ -66.908914, 10.591417 ], [ -66.90881, 10.591322 ], [ -66.908772, 10.591262 ], [ -66.908731, 10.591148 ], [ -66.908702, 10.591022 ], [ -66.908685, 10.590802 ], [ -66.908648, 10.59063 ], [ -66.908634, 10.59047 ], [ -66.908622, 10.590401 ], [ -66.908599, 10.590358 ], [ -66.908544, 10.590326 ], [ -66.908366, 10.5903 ], [ -66.908268, 10.59026 ], [ -66.908171, 10.590183 ], [ -66.908078, 10.590084 ], [ -66.907983, 10.589933 ], [ -66.907966, 10.589827 ], [ -66.908033, 10.589598 ], [ -66.908081, 10.589504 ], [ -66.908333, 10.589123 ], [ -66.908353, 10.589039 ], [ -66.908344, 10.588934 ], [ -66.908355, 10.588851 ], [ -66.908477, 10.588711 ], [ -66.908561, 10.58855 ], [ -66.908655, 10.58843 ], [ -66.90869, 10.58836 ], [ -66.9087, 10.588242 ], [ -66.908676, 10.588177 ], [ -66.9083546, 10.5879501 ], [ -66.908118, 10.587713 ], [ -66.907897, 10.587376 ], [ -66.907752, 10.587196 ], [ -66.9075, 10.5870649 ], [ -66.9071976, 10.5868561 ], [ -66.9070666, 10.5867105 ], [ -66.906976, 10.5865809 ], [ -66.9069321, 10.5864803 ], [ -66.906924, 10.5864362 ], [ -66.9069262, 10.5864125 ] ] } },
{ "type": "Feature", "properties": { "name": "Avenida Álamo", "ref": "L-2", "highway": "primary", "length_km": 0.265 }, "geometry": { "type": "LineString", "coordinates": [ [ -66.9058203, 10.602176 ], [ -66.905713, 10.602176 ], [ -66.9046026, 10.6022182 ], [ -66.9044022, 10.6022542 ], [ -66.9040232, 10.6024106 ], [ -66.9035903, 10.6026184 ], [ -66.903492190594633, 10.602665478569204 ] ] } },
{ "type": "Feature", "properties": { "name": "Avenida Álamo", "ref": "L-2", "highway": "primary", "length_km": 0.366 }, "geometry": { "type": "LineString", "coordinates": [ [ -66.903428368085002, 10.602696104275884 ], [ -66.9033098, 10.602753 ], [ -66.9032372, 10.6027712 ], [ -66.9031343, 10.6028043 ], [ -66.9024256, 10.6030325 ], [ -66.9021893, 10.6031064 ], [ -66.902119, 10.6031284 ], [ -66.9020347, 10.6031548 ], [ -66.9011352, 10.6034363 ], [ -66.9008667, 10.6035148 ], [ -66.9007262, 10.6035699 ], [ -66.900263874732389, 10.60375135605732 ] ] } },
{ "type": "Feature", "properties": { "name": "Avenida La Playa", "ref": "L-2", "highway": "primary", "length_km": 0.061 }, "geometry": { "type": "LineString", "coordinates": [ [ -66.905396828162452, 10.602700947309895 ], [ -66.9058564, 10.6023887 ] ] } },
{ "type": "Feature", "properties": { "name": "Avenida Boyacá", "ref": "L-8", "highway": "motorway", "length_km": 0.476 }, "geometry": { "type": "LineString", "coordinates": [ [ -66.8672381, 10.5127864 ], [ -66.866818, 10.5127626 ], [ -66.8659975, 10.5127099 ], [ -66.8654993, 10.5127106 ], [ -66.8648449, 10.5127699 ], [ -66.864336600000016, 10.5128358 ], [ -66.8637116, 10.5129189 ], [ -66.8632221, 10.5129782 ], [ -66.862910726236336, 10.513027674605636 ] ] } },
{ "type": "Feature", "properties": { "name": "Avenida Boyacá", "ref": "L-8", "highway": "motorway", "length_km": 0.093 }, "geometry": { "type": "LineString", "coordinates": [ [ -66.8617352, 10.5131974 ], [ -66.8618413, 10.5131948 ], [ -66.8623433, 10.5131749 ], [ -66.862580254082772, 10.513158183639044 ] ] } },
{ "type": "Feature", "properties": { "name": "Avenida Boyacá", "ref": "L-8", "highway": "motorway", "length_km": 0.627 }, "geometry": { "type": "LineString", "coordinates": [ [ -66.862870811280899, 10.513134124373515 ], [ -66.8632116, 10.5130977 ], [ -66.86371410000001, 10.5130236 ], [ -66.8642213, 10.5129522 ], [ -66.8648449, 10.5128798 ], [ -66.8650012, 10.5128618 ], [ -66.8654418, 10.5128111 ], [ -66.8660362, 10.5128048 ], [ -66.8667947, 10.5128581 ], [ -66.8671925, 10.5128835 ], [ -66.8675946, 10.5128814 ], [ -66.8679363, 10.5128528 ], [ -66.8685602, 10.5127553 ] ] } },
{ "type": "Feature", "properties": { "name": "Retorno", "ref": null, "highway": "motorway", "length_km": 0.096 }, "geometry": { "type": "LineString", "coordinates": [ [ -66.877528485051741, 10.512107842485779 ], [ -66.8775236, 10.5122938 ], [ -66.8775397, 10.5123729 ], [ -66.8775987, 10.512452 ], [ -66.8776604, 10.5125021 ], [ -66.8777302, 10.5125232 ], [ -66.8777892, 10.5125232 ], [ -66.8778353, 10.5125108 ], [ -66.877883, 10.5124731 ], [ -66.8779099, 10.5124494 ], [ -66.8779399, 10.5124027 ], [ -66.877956, 10.5123632 ], [ -66.877956000000253, 10.512313433044264 ] ] } },
{ "type": "Feature", "properties": { "name": "Distribuidor Alta Florida", "ref": null, "highway": "motorway", "length_km": 0.205 }, "geometry": { "type": "LineString", "coordinates": [ [ -66.877379598463719, 10.51206101028313 ], [ -66.8773698, 10.5121 ], [ -66.8773494, 10.5121514 ], [ -66.8772823, 10.5122728 ], [ -66.8771781, 10.5123867 ], [ -66.877057, 10.5124785 ], [ -66.8769041, 10.5125734 ], [ -66.8767298, 10.5126499 ], [ -66.8761933, 10.5128134 ], [ -66.8758161, 10.5129224 ] ] } },
{ "type": "Feature", "properties": { "name": "Distribuidor Alta Florida", "ref": null, "highway": "motorway", "length_km": 0.254 }, "geometry": { "type": "LineString", "coordinates": [ [ -66.8765868, 10.5129875 ], [ -66.8768375, 10.5129908 ], [ -66.8771401, 10.5129874 ], [ -66.8774186, 10.5130161 ], [ -66.8776014, 10.5130401 ], [ -66.877698, 10.5130507 ], [ -66.8777918, 10.5130586 ], [ -66.8778782, 10.5130594 ], [ -66.8779855, 10.5130488 ], [ -66.8780633, 10.5130277 ], [ -66.8781432, 10.5129821 ], [ -66.8782135, 10.5129302 ], [ -66.8782478, 10.5128713 ], [ -66.878272, 10.5127342 ], [ -66.8782725, 10.5126137 ], [ -66.8782398, 10.5124969 ], [ -66.878139866387841, 10.512326327042235 ] ] } },
{ "type": "Feature", "properties": { "name": "Avenida Boyacá", "ref": "L-8", "highway": "motorway", "length_km": 1.194 }, "geometry": { "type": "LineString", "coordinates": [ [ -66.8780662, 10.5126764 ], [ -66.8773633, 10.5127108 ], [ -66.876389, 10.5128714 ], [ -66.8758161, 10.5129224 ], [ -66.8756741, 10.5129422 ], [ -66.8755343, 10.5129388 ], [ -66.8750869, 10.5128976 ], [ -66.874408700000018, 10.5127546 ], [ -66.8739224, 10.5127149 ], [ -66.8732024, 10.5127505 ], [ -66.8722334, 10.5128315 ], [ -66.8718341, 10.5128357 ], [ -66.8714181, 10.5128191 ], [ -66.8711449, 10.5127902 ], [ -66.8706559, 10.5127178 ], [ -66.870236, 10.5126437 ], [ -66.8696179, 10.5125774 ], [ -66.8691357, 10.5125964 ], [ -66.8689504, 10.5126025 ], [ -66.8682928, 10.5127165 ], [ -66.8679093, 10.5127699 ], [ -66.8675505, 10.5127917 ], [ -66.8672381, 10.5127864 ] ] } },
{ "type": "Feature", "properties": { "name": "Avenida Boyacá", "ref": "L-8", "highway": "motorway", "length_km": 0.099 }, "geometry": { "type": "LineString", "coordinates": [ [ -66.8783723, 10.5128144 ], [ -66.8792723, 10.5128091 ] ] } },
{ "type": "Feature", "properties": { "name": "Distribuidor Alta Florida", "ref": null, "highway": "motorway", "length_km": 0.079 }, "geometry": { "type": "LineString", "coordinates": [ [ -66.8773297, 10.5124821 ], [ -66.8772539, 10.5126351 ], [ -66.8772211, 10.5128039 ], [ -66.8772377, 10.5129461 ], [ -66.8772919, 10.5130673 ], [ -66.8773442, 10.5131432 ] ] } },
{ "type": "Feature", "properties": { "name": "Avenida Boyacá", "ref": "L-8", "highway": "motorway", "length_km": 0.315 }, "geometry": { "type": "LineString", "coordinates": [ [ -66.8685602, 10.5127553 ], [ -66.8689339, 10.5127054 ], [ -66.8695848, 10.5126761 ], [ -66.8701269, 10.5127183 ], [ -66.8702507, 10.5127386 ], [ -66.8706075, 10.5128112 ], [ -66.8711311, 10.5129124 ], [ -66.8714143, 10.5129462 ] ] } },
{ "type": "Feature", "properties": { "name": "Avenida Boyacá", "ref": "L-8", "highway": "motorway", "length_km": 0.164 }, "geometry": { "type": "LineString", "coordinates": [ [ -66.8765868, 10.5129875 ], [ -66.8766595, 10.5129773 ], [ -66.8770263, 10.5129042 ], [ -66.8776241, 10.5128611 ], [ -66.8780746, 10.5128283 ] ] } },
{ "type": "Feature", "properties": { "name": "Avenida Boyacá", "ref": "L-8", "highway": "motorway", "length_km": 0.57 }, "geometry": { "type": "LineString", "coordinates": [ [ -66.8714143, 10.5129462 ], [ -66.8718435, 10.5129631 ], [ -66.872269, 10.5129344 ], [ -66.8727023, 10.5129 ], [ -66.8732126, 10.5128636 ], [ -66.8738274, 10.5128376 ], [ -66.8743472, 10.5128929 ], [ -66.875105, 10.513039 ], [ -66.8754905, 10.5130965 ], [ -66.8759204, 10.5130812 ], [ -66.8765868, 10.5129875 ] ] } },
{ "type": "Feature", "properties": { "name": "Avenida Boyacá", "ref": "L-8", "highway": "motorway", "length_km": 0.131 }, "geometry": { "type": "LineString", "coordinates": [ [ -66.8612239, 10.5130398 ], [ -66.8600357, 10.5128928 ] ] } },
{ "type": "Feature", "properties": { "name": "Avenida Boyacá", "ref": "L-8", "highway": "motorway", "length_km": 0.24 }, "geometry": { "type": "LineString", "coordinates": [ [ -66.8579049, 10.5130393 ], [ -66.8578054, 10.5130244 ], [ -66.8577063, 10.5130167 ], [ -66.8573287, 10.5129745 ], [ -66.857153, 10.5129491 ], [ -66.8570368, 10.5129323 ], [ -66.8565525, 10.5129663 ], [ -66.8559989, 10.5130732 ], [ -66.855739517358543, 10.513115808489811 ] ] } },
{ "type": "Feature", "properties": { "name": "Avenida Boyacá", "ref": "L-8", "highway": "motorway", "length_km": 0.774 }, "geometry": { "type": "LineString", "coordinates": [ [ -66.853663009040233, 10.51334604275848 ], [ -66.8535833, 10.5133654 ], [ -66.8534103, 10.5133955 ], [ -66.8531062, 10.5134147 ], [ -66.852711, 10.513388 ], [ -66.8519471, 10.5133121 ], [ -66.8514922, 10.5132699 ], [ -66.8504794, 10.513329 ], [ -66.8501961, 10.5133121 ], [ -66.8497756, 10.5131939 ], [ -66.8493722, 10.5129914 ], [ -66.8488143, 10.5127129 ], [ -66.8483508, 10.5125816 ], [ -66.847612600000019, 10.5124856 ], [ -66.8469904, 10.5124222 ], [ -66.8467674, 10.512416 ] ] } },
{ "type": "Feature", "properties": { "name": "Avenida Boyacá", "ref": "L-8", "highway": "motorway", "length_km": 0.2 }, "geometry": { "type": "LineString", "coordinates": [ [ -66.8597156, 10.5128943 ], [ -66.8588756, 10.5130547 ], [ -66.8583646, 10.5130916 ], [ -66.8581849, 10.5130732 ], [ -66.8580334, 10.5130549 ], [ -66.8579049, 10.5130393 ] ] } },
{ "type": "Feature", "properties": { "name": "Distribuidor La Castellana", "ref": null, "highway": "motorway", "length_km": 0.062 }, "geometry": { "type": "LineString", "coordinates": [ [ -66.8585946, 10.5129763 ], [ -66.8584384, 10.5130115 ], [ -66.8581524, 10.5130231 ], [ -66.8581075, 10.5130297 ], [ -66.8580334, 10.5130549 ] ] } },
{ "type": "Feature", "properties": { "name": "Avenida Boyacá", "ref": "L-8", "highway": "motorway", "length_km": 0.131 }, "geometry": { "type": "LineString", "coordinates": [ [ -66.8600375, 10.5130058 ], [ -66.8608608, 10.5131006 ], [ -66.8612272, 10.5131547 ] ] } },
{ "type": "Feature", "properties": { "name": "Distribuidor La Castellana", "ref": null, "highway": "motorway", "length_km": 0.076 }, "geometry": { "type": "LineString", "coordinates": [ [ -66.8591663, 10.5127831 ], [ -66.8591515, 10.5128161 ], [ -66.8591326, 10.5128614 ], [ -66.8591173, 10.5128945 ], [ -66.8591029, 10.512923 ], [ -66.8590965, 10.5129361 ], [ -66.859087, 10.5129621 ], [ -66.8590784, 10.5129872 ], [ -66.8590725, 10.5130097 ], [ -66.8590677, 10.5130309 ], [ -66.8590643, 10.5130547 ], [ -66.8590659, 10.5130788 ], [ -66.8590688, 10.5131022 ], [ -66.859073100000018, 10.513125 ], [ -66.8590786, 10.513147 ], [ -66.8590853, 10.5131683 ], [ -66.8590931, 10.5131888 ], [ -66.8591019, 10.5132086 ], [ -66.8591118, 10.5132277 ], [ -66.8591227, 10.5132459 ], [ -66.8591344, 10.5132634 ], [ -66.8591471, 10.5132801 ], [ -66.8591605, 10.5132959 ], [ -66.8591747, 10.513311 ], [ -66.8591895, 10.5133252 ], [ -66.8592051, 10.5133385 ], [ -66.8592192, 10.5133543 ], [ -66.8592314, 10.513369 ], [ -66.859251, 10.5133911 ] ] } },
{ "type": "Feature", "properties": { "name": "Avenida Boyacá", "ref": "L-8", "highway": "motorway", "length_km": 0.222 }, "geometry": { "type": "LineString", "coordinates": [ [ -66.8577149, 10.5131413 ], [ -66.8581307, 10.5131696 ], [ -66.8584049, 10.5131958 ], [ -66.8588126, 10.513176 ], [ -66.8597299, 10.513027 ] ] } },
{ "type": "Feature", "properties": { "name": "Distribuidor La Castellana", "ref": null, "highway": "motorway", "length_km": 0.192 }, "geometry": { "type": "LineString", "coordinates": [ [ -66.859251, 10.5133911 ], [ -66.859272, 10.5134085 ], [ -66.8592897, 10.5134226 ], [ -66.8593081, 10.5134338 ], [ -66.8593309, 10.5134477 ], [ -66.8593537, 10.5134582 ], [ -66.8593834, 10.5134712 ], [ -66.8594169, 10.5134798 ], [ -66.8595126, 10.5134922 ], [ -66.8595636, 10.5134958 ], [ -66.8595995, 10.5134918 ], [ -66.8596407, 10.5134842 ], [ -66.859684, 10.5134707 ], [ -66.859756, 10.5134417 ], [ -66.8597805, 10.5134282 ], [ -66.8598164, 10.5134094 ], [ -66.8598449, 10.5133933 ], [ -66.8599245, 10.5133562 ], [ -66.8599762, 10.513333 ], [ -66.8600034, 10.5133204 ], [ -66.8600328, 10.51331 ], [ -66.8600603, 10.5133016 ], [ -66.8600965, 10.5132898 ], [ -66.8601527, 10.5132683 ], [ -66.860188, 10.5132568 ], [ -66.8602358, 10.5132423 ], [ -66.8602918, 10.5132235 ], [ -66.8603367, 10.513209 ], [ -66.8603766, 10.5131998 ], [ -66.8603941, 10.5131955 ], [ -66.8604138, 10.5131938 ], [ -66.8604467, 10.5131915 ], [ -66.8604765, 10.5131909 ], [ -66.8605074, 10.5131895 ], [ -66.8605402, 10.5131899 ], [ -66.8605694, 10.5131905 ], [ -66.8606143, 10.5131925 ], [ -66.8606428, 10.5131945 ], [ -66.8606827, 10.5131988 ], [ -66.8607226, 10.5132014 ], [ -66.8607786, 10.5132034 ], [ -66.8608439, 10.5132078 ], [ -66.8609164, 10.5132096 ] ] } },
{ "type": "Feature", "properties": { "name": "Distribuidor Alta Florida", "ref": null, "highway": "motorway", "length_km": 0.321 }, "geometry": { "type": "LineString", "coordinates": [ [ -66.8773442, 10.5131432 ], [ -66.8774126, 10.5131981 ], [ -66.8776269, 10.5132992 ], [ -66.8778949, 10.5132891 ], [ -66.8782299, 10.5131725 ], [ -66.8785889, 10.5130727 ], [ -66.8790588, 10.5130014 ], [ -66.8797542, 10.5129403 ], [ -66.8801892, 10.5128755 ] ] } },
{ "type": "Feature", "properties": { "name": "Avenida Boyacá", "ref": "L-8", "highway": "motorway", "length_km": 0.075 }, "geometry": { "type": "LineString", "coordinates": [ [ -66.8622036, 10.5130883 ], [ -66.8615229, 10.5130603 ] ] } },
{ "type": "Feature", "properties": { "name": "Rampa de Turumo", "ref": null, "highway": "motorway", "length_km": 0.661 }, "geometry": { "type": "LineString", "coordinates": [ [ -66.76183261629717, 10.493771682924594 ], [ -66.7624774, 10.4941457 ], [ -66.7630619, 10.4945682 ], [ -66.7636893, 10.4949358 ], [ -66.764235, 10.4951006 ], [ -66.7647077, 10.4952189 ], [ -66.7651083, 10.4952552 ], [ -66.7651416, 10.4952534 ], [ -66.7656918, 10.4952232 ], [ -66.7659636, 10.4951959 ], [ -66.766267, 10.4951655 ], [ -66.7665781, 10.495151 ], [ -66.7673981, 10.4952019 ], [ -66.7674785, 10.4952069 ] ] } },
{ "type": "Feature", "properties": { "name": "Rampa de Turumo", "ref": null, "highway": "motorway", "length_km": 0.097 }, "geometry": { "type": "LineString", "coordinates": [ [ -66.765254400000018, 10.4950356 ], [ -66.7649613, 10.4949105 ], [ -66.7644234, 10.4947348 ] ] } },
{ "type": "Feature", "properties": { "name": "Autopista Gran Mariscal de Ayacucho", "ref": "T-9", "highway": "motorway", "length_km": 0.585 }, "geometry": { "type": "LineString", "coordinates": [ [ -66.7702916, 10.4963886 ], [ -66.7689291, 10.4957504 ], [ -66.7680252, 10.495306 ], [ -66.7674552, 10.4950673 ], [ -66.7669724, 10.4950027 ], [ -66.7662951, 10.4949526 ], [ -66.765254400000018, 10.4950356 ] ] } },
{ "type": "Feature", "properties": { "name": "Rampa Terminal de Oriente", "ref": null, "highway": "motorway", "length_km": 0.231 }, "geometry": { "type": "LineString", "coordinates": [ [ -66.7686694, 10.4957449 ], [ -66.7696377, 10.4964336 ], [ -66.7702341, 10.4968072 ], [ -66.7704331, 10.4968876 ] ] } },
{ "type": "Feature", "properties": { "name": "Autopista Gran Mariscal de Ayacucho", "ref": "T-9", "highway": "motorway", "length_km": 0.597 }, "geometry": { "type": "LineString", "coordinates": [ [ -66.7686694, 10.4957449 ], [ -66.7704289, 10.4965994 ], [ -66.7720597, 10.4971691 ], [ -66.7735403, 10.4974011 ], [ -66.773798435984659, 10.497431609760525 ] ] } },
{ "type": "Feature", "properties": { "name": "Autopista Gran Mariscal de Ayacucho", "ref": "T-9", "highway": "motorway", "length_km": 0.124 }, "geometry": { "type": "LineString", "coordinates": [ [ -66.775582333003896, 10.497633368813995 ], [ -66.776712958136628, 10.497701584681066 ] ] } },
{ "type": "Feature", "properties": { "name": "Autopista Gran Mariscal de Ayacucho", "ref": "T-9", "highway": "motorway", "length_km": 0.147 }, "geometry": { "type": "LineString", "coordinates": [ [ -66.777524407962886, 10.497545596373799 ], [ -66.7768859, 10.49758 ], [ -66.7761831, 10.4975694 ] ] } },
{ "type": "Feature", "properties": { "name": "Autopista Gran Mariscal de Ayacucho", "ref": "T-9", "highway": "motorway", "length_km": 0.091 }, "geometry": { "type": "LineString", "coordinates": [ [ -66.7761831, 10.4975694 ], [ -66.775351234339695, 10.497502924096887 ] ] } },
{ "type": "Feature", "properties": { "name": "Autopista Gran Mariscal de Ayacucho", "ref": "T-9", "highway": "motorway", "length_km": 0.481 }, "geometry": { "type": "LineString", "coordinates": [ [ -66.774533566916062, 10.497415183954493 ], [ -66.7742801, 10.4973855 ], [ -66.7731348, 10.4972536 ], [ -66.7725179, 10.4971429 ], [ -66.7719224, 10.4969978 ], [ -66.7713726, 10.4968264 ], [ -66.7702916, 10.4963886 ] ] } },
{ "type": "Feature", "properties": { "name": "Rampa Terminal de Oriente", "ref": null, "highway": "motorway", "length_km": 0.205 }, "geometry": { "type": "LineString", "coordinates": [ [ -66.7737907, 10.4969578 ], [ -66.7734888, 10.4969681 ], [ -66.7731589, 10.4969636 ], [ -66.772536, 10.4970027 ], [ -66.7722444, 10.4969853 ], [ -66.7719224, 10.4969978 ] ] } },
{ "type": "Feature", "properties": { "name": "Rampa Terminal de Oriente", "ref": null, "highway": "motorway", "length_km": 0.305 }, "geometry": { "type": "LineString", "coordinates": [ [ -66.7704331, 10.4968876 ], [ -66.770954300000014, 10.4970983 ], [ -66.7711806, 10.4971622 ], [ -66.771723, 10.4973155 ], [ -66.772262, 10.497385 ], [ -66.7726552, 10.4974714 ], [ -66.773086397344841, 10.497676176536425 ] ] } },
{ "type": "Feature", "properties": { "name": "Avenida Boyacá", "ref": "L-8", "highway": "motorway", "length_km": 0.24 }, "geometry": { "type": "LineString", "coordinates": [ [ -66.838858083637248, 10.512488673427027 ], [ -66.838883, 10.5124994 ], [ -66.8390161, 10.5125479 ], [ -66.83914750000001, 10.51259 ], [ -66.8392192, 10.5126073 ], [ -66.8392865, 10.5126182 ], [ -66.8393654, 10.5126305 ], [ -66.8394507, 10.5126406 ], [ -66.8395322, 10.5126448 ], [ -66.8397229, 10.512652 ], [ -66.8398144, 10.5126476 ], [ -66.8399069, 10.5126359 ], [ -66.8399821, 10.5126243 ], [ -66.8400597, 10.5126071 ], [ -66.8401372, 10.5125879 ], [ -66.840208, 10.5125737 ], [ -66.8402787, 10.512551 ], [ -66.8403875, 10.5125112 ], [ -66.8404724, 10.5124824 ], [ -66.8405487, 10.5124452 ], [ -66.8406211, 10.5124074 ], [ -66.8406848, 10.5123738 ], [ -66.8407442, 10.5123399 ], [ -66.8408036, 10.5122975 ], [ -66.8409208, 10.512204 ] ] } },
{ "type": "Feature", "properties": { "name": "Avenida Boyacá", "ref": "L-8", "highway": "motorway", "length_km": 0.109 }, "geometry": { "type": "LineString", "coordinates": [ [ -66.8152789, 10.5019325 ], [ -66.8149155, 10.5015801 ], [ -66.8147318, 10.5014318 ], [ -66.814519344563678, 10.50130809802106 ] ] } },
{ "type": "Feature", "properties": { "name": "Avenida Boyacá", "ref": "L-8", "highway": "motorway", "length_km": 0.121 }, "geometry": { "type": "LineString", "coordinates": [ [ -66.814257632750738, 10.501342043549959 ], [ -66.8143651, 10.5013847 ], [ -66.8148055, 10.5016283 ], [ -66.8151489, 10.5019659 ] ] } },
{ "type": "Feature", "properties": { "name": "Avenida Boyacá", "ref": "L-8", "highway": "motorway", "length_km": 0.074 }, "geometry": { "type": "LineString", "coordinates": [ [ -66.815690919179616, 10.502467474832732 ], [ -66.8156064, 10.5023581 ], [ -66.8152789, 10.5019325 ] ] } },
{ "type": "Feature", "properties": { "name": "Alimentador Boleíta", "ref": null, "highway": "motorway", "length_km": 0.108 }, "geometry": { "type": "LineString", "coordinates": [ [ -66.8151489, 10.5019659 ], [ -66.8152868, 10.5021915 ], [ -66.815688672748124, 10.502787238765533 ] ] } },
{ "type": "Feature", "properties": { "name": "Avenida Boyacá", "ref": "L-8", "highway": "motorway", "length_km": 0.096 }, "geometry": { "type": "LineString", "coordinates": [ [ -66.8151489, 10.5019659 ], [ -66.8153678, 10.5022122 ], [ -66.8155866, 10.502506 ], [ -66.815689687204738, 10.502642839181545 ] ] } },
{ "type": "Feature", "properties": { "name": "Avenida Boyacá", "ref": "L-8", "highway": "motorway", "length_km": 0.106 }, "geometry": { "type": "LineString", "coordinates": [ [ -66.821019078809556, 10.507589094858956 ], [ -66.8211055, 10.507713 ], [ -66.821415, 10.5080051 ], [ -66.8217235, 10.5082362 ] ] } },
{ "type": "Feature", "properties": { "name": "Avenida Boyacá", "ref": "L-8", "highway": "motorway", "length_km": 0.309 }, "geometry": { "type": "LineString", "coordinates": [ [ -66.8236796, 10.508691 ], [ -66.8233826, 10.508679 ], [ -66.82313360000002, 10.5086572 ], [ -66.8228907, 10.508625 ], [ -66.822696, 10.5085778 ], [ -66.822185600000012, 10.5083449 ], [ -66.8217862, 10.5081474 ], [ -66.8214851, 10.5078995 ], [ -66.821185400000019, 10.5076157 ], [ -66.821174414923647, 10.507600636795122 ] ] } },
{ "type": "Feature", "properties": { "name": "Distribuidor Sebucán", "ref": null, "highway": "motorway", "length_km": 0.164 }, "geometry": { "type": "LineString", "coordinates": [ [ -66.828940737974378, 10.508897566230745 ], [ -66.828869, 10.5089064 ], [ -66.8283685, 10.5088765 ], [ -66.8278438, 10.5088629 ], [ -66.8274424, 10.5088563 ] ] } },
{ "type": "Feature", "properties": { "name": "Avenida Boyacá", "ref": "L-8", "highway": "motorway", "length_km": 0.228 }, "geometry": { "type": "LineString", "coordinates": [ [ -66.8217235, 10.5082362 ], [ -66.8221949, 10.5084873 ], [ -66.8227039, 10.508726 ], [ -66.8228907, 10.5087628 ], [ -66.8230028, 10.5087903 ], [ -66.8233086, 10.5088272 ], [ -66.8236748, 10.5088355 ] ] } },
{ "type": "Feature", "properties": { "name": "Avenida Boyacá", "ref": "L-8", "highway": "motorway", "length_km": 0.16 }, "geometry": { "type": "LineString", "coordinates": [ [ -66.8259269, 10.5088051 ], [ -66.8250735, 10.508755 ], [ -66.824467574253703, 10.508725538760299 ] ] } },
{ "type": "Feature", "properties": { "name": "Avenida Boyacá", "ref": "L-8", "highway": "motorway", "length_km": 0.05 }, "geometry": { "type": "LineString", "coordinates": [ [ -66.824136806348534, 10.508709545952998 ], [ -66.8236796, 10.508691 ] ] } },
{ "type": "Feature", "properties": { "name": "Avenida Boyacá", "ref": "L-8", "highway": "motorway", "length_km": 0.166 }, "geometry": { "type": "LineString", "coordinates": [ [ -66.8274424, 10.5088563 ], [ -66.8265841, 10.508831 ], [ -66.8259269, 10.5088051 ] ] } },
{ "type": "Feature", "properties": { "name": "Carretera Tanaguarenas - Naiguatá", "ref": "L-2", "highway": "primary", "length_km": 1.46 }, "geometry": { "type": "LineString", "coordinates": [ [ -66.768183958353774, 10.614228033309661 ], [ -66.7683953, 10.6139606 ], [ -66.7686448, 10.6137813 ], [ -66.7689076, 10.613606 ], [ -66.7692603, 10.6134913 ], [ -66.7705414, 10.6133819 ], [ -66.7732434, 10.613138 ], [ -66.7738751, 10.6131354 ], [ -66.7746864, 10.6131789 ], [ -66.7757982, 10.6133107 ], [ -66.7761295, 10.6133239 ], [ -66.776431200000019, 10.6132923 ], [ -66.7767356, 10.6132316 ], [ -66.777209, 10.613055 ], [ -66.7786038, 10.6125528 ], [ -66.779274300000012, 10.6123999 ], [ -66.7801622, 10.6123353 ], [ -66.7810795, 10.6124117 ] ] } },
{ "type": "Feature", "properties": { "name": "Carretera Tanaguarenas - Naiguatá", "ref": "L-2", "highway": "primary", "length_km": 2.179 }, "geometry": { "type": "LineString", "coordinates": [ [ -66.783547370767835, 10.612387274205442 ], [ -66.7837616, 10.6122732 ], [ -66.7841672, 10.6119942 ], [ -66.7845017, 10.6118132 ], [ -66.7848092, 10.6117019 ], [ -66.7851658, 10.6116106 ], [ -66.7855358, 10.6115491 ], [ -66.7859565, 10.6115774 ], [ -66.787413, 10.6117999 ], [ -66.7879504, 10.6118614 ], [ -66.7884167, 10.6118514 ], [ -66.7888696, 10.6118049 ], [ -66.7893325, 10.6116903 ], [ -66.7900202, 10.6114395 ], [ -66.7906454, 10.6112452 ], [ -66.7912267, 10.6110974 ], [ -66.7916575, 10.6110426 ], [ -66.7920512, 10.6110243 ], [ -66.7921982, 10.6110077 ], [ -66.792352, 10.6109612 ], [ -66.7926578, 10.610825 ], [ -66.792891, 10.6107785 ], [ -66.7931529, 10.6107719 ], [ -66.7937748, 10.610844 ], [ -66.7940208, 10.610843 ], [ -66.7942463, 10.6107916 ], [ -66.7946081, 10.6106052 ], [ -66.7949423, 10.6104597 ], [ -66.7953596, 10.6103351 ], [ -66.7959629, 10.6102687 ], [ -66.7966945, 10.6103334 ], [ -66.798658, 10.6105639 ], [ -66.7991756, 10.6105981 ], [ -66.7992997, 10.61059 ], [ -66.7994231, 10.6105689 ], [ -66.7996491, 10.6105226 ], [ -66.8000735, 10.6104569 ], [ -66.800284100000013, 10.6104371 ], [ -66.8007644, 10.6104279 ], [ -66.801627900000014, 10.610449 ], [ -66.8018572, 10.6104397 ], [ -66.8020879, 10.6104094 ], [ -66.8023454, 10.6103461 ], [ -66.8026324, 10.610246 ], [ -66.8028885, 10.6101458 ] ] } },
{ "type": "Feature", "properties": { "name": "Avenida Boyacá", "ref": "L-8", "highway": "motorway", "length_km": 0.051 }, "geometry": { "type": "LineString", "coordinates": [ [ -66.8236748, 10.5088355 ], [ -66.8239551, 10.5088438 ], [ -66.82413956953701, 10.508853034644932 ] ] } },
{ "type": "Feature", "properties": { "name": "Avenida Boyacá", "ref": "L-8", "highway": "motorway", "length_km": 0.171 }, "geometry": { "type": "LineString", "coordinates": [ [ -66.824362307490048, 10.508864184885169 ], [ -66.8249679, 10.5088945 ], [ -66.8259212, 10.5089335 ] ] } },
{ "type": "Feature", "properties": { "name": "Avenida Boyacá", "ref": "L-8", "highway": "motorway", "length_km": 0.066 }, "geometry": { "type": "LineString", "coordinates": [ [ -66.8259212, 10.5089335 ], [ -66.8265243, 10.5089609 ] ] } },
{ "type": "Feature", "properties": { "name": "Distribuidor Sebucán", "ref": null, "highway": "motorway", "length_km": 0.19 }, "geometry": { "type": "LineString", "coordinates": [ [ -66.8265243, 10.5089609 ], [ -66.8269309, 10.5090468 ], [ -66.8274363, 10.5091215 ], [ -66.8280556, 10.5092124 ], [ -66.8282343, 10.5092306 ] ] } },
{ "type": "Feature", "properties": { "name": "Distribuidor Sebucán", "ref": null, "highway": "motorway", "length_km": 0.087 }, "geometry": { "type": "LineString", "coordinates": [ [ -66.8282343, 10.5092306 ], [ -66.8285259, 10.5092262 ], [ -66.8287551, 10.5091844 ], [ -66.8290146, 10.5090992 ] ] } },
{ "type": "Feature", "properties": { "name": "Carretera Tanaguarenas - Naiguatá", "ref": "L-2", "highway": "primary", "length_km": 0.481 }, "geometry": { "type": "LineString", "coordinates": [ [ -66.8213338, 10.6103143 ], [ -66.8215642, 10.6103324 ], [ -66.8218463, 10.6103269 ], [ -66.8227457, 10.6103232 ], [ -66.8230644, 10.6102914 ], [ -66.8233059, 10.6102037 ], [ -66.8241841, 10.609751 ], [ -66.8244355, 10.6096106 ], [ -66.824635, 10.6094353 ], [ -66.8248516, 10.6092025 ], [ -66.82495280000002, 10.6091244 ], [ -66.8250615, 10.6090612 ], [ -66.8251877, 10.6090148 ], [ -66.8253247, 10.6089952 ], [ -66.825339541241405, 10.608996329807672 ] ] } },
{ "type": "Feature", "properties": { "name": "Carretera Tanaguarenas - Naiguatá", "ref": null, "highway": "primary", "length_km": 0.091 }, "geometry": { "type": "LineString", "coordinates": [ [ -66.8033083, 10.6099876 ], [ -66.803854200000018, 10.6097873 ], [ -66.804094105407827, 10.609736724243138 ] ] } },
{ "type": "Feature", "properties": { "name": "Carretera Tanaguarenas - Naiguatá", "ref": null, "highway": "primary", "length_km": 1.92 }, "geometry": { "type": "LineString", "coordinates": [ [ -66.804187577475858, 10.609717018834424 ], [ -66.804290600000016, 10.6096953 ], [ -66.8047739, 10.6096241 ], [ -66.8051932, 10.6096199 ], [ -66.8055445, 10.6096304 ], [ -66.8059852, 10.6096995 ], [ -66.8063839, 10.6097921 ], [ -66.8064535, 10.6098083 ], [ -66.808438, 10.6104503 ], [ -66.8088242, 10.61054 ], [ -66.8091984, 10.6105175 ], [ -66.8101868, 10.6104054 ], [ -66.8108815, 10.6104108 ], [ -66.811485, 10.6105847 ], [ -66.8121851, 10.6109222 ], [ -66.812694600000015, 10.611083 ], [ -66.8129549, 10.6110804 ], [ -66.8132123, 10.6110197 ], [ -66.8134966, 10.6109485 ], [ -66.8138159, 10.610967 ], [ -66.814296, 10.6109854 ], [ -66.8151301, 10.6109011 ], [ -66.8157953, 10.6108246 ], [ -66.8164819, 10.6108352 ], [ -66.8170318, 10.6109156 ], [ -66.8174261, 10.6108246 ], [ -66.817988, 10.6105979 ], [ -66.8190729, 10.6103646 ], [ -66.8203309, 10.6102789 ], [ -66.8207929, 10.6102775 ], [ -66.8213338, 10.6103143 ] ] } },
{ "type": "Feature", "properties": { "name": "Carretera Tanaguarenas - Naiguatá", "ref": "L-2", "highway": "primary", "length_km": 2.05 }, "geometry": { "type": "LineString", "coordinates": [ [ -66.747450318225233, 10.615864190073049 ], [ -66.748501, 10.615722 ], [ -66.7491465, 10.6156347 ], [ -66.7514947, 10.6153169 ], [ -66.7524764, 10.6151904 ], [ -66.7587152, 10.6143995 ], [ -66.7594072, 10.6143811 ], [ -66.7599973, 10.6144206 ], [ -66.7607215, 10.6144997 ], [ -66.7614403, 10.6146315 ], [ -66.7653859, 10.6157915 ], [ -66.7658821, 10.615899 ] ] } },
{ "type": "Feature", "properties": { "name": "Carretera Naiguatá - Los Caracas", "ref": "L-2", "highway": "secondary", "length_km": 1.361 }, "geometry": { "type": "LineString", "coordinates": [ [ -66.721368274661131, 10.618626346083179 ], [ -66.7219031, 10.6185759 ], [ -66.7229601, 10.6185964 ], [ -66.7232334, 10.6186017 ], [ -66.7247621, 10.6186845 ], [ -66.7255242, 10.6187781 ], [ -66.7262769, 10.6189185 ], [ -66.7264718, 10.6189605 ], [ -66.7271443, 10.6191053 ], [ -66.7277252, 10.6192401 ], [ -66.7278707, 10.6192916 ], [ -66.7299934, 10.6201491 ], [ -66.7306369, 10.6204353 ], [ -66.7310147, 10.6205571 ], [ -66.7319035, 10.6207703 ], [ -66.7325173, 10.6208214 ], [ -66.7331217, 10.620794 ], [ -66.733450207258812, 10.620752659983241 ] ] } },
{ "type": "Feature", "properties": { "name": "Avenida Boyacá", "ref": "L-8", "highway": "motorway", "length_km": 0.232 }, "geometry": { "type": "LineString", "coordinates": [ [ -66.829471513174894, 10.509421133293918 ], [ -66.8292449, 10.5093373 ], [ -66.8285496, 10.5090672 ], [ -66.8281965, 10.5089612 ], [ -66.8274424, 10.5088563 ] ] } },
{ "type": "Feature", "properties": { "name": "Avenida Boyacá", "ref": "L-8", "highway": "motorway", "length_km": 0.343 }, "geometry": { "type": "LineString", "coordinates": [ [ -66.8265243, 10.5089609 ], [ -66.8271881, 10.5089988 ], [ -66.8275132, 10.5090126 ], [ -66.8278553, 10.5090518 ], [ -66.8281675, 10.5091019 ], [ -66.82849, 10.5091791 ], [ -66.8287272, 10.509276 ], [ -66.8294431, 10.5095609 ], [ -66.829559713065592, 10.509603304779011 ] ] } },
{ "type": "Feature", "properties": { "name": "Avenida Boyacá", "ref": "L-8", "highway": "motorway", "length_km": 0.059 }, "geometry": { "type": "LineString", "coordinates": [ [ -66.830214171889779, 10.509821271363874 ], [ -66.8303755, 10.5098646 ], [ -66.8307044, 10.5099155 ], [ -66.830743680614702, 10.509917889217805 ] ] } },
{ "type": "Feature", "properties": { "name": "Distribuidor Sebucán", "ref": null, "highway": "motorway", "length_km": 0.115 }, "geometry": { "type": "LineString", "coordinates": [ [ -66.829935, 10.5099213 ], [ -66.8300367, 10.5099667 ], [ -66.8301661, 10.5100061 ], [ -66.8302832, 10.5100303 ], [ -66.8305442, 10.5100711 ], [ -66.8307854, 10.5100818 ], [ -66.83096382427226, 10.510070141830338 ] ] } },
{ "type": "Feature", "properties": { "name": "Avenida Boyacá", "ref": "L-8", "highway": "motorway", "length_km": 0.218 }, "geometry": { "type": "LineString", "coordinates": [ [ -66.840821873361946, 10.512132901295825 ], [ -66.8408126, 10.5121406 ], [ -66.8406339, 10.5122571 ], [ -66.8404329, 10.51236 ], [ -66.8401958, 10.5124432 ], [ -66.8400661, 10.5124724 ], [ -66.8399384, 10.5124947 ], [ -66.8397593, 10.5125092 ], [ -66.8397411, 10.5125093 ], [ -66.8395461, 10.5125108 ], [ -66.8392146, 10.5124745 ], [ -66.838935345078824, 10.512380006480221 ] ] } },
{ "type": "Feature", "properties": { "name": "Distribuidor Altamira Norte", "ref": null, "highway": "motorway", "length_km": 0.102 }, "geometry": { "type": "LineString", "coordinates": [ [ -66.8467674, 10.512416 ], [ -66.8465636, 10.5123752 ], [ -66.8462219, 10.5123708 ], [ -66.845836764791073, 10.512370416217944 ] ] } },
{ "type": "Feature", "properties": { "name": "Distribuidor Altamira Norte", "ref": null, "highway": "motorway", "length_km": 0.098 }, "geometry": { "type": "LineString", "coordinates": [ [ -66.840731882538066, 10.512087604439428 ], [ -66.8405628, 10.5122025 ], [ -66.840367, 10.5123059 ], [ -66.8399384, 10.5124947 ] ] } },
{ "type": "Feature", "properties": { "name": "Distribuidor Altamira Norte", "ref": null, "highway": "motorway", "length_km": 0.125 }, "geometry": { "type": "LineString", "coordinates": [ [ -66.845291808009563, 10.512633249715025 ], [ -66.8453266, 10.5126402 ], [ -66.8454334, 10.5126485 ], [ -66.8455196, 10.5126552 ], [ -66.8456698, 10.5126523 ], [ -66.8458374, 10.5126522 ], [ -66.8460033, 10.5126387 ], [ -66.846167, 10.5126208 ], [ -66.8464183, 10.5125538 ] ] } },
{ "type": "Feature", "properties": { "name": "Avenida Boyacá", "ref": "L-8", "highway": "motorway", "length_km": 0.134 }, "geometry": { "type": "LineString", "coordinates": [ [ -66.8467674, 10.512416 ], [ -66.8462791, 10.512451 ], [ -66.8460059, 10.5124737 ], [ -66.8458602, 10.5124792 ], [ -66.8457062, 10.5124766 ], [ -66.8455832, 10.5124663 ], [ -66.845543227742311, 10.512458162552289 ] ] } }
]
}
