{
"type": "FeatureCollection",
"name": "geosyntec_geomorph_aerials_20260720",
"crs": { "type": "name", "properties": { "name": "urn:ogc:def:crs:OGC:1.3:CRS84" } },
"features": [
{ "type": "Feature", "properties": { "Shape_Leng": 0.0012213767884400001, "Shape_Area": 9.6865730483100002e-08, "Confidence": "Possible", "Type": "Landslide", "SubtypeLS": "Slide", "SubtypeLQ": null, "SubtypeGR": null, "Comments": null, "Source": "B1600011017A8610 - RadiantEarth - 06/26/2026", "Access": "From road", "Impact": "Small community", "ID": 1, "Longitude": -66.888992914400006, "Latitude": 10.5506196694 }, "geometry": { "type": "Polygon", "coordinates": [ [ [ -66.889067498999964, 10.550752579000061 ], [ -66.88899164999998, 10.550747897000065 ], [ -66.888974794999967, 10.550745088000042 ], [ -66.888880218999986, 10.550741342000038 ], [ -66.888831525999933, 10.550738533000072 ], [ -66.888767850999955, 10.550745088000042 ], [ -66.888758486999961, 10.550727296000048 ], [ -66.888759422999954, 10.550691713000049 ], [ -66.888767850999955, 10.550657066000042 ], [ -66.888787514999933, 10.550621483000043 ], [ -66.888811861999955, 10.550570917000073 ], [ -66.888848380999946, 10.550528779000047 ], [ -66.888879282999937, 10.550510988000042 ], [ -66.888929847999975, 10.550499751000075 ], [ -66.888992586999962, 10.550485705000028 ], [ -66.889045960999965, 10.550486642000067 ], [ -66.889090908999947, 10.550485705000028 ], [ -66.889155519999974, 10.550491324000063 ], [ -66.889211703999933, 10.550523161000058 ], [ -66.889220131999934, 10.550565299000027 ], [ -66.889207957999986, 10.550615865000054 ], [ -66.889186420999977, 10.550668303000066 ], [ -66.889133045999984, 10.550704822000057 ], [ -66.889067498999964, 10.550752579000061 ] ] ] } },
{ "type": "Feature", "properties": { "Shape_Leng": 0.0016766527498699999, "Shape_Area": 7.4762365865000004e-08, "Confidence": "Likely", "Type": "Landslide", "SubtypeLS": "Debris Flow", "SubtypeLQ": null, "SubtypeGR": null, "Comments": null, "Source": "B1600011017A8610 - RadiantEarth - 06/26/2026", "Access": "Hard", "Impact": "Small", "ID": 2, "Longitude": -66.878123778800003, "Latitude": 10.5589830463 }, "geometry": { "type": "Polygon", "coordinates": [ [ [ -66.878544272999989, 10.559057696000025 ], [ -66.878540659999942, 10.559088404000022 ], [ -66.878506339999944, 10.559095629000069 ], [ -66.878448537999986, 10.559106467000049 ], [ -66.878370865999955, 10.559072147000052 ], [ -66.878289580999933, 10.559057696000025 ], [ -66.878150493999954, 10.559034214000064 ], [ -66.878018632999954, 10.559007119000057 ], [ -66.877926509999952, 10.559003506000067 ], [ -66.877791035999962, 10.559003506000067 ], [ -66.877774778999935, 10.558963767000023 ], [ -66.877792841999963, 10.558914996000055 ], [ -66.877857869999957, 10.558884289000048 ], [ -66.877975280999976, 10.558887902000038 ], [ -66.878101723999976, 10.558900546000075 ], [ -66.878235391999965, 10.558947510000053 ], [ -66.878397960999962, 10.559007119000057 ], [ -66.878544272999989, 10.559057696000025 ] ] ] } },
{ "type": "Feature", "properties": { "Shape_Leng": 0.0015553229881099999, "Shape_Area": 7.4437715682300001e-08, "Confidence": "Likely", "Type": "Landslide", "SubtypeLS": "Debris Flow", "SubtypeLQ": null, "SubtypeGR": null, "Comments": null, "Source": "B1600011017A8610 - RadiantEarth - 06/26/2026", "Access": "Hard", "Impact": "Small", "ID": 3, "Longitude": -66.878750909199994, "Latitude": 10.5600770738 }, "geometry": { "type": "Polygon", "coordinates": [ [ [ -66.879042817999959, 10.559816352000041 ], [ -66.879021142999989, 10.559848866000038 ], [ -66.878994047999981, 10.559856091000029 ], [ -66.878939857999967, 10.559886799000026 ], [ -66.878898311999933, 10.55992473200007 ], [ -66.878885667999953, 10.559969890000048 ], [ -66.878836896999985, 10.56006201200006 ], [ -66.87879354599994, 10.560137878000035 ], [ -66.87877728899997, 10.560197487000039 ], [ -66.878739355999983, 10.560244451000074 ], [ -66.878676134999978, 10.560276965000071 ], [ -66.878621944999963, 10.560293222000041 ], [ -66.878562335999959, 10.560314898000058 ], [ -66.878524402999972, 10.560309479000068 ], [ -66.878524402999972, 10.560282384000061 ], [ -66.878546078999932, 10.560228194000047 ], [ -66.878587624999966, 10.560170392000032 ], [ -66.878659877999951, 10.560116202000074 ], [ -66.878697810999938, 10.56006020600006 ], [ -66.878744774999973, 10.559975309000038 ], [ -66.87877367599998, 10.559897637000063 ], [ -66.878831477999938, 10.559866929000066 ], [ -66.878929019999987, 10.559827190000021 ], [ -66.879042817999959, 10.559816352000041 ] ] ] } },
{ "type": "Feature", "properties": { "Shape_Leng": 0.0018297989525499999, "Shape_Area": 1.05121173962e-07, "Confidence": "Likely", "Type": "Landslide", "SubtypeLS": "Debris Flow", "SubtypeLQ": null, "SubtypeGR": null, "Comments": null, "Source": "B1600011017A8610 - RadiantEarth - 06/26/2026", "Access": "Hard", "Impact": "Small", "ID": 4, "Longitude": -66.876797726999996, "Latitude": 10.556800438 }, "geometry": { "type": "Polygon", "coordinates": [ [ [ -66.877064441999948, 10.556723022000028 ], [ -66.876988237999967, 10.556785114000036 ], [ -66.876872519999949, 10.556835917000058 ], [ -66.876717288999942, 10.556895187000066 ], [ -66.876694709999981, 10.556945990000031 ], [ -66.876725755999985, 10.557030662000045 ], [ -66.876787847999935, 10.557072997000034 ], [ -66.876821716999984, 10.557104044000027 ], [ -66.876818894999985, 10.557183070000065 ], [ -66.876745512999946, 10.557197182000039 ], [ -66.876691886999936, 10.557197182000039 ], [ -66.876624149999941, 10.557140735000075 ], [ -66.876564879999933, 10.557064530000048 ], [ -66.876542300999972, 10.556988326000067 ], [ -66.876531011999987, 10.556929056000058 ], [ -66.876576169999964, 10.556858496000075 ], [ -66.876643906999959, 10.556799226000066 ], [ -66.876751157999934, 10.556756891000077 ], [ -66.876821716999984, 10.556725844000027 ], [ -66.876974125999936, 10.556683509000038 ], [ -66.877041862999988, 10.55668068600005 ], [ -66.877064441999948, 10.556723022000028 ] ] ] } },
{ "type": "Feature", "properties": { "Shape_Leng": 0.0013555294238699999, "Shape_Area": 6.0826848597799998e-08, "Confidence": "Likely", "Type": "Landslide", "SubtypeLS": "Debris Flow", "SubtypeLQ": null, "SubtypeGR": null, "Comments": null, "Source": "B1600011017A8610 - RadiantEarth - 06/26/2026", "Access": "Hard", "Impact": "Small", "ID": 5, "Longitude": -66.8756900618, "Latitude": 10.557658979599999 }, "geometry": { "type": "Polygon", "coordinates": [ [ [ -66.875688473999958, 10.55741755400004 ], [ -66.875715568999965, 10.557520514000032 ], [ -66.875740857999972, 10.557578317000036 ], [ -66.875753501999952, 10.557655989000068 ], [ -66.875758920999942, 10.557704759000046 ], [ -66.875762533999932, 10.557710178000036 ], [ -66.875762533999932, 10.557769787000041 ], [ -66.875773371999969, 10.557827589000055 ], [ -66.875769758999979, 10.557861909000053 ], [ -66.875762533999932, 10.55790526100003 ], [ -66.875740857999972, 10.557946807000064 ], [ -66.875681248999967, 10.557943194000075 ], [ -66.87565596099995, 10.55788900400006 ], [ -66.87565054199996, 10.557791463000058 ], [ -66.87564873499997, 10.557661407000069 ], [ -66.875627058999953, 10.557580123000037 ], [ -66.875607189999982, 10.557497032000072 ], [ -66.875610801999983, 10.557433811000067 ], [ -66.875618027999963, 10.557377815000052 ], [ -66.87565957299995, 10.557330850000028 ], [ -66.875693892999948, 10.557347107000055 ], [ -66.875688473999958, 10.55741755400004 ] ] ] } },
{ "type": "Feature", "properties": { "Shape_Leng": 0.00093726947193499999, "Shape_Area": 4.06186588127e-08, "Confidence": "Likely", "Type": "Landslide", "SubtypeLS": "Debris Flow", "SubtypeLQ": null, "SubtypeGR": null, "Comments": null, "Source": "B1600011017A8610 - RadiantEarth - 06/26/2026", "Access": "Hard", "Impact": "Small", "ID": 6, "Longitude": -66.875693772899993, "Latitude": 10.5572095731 }, "geometry": { "type": "Polygon", "coordinates": [ [ [ -66.875937746999966, 10.557188151000048 ], [ -66.875881750999952, 10.557227890000036 ], [ -66.875800466999976, 10.557260404000033 ], [ -66.875713762999965, 10.55727485400007 ], [ -66.875628865999943, 10.55728027300006 ], [ -66.875578288999975, 10.55727666000007 ], [ -66.875529517999951, 10.557253178000053 ], [ -66.875525904999961, 10.557188151000048 ], [ -66.875547580999978, 10.557155637000051 ], [ -66.875601770999936, 10.557139380000024 ], [ -66.875702924999985, 10.557139380000024 ], [ -66.875758920999942, 10.557152024000061 ], [ -66.875834786999974, 10.557179119000068 ], [ -66.875937746999966, 10.557188151000048 ] ] ] } },
{ "type": "Feature", "properties": { "Shape_Leng": 0.0014302589168800001, "Shape_Area": 7.4065601972499999e-08, "Confidence": "Likely", "Type": "Landslide", "SubtypeLS": "Debris Flow", "SubtypeLQ": null, "SubtypeGR": null, "Comments": null, "Source": "B1600011017A8610 - RadiantEarth - 06/26/2026", "Access": "Hard", "Impact": "Small", "ID": 7, "Longitude": -66.875209223, "Latitude": 10.5574239077 }, "geometry": { "type": "Polygon", "coordinates": [ [ [ -66.875525904999961, 10.557388653000032 ], [ -66.875553, 10.55742116600004 ], [ -66.875507841999934, 10.557459099000027 ], [ -66.875433782999949, 10.557460905000028 ], [ -66.875374173999944, 10.557459099000027 ], [ -66.87531456499994, 10.557444649000047 ], [ -66.875260375999972, 10.557453680000037 ], [ -66.875220635999938, 10.557469937000064 ], [ -66.87516644699997, 10.557498838000072 ], [ -66.875101418999975, 10.557524127000022 ], [ -66.875052647999951, 10.557540384000049 ], [ -66.875009296999963, 10.557547609000039 ], [ -66.874962331999939, 10.557534965000059 ], [ -66.874944268999968, 10.557488 ], [ -66.874965944999985, 10.557437423000067 ], [ -66.875005683999973, 10.55741213500005 ], [ -66.87504361699996, 10.557374202000062 ], [ -66.875065292999977, 10.557334463000075 ], [ -66.875092386999938, 10.557298336000031 ], [ -66.875108643999965, 10.557298336000031 ], [ -66.875141157999963, 10.557336269000075 ], [ -66.875211604999947, 10.557350720000045 ], [ -66.87530372699996, 10.557352526000045 ], [ -66.875395849999961, 10.557352526000045 ], [ -66.875520485999971, 10.557374202000062 ], [ -66.875525904999961, 10.557388653000032 ] ] ] } },
{ "type": "Feature", "properties": { "Shape_Leng": 0.00114062876906, "Shape_Area": 7.5685715889499995e-08, "Confidence": "Likely", "Type": "Landslide", "SubtypeLS": "Debris Flow", "SubtypeLQ": null, "SubtypeGR": null, "Comments": "Reactivated", "Source": "B1600011017A8610 - RadiantEarth - 06/26/2026", "Access": "Hard", "Impact": "Small", "ID": 8, "Longitude": -66.8773473026, "Latitude": 10.561443923800001 }, "geometry": { "type": "Polygon", "coordinates": [ [ [ -66.877433383999971, 10.561525135000068 ], [ -66.877381, 10.561707574000025 ], [ -66.87735932399994, 10.561703961000035 ], [ -66.877332228999933, 10.561696736000044 ], [ -66.877305134999972, 10.561655190000067 ], [ -66.877272620999975, 10.561563068000055 ], [ -66.877245525999967, 10.561452882000026 ], [ -66.877238300999977, 10.561351728000034 ], [ -66.877254556999958, 10.561274056000059 ], [ -66.877292489999945, 10.561232510000025 ], [ -66.877362936999987, 10.561236123000072 ], [ -66.877413513999954, 10.561268637000069 ], [ -66.877449639999952, 10.561319214000036 ], [ -66.877462284999979, 10.561387854000031 ], [ -66.877451446999942, 10.561452882000026 ], [ -66.877433383999971, 10.561525135000068 ] ] ] } },
{ "type": "Feature", "properties": { "Shape_Leng": 0.00087279409641600005, "Shape_Area": 3.8452233522800002e-08, "Confidence": "Likely", "Type": "Landslide", "SubtypeLS": "Debris Flow", "SubtypeLQ": null, "SubtypeGR": null, "Comments": null, "Source": "B1600011017A8610 - RadiantEarth - 06/26/2026", "Access": "Hard", "Impact": "Small", "ID": 9, "Longitude": -66.876990286899996, "Latitude": 10.561349479900001 }, "geometry": { "type": "Polygon", "coordinates": [ [ [ -66.877066699999943, 10.561431206000066 ], [ -66.877088375999961, 10.561541392000038 ], [ -66.877066699999943, 10.561541392000038 ], [ -66.877045023999983, 10.561530554000058 ], [ -66.877012509999986, 10.56150345900005 ], [ -66.876979995999989, 10.561460107000073 ], [ -66.876942062999944, 10.561395080000068 ], [ -66.876898711999957, 10.561311989000046 ], [ -66.876882454999986, 10.561248767000052 ], [ -66.876902323999957, 10.561210835000054 ], [ -66.876972770999942, 10.561199997000074 ], [ -66.877016122999976, 10.561214447000054 ], [ -66.877034185999946, 10.561252380000042 ], [ -66.877055861999963, 10.561346309000044 ], [ -66.877066699999943, 10.561431206000066 ] ] ] } },
{ "type": "Feature", "properties": { "Shape_Leng": 0.00056645547646600001, "Shape_Area": 2.1040234792799999e-08, "Confidence": "Likely", "Type": "Landslide", "SubtypeLS": "Debris Flow", "SubtypeLQ": null, "SubtypeGR": null, "Comments": null, "Source": "B1600011017A8610 - RadiantEarth - 06/26/2026", "Access": "Hard", "Impact": "Small", "ID": 10, "Longitude": -66.876435312300003, "Latitude": 10.5613341466 }, "geometry": { "type": "Polygon", "coordinates": [ [ [ -66.876524802999938, 10.561317408000036 ], [ -66.876533833999986, 10.561378823000041 ], [ -66.876497707999988, 10.561411336000049 ], [ -66.876490481999951, 10.561420368000029 ], [ -66.876481450999961, 10.561420368000029 ], [ -66.876448936999964, 10.561409530000049 ], [ -66.876420035999956, 10.561389661000021 ], [ -66.876367651999942, 10.561355340000034 ], [ -66.876333331999945, 10.561328246000073 ], [ -66.876333331999945, 10.561284894000039 ], [ -66.876373070999932, 10.561254186000042 ], [ -66.876436292999983, 10.561268637000069 ], [ -66.876524802999938, 10.561317408000036 ] ] ] } },
{ "type": "Feature", "properties": { "Shape_Leng": 0.00052451995078400002, "Shape_Area": 1.65708111442e-08, "Confidence": "Likely", "Type": "Landslide", "SubtypeLS": "Slide", "SubtypeLQ": null, "SubtypeGR": null, "Comments": null, "Source": "B1600011017A8610 - RadiantEarth - 06/26/2026", "Access": "Road", "Impact": "Small", "ID": 11, "Longitude": -66.893612801000003, "Latitude": 10.5481018074 }, "geometry": { "type": "Polygon", "coordinates": [ [ [ -66.893639723999968, 10.548075390000065 ], [ -66.893674838999971, 10.548106603000065 ], [ -66.893696297999952, 10.548133914000061 ], [ -66.893698248999954, 10.54815992500005 ], [ -66.893693696999946, 10.548173581000071 ], [ -66.893680040999982, 10.548181385000021 ], [ -66.893641024999965, 10.548177483000075 ], [ -66.893600056999958, 10.548163827000053 ], [ -66.893576646999975, 10.548151472000029 ], [ -66.893555837999941, 10.548131964000049 ], [ -66.893549335999978, 10.548102701000062 ], [ -66.893548034999981, 10.548061734000044 ], [ -66.893548034999981, 10.548030520000054 ], [ -66.893563641999947, 10.548007761000065 ], [ -66.893586400999936, 10.548005810000063 ], [ -66.893600707999951, 10.548003209000058 ], [ -66.893639723999968, 10.548075390000065 ] ] ] } },
{ "type": "Feature", "properties": { "Shape_Leng": 0.0024538168764400002, "Shape_Area": 1.4420053212000001e-07, "Confidence": "Likely", "Type": "Landslide", "SubtypeLS": "Debris Flow", "SubtypeLQ": null, "SubtypeGR": null, "Comments": "Reactivation", "Source": "B1600011017A8610 - RadiantEarth - 06/26/2026", "Access": "Hard", "Impact": "Small", "ID": 12, "Longitude": -66.874727805000006, "Latitude": 10.5586247355 }, "geometry": { "type": "Polygon", "coordinates": [ [ [ -66.874137861999941, 10.558894494000072 ], [ -66.874253281999984, 10.558784993000074 ], [ -66.874419012999965, 10.558651816000065 ], [ -66.874519634999956, 10.558580789000075 ], [ -66.874658730999954, 10.558521599000073 ], [ -66.874756393999974, 10.558483126000056 ], [ -66.874945800999967, 10.558477207000067 ], [ -66.875078976999987, 10.558477207000067 ], [ -66.875173680999978, 10.558521599000073 ], [ -66.875221031999956, 10.558548235000046 ], [ -66.875221031999956, 10.55860150500007 ], [ -66.875164801999972, 10.558637019000059 ], [ -66.875093774999982, 10.558637019000059 ], [ -66.874925083999983, 10.558637019000059 ], [ -66.874812623999958, 10.558660695000071 ], [ -66.874623216999964, 10.558672533000049 ], [ -66.874484120999966, 10.558743560000039 ], [ -66.874413093999976, 10.558770196000069 ], [ -66.874276957999939, 10.558864899000071 ], [ -66.874188172999936, 10.558918170000027 ], [ -66.874137861999941, 10.558894494000072 ] ] ] } },
{ "type": "Feature", "properties": { "Shape_Leng": 0.0009811964324800001, "Shape_Area": 3.8016519907699999e-08, "Confidence": "Likely", "Type": "Landslide", "SubtypeLS": "Debris Flow", "SubtypeLQ": null, "SubtypeGR": null, "Comments": "Reactivation", "Source": "B1600011017A8610 - RadiantEarth - 06/26/2026", "Access": "Hard", "Impact": "Small", "ID": 13, "Longitude": -66.874658370299997, "Latitude": 10.5589106958 }, "geometry": { "type": "Polygon", "coordinates": [ [ [ -66.874498918999961, 10.558858980000025 ], [ -66.874587702999975, 10.558856021000054 ], [ -66.874685365999937, 10.558858980000025 ], [ -66.87477415099994, 10.558864899000071 ], [ -66.87487181399996, 10.55890041300006 ], [ -66.87487181399996, 10.558944805000067 ], [ -66.874729757999944, 10.558965522000051 ], [ -66.874658730999954, 10.558974400000068 ], [ -66.874528513999962, 10.558947765000028 ], [ -66.874419012999965, 10.55890041300006 ], [ -66.874498918999961, 10.558858980000025 ] ] ] } },
{ "type": "Feature", "properties": { "Shape_Leng": 0.0084299379295100004, "Shape_Area": 1.9315909261899998e-06, "Confidence": "Likely", "Type": "Landslide", "SubtypeLS": "Debris Flow", "SubtypeLQ": null, "SubtypeGR": null, "Comments": "Complex - Reactivation", "Source": "B1600011017A8610 - RadiantEarth - 06/26/2026", "Access": "Hard", "Impact": "Small", "ID": 14, "Longitude": -66.874457651699998, "Latitude": 10.5602611426 }, "geometry": { "type": "Polygon", "coordinates": [ [ [ -66.874356863999935, 10.561054915000057 ], [ -66.874191132999954, 10.561114105000058 ], [ -66.874089700999946, 10.561089301000038 ], [ -66.874045817999956, 10.561054031000026 ], [ -66.873996588999944, 10.561020903000042 ], [ -66.873943094999959, 10.561009173000059 ], [ -66.873906726999962, 10.561012407000021 ], [ -66.873855373999959, 10.561002815000052 ], [ -66.873801878999984, 10.560988945000076 ], [ -66.873775120999937, 10.560966499000074 ], [ -66.873755839999944, 10.560929073000068 ], [ -66.873720574999936, 10.560859590000064 ], [ -66.873673223999958, 10.560788562000027 ], [ -66.873593317999962, 10.56067906100003 ], [ -66.873525248999954, 10.560545885000067 ], [ -66.873480856999947, 10.560468938000042 ], [ -66.873418707999974, 10.560341680000022 ], [ -66.873356558999944, 10.560252896000065 ], [ -66.873347680999984, 10.560158193000063 ], [ -66.873400950999951, 10.560158193000063 ], [ -66.873504532999959, 10.56020258500007 ], [ -66.873628830999962, 10.560252896000065 ], [ -66.873664344999952, 10.560261774000026 ], [ -66.873806399999978, 10.560288410000055 ], [ -66.873912941999947, 10.560291369000026 ], [ -66.874057955999945, 10.560270653000032 ], [ -66.87410826699994, 10.560246977000077 ], [ -66.87420592999996, 10.560172990000069 ], [ -66.874279916999967, 10.560087165000027 ], [ -66.874303592999979, 10.560016137000048 ], [ -66.874279916999967, 10.559891839000045 ], [ -66.874208889999977, 10.559776419000059 ], [ -66.874143780999987, 10.559711311000058 ], [ -66.874093469999934, 10.559604770000021 ], [ -66.874075712999968, 10.559518945000036 ], [ -66.874137861999941, 10.559412403000067 ], [ -66.874241443999949, 10.559261470000024 ], [ -66.874555148999946, 10.559222996000074 ], [ -66.874712001999967, 10.559356173000026 ], [ -66.874889569999937, 10.559444958000029 ], [ -66.875031625999952, 10.559480471000029 ], [ -66.875167761999933, 10.559533742000042 ], [ -66.875327573999982, 10.559587013000055 ], [ -66.875457790999974, 10.559628445000044 ], [ -66.875511061999987, 10.55967283800004 ], [ -66.875522899999964, 10.559702432000051 ], [ -66.875484425999957, 10.55973498700007 ], [ -66.875289099999975, 10.559720189000075 ], [ -66.875096733999953, 10.559663959000034 ], [ -66.87497243599995, 10.559622526000055 ], [ -66.874777109999968, 10.559601810000061 ], [ -66.874676487999977, 10.559569256000032 ], [ -66.874596581999981, 10.559592932000044 ], [ -66.874590662999935, 10.55963732400005 ], [ -66.874658730999954, 10.559761622000053 ], [ -66.874720879999984, 10.559823771000026 ], [ -66.87480966399994, 10.55990663700004 ], [ -66.874978354999939, 10.559986543000036 ], [ -66.87510561299996, 10.560036854000032 ], [ -66.875173680999978, 10.560081246000038 ], [ -66.875265424999952, 10.560137476000023 ], [ -66.875360127999954, 10.560235139000042 ], [ -66.875380843999949, 10.560350559000028 ], [ -66.875369005999971, 10.56044526200003 ], [ -66.875315735999948, 10.560572520000051 ], [ -66.875247667999986, 10.560622831000046 ], [ -66.875164801999972, 10.560631710000052 ], [ -66.875016827999957, 10.560640588000069 ], [ -66.874919164999937, 10.560667223000053 ], [ -66.874874772999988, 10.560720494000066 ], [ -66.874854056999936, 10.560794481000073 ], [ -66.874783028999957, 10.560865509000052 ], [ -66.874614338999947, 10.560936536000042 ], [ -66.874546270999986, 10.560980928000049 ], [ -66.874356863999935, 10.561054915000057 ] ] ] } },
{ "type": "Feature", "properties": { "Shape_Leng": 0.0028669518752900002, "Shape_Area": 5.0702945798300005e-07, "Confidence": "Possible", "Type": "Landslide", "SubtypeLS": "Debris Flow", "SubtypeLQ": null, "SubtypeGR": null, "Comments": "Reactivated", "Source": "B1600011017A8610 - RadiantEarth - 06/26/2026", "Access": "Hard", "Impact": "Small", "ID": 15, "Longitude": -66.858454378199994, "Latitude": 10.5486930839 }, "geometry": { "type": "Polygon", "coordinates": [ [ [ -66.858856399999979, 10.548683757000049 ], [ -66.858747785999981, 10.548752028000024 ], [ -66.858648109999933, 10.548875537000072 ], [ -66.858566680999957, 10.548929161000046 ], [ -66.858528945999979, 10.548980799000049 ], [ -66.858487237999952, 10.549034423000023 ], [ -66.858379989999946, 10.54907613000006 ], [ -66.858290616999966, 10.549088047000055 ], [ -66.858195284999965, 10.54909996300006 ], [ -66.858062362999988, 10.549099431000059 ], [ -66.857975658999976, 10.548882672000047 ], [ -66.858047911999961, 10.548665913000036 ], [ -66.858221319999984, 10.548456379000072 ], [ -66.858365824999964, 10.54836967600005 ], [ -66.858558110999979, 10.548348311000041 ], [ -66.858812953999973, 10.548370329000022 ], [ -66.858961909999948, 10.548379639000075 ], [ -66.859014664999961, 10.548432394000031 ], [ -66.859034375999954, 10.548462915000073 ], [ -66.859036387999936, 10.548525491000021 ], [ -66.858961909999948, 10.548612382000044 ], [ -66.858856399999979, 10.548683757000049 ] ] ] } },
{ "type": "Feature", "properties": { "Shape_Leng": 0.0047946624333200004, "Shape_Area": 8.0233171671799996e-07, "Confidence": "Likely", "Type": "Landslide", "SubtypeLS": "Debris Flow", "SubtypeLQ": null, "SubtypeGR": null, "Comments": "Reactivated", "Source": "B1600011017A8610 - RadiantEarth - 06/26/2026", "Access": "Hard", "Impact": "Small", "ID": 16, "Longitude": -66.859541678499994, "Latitude": 10.548738628000001 }, "geometry": { "type": "Polygon", "coordinates": [ [ [ -66.858799342999987, 10.549272838000036 ], [ -66.858669287999987, 10.549345091000021 ], [ -66.858537960999968, 10.54939971500005 ], [ -66.858464784999967, 10.549395864000076 ], [ -66.858438077999949, 10.549345094000046 ], [ -66.858449874999963, 10.549273372000073 ], [ -66.858505732999959, 10.549186482000039 ], [ -66.85861744999994, 10.549105797000038 ], [ -66.858803643999977, 10.548981668000067 ], [ -66.858958805999976, 10.548882364000065 ], [ -66.859098451999955, 10.548761338000077 ], [ -66.85929705999996, 10.548640311000042 ], [ -66.859368433999975, 10.548519285000054 ], [ -66.859557731999985, 10.548370329000022 ], [ -66.859864956999957, 10.548261295000032 ], [ -66.859933714999954, 10.548261296000021 ], [ -66.860229951999941, 10.548275747000048 ], [ -66.860388908999937, 10.548413028000027 ], [ -66.860403358999974, 10.548600885000042 ], [ -66.860258852999948, 10.548694814000044 ], [ -66.859991516999969, 10.54883932000007 ], [ -66.859651927999948, 10.548926024000025 ], [ -66.859370141999932, 10.548976601000049 ], [ -66.859153382999978, 10.549084980000032 ], [ -66.858914947999949, 10.549171684000044 ], [ -66.858799342999987, 10.549272838000036 ] ] ] } },
{ "type": "Feature", "properties": { "Shape_Leng": 0.0016999268528, "Shape_Area": 6.2885084471600003e-08, "Confidence": "Questionable", "Type": "Ground Rupture", "SubtypeLS": null, "SubtypeLQ": null, "SubtypeGR": "Fault", "Comments": "Apparent left-lateral displacement of soil nail alignment", "Source": "B1600011017A8610 - RadiantEarth - 06/26/2026", "Access": "From road", "Impact": "Small", "ID": 17, "Longitude": -67.082710773700001, "Latitude": 10.5833247619 }, "geometry": { "type": "Polygon", "coordinates": [ [ [ -67.082438377999949, 10.583585801000027 ], [ -67.082391194999957, 10.583588241000029 ], [ -67.082391194999957, 10.583545940000022 ], [ -67.082405837999943, 10.58351258600004 ], [ -67.082455460999938, 10.583456455000032 ], [ -67.082530302999942, 10.583399510000049 ], [ -67.082606771999963, 10.583340939000038 ], [ -67.082670223999969, 10.583278299000028 ], [ -67.082764589999954, 10.583218914000042 ], [ -67.08283617799998, 10.583170918000064 ], [ -67.082908578999934, 10.583143259000053 ], [ -67.082955761999983, 10.58313675100004 ], [ -67.083068023999942, 10.583143259000053 ], [ -67.083060702999944, 10.583173358000067 ], [ -67.082969590999937, 10.58321240600003 ], [ -67.082889867999938, 10.583255522000059 ], [ -67.082777605999979, 10.583314907000045 ], [ -67.082676731999982, 10.58338242700006 ], [ -67.082623041999966, 10.583426356000075 ], [ -67.08255958899997, 10.583472725000036 ], [ -67.082486373999984, 10.583526416000041 ], [ -67.082438377999949, 10.583585801000027 ] ] ] } },
{ "type": "Feature", "properties": { "Shape_Leng": 0.00083202837393899995, "Shape_Area": 2.75307244361e-08, "Confidence": "Possible", "Type": "Liquefaction", "SubtypeLS": null, "SubtypeLQ": "Sand Boils/Ejecta", "SubtypeGR": null, "Comments": null, "Source": "B1600011017A8610 - RadiantEarth - 06/26/2026", "Access": "From road", "Impact": null, "ID": 18, "Longitude": -67.040419379799999, "Latitude": 10.6001877722 }, "geometry": { "type": "Polygon", "coordinates": [ [ [ -67.040460645999985, 10.600270914000021 ], [ -67.040439104999962, 10.600251583000045 ], [ -67.040428058999964, 10.600225072000057 ], [ -67.040406518999987, 10.600221758000032 ], [ -67.040384978999953, 10.600223415000073 ], [ -67.040361781999934, 10.600232804000029 ], [ -67.040326433999951, 10.60024992600006 ], [ -67.040288201999942, 10.60026524400007 ], [ -67.040259051999953, 10.600264286000026 ], [ -67.040235854999935, 10.600256001000048 ], [ -67.040235854999935, 10.600241641000025 ], [ -67.040245796999955, 10.60022452000004 ], [ -67.040281696999955, 10.600202980000063 ], [ -67.040315387999954, 10.600186410000049 ], [ -67.040346869999951, 10.600173707000067 ], [ -67.040387740999961, 10.600160452000068 ], [ -67.040415907999943, 10.600144987000022 ], [ -67.040444075999972, 10.600117372000057 ], [ -67.040457883999977, 10.600095279000072 ], [ -67.040472243999943, 10.600080367000032 ], [ -67.040491022999959, 10.60008091900005 ], [ -67.040512562999936, 10.600090308000063 ], [ -67.040525265999975, 10.600110744000062 ], [ -67.040542386999959, 10.600147196000023 ], [ -67.040545148999968, 10.600172050000026 ], [ -67.040523608999933, 10.600203532000023 ], [ -67.040502620999973, 10.60023446100007 ], [ -67.040484394999964, 10.600252688000069 ], [ -67.040460645999985, 10.600270914000021 ] ] ] } },
{ "type": "Feature", "properties": { "Shape_Leng": 0.00031035181521700002, "Shape_Area": 6.7467012330500004e-09, "Confidence": "Questionable", "Type": "Ground Rupture", "SubtypeLS": null, "SubtypeLQ": null, "SubtypeGR": "Fracture", "Comments": "Displaced pipelines", "Source": "B1600011017A8610 - RadiantEarth - 06/26/2026", "Access": "From road", "Impact": "Nearby houses", "ID": 19, "Longitude": -67.038580773099994, "Latitude": 10.601198287400001 }, "geometry": { "type": "Polygon", "coordinates": [ [ [ -67.038582237999947, 10.601243532000069 ], [ -67.038559040999985, 10.601245189000053 ], [ -67.038544128999945, 10.601232486000072 ], [ -67.038529215999972, 10.601209289000053 ], [ -67.038528663999955, 10.601185540000074 ], [ -67.038578371999961, 10.601157372000046 ], [ -67.038591627999949, 10.601150744000051 ], [ -67.038605434999965, 10.601154058000077 ], [ -67.038626974999943, 10.60117394100007 ], [ -67.038638021999986, 10.601204318000043 ], [ -67.038613167999983, 10.601218678000066 ], [ -67.038582237999947, 10.601243532000069 ] ] ] } },
{ "type": "Feature", "properties": { "Shape_Leng": 0.0021234830295100001, "Shape_Area": 9.8659930050099996e-08, "Confidence": "Questionable", "Type": "Ground Rupture", "SubtypeLS": null, "SubtypeLQ": null, "SubtypeGR": "Fracture", "Comments": null, "Source": "B1600011017A8610 - RadiantEarth - 06/26/2026", "Access": "From road", "Impact": null, "ID": 20, "Longitude": -67.037800350599994, "Latitude": 10.602034199 }, "geometry": { "type": "Polygon", "coordinates": [ [ [ -67.038128687999972, 10.601794393000034 ], [ -67.037875832999987, 10.601996331000066 ], [ -67.037838724999972, 10.60203948000003 ], [ -67.03783958799994, 10.602083493000066 ], [ -67.037867214999949, 10.602113633000045 ], [ -67.037831820999941, 10.602156846000071 ], [ -67.037756741999942, 10.602218118000053 ], [ -67.037692017999973, 10.602226748000021 ], [ -67.037637649999965, 10.602228474000071 ], [ -67.03746418999998, 10.602363100000048 ], [ -67.037412410999934, 10.602319950000037 ], [ -67.03778263099997, 10.601970442000038 ], [ -67.03790603799996, 10.601863431000027 ], [ -67.038000102999945, 10.601770229000067 ], [ -67.038057059999971, 10.601702916000022 ], [ -67.038126961999978, 10.601689972000031 ], [ -67.038170110999943, 10.601739162000058 ], [ -67.038128687999972, 10.601794393000034 ] ] ] } },
{ "type": "Feature", "properties": { "Shape_Leng": 0.0043903596981600002, "Shape_Area": 2.6596257128400003e-07, "Confidence": "Likely", "Type": "Liquefaction", "SubtypeLS": null, "SubtypeLQ": "Ground Cracks", "SubtypeGR": null, "Comments": "Civil infrastructure - groyne", "Source": "B1600011017A8610 - RadiantEarth - 06/26/2026", "Access": "From road", "Impact": null, "ID": 21, "Longitude": -67.029273466000006, "Latitude": 10.612658561 }, "geometry": { "type": "Polygon", "coordinates": [ [ [ -67.028566222999984, 10.612187696000035 ], [ -67.028791407999961, 10.612655596000025 ], [ -67.028865570999983, 10.61264750600003 ], [ -67.028896583999938, 10.612756727000033 ], [ -67.030067006999957, 10.612272646000065 ], [ -67.030118246999962, 10.612372429000061 ], [ -67.02998475399994, 10.612442547000057 ], [ -67.029007153999942, 10.612818754000045 ], [ -67.028775226999983, 10.612871342000062 ], [ -67.028590493999957, 10.612638067000034 ], [ -67.028428684999938, 10.612264556000071 ], [ -67.028471833999959, 10.612216013000022 ], [ -67.028566222999984, 10.612187696000035 ] ] ] } },
{ "type": "Feature", "properties": { "Shape_Leng": 0.0019124675688600001, "Shape_Area": 1.8219719527100001e-07, "Confidence": "Likely", "Type": "Ground Rupture", "SubtypeLS": null, "SubtypeLQ": null, "SubtypeGR": "Fracture", "Comments": "Civil infrastructure - groyne", "Source": "B1600011017A8610 - RadiantEarth - 06/26/2026", "Access": "From road", "Impact": null, "ID": 22, "Longitude": -67.030270935700003, "Latitude": 10.611971671 }, "geometry": { "type": "Polygon", "coordinates": [ [ [ -67.030385124999952, 10.612092391000033 ], [ -67.030361331999984, 10.612176202000057 ], [ -67.030329072999962, 10.612253774000067 ], [ -67.03029421399998, 10.612310668000021 ], [ -67.030251576999945, 10.612332669000068 ], [ -67.030185659999972, 10.612332715000036 ], [ -67.030139107999958, 10.612300434000076 ], [ -67.03010805599996, 10.612253925000061 ], [ -67.030091196999933, 10.612171217000025 ], [ -67.030071753999948, 10.61208980300006 ], [ -67.03005619299995, 10.612016141000026 ], [ -67.030072964999988, 10.611970893000034 ], [ -67.03013883899996, 10.611907515000041 ], [ -67.030181458999948, 10.611860956000044 ], [ -67.030230529999983, 10.611796298000058 ], [ -67.03026667599994, 10.611732940000024 ], [ -67.030295058999968, 10.611656664000066 ], [ -67.030304059999935, 10.611589448000075 ], [ -67.030335934999982, 10.611543532000042 ], [ -67.030431991999933, 10.611551878000057 ], [ -67.030442382999979, 10.611626835000038 ], [ -67.030443744999957, 10.611727649000045 ], [ -67.030427049999957, 10.611885345000076 ], [ -67.030385124999952, 10.612092391000033 ] ] ] } },
{ "type": "Feature", "properties": { "Shape_Leng": 0.0013003505561000001, "Shape_Area": 9.3298605735300001e-08, "Confidence": "Likely", "Type": "Landslide", "SubtypeLS": "Slide", "SubtypeLQ": null, "SubtypeGR": null, "Comments": null, "Source": "B1600011017A8610 - RadiantEarth - 06/26/2026", "Access": "From road", "Impact": "Nearby houses", "ID": 23, "Longitude": -67.007457285000001, "Latitude": 10.610437964500001 }, "geometry": { "type": "Polygon", "coordinates": [ [ [ -67.00749157599995, 10.610640886000056 ], [ -67.007423742999947, 10.610644041000057 ], [ -67.007392949999939, 10.610596464000025 ], [ -67.00737679599996, 10.610542954000039 ], [ -67.007373767999979, 10.610524781000038 ], [ -67.007366699999977, 10.610493484000074 ], [ -67.007343478999985, 10.610462186000063 ], [ -67.007307006999952, 10.610423190000063 ], [ -67.007249369999954, 10.610407206000048 ], [ -67.007212356999958, 10.610356934000038 ], [ -67.007220243999939, 10.610311187000036 ], [ -67.007294386999945, 10.610292256000037 ], [ -67.007332246999965, 10.610301721000042 ], [ -67.007398502999933, 10.61031749700004 ], [ -67.007526280999969, 10.610315919000072 ], [ -67.007603578999976, 10.610315919000072 ], [ -67.007652481999969, 10.610339582000051 ], [ -67.007665101999976, 10.610364822000065 ], [ -67.00766036999994, 10.610407415000054 ], [ -67.007641439999986, 10.610440542000049 ], [ -67.00761777699995, 10.610487868000064 ], [ -67.007583071999989, 10.610528883000029 ], [ -67.007557831999975, 10.610565166000072 ], [ -67.007532590999972, 10.610617224000066 ], [ -67.00749157599995, 10.610640886000056 ] ] ] } },
{ "type": "Feature", "properties": { "Shape_Leng": 0.0097893867875199995, "Shape_Area": 2.9131177542100001e-06, "Confidence": "Possible", "Type": "Landslide", "SubtypeLS": "Debris Flow", "SubtypeLQ": null, "SubtypeGR": null, "Comments": null, "Source": "B1600011017A8610 - RadiantEarth - 06/26/2026", "Access": "From road", "Impact": "Critial transportation routes", "ID": 24, "Longitude": -67.001532766899999, "Latitude": 10.561805570200001 }, "geometry": { "type": "Polygon", "coordinates": [ [ [ -67.003097287999935, 10.561195859000065 ], [ -67.003304991999983, 10.561197950000064 ], [ -67.003461336999976, 10.561211243000059 ], [ -67.003530591999947, 10.561242463000042 ], [ -67.003561898999976, 10.561300509000034 ], [ -67.003553011999941, 10.561367516000075 ], [ -67.003465270999982, 10.561440704000063 ], [ -67.003344916999936, 10.561561059000041 ], [ -67.003092489999972, 10.561775318000059 ], [ -67.002897765999933, 10.561915816000067 ], [ -67.002707037999983, 10.562078583000073 ], [ -67.002592700999969, 10.56219292000003 ], [ -67.002406150999946, 10.56240955800007 ], [ -67.002370285999973, 10.562430971000026 ], [ -67.002328382999963, 10.562433436000049 ], [ -67.002284015999976, 10.56239892800005 ], [ -67.002271690999976, 10.562364420000051 ], [ -67.002267743999937, 10.562307257000043 ], [ -67.002159424999945, 10.562247079000031 ], [ -67.002051104999964, 10.562253097000053 ], [ -67.001972874999979, 10.562283186000059 ], [ -67.001882608999949, 10.562325310000062 ], [ -67.001732165999954, 10.562379469000064 ], [ -67.001557651999974, 10.562415576000035 ], [ -67.001407208999979, 10.562421593000067 ], [ -67.001244729999939, 10.562391505000051 ], [ -67.000991985999974, 10.562349381000047 ], [ -67.000859595999941, 10.562271150000072 ], [ -67.000606850999986, 10.562168849000045 ], [ -67.000551212999937, 10.562138646000051 ], [ -67.000382478999938, 10.562082846000067 ], [ -67.000268120999976, 10.562068631000045 ], [ -67.00017950199998, 10.562070121000033 ], [ -67.00007659399995, 10.562077338000051 ], [ -66.999965103999955, 10.562077414000044 ], [ -66.999859328999946, 10.562073199000054 ], [ -66.999773564999941, 10.562068969000052 ], [ -66.999663502999965, 10.562066186000038 ], [ -66.999592029999974, 10.562059088000069 ], [ -66.999507705999974, 10.562070581000057 ], [ -66.999470535999933, 10.562060601000042 ], [ -66.999457638999957, 10.562013441000033 ], [ -66.999470451999969, 10.56193767600007 ], [ -66.999481839999987, 10.56186905900006 ], [ -66.999491775999957, 10.56176756900004 ], [ -66.999506035999957, 10.561718961000054 ], [ -66.99953745199997, 10.561676059000035 ], [ -66.999595872999976, 10.561633271000062 ], [ -66.999722244999987, 10.561543005000033 ], [ -66.999933802999976, 10.561522656000022 ], [ -67.000097312999969, 10.561506928000028 ], [ -67.000370215999965, 10.561480678000066 ], [ -67.000496576999979, 10.56146852300003 ], [ -67.000637384999948, 10.561454979000075 ], [ -67.000913754999942, 10.561506899000051 ], [ -67.001196, 10.561469320000072 ], [ -67.001402147999954, 10.561441872000046 ], [ -67.001468856999963, 10.561374175000026 ], [ -67.001500189999945, 10.561302065000064 ], [ -67.001537162999966, 10.561250303000065 ], [ -67.001574135999988, 10.561215795000066 ], [ -67.001628362999952, 10.561191147000045 ], [ -67.001694913999984, 10.561196076000044 ], [ -67.001751605999971, 10.561260163000043 ], [ -67.001773788999969, 10.561306995000052 ], [ -67.001786404999962, 10.561384650000036 ], [ -67.001808296999968, 10.561467211000036 ], [ -67.001862523999932, 10.561543622000045 ], [ -67.001975907999963, 10.561587989000031 ], [ -67.002116404999981, 10.561600313000042 ], [ -67.002214998999932, 10.561578130000044 ], [ -67.002343171999939, 10.561526368000045 ], [ -67.002466633999973, 10.561469536000061 ], [ -67.002552469999955, 10.561377135000043 ], [ -67.00263057799998, 10.561289980000026 ], [ -67.002708693999978, 10.561213992000035 ], [ -67.002760042999967, 10.561187156000074 ], [ -67.002869515999976, 10.561175924000054 ], [ -67.003097287999935, 10.561195859000065 ] ] ] } },
{ "type": "Feature", "properties": { "Shape_Leng": 0.000811354058761, "Shape_Area": 2.9943024022899999e-08, "Confidence": "Likely", "Type": "Landslide", "SubtypeLS": "Slide", "SubtypeLQ": null, "SubtypeGR": null, "Comments": null, "Source": "B1600011017A8610 - RadiantEarth - 06/26/2026", "Access": "From road", "Impact": "Moderate to uphill building", "ID": 25, "Longitude": -67.019405082500001, "Latitude": 10.6121567861 }, "geometry": { "type": "Polygon", "coordinates": [ [ [ -67.019516864999957, 10.612081336000074 ], [ -67.019499198999938, 10.612118810000027 ], [ -67.019466840999939, 10.612149264000038 ], [ -67.019446854999956, 10.612180671000033 ], [ -67.019432578999954, 10.612199705000023 ], [ -67.019432578999954, 10.612225401000046 ], [ -67.019438289999982, 10.612250146000065 ], [ -67.019429723999963, 10.612264421000077 ], [ -67.019405336999966, 10.612273165000033 ], [ -67.01935328999997, 10.61228357400006 ], [ -67.019308678999948, 10.612280600000076 ], [ -67.019299755999953, 10.612261269000044 ], [ -67.019298268999933, 10.612237476000075 ], [ -67.019310165999968, 10.612197326000057 ], [ -67.019336932999977, 10.612173533000032 ], [ -67.019359237999936, 10.612152714000047 ], [ -67.019384517999981, 10.612122973000055 ], [ -67.019394926999951, 10.612081336000074 ], [ -67.019377082999938, 10.612060517000032 ], [ -67.019362211999976, 10.612035238000033 ], [ -67.019394926999951, 10.612024828000074 ], [ -67.019435077999958, 10.61203375100007 ], [ -67.019475227999976, 10.612036725000053 ], [ -67.019504968999968, 10.612051595000025 ], [ -67.019516864999957, 10.612081336000074 ] ] ] } },
{ "type": "Feature", "properties": { "Shape_Leng": 0.00043563773657799999, "Shape_Area": 9.3062646015399993e-09, "Confidence": "Possible", "Type": "Landslide", "SubtypeLS": "Debris Flow", "SubtypeLQ": null, "SubtypeGR": null, "Comments": null, "Source": "B1600011017A8610 - RadiantEarth - 06/26/2026", "Access": "Hard", "Impact": "Small", "ID": 26, "Longitude": -67.004264647400007, "Latitude": 10.571226288 }, "geometry": { "type": "Polygon", "coordinates": [ [ [ -67.004219613999965, 10.571288665000054 ], [ -67.004180949999977, 10.571281230000068 ], [ -67.004188385999953, 10.571255950000022 ], [ -67.004222587999948, 10.571221748000028 ], [ -67.004261250999946, 10.571193494000056 ], [ -67.004283556999951, 10.571177136000074 ], [ -67.004326680999952, 10.571157805000041 ], [ -67.004343037999945, 10.571169701000031 ], [ -67.004334115999939, 10.571199442000022 ], [ -67.004317758999946, 10.571224722000068 ], [ -67.004267198999969, 10.571261898000046 ], [ -67.004219613999965, 10.571288665000054 ] ] ] } },
{ "type": "Feature", "properties": { "Shape_Leng": 0.0036725996838299999, "Shape_Area": 5.6596297154499995e-07, "Confidence": "Possible", "Type": "Landslide", "SubtypeLS": null, "SubtypeLQ": null, "SubtypeGR": null, "Comments": "Possible reactivation", "Source": "B1600011017A8610 - RadiantEarth - 06/26/2026", "Access": "From road", "Impact": "Critial transportation routes", "ID": 27, "Longitude": -66.976899943500001, "Latitude": 10.580397637700001 }, "geometry": { "type": "Polygon", "coordinates": [ [ [ -66.977141458999938, 10.579885022000042 ], [ -66.977170502999968, 10.579914066000072 ], [ -66.977174133999938, 10.57995763200006 ], [ -66.97715961199998, 10.579979414000036 ], [ -66.977116045999935, 10.580052024000054 ], [ -66.977079740999955, 10.58013915600003 ], [ -66.977032544999986, 10.580189983000025 ], [ -66.977007130999937, 10.580240809000031 ], [ -66.977018022999971, 10.580309789000069 ], [ -66.977039805999937, 10.580393290000075 ], [ -66.977061588999959, 10.580418703000021 ], [ -66.977134197999987, 10.580436856000063 ], [ -66.977286678999974, 10.580505835000054 ], [ -66.97733750499998, 10.580545770000072 ], [ -66.977435528999933, 10.580545770000072 ], [ -66.977519029999939, 10.580523987000049 ], [ -66.97758437799996, 10.580531248000057 ], [ -66.977606160999983, 10.580596597000067 ], [ -66.977591638999968, 10.580669207000028 ], [ -66.977529920999984, 10.580709142000046 ], [ -66.977152350999972, 10.580749077000064 ], [ -66.976941782999972, 10.580759969000042 ], [ -66.976749366999968, 10.580741816000057 ], [ -66.976629560999982, 10.580716403000054 ], [ -66.976564211999971, 10.580694620000031 ], [ -66.976535167999941, 10.580651054000043 ], [ -66.976513384999976, 10.580600227000048 ], [ -66.976484340999946, 10.580516726000042 ], [ -66.976469818999988, 10.580436856000063 ], [ -66.976469818999988, 10.580410616000052 ], [ -66.976436470999943, 10.580241198000067 ], [ -66.97644003399995, 10.580179908000048 ], [ -66.976477856999963, 10.580134817000044 ], [ -66.976517484999988, 10.580091528000025 ], [ -66.976582346999976, 10.580046419000041 ], [ -66.976668844999949, 10.58000850600007 ], [ -66.976769761999947, 10.579968780000058 ], [ -66.976901333999933, 10.579943453000055 ], [ -66.977010761999964, 10.579921327000022 ], [ -66.977141458999938, 10.579885022000042 ] ] ] } },
{ "type": "Feature", "properties": { "Shape_Leng": 0.0014322552210099999, "Shape_Area": 9.9132875322700007e-08, "Confidence": "Likely", "Type": "Liquefaction", "SubtypeLS": null, "SubtypeLQ": "Ground Cracks", "SubtypeGR": null, "Comments": "Three visible sets of cracks", "Source": "B1600011017A8610 - RadiantEarth - 06/26/2026", "Access": "From road", "Impact": null, "ID": 28, "Longitude": -67.029977641200006, "Latitude": 10.6112521435 }, "geometry": { "type": "Polygon", "coordinates": [ [ [ -67.030044878999945, 10.61141606800004 ], [ -67.02969941899994, 10.611166802000071 ], [ -67.02979477599996, 10.611037987000032 ], [ -67.030192932999967, 10.611257140000021 ], [ -67.030201296999962, 10.611479640000027 ], [ -67.030044878999945, 10.61141606800004 ] ] ] } },
{ "type": "Feature", "properties": { "Shape_Leng": 0.0020857569810399999, "Shape_Area": 1.5036722030600001e-07, "Confidence": "Questionable", "Type": "Liquefaction", "SubtypeLS": null, "SubtypeLQ": "Sand Boils/Ejecta", "SubtypeGR": null, "Comments": "Seepage and sand spreads", "Source": "B1600011017A8610 - RadiantEarth - 06/26/2026", "Access": "From road", "Impact": null, "ID": 29, "Longitude": -67.025707024300004, "Latitude": 10.611305617699999 }, "geometry": { "type": "Polygon", "coordinates": [ [ [ -67.026050948999966, 10.611044864000064 ], [ -67.025902244999941, 10.611198030000025 ], [ -67.025884581999946, 10.611252756000056 ], [ -67.025883095999973, 10.611284415000057 ], [ -67.025878595999984, 10.611317584000062 ], [ -67.02584395599996, 10.611365849000038 ], [ -67.025792735999971, 10.61141864700005 ], [ -67.025746026999968, 10.611454860000038 ], [ -67.025685754999984, 10.611497113000041 ], [ -67.025640544999987, 10.611521264000032 ], [ -67.025532014999953, 10.611539429000061 ], [ -67.025444583999956, 10.611548534000065 ], [ -67.025363176999974, 10.611548590000041 ], [ -67.025334192999935, 10.61152815500003 ], [ -67.025326757999949, 10.611496927000076 ], [ -67.025346088999981, 10.611446367000042 ], [ -67.025411518999988, 10.611409191000064 ], [ -67.025463565999985, 10.611355657000047 ], [ -67.025520073999985, 10.611328890000038 ], [ -67.025579555999968, 10.611293201000024 ], [ -67.025636062999979, 10.611276844000031 ], [ -67.025694057999942, 10.611226284000054 ], [ -67.025743130999956, 10.611186134000036 ], [ -67.025802612999939, 10.611134087000039 ], [ -67.025882912999975, 10.611062709000066 ], [ -67.025936446999935, 10.611000253000043 ], [ -67.02598700599998, 10.61094077100006 ], [ -67.026039052999977, 10.61092887500007 ], [ -67.026073254999972, 10.610945232000063 ], [ -67.026086638999971, 10.610992818000057 ], [ -67.026050948999966, 10.611044864000064 ] ] ] } },
{ "type": "Feature", "properties": { "Shape_Leng": 0.0024056890876200001, "Shape_Area": 2.8405068867200001e-07, "Confidence": "Possible", "Type": "Landslide", "SubtypeLS": "Lateral Spread", "SubtypeLQ": null, "SubtypeGR": null, "Comments": "Possible lateral spread on the beach", "Source": "B1600011017A8610 - RadiantEarth - 06/26/2026", "Access": "From road", "Impact": null, "ID": 30, "Longitude": -67.009044536999994, "Latitude": 10.612634883 }, "geometry": { "type": "Polygon", "coordinates": [ [ [ -67.009046512999987, 10.613012167000022 ], [ -67.009028856999976, 10.612965085000042 ], [ -67.008944500999974, 10.612796373000037 ], [ -67.008927825999933, 10.612759099000073 ], [ -67.008802272999958, 10.612553114000036 ], [ -67.008752247999951, 10.612500146000059 ], [ -67.008701241999972, 10.612455026000021 ], [ -67.008650236999983, 10.61240990500005 ], [ -67.008579612999938, 10.612356937000072 ], [ -67.008581574999937, 10.612340262000032 ], [ -67.008609038999964, 10.612323587000049 ], [ -67.008650236999983, 10.612317702000041 ], [ -67.008704184999942, 10.612317702000041 ], [ -67.008786578999946, 10.612327511000046 ], [ -67.008840527999951, 10.612333396000054 ], [ -67.008913112999949, 10.612349090000066 ], [ -67.008982755999966, 10.612361842000041 ], [ -67.009047493999958, 10.612380478000034 ], [ -67.009094575999939, 10.612399115000073 ], [ -67.009149505999972, 10.612415790000057 ], [ -67.009214243999963, 10.612439331000076 ], [ -67.009231899999975, 10.612442274000045 ], [ -67.009276039999975, 10.612457968000058 ], [ -67.009323121999955, 10.612489356000026 ], [ -67.009331949999932, 10.612535458000025 ], [ -67.00933783499994, 10.612580579000053 ], [ -67.009329987999934, 10.612668858000063 ], [ -67.009302523999963, 10.612816971000029 ], [ -67.009229937999976, 10.612934677000055 ], [ -67.009203454999977, 10.612978817000055 ], [ -67.009193645999972, 10.612999416000036 ], [ -67.009188740999946, 10.613023938000026 ], [ -67.009178931999941, 10.613054345000023 ], [ -67.009170103999963, 10.613075924000043 ], [ -67.009148524999944, 10.613089657000046 ], [ -67.009119098999975, 10.613095542000053 ], [ -67.00908770999996, 10.613079848000041 ], [ -67.009067111999968, 10.613054345000023 ], [ -67.009046512999987, 10.613012167000022 ] ] ] } },
{ "type": "Feature", "properties": { "Shape_Leng": 0.00060280435155800002, "Shape_Area": 1.3542286618e-08, "Confidence": "Questionable", "Type": "Ground Rupture", "SubtypeLS": null, "SubtypeLQ": null, "SubtypeGR": "Fracture", "Comments": null, "Source": "B1600011017A8610 - RadiantEarth - 06/26/2026", "Access": "From road", "Impact": "Small", "ID": 31, "Longitude": -67.00858688, "Latitude": 10.6117345094 }, "geometry": { "type": "Polygon", "coordinates": [ [ [ -67.008630968999967, 10.611818595000045 ], [ -67.00865633799998, 10.611866514000042 ], [ -67.008615935999956, 10.611861816000044 ], [ -67.008594324999933, 10.61183644700003 ], [ -67.008572714999957, 10.611775374000047 ], [ -67.008550164999974, 10.611723698000048 ], [ -67.008530433999965, 10.61166920200003 ], [ -67.008535131999963, 10.611628800000062 ], [ -67.008546406999983, 10.611617525000042 ], [ -67.008573654999964, 10.611617525000042 ], [ -67.008585868999944, 10.61163349800006 ], [ -67.008600901999955, 10.611679537000043 ], [ -67.008625330999962, 10.611757522000062 ], [ -67.008630968999967, 10.611818595000045 ] ] ] } },
{ "type": "Feature", "properties": { "Shape_Leng": 0.00188423440359, "Shape_Area": 1.4286757431e-07, "Confidence": "Likely", "Type": "Liquefaction", "SubtypeLS": null, "SubtypeLQ": "Sand Boils/Ejecta", "SubtypeGR": null, "Comments": null, "Source": "B1600011017A8610 - RadiantEarth - 06/26/2026", "Access": "From road", "Impact": null, "ID": 32, "Longitude": -67.0146361181, "Latitude": 10.614273407000001 }, "geometry": { "type": "Polygon", "coordinates": [ [ [ -67.014741355999945, 10.613904053000056 ], [ -67.014722269999936, 10.614576441000054 ], [ -67.014722269999936, 10.614674803000071 ], [ -67.014534353999977, 10.614626356000031 ], [ -67.014537289999964, 10.614577909000047 ], [ -67.014541694999934, 10.613906989000043 ], [ -67.014741355999945, 10.613904053000056 ] ] ] } },
{ "type": "Feature", "properties": { "Shape_Leng": 0.00126436939353, "Shape_Area": 1.19204731472e-07, "Confidence": "Questionable", "Type": "Liquefaction", "SubtypeLS": null, "SubtypeLQ": "Sand Boils/Ejecta", "SubtypeGR": null, "Comments": "From Mark Stringer (Univ. of Canturbury, NZ): Many fallen buildings around and potential sings of liquefaction in the area", "Source": "Drone footage https://www.instagram.com/reel/DaJtdMwt4mY/", "Access": "From road", "Impact": null, "ID": 33, "Longitude": -67.013952504599999, "Latitude": 10.609266077099999 }, "geometry": { "type": "Polygon", "coordinates": [ [ [ -67.014178340999933, 10.609359107000046 ], [ -67.014049882999984, 10.609443981000027 ], [ -67.013967302999959, 10.609446275000039 ], [ -67.013882427999988, 10.609427924000045 ], [ -67.013827374999948, 10.609391222000056 ], [ -67.013795259999938, 10.609361401000058 ], [ -67.013756263999937, 10.609294878000071 ], [ -67.013742500999967, 10.609244412000066 ], [ -67.013753969999982, 10.609143481000046 ], [ -67.013825080999936, 10.60909072100003 ], [ -67.013912248999986, 10.609079251000026 ], [ -67.014049882999984, 10.609125129000063 ], [ -67.014127875999975, 10.609193946000062 ], [ -67.014162283999951, 10.609265057000073 ], [ -67.014178340999933, 10.609359107000046 ] ] ] } },
{ "type": "Feature", "properties": { "Shape_Leng": 0.0019999449100100001, "Shape_Area": 1.96313378051e-07, "Confidence": "Likely", "Type": "Liquefaction", "SubtypeLS": null, "SubtypeLQ": "Sand Boils/Ejecta", "SubtypeGR": null, "Comments": "Sand ejecta and cracks, possible lateral spread", "Source": "B1600011017A8610 - RadiantEarth - 06/26/2026", "Access": "From road", "Impact": null, "ID": 34, "Longitude": -66.9993321165, "Latitude": 10.611212711 }, "geometry": { "type": "Polygon", "coordinates": [ [ [ -66.999279151999986, 10.611647601000072 ], [ -66.999221802999955, 10.611679512000023 ], [ -66.999202846999935, 10.611690061000047 ], [ -66.999177361999955, 10.611630707000074 ], [ -66.999174470999947, 10.611537412000075 ], [ -66.999174402999984, 10.611438461000034 ], [ -66.999224408999964, 10.611349623000024 ], [ -66.999199694999959, 10.61121509700007 ], [ -66.999162836999972, 10.611062454000034 ], [ -66.999182564999956, 10.610971971000026 ], [ -66.999250383999936, 10.61092386200005 ], [ -66.999354952999965, 10.610870074000047 ], [ -66.999485012999969, 10.610884121000026 ], [ -66.999521851999987, 10.611008492000053 ], [ -66.999538903999962, 10.611138530000062 ], [ -66.999530454999956, 10.611186598000074 ], [ -66.999490928999933, 10.611265786000047 ], [ -66.999400555999955, 10.61140720700007 ], [ -66.999321489999943, 10.611545793000062 ], [ -66.999279151999986, 10.611647601000072 ] ] ] } },
{ "type": "Feature", "properties": { "Shape_Leng": 0.0027621142768499999, "Shape_Area": 1.6838895528000001e-07, "Confidence": "Likely", "Type": "Liquefaction", "SubtypeLS": null, "SubtypeLQ": "Ground Cracks", "SubtypeGR": null, "Comments": null, "Source": "B1600011017A8610 - RadiantEarth - 06/26/2026", "Access": "From road", "Impact": null, "ID": 35, "Longitude": -67.002306352999994, "Latitude": 10.611303827 }, "geometry": { "type": "Polygon", "coordinates": [ [ [ -67.002261505999968, 10.611246322000056 ], [ -67.00230821699995, 10.611213124000074 ], [ -67.002353394999943, 10.611143747000028 ], [ -67.002397052999981, 10.611054772000045 ], [ -67.002450677999946, 10.610989413000027 ], [ -67.002499598999975, 10.610994697000024 ], [ -67.002539709999951, 10.611031749000063 ], [ -67.002552046999938, 10.611073401000056 ], [ -67.00252373099994, 10.611165103000076 ], [ -67.002475475999972, 10.611254866000024 ], [ -67.002404782999974, 10.611336016000052 ], [ -67.002320266999959, 10.61138956700006 ], [ -67.002258486999949, 10.611405711000032 ], [ -67.002223643999969, 10.611403438000025 ], [ -67.002152885999976, 10.611389682000038 ], [ -67.002121799999941, 10.611351740000032 ], [ -67.001569267999969, 10.610838254000043 ], [ -67.001691329999971, 10.610767317000068 ], [ -67.002170159999935, 10.611248459000024 ], [ -67.002261505999968, 10.611246322000056 ] ] ] } },
{ "type": "Feature", "properties": { "Shape_Leng": 0.0062283204355200001, "Shape_Area": 6.5905006861399999e-07, "Confidence": "Likely", "Type": "Liquefaction", "SubtypeLS": null, "SubtypeLQ": "Sand Boils/Ejecta", "SubtypeGR": null, "Comments": "Sand ejecta and cracks", "Source": "B1600011017A8610 - RadiantEarth - 06/26/2026", "Access": "From road", "Impact": "Port", "ID": 36, "Longitude": -66.945953395000004, "Latitude": 10.601116217 }, "geometry": { "type": "Polygon", "coordinates": [ [ [ -66.947218397999961, 10.601276676000055 ], [ -66.946781476999945, 10.601269570000056 ], [ -66.946485312999982, 10.601343826000061 ], [ -66.945840990999955, 10.601262809000048 ], [ -66.944690003999938, 10.602059673000042 ], [ -66.944623322999973, 10.602011584000024 ], [ -66.944584744999986, 10.601965884000037 ], [ -66.946073988999956, 10.600866463000045 ], [ -66.946847977999937, 10.601054769000029 ], [ -66.946918340999957, 10.601073234000069 ], [ -66.947010922999937, 10.601095387000044 ], [ -66.947159040999964, 10.60111009600007 ], [ -66.947288671999956, 10.60116554800004 ], [ -66.947322044999964, 10.601235876000032 ], [ -66.947218397999961, 10.601276676000055 ] ] ] } },
{ "type": "Feature", "properties": { "Shape_Leng": 0.0041994521767900004, "Shape_Area": 7.2959854850099997e-07, "Confidence": "Likely", "Type": "Ground Settlement", "SubtypeLS": "Lateral Spread", "SubtypeLQ": null, "SubtypeGR": null, "Comments": "Damaged and demolished bridges. Field verified. Differential settlement", "Source": "B1600011017A8610 - RadiantEarth - 06/26/2026", "Access": "From road", "Impact": "Critial transportation routes", "ID": 37, "Longitude": -66.851457119200006, "Latitude": 10.618503391300001 }, "geometry": { "type": "Polygon", "coordinates": [ [ [ -66.851710928999978, 10.618200241000068 ], [ -66.851571874999934, 10.61930936300007 ], [ -66.851114508999956, 10.619293088000063 ], [ -66.85126306899997, 10.618224245000022 ], [ -66.851305252999964, 10.617746637000039 ], [ -66.851893206999932, 10.617759095000054 ], [ -66.851710928999978, 10.618200241000068 ] ] ] } },
{ "type": "Feature", "properties": { "Shape_Leng": 0.0023051069710299998, "Shape_Area": 2.0727643199500001e-07, "Confidence": "Likely", "Type": "Liquefaction", "SubtypeLS": null, "SubtypeLQ": "Ground Cracks", "SubtypeGR": null, "Comments": "Subsidence, possible lateral spread", "Source": "B1600011017A8610 - RadiantEarth - 06/26/2026", "Access": "From road", "Impact": "Small", "ID": 38, "Longitude": -66.845173115199998, "Latitude": 10.6216477839 }, "geometry": { "type": "Polygon", "coordinates": [ [ [ -66.845407227999942, 10.622035008000069 ], [ -66.844711146999941, 10.621364128000039 ], [ -66.844818937999946, 10.621280472000024 ], [ -66.845560715999966, 10.62174910400006 ], [ -66.845407227999942, 10.622035008000069 ] ] ] } },
{ "type": "Feature", "properties": { "Shape_Leng": 0.00183473527639, "Shape_Area": 1.3835988274000001e-07, "Confidence": "Possible", "Type": "Liquefaction", "SubtypeLS": null, "SubtypeLQ": "Sand Boils/Ejecta", "SubtypeGR": null, "Comments": null, "Source": "B1600011017A8610 - RadiantEarth - 06/26/2026", "Access": "From road", "Impact": "Small", "ID": 39, "Longitude": -66.843197341199996, "Latitude": 10.6209478859 }, "geometry": { "type": "Polygon", "coordinates": [ [ [ -66.84355149299995, 10.620949706000033 ], [ -66.843023131999985, 10.621090271000071 ], [ -66.842980022999939, 10.621133440000051 ], [ -66.842971957999964, 10.621168496000053 ], [ -66.842970522999963, 10.621213798000042 ], [ -66.842939643999955, 10.62122783500007 ], [ -66.842874862999963, 10.621122727000056 ], [ -66.842952899999943, 10.620898888000056 ], [ -66.843454288999965, 10.620744861000048 ], [ -66.84355149299995, 10.620949706000033 ] ] ] } },
{ "type": "Feature", "properties": { "Shape_Leng": 0.0030765504968400001, "Shape_Area": 2.9209515588599999e-07, "Confidence": "Likely", "Type": "Liquefaction", "SubtypeLS": null, "SubtypeLQ": "Ground Cracks", "SubtypeGR": null, "Comments": "Possible lateral spread", "Source": "B1600011017A8610 - RadiantEarth - 06/26/2026", "Access": "From road", "Impact": null, "ID": 40, "Longitude": -66.946676032599996, "Latitude": 10.6068692624 }, "geometry": { "type": "Polygon", "coordinates": [ [ [ -66.947334907999959, 10.607291410000073 ], [ -66.947322720999978, 10.607359931000076 ], [ -66.94724931099995, 10.60735508700003 ], [ -66.947117144999936, 10.607303794000075 ], [ -66.946975174999977, 10.607228038000073 ], [ -66.946253024999976, 10.606753840000067 ], [ -66.946279882999988, 10.606670629000064 ], [ -66.94622839699997, 10.606521405000024 ], [ -66.946277256999963, 10.606408816000055 ], [ -66.946370252999941, 10.606430774000046 ], [ -66.946583235999981, 10.606584780000048 ], [ -66.946796273999951, 10.606819534000067 ], [ -66.947031360999972, 10.607093422000048 ], [ -66.947334907999959, 10.607291410000073 ] ] ] } },
{ "type": "Feature", "properties": { "Shape_Leng": 0.024678725847899999, "Shape_Area": 7.3728697286299999e-06, "Confidence": "Possible", "Type": "Liquefaction", "SubtypeLS": null, "SubtypeLQ": "Sand Boils/Ejecta", "SubtypeGR": null, "Comments": "With cracks", "Source": "B1600011017A8610 - RadiantEarth - 06/26/2026", "Access": "From road", "Impact": "Port", "ID": 41, "Longitude": -66.940096816999997, "Latitude": 10.603071924 }, "geometry": { "type": "Polygon", "coordinates": [ [ [ -66.945729163999943, 10.605076566000037 ], [ -66.94541615199995, 10.60579554800006 ], [ -66.943350799999962, 10.604615584000044 ], [ -66.938971746999982, 10.602952557000037 ], [ -66.934464468999977, 10.603042133000031 ], [ -66.934620615999961, 10.602380829000026 ], [ -66.939005398999939, 10.602377825000076 ], [ -66.943740383999966, 10.604053303000057 ], [ -66.945729163999943, 10.605076566000037 ] ] ] } },
{ "type": "Feature", "properties": { "Shape_Leng": 0.00096536126737000003, "Shape_Area": 7.1160777974300001e-08, "Confidence": "Possible", "Type": "Liquefaction", "SubtypeLS": null, "SubtypeLQ": "Sand Boils/Ejecta", "SubtypeGR": null, "Comments": null, "Source": "B1600011017A8610 - RadiantEarth - 06/26/2026", "Access": "From road", "Impact": null, "ID": 42, "Longitude": -66.920099379600003, "Latitude": 10.6024651915 }, "geometry": { "type": "Polygon", "coordinates": [ [ [ -66.92014914899994, 10.602616718000036 ], [ -66.920040334999953, 10.602610814000059 ], [ -66.920004448999975, 10.602589315000046 ], [ -66.919982901999958, 10.602553459000035 ], [ -66.91996493399995, 10.602506838000068 ], [ -66.919955345999938, 10.602474560000076 ], [ -66.919951725999965, 10.602426734000062 ], [ -66.919957678999936, 10.602389663000054 ], [ -66.919980368999973, 10.602346602000068 ], [ -66.920019816999968, 10.602332226000044 ], [ -66.920064051999987, 10.60232263000006 ], [ -66.920122643999946, 10.602324981000038 ], [ -66.92015732699997, 10.602335719000052 ], [ -66.920225502999983, 10.602365565000071 ], [ -66.92025902599994, 10.602427720000037 ], [ -66.920238748999964, 10.602501868000047 ], [ -66.920206514999961, 10.602574828000058 ], [ -66.92014914899994, 10.602616718000036 ] ] ] } },
{ "type": "Feature", "properties": { "Shape_Leng": 0.0065724310374099997, "Shape_Area": 1.00667249165e-06, "Confidence": "Likely", "Type": "Landslide", "SubtypeLS": "Lateral Spread", "SubtypeLQ": null, "SubtypeGR": null, "Comments": "Visible cracks, apparent ejecta", "Source": "B1600011017A8610 - RadiantEarth - 06/26/2026", "Access": "From road", "Impact": null, "ID": 43, "Longitude": -66.891075935399996, "Latitude": 10.610302670599999 }, "geometry": { "type": "Polygon", "coordinates": [ [ [ -66.890941424999937, 10.610229457000059 ], [ -66.891079119999972, 10.610078747000045 ], [ -66.891204023999933, 10.609969705000026 ], [ -66.891335352999988, 10.609883091000029 ], [ -66.891537176999975, 10.609786815000064 ], [ -66.891713340999956, 10.609658511000021 ], [ -66.891879872999937, 10.609501372000068 ], [ -66.892023933999951, 10.609289770000032 ], [ -66.892136009999945, 10.60916471400003 ], [ -66.89232836399998, 10.609279948000051 ], [ -66.892344608999963, 10.609603600000071 ], [ -66.892253471999936, 10.60971362600003 ], [ -66.892116813999962, 10.609736272000021 ], [ -66.891965755999934, 10.609785465000073 ], [ -66.891763435999962, 10.609865257000024 ], [ -66.891552935999982, 10.609983725000063 ], [ -66.891206684999986, 10.610297982000077 ], [ -66.891143172999932, 10.610396471000058 ], [ -66.891087847999984, 10.610470342000042 ], [ -66.890979288999972, 10.610675511000068 ], [ -66.890930165999976, 10.610821161000047 ], [ -66.890753875999962, 10.610954593000031 ], [ -66.890637004999974, 10.611001845000033 ], [ -66.89053858699998, 10.611040880000076 ], [ -66.890407654999933, 10.611099069000034 ], [ -66.89030134099994, 10.611155022000048 ], [ -66.890175166999938, 10.611165924000034 ], [ -66.890083222999976, 10.611147961000029 ], [ -66.890038134999941, 10.611113743000033 ], [ -66.889993023999978, 10.611045275000038 ], [ -66.889982131999943, 10.610933523000028 ], [ -66.889996480999969, 10.610828963000074 ], [ -66.890052290999961, 10.61072617700006 ], [ -66.890154978999988, 10.610639583000022 ], [ -66.89034780999998, 10.610574558000053 ], [ -66.890562247999981, 10.610471664000045 ], [ -66.89074925999995, 10.610389818000044 ], [ -66.890941424999937, 10.610229457000059 ] ] ] } },
{ "type": "Feature", "properties": { "Shape_Leng": 0.0024469159783400002, "Shape_Area": 2.3238862489499999e-07, "Confidence": "Possible", "Type": "Liquefaction", "SubtypeLS": null, "SubtypeLQ": "Sand Boils/Ejecta", "SubtypeGR": null, "Comments": null, "Source": "B1600011017A8610 - RadiantEarth - 06/26/2026", "Access": "From road", "Impact": null, "ID": 44, "Longitude": -66.891280069800004, "Latitude": 10.6094654888 }, "geometry": { "type": "Polygon", "coordinates": [ [ [ -66.890921288999948, 10.609838767000042 ], [ -66.89080015899998, 10.609656316000041 ], [ -66.891613993999954, 10.609089699000037 ], [ -66.891747450999958, 10.609302906000039 ], [ -66.890921288999948, 10.609838767000042 ] ] ] } },
{ "type": "Feature", "properties": { "Shape_Leng": 0.00264316876823, "Shape_Area": 4.0249701397500001e-07, "Confidence": "Likely", "Type": "Landslide", "SubtypeLS": "Lateral Spread", "SubtypeLQ": null, "SubtypeGR": null, "Comments": null, "Source": "B1600011017A8610 - RadiantEarth - 06/26/2026", "Access": "From road", "Impact": null, "ID": 45, "Longitude": -66.8741476788, "Latitude": 10.6121744507 }, "geometry": { "type": "Polygon", "coordinates": [ [ [ -66.874373623999986, 10.61183746100005 ], [ -66.87439829799996, 10.611929737000025 ], [ -66.874414771999966, 10.612026120000053 ], [ -66.874414825999963, 10.612106106000056 ], [ -66.874429248999945, 10.612202490000072 ], [ -66.874460050999971, 10.612257845000045 ], [ -66.87451103799998, 10.612314587000071 ], [ -66.874521668999932, 10.612389063000023 ], [ -66.874470449999933, 10.612469084000054 ], [ -66.874432793999972, 10.612543582000058 ], [ -66.874411321999958, 10.612586061000059 ], [ -66.874388523999983, 10.612631165000039 ], [ -66.874365962999946, 10.612631180000051 ], [ -66.874341322999953, 10.612588127000038 ], [ -66.874333093999951, 10.612551216000043 ], [ -66.874331025999936, 10.612526606000074 ], [ -66.874322806999942, 10.612504052000077 ], [ -66.874289972999975, 10.612477412000032 ], [ -66.874222046999932, 10.612449541000046 ], [ -66.874096907999956, 10.612439696000024 ], [ -66.873953585999971, 10.612428420000072 ], [ -66.873833996999963, 10.612410931000056 ], [ -66.873767039999962, 10.612404813000069 ], [ -66.873748460999934, 10.612383439000041 ], [ -66.873746374999939, 10.612332167000034 ], [ -66.873746350999966, 10.612297301000069 ], [ -66.873775034999937, 10.612254212000039 ], [ -66.873811859999932, 10.612120876000063 ], [ -66.873832325999956, 10.61205728300007 ], [ -66.873860983999975, 10.611977276000061 ], [ -66.873891708999963, 10.611919829000044 ], [ -66.873936801999946, 10.611878779000051 ], [ -66.874002401999974, 10.611835665000058 ], [ -66.874068013999988, 10.611808957000051 ], [ -66.874168505999933, 10.611802736000072 ], [ -66.874287452999965, 10.61179240000007 ], [ -66.874373623999986, 10.61183746100005 ] ] ] } },
{ "type": "Feature", "properties": { "Shape_Leng": 0.0019909598709599999, "Shape_Area": 2.7171771217e-07, "Confidence": "Possible", "Type": "Liquefaction", "SubtypeLS": null, "SubtypeLQ": "Ground Cracks", "SubtypeGR": null, "Comments": "Apparent sand spouts", "Source": "B1600011017A8610 - RadiantEarth - 06/26/2026", "Access": "From road", "Impact": null, "ID": 46, "Longitude": -66.873436338900007, "Latitude": 10.611867181399999 }, "geometry": { "type": "Polygon", "coordinates": [ [ [ -66.87356170299995, 10.612205136000057 ], [ -66.873221227999977, 10.612176656000031 ], [ -66.873202722999963, 10.612108987000056 ], [ -66.873196482999958, 10.611981833000073 ], [ -66.873214845999939, 10.611842357000057 ], [ -66.873237304999975, 10.611694674000034 ], [ -66.873288521999939, 10.611612601000047 ], [ -66.873370493999971, 10.611516151000046 ], [ -66.873501756999985, 10.611520163000023 ], [ -66.873649464999971, 10.611579539000047 ], [ -66.873678248999965, 10.611682066000071 ], [ -66.873668064999947, 10.611786671000061 ], [ -66.873623146999932, 10.61208203700005 ], [ -66.87356170299995, 10.612205136000057 ] ] ] } },
{ "type": "Feature", "properties": { "Shape_Leng": 0.00248222722414, "Shape_Area": 2.5739201429299998e-07, "Confidence": "Likely", "Type": "Liquefaction", "SubtypeLS": null, "SubtypeLQ": "Ground Cracks", "SubtypeGR": null, "Comments": "Possible susidence", "Source": "B1600011017A8610 - RadiantEarth - 06/26/2026", "Access": "From road", "Impact": null, "ID": 47, "Longitude": -66.849330669400004, "Latitude": 10.6195385758 }, "geometry": { "type": "Polygon", "coordinates": [ [ [ -66.849122728999987, 10.619636639000021 ], [ -66.848795113999984, 10.619632319000061 ], [ -66.848764835999987, 10.619616443000041 ], [ -66.848744073999967, 10.619587073000048 ], [ -66.84873799099995, 10.619538680000062 ], [ -66.848740567999982, 10.619515343000046 ], [ -66.848756157999958, 10.61949131700004 ], [ -66.848929583999961, 10.619443892000049 ], [ -66.849157519999949, 10.619409327000028 ], [ -66.849353207999968, 10.619389838000075 ], [ -66.84952739199997, 10.619372514000077 ], [ -66.849677929999984, 10.619370260000039 ], [ -66.849755388999938, 10.61942612200005 ], [ -66.849776928999972, 10.619475570000077 ], [ -66.849766206999959, 10.619520740000041 ], [ -66.849764105999952, 10.619593860000066 ], [ -66.849744802999965, 10.619669143000067 ], [ -66.849699687999987, 10.619737992000069 ], [ -66.849641638999969, 10.61976168800004 ], [ -66.849583575999986, 10.619766029000061 ], [ -66.849495747999981, 10.619680067000047 ], [ -66.849310902999946, 10.619636510000021 ], [ -66.849122728999987, 10.619636639000021 ] ] ] } },
{ "type": "Feature", "properties": { "Shape_Leng": 0.0044433554685299999, "Shape_Area": 9.34267937695e-07, "Confidence": "Likely", "Type": "Landslide", "SubtypeLS": "Lateral Spread", "SubtypeLQ": null, "SubtypeGR": null, "Comments": null, "Source": "B1600011017A8610 - RadiantEarth - 06/26/2026", "Access": "From road", "Impact": null, "ID": 48, "Longitude": -66.847777684299999, "Latitude": 10.619944147 }, "geometry": { "type": "Polygon", "coordinates": [ [ [ -66.848204869999961, 10.619483099000036 ], [ -66.84839194999995, 10.619455013000049 ], [ -66.848555386999976, 10.61944629900006 ], [ -66.848621260999948, 10.619454928000039 ], [ -66.848669395999934, 10.619489232000035 ], [ -66.848713308999947, 10.619549848000077 ], [ -66.848716417999981, 10.619587092000074 ], [ -66.848705348999943, 10.619621723000023 ], [ -66.848685351999961, 10.619655388000069 ], [ -66.848648006999952, 10.619659142000046 ], [ -66.848523280999984, 10.619669980000026 ], [ -66.848402872999941, 10.619704471000034 ], [ -66.848293229999967, 10.619756160000065 ], [ -66.848192213999937, 10.619844403000059 ], [ -66.848099812999976, 10.619951994000076 ], [ -66.848069753999937, 10.620022983000069 ], [ -66.848033279999981, 10.620147741000039 ], [ -66.848037674999944, 10.620285375000037 ], [ -66.848050651999984, 10.620392894000076 ], [ -66.847936717999971, 10.620459640000036 ], [ -66.84778188599995, 10.620472649000021 ], [ -66.847607693999976, 10.62047922000005 ], [ -66.847444249999967, 10.620477181000069 ], [ -66.847300151999946, 10.620462226000029 ], [ -66.847214110999971, 10.620436478000045 ], [ -66.847149564999938, 10.620393511000032 ], [ -66.847145229999967, 10.620344051000075 ], [ -66.847162364999974, 10.620242963000067 ], [ -66.847181661999969, 10.620156927000039 ], [ -66.847191609999982, 10.620123685000067 ], [ -66.847210889999985, 10.620065003000036 ], [ -66.847295752999969, 10.619806718000063 ], [ -66.847314715999971, 10.619733245000077 ], [ -66.847332810999944, 10.619652858000052 ], [ -66.847354375999942, 10.619594075000066 ], [ -66.847400156999981, 10.619559473000038 ], [ -66.847452860999965, 10.619537831000059 ], [ -66.84752027199994, 10.619536921000076 ], [ -66.847617930999945, 10.619535990000031 ], [ -66.847712997999963, 10.619537653000066 ], [ -66.847830540999951, 10.619546215000071 ], [ -66.848047897999948, 10.619511164000073 ], [ -66.848204869999961, 10.619483099000036 ] ] ] } },
{ "type": "Feature", "properties": { "Shape_Leng": 0.0030831776425399998, "Shape_Area": 4.8856770814699996e-07, "Confidence": "Likely", "Type": "Landslide", "SubtypeLS": "Debris Flow", "SubtypeLQ": null, "SubtypeGR": null, "Comments": "Apparent reactivation", "Source": "B1600011017A8610 - RadiantEarth - 06/26/2026", "Access": "Hard", "Impact": "Small", "ID": 49, "Longitude": -66.809352454399999, "Latitude": 10.6062488951 }, "geometry": { "type": "Polygon", "coordinates": [ [ [ -66.80989698999997, 10.606110829000045 ], [ -66.810064305999958, 10.606182400000023 ], [ -66.810064345999933, 10.606242138000027 ], [ -66.809998666999945, 10.606289973000059 ], [ -66.809873262999986, 10.60635577100004 ], [ -66.809765762999973, 10.606397661000074 ], [ -66.80956269099994, 10.606451564000054 ], [ -66.809317781999937, 10.606475627000066 ], [ -66.809019099999944, 10.606487779000076 ], [ -66.808851821999951, 10.60646997300006 ], [ -66.808738278999954, 10.606410312000037 ], [ -66.808708339999953, 10.606308778000027 ], [ -66.808744113999978, 10.606207199000039 ], [ -66.808833662999973, 10.606123505000028 ], [ -66.808965672999932, 10.606121931000075 ], [ -66.809203952999951, 10.605997802000047 ], [ -66.809669916999951, 10.606009430000029 ], [ -66.80989698999997, 10.606110829000045 ] ] ] } },
{ "type": "Feature", "properties": { "Shape_Leng": 0.0060670742081100001, "Shape_Area": 1.2442871393599999e-06, "Confidence": "Likely", "Type": "Landslide", "SubtypeLS": "Slide", "SubtypeLQ": null, "SubtypeGR": null, "Comments": "Complex, with tension cracks, possible to retrogress", "Source": "B1600011017A8610 - RadiantEarth - 06/26/2026", "Access": "From road", "Impact": "Uphill housing and downhill road", "ID": 50, "Longitude": -67.024947059599995, "Latitude": 10.6048543952 }, "geometry": { "type": "Polygon", "coordinates": [ [ [ -67.024082844999953, 10.605117722000045 ], [ -67.024047312999983, 10.605107597000028 ], [ -67.023929138999961, 10.605105903000037 ], [ -67.023843004999947, 10.605091387000073 ], [ -67.023784697999986, 10.605079502000024 ], [ -67.023758190999956, 10.605068920000065 ], [ -67.02372504799996, 10.605042443000059 ], [ -67.023701172999949, 10.605005360000064 ], [ -67.023689222999963, 10.60496826900004 ], [ -67.023693511999966, 10.604879856000025 ], [ -67.023697493999975, 10.604797053000027 ], [ -67.023705531999951, 10.604738481000027 ], [ -67.023711548999984, 10.604677891000051 ], [ -67.023721610999985, 10.604625377000048 ], [ -67.023745801999951, 10.604562755000075 ], [ -67.023765963999949, 10.604514272000074 ], [ -67.023794513999974, 10.604512348000071 ], [ -67.023862928999961, 10.60455459700006 ], [ -67.023901323999951, 10.604588902000046 ], [ -67.023937687999933, 10.604607053000052 ], [ -67.024004348999938, 10.604631242000039 ], [ -67.024044753999988, 10.604653429000052 ], [ -67.024109396999961, 10.60467963800005 ], [ -67.024143790999972, 10.604673954000077 ], [ -67.024208359999989, 10.604687649000027 ], [ -67.024262901999975, 10.604709826000033 ], [ -67.024285134999957, 10.604736065000054 ], [ -67.024311631999979, 10.604730392000022 ], [ -67.024365934999935, 10.604764283000065 ], [ -67.024434602999975, 10.604770294000048 ], [ -67.024533560999942, 10.604772246000039 ], [ -67.024623936999944, 10.604747521000036 ], [ -67.024717322999948, 10.604749905000062 ], [ -67.024794173999965, 10.604727252000032 ], [ -67.024837026999933, 10.604714620000038 ], [ -67.025256439999964, 10.604608169000073 ], [ -67.026035807999961, 10.604361253000036 ], [ -67.026102500999968, 10.604431891000047 ], [ -67.026167173999966, 10.604502530000047 ], [ -67.026215686999933, 10.604567122000049 ], [ -67.026219761999982, 10.604619627000034 ], [ -67.026189512999963, 10.604684272000043 ], [ -67.026149167999961, 10.604750944000045 ], [ -67.026112856999987, 10.604809535000072 ], [ -67.02608866099996, 10.604866099000049 ], [ -67.026058399999954, 10.604912569000021 ], [ -67.025973601999965, 10.604944939000063 ], [ -67.025868611999954, 10.604981363000036 ], [ -67.025769665999974, 10.604997586000025 ], [ -67.025668693999933, 10.605003714000077 ], [ -67.025620224999955, 10.605003747000069 ], [ -67.025541457999964, 10.604995723000059 ], [ -67.025486930999932, 10.604995761000055 ], [ -67.025420308999969, 10.605028119000053 ], [ -67.025379939999937, 10.605060459000072 ], [ -67.025303215999941, 10.605086765000067 ], [ -67.025246677999974, 10.605098921000035 ], [ -67.025169948999974, 10.605117149000023 ], [ -67.025127554999983, 10.605141413000069 ], [ -67.025101314999972, 10.60516162600004 ], [ -67.025069021999968, 10.605189921000033 ], [ -67.025034708999954, 10.605218218000061 ], [ -67.025000385999988, 10.605230359000075 ], [ -67.024931738999953, 10.605254640000055 ], [ -67.024749975999953, 10.605246687000033 ], [ -67.024559926999984, 10.605247244000054 ], [ -67.024371764999955, 10.605226173000062 ], [ -67.024248526999941, 10.605205057000035 ], [ -67.024138517999972, 10.605153459000064 ], [ -67.024082844999953, 10.605117722000045 ] ] ] } },
{ "type": "Feature", "properties": { "Shape_Leng": 0.0030332998350199999, "Shape_Area": 6.1365532696099995e-07, "Confidence": "Likely", "Type": "Landslide", "SubtypeLS": "Slide", "SubtypeLQ": null, "SubtypeGR": null, "Comments": "With tension cracks, possible to retrogress", "Source": "B1600011017A8610 - RadiantEarth - 06/26/2026", "Access": "From road", "Impact": "Uphill housing and downhill road", "ID": 51, "Longitude": -67.022656059200003, "Latitude": 10.604340323400001 }, "geometry": { "type": "Polygon", "coordinates": [ [ [ -67.022610442999962, 10.604000084000063 ], [ -67.022733634999952, 10.604002020000053 ], [ -67.022806337999953, 10.60400197000007 ], [ -67.02286894599996, 10.604005966000045 ], [ -67.022945690999961, 10.604009952000069 ], [ -67.02302042499997, 10.604026058000045 ], [ -67.023107267999933, 10.60403205700004 ], [ -67.023139606999962, 10.604070405000073 ], [ -67.023145727999974, 10.604161280000028 ], [ -67.023137725999959, 10.604272359000049 ], [ -67.023117585999955, 10.604353154000023 ], [ -67.023093409999944, 10.604437991000054 ], [ -67.023085394999953, 10.604530895000039 ], [ -67.023061219999988, 10.604617751000035 ], [ -67.02302287599997, 10.604656148000061 ], [ -67.022984516999941, 10.604674350000039 ], [ -67.022895670999958, 10.604692587000045 ], [ -67.022780555999987, 10.604690646000051 ], [ -67.022647272999961, 10.604698816000052 ], [ -67.022526105999987, 10.604704957000024 ], [ -67.022481675999984, 10.604704988000037 ], [ -67.022376656999938, 10.604699001000029 ], [ -67.022291827999936, 10.604686942000058 ], [ -67.022233219999976, 10.604626396000072 ], [ -67.022215008999979, 10.604573901000037 ], [ -67.022204860999977, 10.604501205000076 ], [ -67.022204812999973, 10.60443052100004 ], [ -67.022206782999945, 10.60435781700005 ], [ -67.022208740999986, 10.604268957000045 ], [ -67.022210706999942, 10.604190194000068 ], [ -67.022210657999949, 10.604119510000032 ], [ -67.02220859199997, 10.604050848000043 ], [ -67.022194418999959, 10.60399835000004 ], [ -67.022610442999962, 10.604000084000063 ] ] ] } },
{ "type": "Feature", "properties": { "Shape_Leng": 0.0045123319887199996, "Shape_Area": 2.34944372243e-07, "Confidence": "Questionable", "Type": "Ground Rupture", "SubtypeLS": null, "SubtypeLQ": null, "SubtypeGR": "Fracture", "Comments": "Linear pattern observed across multiple land-cover types: vegation, road, open ground", "Source": "B1600011017A8610 - RadiantEarth - 06/26/2026", "Access": "From road", "Impact": "Potential scientific interest", "ID": 52, "Longitude": -67.081613266299996, "Latitude": 10.5854609708 }, "geometry": { "type": "Polygon", "coordinates": [ [ [ -67.081817275999981, 10.584684487000061 ], [ -67.081485125999961, 10.586414886000057 ], [ -67.081355856999949, 10.586392299000067 ], [ -67.081509506999964, 10.58559400200005 ], [ -67.081606751999971, 10.585212980000051 ], [ -67.081704022999986, 10.584868239000059 ], [ -67.081710753999971, 10.584763925000061 ], [ -67.081742420999944, 10.584648256000037 ], [ -67.081789940999954, 10.584503098000027 ], [ -67.081823850999967, 10.584351146000074 ], [ -67.081871424999974, 10.584285353000041 ], [ -67.081919064999965, 10.584314800000072 ], [ -67.081914563999987, 10.584364690000029 ], [ -67.081887405999964, 10.584441806000029 ], [ -67.081855745999974, 10.584568813000033 ], [ -67.081817275999981, 10.584684487000061 ] ] ] } },
{ "type": "Feature", "properties": { "Shape_Leng": 0.0028045712637500002, "Shape_Area": 1.56192570701e-07, "Confidence": "Questionable", "Type": "Ground Rupture", "SubtypeLS": null, "SubtypeLQ": null, "SubtypeGR": "Fracture", "Comments": "Linerar pattern across", "Source": "B1600011017A8610 - RadiantEarth - 06/26/2026", "Access": "From road", "Impact": "Potential scientific interest", "ID": 53, "Longitude": -67.083235183499994, "Latitude": 10.5844979101 }, "geometry": { "type": "Polygon", "coordinates": [ [ [ -67.083148651999977, 10.585121220000076 ], [ -67.08302621699994, 10.585143980000055 ], [ -67.083311071999958, 10.583885271000042 ], [ -67.083442600999945, 10.583898787000066 ], [ -67.083148651999977, 10.585121220000076 ] ] ] } },
{ "type": "Feature", "properties": { "Shape_Leng": 0.0026570212215599998, "Shape_Area": 1.98843335162e-07, "Confidence": "Likely", "Type": "Landslide", "SubtypeLS": "Slide", "SubtypeLQ": null, "SubtypeGR": null, "Comments": null, "Source": "B1600011017A8610 - RadiantEarth - 06/26/2026", "Access": "From road", "Impact": "Uphill road", "ID": 54, "Longitude": -67.077817564699998, "Latitude": 10.5784129027 }, "geometry": { "type": "Polygon", "coordinates": [ [ [ -67.078331755999955, 10.578093765000062 ], [ -67.078394858999957, 10.578079383000045 ], [ -67.078441723999958, 10.578093892000027 ], [ -67.078475678999951, 10.578131534000022 ], [ -67.078263679999964, 10.578220037000051 ], [ -67.078039065999974, 10.57831864700006 ], [ -67.077880082999968, 10.578407114000072 ], [ -67.077796840999952, 10.578505627000027 ], [ -67.077743884999961, 10.578591497000048 ], [ -67.077706053999975, 10.578644538000049 ], [ -67.077673267999955, 10.578692526000054 ], [ -67.07765057499995, 10.578732934000072 ], [ -67.077617785999962, 10.578775873000041 ], [ -67.077569829999959, 10.578791053000032 ], [ -67.077521831999945, 10.57874312000007 ], [ -67.077466271999981, 10.578712864000067 ], [ -67.077435939999987, 10.578657345000067 ], [ -67.077428318999978, 10.57858918900007 ], [ -67.077463601999966, 10.578500806000022 ], [ -67.077556951999952, 10.578417434000073 ], [ -67.077637696999943, 10.578359314000068 ], [ -67.077700772999947, 10.578306256000076 ], [ -67.078018783999937, 10.578192436000052 ], [ -67.078218169999957, 10.578119088000051 ], [ -67.078331755999955, 10.578093765000062 ] ] ] } },
{ "type": "Feature", "properties": { "Shape_Leng": 0.0012302168756499999, "Shape_Area": 1.06634223447e-07, "Confidence": "Likely", "Type": "Landslide", "SubtypeLS": "Slide", "SubtypeLQ": null, "SubtypeGR": null, "Comments": null, "Source": "B1600011017A8610 - RadiantEarth - 06/26/2026", "Access": "Unknown", "Impact": "Small", "ID": 55, "Longitude": -67.078446694600004, "Latitude": 10.579368132800001 }, "geometry": { "type": "Polygon", "coordinates": [ [ [ -67.078329592999978, 10.579506080000044 ], [ -67.078300475999981, 10.579456014000073 ], [ -67.078295599999933, 10.579414009000061 ], [ -67.078302035999968, 10.57937522800006 ], [ -67.078319766999982, 10.579313820000039 ], [ -67.078326187999949, 10.579252420000046 ], [ -67.078335855999967, 10.57921525200004 ], [ -67.07836006499997, 10.579176459000053 ], [ -67.078382659999988, 10.579140898000048 ], [ -67.078411735999964, 10.579131184000062 ], [ -67.078442433999953, 10.579131163000056 ], [ -67.078479602999948, 10.579142448000027 ], [ -67.078508706999969, 10.579174742000021 ], [ -67.078529727999978, 10.579198962000021 ], [ -67.078568520999966, 10.579223171000024 ], [ -67.078583083999945, 10.579255475000025 ], [ -67.078596051999966, 10.579316862000042 ], [ -67.078597686999956, 10.579345944000067 ], [ -67.078596096999945, 10.579383106000023 ], [ -67.078591276999987, 10.579421885000045 ], [ -67.078580000999978, 10.579471979000061 ], [ -67.07855256199997, 10.579512390000048 ], [ -67.078529968999987, 10.579551182000046 ], [ -67.07850898099997, 10.57957381600005 ], [ -67.078479909999942, 10.579591609000033 ], [ -67.078429824999944, 10.579593259000035 ], [ -67.078366809999977, 10.579588455000021 ], [ -67.078329592999978, 10.579506080000044 ] ] ] } },
{ "type": "Feature", "properties": { "Shape_Leng": 0.0045205991276199998, "Shape_Area": 9.4770998329200005e-07, "Confidence": "Likely", "Type": "Landslide", "SubtypeLS": "Slide", "SubtypeLQ": null, "SubtypeGR": null, "Comments": "With tension cracks, possible to retrogress", "Source": "B1600011017A8610 - RadiantEarth - 06/26/2026", "Access": "From road", "Impact": "Uphill housing", "ID": 56, "Longitude": -67.021038951400001, "Latitude": 10.6047599008 }, "geometry": { "type": "Polygon", "coordinates": [ [ [ -67.021768640999937, 10.604662313000063 ], [ -67.021661310999946, 10.604712770000049 ], [ -67.021644627999933, 10.60472061300004 ], [ -67.021603983999967, 10.604739721000044 ], [ -67.021575994999978, 10.604752879000046 ], [ -67.021562544999938, 10.604759202000025 ], [ -67.021541860999946, 10.604754046000039 ], [ -67.021519381999951, 10.604747874000054 ], [ -67.021456045999969, 10.604769615000066 ], [ -67.02140643599995, 10.60480480700005 ], [ -67.021374402999982, 10.604836884000065 ], [ -67.021333063999975, 10.604870001000052 ], [ -67.021292764999941, 10.604912425000066 ], [ -67.021219384999938, 10.604965211000035 ], [ -67.02115441899997, 10.605035013000077 ], [ -67.021081132999939, 10.605079482000065 ], [ -67.020895884999959, 10.605191887000046 ], [ -67.020809403999976, 10.60522564200005 ], [ -67.020764602999975, 10.60525195200006 ], [ -67.020717045999959, 10.605264393000027 ], [ -67.020658949999984, 10.60527687900003 ], [ -67.020627135999973, 10.605294498000035 ], [ -67.020599195999978, 10.605309971000054 ], [ -67.020585445999984, 10.605332237000027 ], [ -67.020575432999976, 10.605337907000035 ], [ -67.020569384999988, 10.605370913000058 ], [ -67.020549112999959, 10.605382891000033 ], [ -67.020528939999963, 10.605394811000053 ], [ -67.020474748999959, 10.605406777000042 ], [ -67.020430730999976, 10.605432104000045 ], [ -67.020403767999937, 10.605429788000038 ], [ -67.020390406999979, 10.605437301000052 ], [ -67.020365586999958, 10.605432148000034 ], [ -67.020336015999987, 10.605379045000063 ], [ -67.020319828999959, 10.605335432000061 ], [ -67.020298779999962, 10.605269203000034 ], [ -67.020285814999966, 10.605212663000032 ], [ -67.020264776999966, 10.605162591000067 ], [ -67.020253411999988, 10.605081814000073 ], [ -67.020259826999961, 10.605012335000026 ], [ -67.02026462699996, 10.604942858000072 ], [ -67.02030012299997, 10.604871743000047 ], [ -67.020367919999956, 10.604781218000028 ], [ -67.020484244999977, 10.604774676000034 ], [ -67.020605394999961, 10.604735816000073 ], [ -67.020681313999944, 10.604708297000059 ], [ -67.020762069999932, 10.604667850000055 ], [ -67.020833119999963, 10.604608021000047 ], [ -67.020902550999949, 10.604544961000045 ], [ -67.020962288999954, 10.604483524000045 ], [ -67.021009106999941, 10.604428559000041 ], [ -67.021059148999939, 10.604363897000042 ], [ -67.021122112999933, 10.604294379000066 ], [ -67.021189940999989, 10.604249093000021 ], [ -67.021275564999939, 10.604237725000075 ], [ -67.021332121999933, 10.604248996000024 ], [ -67.021401584999978, 10.604232792000062 ], [ -67.021459733999961, 10.604210132000048 ], [ -67.021522717999972, 10.604169697000032 ], [ -67.021580865999965, 10.604143806000025 ], [ -67.021669727999949, 10.604143745000044 ], [ -67.021703676999948, 10.604171188000066 ], [ -67.021734407999986, 10.604219638000075 ], [ -67.021771594999962, 10.604258389000051 ], [ -67.021807208999974, 10.604358537000053 ], [ -67.021842823999975, 10.604460301000074 ], [ -67.021875199999954, 10.604550758000073 ], [ -67.021867156999974, 10.604602465000028 ], [ -67.021830023999939, 10.604644499000074 ], [ -67.021768640999937, 10.604662313000063 ] ] ] } },
{ "type": "Feature", "properties": { "Shape_Leng": 0.00366811102978, "Shape_Area": 6.8544022687600005e-07, "Confidence": "Likely", "Type": "Landslide", "SubtypeLS": "Slide", "SubtypeLQ": null, "SubtypeGR": null, "Comments": "With tension cracks, possible to retrogress", "Source": "B1600011017A8610 - RadiantEarth - 06/26/2026", "Access": "From road", "Impact": "Uphill housing and downhill container yard", "ID": 57, "Longitude": -67.019594339299999, "Latitude": 10.6053324871 }, "geometry": { "type": "Polygon", "coordinates": [ [ [ -67.019776482999987, 10.605085574000043 ], [ -67.01993046299998, 10.605062748000023 ], [ -67.020035930999939, 10.605012972000054 ], [ -67.020119235999971, 10.604973655000038 ], [ -67.020188735999966, 10.605010768000056 ], [ -67.020221123999988, 10.605118997000034 ], [ -67.020242197999949, 10.605222387000026 ], [ -67.020260023999981, 10.605299928000022 ], [ -67.020287527999983, 10.605354842000054 ], [ -67.020290793999948, 10.605404927000052 ], [ -67.020252030999984, 10.605424341000059 ], [ -67.020195507999972, 10.605463157000031 ], [ -67.020158373999948, 10.605501959000037 ], [ -67.020101842999964, 10.605527848000065 ], [ -67.020035608999933, 10.605542435000075 ], [ -67.019914452999956, 10.605571600000076 ], [ -67.019832062999967, 10.605586198000026 ], [ -67.01971574099997, 10.605597587000034 ], [ -67.01965112399995, 10.605613788000028 ], [ -67.019568736999986, 10.605631617000029 ], [ -67.019478260999961, 10.605636527000058 ], [ -67.01940394099995, 10.605638193000061 ], [ -67.019310228999984, 10.605635026000073 ], [ -67.019253678999974, 10.605633449000038 ], [ -67.019158371999936, 10.605660981000028 ], [ -67.019134142999974, 10.605670692000047 ], [ -67.019080818999953, 10.605661034000036 ], [ -67.019019413999956, 10.605648151000025 ], [ -67.018946291999953, 10.605631438000046 ], [ -67.01891597599996, 10.605598640000039 ], [ -67.018913411999961, 10.605540578000046 ], [ -67.018928521999953, 10.605487553000046 ], [ -67.01898400999994, 10.605411779000065 ], [ -67.019031917999939, 10.605328438000072 ], [ -67.019082340999944, 10.605229947000055 ], [ -67.019117611999945, 10.605123893000041 ], [ -67.019145311999978, 10.605022894000058 ], [ -67.019168001999958, 10.604977437000059 ], [ -67.019205839999984, 10.604934494000076 ], [ -67.019264563999968, 10.60493701200005 ], [ -67.019306866999955, 10.605002587000058 ], [ -67.019347288999938, 10.605045476000043 ], [ -67.019589667999981, 10.605083178000029 ], [ -67.019776482999987, 10.605085574000043 ] ] ] } },
{ "type": "Feature", "properties": { "Shape_Leng": 0.0039775291500599996, "Shape_Area": 5.7040482818800004e-07, "Confidence": "Possible", "Type": "Landslide", "SubtypeLS": "Lateral Spread", "SubtypeLQ": null, "SubtypeGR": null, "Comments": null, "Source": "B1600011017A8610 - RadiantEarth - 06/26/2026", "Access": "From road", "Impact": null, "ID": 58, "Longitude": -66.841431078200003, "Latitude": 10.619933033300001 }, "geometry": { "type": "Polygon", "coordinates": [ [ [ -66.842139650999968, 10.620516555000052 ], [ -66.842161161999968, 10.620580942000061 ], [ -66.842167051999979, 10.620631678000052 ], [ -66.842145606999964, 10.620664870000041 ], [ -66.842100722999987, 10.620666852000056 ], [ -66.842030447999946, 10.620639578000066 ], [ -66.841958176999981, 10.620547904000034 ], [ -66.841883967999934, 10.620475747000057 ], [ -66.841780489999962, 10.620409465000023 ], [ -66.841714111999977, 10.620372431000021 ], [ -66.84163992699996, 10.620335402000023 ], [ -66.841614506999974, 10.620263212000054 ], [ -66.841573478999976, 10.620196887000077 ], [ -66.841487564999966, 10.620130593000056 ], [ -66.841395802999955, 10.620074060000036 ], [ -66.84124937699994, 10.619988292000073 ], [ -66.841173234999985, 10.619943458000023 ], [ -66.841026901999953, 10.61987853200003 ], [ -66.840925715999958, 10.619853621000061 ], [ -66.840875735999987, 10.61982492900006 ], [ -66.840825750999954, 10.619788742000026 ], [ -66.840789500999961, 10.619745052000042 ], [ -66.840769485999942, 10.619700101000035 ], [ -66.840748217999987, 10.619648907000055 ], [ -66.840743189999955, 10.619602698000051 ], [ -66.840760648999947, 10.619563967000033 ], [ -66.840804334999973, 10.619520222000062 ], [ -66.840858018999938, 10.619487711000033 ], [ -66.840925444999982, 10.619458938000037 ], [ -66.840979147999974, 10.619452656000021 ], [ -66.841062824999938, 10.619443856000032 ], [ -66.841094038999984, 10.619427597000026 ], [ -66.841158991999976, 10.619435047000024 ], [ -66.841255181999941, 10.619459961000075 ], [ -66.841351386999975, 10.619507357000032 ], [ -66.841398883999943, 10.619557284000052 ], [ -66.841435157999967, 10.619634698000027 ], [ -66.841491402999964, 10.619693362000021 ], [ -66.841525142999956, 10.619718319000071 ], [ -66.841612238999971, 10.619800693000059 ], [ -66.841741147999983, 10.619954778000022 ], [ -66.841864182999984, 10.620081546000051 ], [ -66.841967724999961, 10.620241503000045 ], [ -66.842100565999942, 10.620438519000061 ], [ -66.842139650999968, 10.620516555000052 ] ] ] } },
{ "type": "Feature", "properties": { "Shape_Leng": 0.00098949687968999996, "Shape_Area": 3.1794120337600001e-08, "Confidence": "Likely", "Type": "Liquefaction", "SubtypeLS": null, "SubtypeLQ": "Ground Cracks", "SubtypeGR": null, "Comments": "Possible subsidence", "Source": "B1600011017A8610 - RadiantEarth - 06/26/2026", "Access": "From road", "Impact": "Nearby building", "ID": 59, "Longitude": -66.842429618500006, "Latitude": 10.6208154421 }, "geometry": { "type": "Polygon", "coordinates": [ [ [ -66.842538017999971, 10.620879273000071 ], [ -66.842367804999981, 10.620848445000036 ], [ -66.842301849999956, 10.620836500000053 ], [ -66.842253033999953, 10.620797502000073 ], [ -66.84222568399997, 10.620756538000023 ], [ -66.842245178999974, 10.620727251000062 ], [ -66.842286161999937, 10.620727223000074 ], [ -66.842350583999973, 10.62075645300007 ], [ -66.842432567999936, 10.620783718000041 ], [ -66.842612137999936, 10.620822627000052 ], [ -66.842676562999941, 10.620855759000051 ], [ -66.842653159999941, 10.620879194000054 ], [ -66.842538017999971, 10.620879273000071 ] ] ] } },
{ "type": "Feature", "properties": { "Shape_Leng": 0.0034763178245499999, "Shape_Area": 7.5412113229200001e-07, "Confidence": "Likely", "Type": "Liquefaction", "SubtypeLS": null, "SubtypeLQ": "Ground Cracks", "SubtypeGR": null, "Comments": "Possible subsidence", "Source": "B1600011017A8610 - RadiantEarth - 06/26/2026", "Access": "From road", "Impact": "Nearby building", "ID": 60, "Longitude": -66.843200454799998, "Latitude": 10.6197370517 }, "geometry": { "type": "Polygon", "coordinates": [ [ [ -66.842751647999933, 10.619358860000034 ], [ -66.842852299999947, 10.619350759000042 ], [ -66.842987757999936, 10.619366210000067 ], [ -66.843101004999937, 10.619372793000025 ], [ -66.843232023999974, 10.619392688000062 ], [ -66.843334182999968, 10.619419263000054 ], [ -66.843434129999935, 10.619459162000055 ], [ -66.843542972999956, 10.619519040000057 ], [ -66.843627394999942, 10.619585595000046 ], [ -66.84372069799997, 10.619649924000043 ], [ -66.843827344999966, 10.619745330000057 ], [ -66.843869576999964, 10.619809694000026 ], [ -66.843894048999971, 10.619878511000024 ], [ -66.843880764999938, 10.619934031000071 ], [ -66.84384972099997, 10.619996225000023 ], [ -66.843809784999962, 10.620042882000064 ], [ -66.843740991999937, 10.620102881000037 ], [ -66.843627767999976, 10.620129604000056 ], [ -66.843430155999954, 10.620140841000023 ], [ -66.843294693999951, 10.620118730000058 ], [ -66.84318142099994, 10.620074398000042 ], [ -66.843043721999948, 10.620027863000075 ], [ -66.842875015999937, 10.619971566000061 ], [ -66.84274030499995, 10.619893596000054 ], [ -66.842697784999984, 10.61980148400005 ], [ -66.842649066999968, 10.619754731000057 ], [ -66.842524336999986, 10.619635033000066 ], [ -66.842474682999978, 10.619587382000077 ], [ -66.842490264999981, 10.619542486000057 ], [ -66.842535090999945, 10.619454635000068 ], [ -66.842593591999957, 10.61938824200007 ], [ -66.842669679999972, 10.619355013000074 ], [ -66.842751647999933, 10.619358860000034 ] ] ] } },
{ "type": "Feature", "properties": { "Shape_Leng": 0.0031385370704600001, "Shape_Area": 3.5990249219400001e-07, "Confidence": "Possible", "Type": "Landslide", "SubtypeLS": "Lateral Spread", "SubtypeLQ": null, "SubtypeGR": null, "Comments": null, "Source": "B1600011017A8610 - RadiantEarth - 06/26/2026", "Access": "From road", "Impact": null, "ID": 61, "Longitude": -66.838639076299998, "Latitude": 10.617263278799999 }, "geometry": { "type": "Polygon", "coordinates": [ [ [ -66.838648103999958, 10.617371078000076 ], [ -66.838563724999972, 10.617330301000038 ], [ -66.838381721999951, 10.617236960000071 ], [ -66.838363079999965, 10.617230760000041 ], [ -66.83825571999995, 10.617195706000075 ], [ -66.838195216999964, 10.617187941000054 ], [ -66.838086272999988, 10.617189429000064 ], [ -66.83801174499996, 10.617150987000059 ], [ -66.838001966999968, 10.617121720000057 ], [ -66.838023401999976, 10.617074868000032 ], [ -66.838050696999971, 10.617035818000033 ], [ -66.838091653999982, 10.616998711000065 ], [ -66.83814627299995, 10.616961593000042 ], [ -66.838191135999978, 10.616928386000041 ], [ -66.838269180999987, 10.61690296200004 ], [ -66.838366761999964, 10.616906799000049 ], [ -66.83842726499995, 10.616914563000023 ], [ -66.838550261999956, 10.616984735000074 ], [ -66.838792354999953, 10.61713093700007 ], [ -66.838973955999961, 10.617284986000072 ], [ -66.839063809999971, 10.617403969000065 ], [ -66.839147810999975, 10.617526860000055 ], [ -66.839190855999959, 10.617688810000061 ], [ -66.839153840999984, 10.61778251100003 ], [ -66.839081633999967, 10.617784512000071 ], [ -66.839040633999957, 10.617759170000056 ], [ -66.838948824999989, 10.617634332000023 ], [ -66.838786910999943, 10.617465700000025 ], [ -66.838648103999958, 10.617371078000076 ] ] ] } },
{ "type": "Feature", "properties": { "Shape_Leng": 0.000817072951007, "Shape_Area": 5.0307700155700001e-08, "Confidence": "Possible", "Type": "Liquefaction", "SubtypeLS": null, "SubtypeLQ": "Sand Boils/Ejecta", "SubtypeGR": null, "Comments": null, "Source": "B1600011017A8610 - RadiantEarth - 06/26/2026", "Access": "From road", "Impact": null, "ID": 62, "Longitude": -66.825446732800003, "Latitude": 10.614547160800001 }, "geometry": { "type": "Polygon", "coordinates": [ [ [ -66.825475173999962, 10.614683042000024 ], [ -66.825367824999944, 10.614663600000029 ], [ -66.825334613999985, 10.614612882000074 ], [ -66.825332627999956, 10.614562143000057 ], [ -66.825342342999988, 10.614499686000045 ], [ -66.825373528999933, 10.61444306900006 ], [ -66.825396921999982, 10.614405974000022 ], [ -66.825467179999976, 10.614407877000076 ], [ -66.825506226999948, 10.614431269000022 ], [ -66.825545288999933, 10.614476128000035 ], [ -66.825566791999961, 10.614528806000067 ], [ -66.825557083999968, 10.614601020000066 ], [ -66.825525894999942, 10.614653734000058 ], [ -66.825475173999962, 10.614683042000024 ] ] ] } },
{ "type": "Feature", "properties": { "Shape_Leng": 0.00079381304684900003, "Shape_Area": 3.9942248064600001e-08, "Confidence": "Possible", "Type": "Landslide", "SubtypeLS": "Slide", "SubtypeLQ": null, "SubtypeGR": null, "Comments": null, "Source": "B1600011017A8610 - RadiantEarth - 06/26/2026", "Access": "From road", "Impact": "Artifial alluvial fan drainage", "ID": 63, "Longitude": -66.781402090599997, "Latitude": 10.612020959100001 }, "geometry": { "type": "Polygon", "coordinates": [ [ [ -66.781380638999963, 10.612151857000072 ], [ -66.781334398999945, 10.612111920000075 ], [ -66.781309371999953, 10.612043242000027 ], [ -66.78130308599998, 10.611983295000073 ], [ -66.78130680199996, 10.611938328000065 ], [ -66.781323003999944, 10.611887108000076 ], [ -66.781367957999976, 10.611873338000066 ], [ -66.781386703999942, 10.611888314000055 ], [ -66.781414214999984, 10.611937006000062 ], [ -66.781442962999961, 10.611966962000054 ], [ -66.781501676999937, 10.611984408000069 ], [ -66.781535423999969, 10.612018108000029 ], [ -66.781537944999968, 10.612051829000052 ], [ -66.781507992999934, 10.612086821000048 ], [ -66.781483023999954, 10.612103076000039 ], [ -66.781433080999932, 10.612128090000056 ], [ -66.781380638999963, 10.612151857000072 ] ] ] } },
{ "type": "Feature", "properties": { "Shape_Leng": 0.00140905258324, "Shape_Area": 1.07712475363e-07, "Confidence": "Questionable", "Type": "Liquefaction", "SubtypeLS": null, "SubtypeLQ": "Ground Cracks", "SubtypeGR": null, "Comments": null, "Source": "B1600011017A8610 - RadiantEarth - 06/26/2026", "Access": "From airport", "Impact": "Airport runway", "ID": 64, "Longitude": -67.003082807499993, "Latitude": 10.603134671399999 }, "geometry": { "type": "Polygon", "coordinates": [ [ [ -67.003327827999954, 10.603233071000034 ], [ -67.002849294999976, 10.603260842000054 ], [ -67.002849129999959, 10.603018994000024 ], [ -67.003329400999974, 10.603025526000067 ], [ -67.003327827999954, 10.603233071000034 ] ] ] } },
{ "type": "Feature", "properties": { "Shape_Leng": 0.0040650285580799998, "Shape_Area": 6.2766984614799998e-07, "Confidence": "Possible", "Type": "Liquefaction", "SubtypeLS": null, "SubtypeLQ": "Ground Cracks", "SubtypeGR": null, "Comments": null, "Source": "B1600011017A8610 - RadiantEarth - 06/26/2026", "Access": "From airport", "Impact": "Airport runway", "ID": 65, "Longitude": -66.994063709499997, "Latitude": 10.6026188199 }, "geometry": { "type": "Polygon", "coordinates": [ [ [ -66.994909654999958, 10.602775829000052 ], [ -66.993272181999941, 10.602841272000035 ], [ -66.993226350999976, 10.602447334000033 ], [ -66.994890644999941, 10.602411354000026 ], [ -66.994909654999958, 10.602775829000052 ] ] ] } },
{ "type": "Feature", "properties": { "Shape_Leng": 0.0018845629789, "Shape_Area": 2.20389759378e-07, "Confidence": "Likely", "Type": "Liquefaction", "SubtypeLS": null, "SubtypeLQ": "Ground Cracks", "SubtypeGR": null, "Comments": null, "Source": "B1600011017A8610 - RadiantEarth - 06/26/2026", "Access": "From airport", "Impact": "Airport yard", "ID": 66, "Longitude": -67.0037338976, "Latitude": 10.6008848112 }, "geometry": { "type": "Polygon", "coordinates": [ [ [ -67.003509950999955, 10.60117808900003 ], [ -67.003444583999965, 10.600903695000056 ], [ -67.003454805999979, 10.600802489000046 ], [ -67.003485639999951, 10.600742435000029 ], [ -67.003533641999979, 10.600706382000055 ], [ -67.003603963999979, 10.600702903000069 ], [ -67.003763472999935, 10.600690787000076 ], [ -67.003943567999954, 10.600683803000038 ], [ -67.004051628999946, 10.600683729000025 ], [ -67.004104827999981, 10.600723143000039 ], [ -67.004098000999988, 10.60077289000003 ], [ -67.004068884999981, 10.60083637300005 ], [ -67.004024324999932, 10.600887861000047 ], [ -67.003948905999948, 10.600963383000021 ], [ -67.003847760999975, 10.601042354000072 ], [ -67.003740393999976, 10.601090753000051 ], [ -67.003626564999934, 10.601145420000023 ], [ -67.003509950999955, 10.60117808900003 ] ] ] } },
{ "type": "Feature", "properties": { "Shape_Leng": 0.0027101323564800001, "Shape_Area": 3.2246722051800001e-07, "Confidence": "Possible", "Type": "Liquefaction", "SubtypeLS": null, "SubtypeLQ": "Sand Boils/Ejecta", "SubtypeGR": null, "Comments": null, "Source": "B1600011017A8610 - RadiantEarth - 06/26/2026", "Access": "From airport", "Impact": "Airport facilities", "ID": 67, "Longitude": -67.011935595400004, "Latitude": 10.604506220099999 }, "geometry": { "type": "Polygon", "coordinates": [ [ [ -67.011827220999976, 10.604698561000021 ], [ -67.011462872999971, 10.604729865000024 ], [ -67.011446064999973, 10.604371717000049 ], [ -67.01253914199998, 10.604323352000051 ], [ -67.012439936999954, 10.604569784000034 ], [ -67.011827220999976, 10.604698561000021 ] ] ] } },
{ "type": "Feature", "properties": { "Shape_Leng": 0.00096748797469, "Shape_Area": 5.4825636047600003e-08, "Confidence": "Likely", "Type": "Landslide", "SubtypeLS": "Slide", "SubtypeLQ": null, "SubtypeGR": null, "Comments": null, "Source": "B15000110186C610 - RadiantEarth - 06/27/2026", "Access": "From road", "Impact": "Uphill road", "ID": 68, "Longitude": -67.013154358700007, "Latitude": 10.6112234004 }, "geometry": { "type": "Polygon", "coordinates": [ [ [ -67.013150300999939, 10.611057960000039 ], [ -67.013210606999962, 10.611063949000027 ], [ -67.013228711999943, 10.61108504200007 ], [ -67.013234785999941, 10.611149862000048 ], [ -67.013233328999945, 10.611223732000042 ], [ -67.013245421999954, 10.611270457000046 ], [ -67.013249961999975, 10.611296082000024 ], [ -67.013245476999941, 10.611351864000028 ], [ -67.01322891999996, 10.611389564000035 ], [ -67.013203311999973, 10.611418225000023 ], [ -67.013171660999944, 10.611428799000066 ], [ -67.013139986999988, 10.611406208000062 ], [ -67.01312186399997, 10.611357979000047 ], [ -67.013108265999961, 10.611314270000037 ], [ -67.013082599999962, 10.611258509000038 ], [ -67.013072031999968, 10.611237410000058 ], [ -67.013052408999954, 10.61119973600006 ], [ -67.013032789999954, 10.61116959800006 ], [ -67.013022215999968, 10.611137947000032 ], [ -67.013022198999977, 10.611113827000054 ], [ -67.013150300999939, 10.611057960000039 ] ] ] } },
{ "type": "Feature", "properties": { "Shape_Leng": 0.0011629169262, "Shape_Area": 1.00550477875e-07, "Confidence": "Possible", "Type": "Landslide", "SubtypeLS": "Slide", "SubtypeLQ": null, "SubtypeGR": null, "Comments": "Apparent retrogression", "Source": "B15000110186C610 - RadiantEarth - 06/27/2026", "Access": "From road", "Impact": null, "ID": 69, "Longitude": -67.010906674099999, "Latitude": 10.611558991500001 }, "geometry": { "type": "Polygon", "coordinates": [ [ [ -67.011107977999984, 10.611621669000044 ], [ -67.011021429999971, 10.61168041600007 ], [ -67.010972362999951, 10.611713722000047 ], [ -67.010844216999942, 10.611706272000049 ], [ -67.010767317999978, 10.611685219000037 ], [ -67.010720556999956, 10.611644548000072 ], [ -67.010696390999954, 10.611578233000046 ], [ -67.010699370999987, 10.611526975000061 ], [ -67.01072196299998, 10.611496808000027 ], [ -67.010762643999954, 10.611463615000048 ], [ -67.01081236899995, 10.611428907000061 ], [ -67.010902803999954, 10.611404725000057 ], [ -67.010973649999983, 10.611392616000046 ], [ -67.011026425999944, 10.611410670000055 ], [ -67.011077728999965, 10.611478474000023 ], [ -67.011110948999942, 10.611558351000042 ], [ -67.011107977999984, 10.611621669000044 ] ] ] } },
{ "type": "Feature", "properties": { "Shape_Leng": 0.0015464979053600001, "Shape_Area": 6.4471469216099998e-08, "Confidence": "Likely", "Type": "Landslide", "SubtypeLS": "Slide", "SubtypeLQ": null, "SubtypeGR": null, "Comments": null, "Source": "B15000110186C610 - RadiantEarth - 06/27/2026", "Access": "From road", "Impact": "Main road", "ID": 70, "Longitude": -67.006847861599994, "Latitude": 10.6117479947 }, "geometry": { "type": "Polygon", "coordinates": [ [ [ -67.007180664999964, 10.611968077000029 ], [ -67.007047449999959, 10.611866862000056 ], [ -67.006947195999942, 10.611818737000021 ], [ -67.006871785999977, 10.611770500000034 ], [ -67.006796517999987, 10.611753185000055 ], [ -67.006717398999967, 10.611748415000022 ], [ -67.00665855799997, 10.611766787000022 ], [ -67.006582326999933, 10.611752367000065 ], [ -67.006558182999981, 10.611718615000029 ], [ -67.006556220999983, 10.611670375000074 ], [ -67.006581279999978, 10.611631765000027 ], [ -67.006658458999937, 10.611623029000043 ], [ -67.006753028999981, 10.611648049000053 ], [ -67.006888125999978, 10.611679796000033 ], [ -67.006988499999977, 10.611727968000025 ], [ -67.007110126999976, 10.611813754000025 ], [ -67.00716807799995, 10.611904408000044 ], [ -67.007180664999964, 10.611968077000029 ] ] ] } },
{ "type": "Feature", "properties": { "Shape_Leng": 0.0018546630846299999, "Shape_Area": 9.0712130147400005e-08, "Confidence": "Possible", "Type": "Liquefaction", "SubtypeLS": null, "SubtypeLQ": "Sand Boils/Ejecta", "SubtypeGR": null, "Comments": null, "Source": "B15000110186C610 - RadiantEarth - 06/27/2026", "Access": "From road", "Impact": null, "ID": 71, "Longitude": -66.997460307200001, "Latitude": 10.6115004161 }, "geometry": { "type": "Polygon", "coordinates": [ [ [ -66.997507193999979, 10.611906864000048 ], [ -66.997415184999966, 10.611836072000074 ], [ -66.997384976999967, 10.611751671000036 ], [ -66.99735471799994, 10.61159340100005 ], [ -66.997383227999933, 10.611398909000059 ], [ -66.997503603999974, 10.611068677000048 ], [ -66.997601649999979, 10.611150016000067 ], [ -66.997499278999953, 10.611356619000048 ], [ -66.997467780999955, 10.611590308000075 ], [ -66.997550878999959, 10.611858593000022 ], [ -66.997507193999979, 10.611906864000048 ] ] ] } },
{ "type": "Feature", "properties": { "Shape_Leng": 0.0010380598650900001, "Shape_Area": 8.0156639204499993e-08, "Confidence": "Possible", "Type": "Liquefaction", "SubtypeLS": null, "SubtypeLQ": "Sand Boils/Ejecta", "SubtypeGR": null, "Comments": null, "Source": "B15000110186C610 - RadiantEarth - 06/27/2026", "Access": "From road", "Impact": null, "ID": 72, "Longitude": -66.983818374500004, "Latitude": 10.6096612237 }, "geometry": { "type": "Polygon", "coordinates": [ [ [ -66.983861063999939, 10.609816214000034 ], [ -66.983725359999937, 10.609778618000064 ], [ -66.983661995999967, 10.609709315000032 ], [ -66.983655919999933, 10.609642988000076 ], [ -66.983661911999945, 10.609587205000025 ], [ -66.983689013999935, 10.609537438000075 ], [ -66.983770389999961, 10.609492156000044 ], [ -66.98385482499998, 10.609511696000027 ], [ -66.983910630999958, 10.609550854000076 ], [ -66.98395590399997, 10.609620169000038 ], [ -66.98399064299997, 10.609716628000058 ], [ -66.983968083999969, 10.609795035000047 ], [ -66.983861063999939, 10.609816214000034 ] ] ] } },
{ "type": "Feature", "properties": { "Shape_Leng": 0.00120403743585, "Shape_Area": 1.10336126576e-07, "Confidence": "Possible", "Type": "Liquefaction", "SubtypeLS": null, "SubtypeLQ": "Sand Boils/Ejecta", "SubtypeGR": null, "Comments": "Cracked pavement", "Source": "B15000110186C610 - RadiantEarth - 06/27/2026", "Access": "From road", "Impact": null, "ID": 73, "Longitude": -66.9814310366, "Latitude": 10.6091772005 }, "geometry": { "type": "Polygon", "coordinates": [ [ [ -66.981501090999984, 10.609350736000067 ], [ -66.981353483999953, 10.609366274000024 ], [ -66.981310060999988, 10.609357620000026 ], [ -66.981269514999951, 10.609323879000044 ], [ -66.981252127999937, 10.609293982000054 ], [ -66.981249199999979, 10.609245742000041 ], [ -66.981261701999983, 10.609184950000042 ], [ -66.981278054999962, 10.609113542000046 ], [ -66.981312742999933, 10.609046945000046 ], [ -66.981374455999969, 10.608995768000057 ], [ -66.981441982999968, 10.60898028400004 ], [ -66.98151048699998, 10.608983132000048 ], [ -66.981568402999983, 10.609020720000046 ], [ -66.98159738399994, 10.609073766000051 ], [ -66.981614803999946, 10.609151904000043 ], [ -66.981605206999973, 10.609226202000059 ], [ -66.981564723999952, 10.609284119000051 ], [ -66.981501090999984, 10.609350736000067 ] ] ] } },
{ "type": "Feature", "properties": { "Shape_Leng": 0.0024649911115999998, "Shape_Area": 6.5985665982699999e-08, "Confidence": "Possible", "Type": "Ground Rupture", "SubtypeLS": null, "SubtypeLQ": null, "SubtypeGR": "Fracture", "Comments": "Crack on pavement", "Source": "B15000110186C610 - RadiantEarth - 06/27/2026", "Access": "From road", "Impact": "Main road", "ID": 74, "Longitude": -66.968246229900004, "Latitude": 10.605438344 }, "geometry": { "type": "Polygon", "coordinates": [ [ [ -66.96837783999996, 10.605507188000047 ], [ -66.968014006999965, 10.605368503000022 ], [ -66.967676292999954, 10.605330141000024 ], [ -66.967674332999934, 10.605285761000061 ], [ -66.968005278999954, 10.605302901000073 ], [ -66.968393237999976, 10.605450253000072 ], [ -66.968815930999938, 10.605615356000044 ], [ -66.968791719999956, 10.605659309000032 ], [ -66.96837783999996, 10.605507188000047 ] ] ] } },
{ "type": "Feature", "properties": { "Shape_Leng": 0.000942007985798, "Shape_Area": 4.8495071019300001e-08, "Confidence": "Likely", "Type": "Liquefaction", "SubtypeLS": null, "SubtypeLQ": "Sand Boils/Ejecta", "SubtypeGR": null, "Comments": null, "Source": "B15000110186C610 - RadiantEarth - 06/27/2026", "Access": "From road", "Impact": "Port", "ID": 75, "Longitude": -66.949689083099997, "Latitude": 10.601866616100001 }, "geometry": { "type": "Polygon", "coordinates": [ [ [ -66.949825186999988, 10.601986858000032 ], [ -66.94956568899994, 10.601894793000042 ], [ -66.949493860999951, 10.601869309000051 ], [ -66.949504848999936, 10.601792011000043 ], [ -66.949674136999988, 10.601769812000043 ], [ -66.94982876399996, 10.60183595500007 ], [ -66.949869306999972, 10.601920579000023 ], [ -66.949825186999988, 10.601986858000032 ] ] ] } },
{ "type": "Feature", "properties": { "Shape_Leng": 0.0023511539320200002, "Shape_Area": 1.8386165408100001e-07, "Confidence": "Possible", "Type": "Landslide", "SubtypeLS": "Lateral Spread", "SubtypeLQ": null, "SubtypeGR": null, "Comments": "With sand ejecta towards the road", "Source": "B15000110186C610 - RadiantEarth - 06/27/2026", "Access": "From road", "Impact": null, "ID": 76, "Longitude": -67.010826796399996, "Latitude": 10.6128789806 }, "geometry": { "type": "Polygon", "coordinates": [ [ [ -67.010699360999979, 10.613086054000064 ], [ -67.010650240999951, 10.612945640000021 ], [ -67.010654170999942, 10.612880713000038 ], [ -67.010691183999938, 10.612754814000027 ], [ -67.010713603999989, 10.612601101000052 ], [ -67.010754617999964, 10.61251362400003 ], [ -67.010855280999976, 10.61246055600003 ], [ -67.010938723999971, 10.612416775000042 ], [ -67.011000983999963, 10.61239553200005 ], [ -67.011036771999954, 10.612415382000052 ], [ -67.011034146999975, 10.612451159000045 ], [ -67.010995758999968, 10.612505509000073 ], [ -67.010946764999971, 10.612549267000077 ], [ -67.01087393499995, 10.612612916000046 ], [ -67.010850805999951, 10.612675602000024 ], [ -67.010817031999977, 10.612717629000031 ], [ -67.010817061999944, 10.612761353000053 ], [ -67.010842274999959, 10.612816985000052 ], [ -67.010875428999952, 10.612860687000023 ], [ -67.010929792999946, 10.612917624000033 ], [ -67.010986791999983, 10.612954684000044 ], [ -67.011011972999938, 10.612963942000022 ], [ -67.011022603999947, 10.613008984000032 ], [ -67.011018652999951, 10.613044761000026 ], [ -67.010972303999949, 10.613081892000025 ], [ -67.01094848799994, 10.613129608000065 ], [ -67.010929975999943, 10.613185270000031 ], [ -67.010912787999985, 10.613239606000036 ], [ -67.010904866999965, 10.613280686000053 ], [ -67.010898262999945, 10.613312490000055 ], [ -67.010865145999958, 10.613323112000046 ], [ -67.010826713999961, 10.613311214000021 ], [ -67.010777649999966, 10.613254273000052 ], [ -67.010699360999979, 10.613086054000064 ] ] ] } },
{ "type": "Feature", "properties": { "Shape_Leng": 0.0062308909493700004, "Shape_Area": 2.4310556291200002e-06, "Confidence": "Possible", "Type": "Landslide", "SubtypeLS": "Slide", "SubtypeLQ": null, "SubtypeGR": null, "Comments": "Complex - mostly  anthropogenic fill", "Source": "B15000110186C610 - RadiantEarth - 06/27/2026", "Access": "From road", "Impact": "Small community", "ID": 77, "Longitude": -66.984194173199995, "Latitude": 10.533330767900001 }, "geometry": { "type": "Polygon", "coordinates": [ [ [ -66.984239257999945, 10.534328658000049 ], [ -66.984071701999937, 10.534332496000047 ], [ -66.983911571999954, 10.534306541000035 ], [ -66.983747674999961, 10.534217289000026 ], [ -66.983609871999988, 10.534168977000036 ], [ -66.98354280999996, 10.534113170000069 ], [ -66.983494367999981, 10.534061074000022 ], [ -66.983468226999946, 10.533949386000074 ], [ -66.983460710999964, 10.533848855000031 ], [ -66.983445724999967, 10.533714818000021 ], [ -66.983468030999973, 10.533662674000027 ], [ -66.983475408999936, 10.533562133000032 ], [ -66.983479065999973, 10.533465319000072 ], [ -66.98349389599997, 10.533372220000047 ], [ -66.983523633999937, 10.533297729000026 ], [ -66.983557081999948, 10.53320461800007 ], [ -66.983560748999935, 10.533122698000057 ], [ -66.983556969999938, 10.533040783000047 ], [ -66.983571819999952, 10.532977473000074 ], [ -66.98360155499995, 10.532899258000043 ], [ -66.983661069999982, 10.53280985300006 ], [ -66.983701985999971, 10.532746524000061 ], [ -66.983761510999955, 10.532672013000024 ], [ -66.983791248999978, 10.53259752200006 ], [ -66.983824698999967, 10.532508134000068 ], [ -66.983891663999941, 10.532422447000044 ], [ -66.983962387999952, 10.532388887000025 ], [ -66.984047980999947, 10.532318081000028 ], [ -66.984114958999953, 10.532251012000074 ], [ -66.984185638999975, 10.532154151000043 ], [ -66.984207918999971, 10.532064771000023 ], [ -66.984334523999962, 10.532072132000053 ], [ -66.98436434599995, 10.532120517000067 ], [ -66.984394179999981, 10.532187520000036 ], [ -66.984476130999951, 10.532235870000022 ], [ -66.98457299599994, 10.532313998000063 ], [ -66.984643809999966, 10.532410761000051 ], [ -66.98476687699997, 10.532689942000047 ], [ -66.984826537999936, 10.53281277800005 ], [ -66.984878740999989, 10.532920725000054 ], [ -66.984919809999951, 10.533080808000022 ], [ -66.984938544999977, 10.533252078000032 ], [ -66.984923734999938, 10.533374965000064 ], [ -66.984871701999964, 10.533516495000072 ], [ -66.984778682999945, 10.533617094000022 ], [ -66.984730332999959, 10.533699045000048 ], [ -66.984685721999938, 10.533803334000027 ], [ -66.984659720999957, 10.533896440000035 ], [ -66.984659858999976, 10.534097511000027 ], [ -66.984663686999966, 10.534250173000032 ], [ -66.984633979999955, 10.534369346000062 ], [ -66.984563291999962, 10.534455036000054 ], [ -66.984492546999945, 10.534458808000068 ], [ -66.984436663999986, 10.534414164000054 ], [ -66.984350983999946, 10.534358370000064 ], [ -66.984239257999945, 10.534328658000049 ] ] ] } },
{ "type": "Feature", "properties": { "Shape_Leng": 0.0015164449138, "Shape_Area": 1.5148092179599999e-07, "Confidence": "Likely", "Type": "Landslide", "SubtypeLS": "Slide", "SubtypeLQ": null, "SubtypeGR": null, "Comments": null, "Source": "B15000110186C610 - RadiantEarth - 06/27/2026", "Access": "From road", "Impact": "Small community", "ID": 78, "Longitude": -66.950640544699993, "Latitude": 10.5312253998 }, "geometry": { "type": "Polygon", "coordinates": [ [ [ -66.950833218999946, 10.531014947000074 ], [ -66.950875651999979, 10.531043193000073 ], [ -66.950898055999971, 10.531071454000028 ], [ -66.950903977999985, 10.531116219000069 ], [ -66.950874557999953, 10.531165722000026 ], [ -66.950843953999936, 10.531206978000057 ], [ -66.950814531999981, 10.531252946000052 ], [ -66.95077568399995, 10.53129892000004 ], [ -66.950743896999938, 10.531331930000022 ], [ -66.950716828999987, 10.531375540000056 ], [ -66.950680334999959, 10.531416800000045 ], [ -66.950616734999983, 10.531446298000049 ], [ -66.950550772999975, 10.531466371000022 ], [ -66.95051071599994, 10.531466399000067 ], [ -66.950456513999939, 10.531455833000052 ], [ -66.950430575999974, 10.531429931000048 ], [ -66.950415233999934, 10.531391063000058 ], [ -66.950409315999934, 10.531351010000037 ], [ -66.950404564999985, 10.531295640000053 ], [ -66.95040688399996, 10.531240265000065 ], [ -66.950422172999936, 10.53120137600007 ], [ -66.950457497999935, 10.531173076000073 ], [ -66.950521096999978, 10.531142401000068 ], [ -66.950577618999944, 10.531099949000065 ], [ -66.950618811999959, 10.531037479000076 ], [ -66.950651774999983, 10.531002112000067 ], [ -66.950685927999984, 10.530982060000042 ], [ -66.950746013999947, 10.530983197000069 ], [ -66.950833218999946, 10.531014947000074 ] ] ] } },
{ "type": "Feature", "properties": { "Shape_Leng": 0.00411156870889, "Shape_Area": 8.3102131579699997e-07, "Confidence": "Likely", "Type": "Landslide", "SubtypeLS": "Slide", "SubtypeLQ": null, "SubtypeGR": null, "Comments": "Reactivation", "Source": "B15000110186C610 - RadiantEarth - 06/27/2026", "Access": "From road", "Impact": "Small community uphill", "ID": 79, "Longitude": -66.968811939000005, "Latitude": 10.525861066 }, "geometry": { "type": "Polygon", "coordinates": [ [ [ -66.968854777999979, 10.526200290000077 ], [ -66.968774874999951, 10.526177674000053 ], [ -66.968644787999949, 10.526154893000069 ], [ -66.968550436999976, 10.52613494700006 ], [ -66.968413194999982, 10.526099307000038 ], [ -66.968307379999942, 10.526036488000045 ], [ -66.968247303999988, 10.52597363700005 ], [ -66.968164332999947, 10.525873639000054 ], [ -66.968108561999941, 10.525836514000048 ], [ -66.968062800999974, 10.525803670000073 ], [ -66.968018471999983, 10.525776543000063 ], [ -66.967986992999954, 10.525727967000023 ], [ -66.967968375999988, 10.525676523000072 ], [ -66.967966909999973, 10.525623637000024 ], [ -66.967974021999964, 10.525572176000026 ], [ -66.96798969799994, 10.525503556000047 ], [ -66.968011097999977, 10.525444938000021 ], [ -66.968069703999959, 10.525447756000062 ], [ -66.968166920999977, 10.525479136000058 ], [ -66.968255561999968, 10.52550909100006 ], [ -66.968341334999934, 10.525526185000047 ], [ -66.968492867999942, 10.525557527000046 ], [ -66.968627262999973, 10.525610321000045 ], [ -66.968705887999988, 10.525625990000037 ], [ -66.968790230999957, 10.525641655000072 ], [ -66.968808802999945, 10.525627349000047 ], [ -66.968854538999949, 10.525623030000077 ], [ -66.968907425999987, 10.525624423000068 ], [ -66.968966035999983, 10.525634388000071 ], [ -66.969006064999974, 10.525644366000051 ], [ -66.969036089999975, 10.525657210000077 ], [ -66.969077552999977, 10.52567433400003 ], [ -66.969103283999971, 10.525677175000055 ], [ -66.969183319999956, 10.525665685000035 ], [ -66.969271921999962, 10.52563989600003 ], [ -66.969331939999961, 10.525618414000064 ], [ -66.969419117999962, 10.525599773000067 ], [ -66.969510587999935, 10.525586846000067 ], [ -66.969536322999943, 10.525596834000055 ], [ -66.969566371999974, 10.525643982000076 ], [ -66.96957213099995, 10.525705441000071 ], [ -66.969566502999953, 10.525835516000029 ], [ -66.969550849999962, 10.525937011000053 ], [ -66.969530886999962, 10.526007063000066 ], [ -66.969485206999934, 10.526094284000067 ], [ -66.969448073999956, 10.52613862000004 ], [ -66.969389502999945, 10.526185829000042 ], [ -66.969329499999958, 10.52622875000003 ], [ -66.969255191999935, 10.526255959000025 ], [ -66.969152277999967, 10.52625603000007 ], [ -66.969031493999978, 10.526234745000068 ], [ -66.968854777999979, 10.526200290000077 ] ] ] } },
{ "type": "Feature", "properties": { "Shape_Leng": 0.0033101616740399999, "Shape_Area": 6.1327288326099998e-07, "Confidence": "Possible", "Type": "Landslide", "SubtypeLS": "Slide", "SubtypeLQ": null, "SubtypeGR": null, "Comments": null, "Source": "B15000110186C610 - RadiantEarth - 06/27/2026", "Access": "From small road", "Impact": "Small", "ID": 80, "Longitude": -66.959044383099993, "Latitude": 10.578662345 }, "geometry": { "type": "Polygon", "coordinates": [ [ [ -66.959729175999939, 10.578649028000029 ], [ -66.959799020999981, 10.578725752000025 ], [ -66.959771129999979, 10.578764157000023 ], [ -66.959659499999987, 10.578820067000038 ], [ -66.959530419999965, 10.578872500000045 ], [ -66.959359460999963, 10.578921472000047 ], [ -66.959164069999986, 10.578963482000063 ], [ -66.95901052399995, 10.578960097000049 ], [ -66.958884894999983, 10.578956694000055 ], [ -66.958698869999978, 10.578935614000045 ], [ -66.958598711999969, 10.57890803500004 ], [ -66.958494000999963, 10.578876700000023 ], [ -66.958438125999976, 10.578817414000071 ], [ -66.958431105999978, 10.578758095000069 ], [ -66.958434540999974, 10.57867783100005 ], [ -66.958462424999937, 10.578628957000035 ], [ -66.958563556999934, 10.578531178000048 ], [ -66.958640273999947, 10.578450864000047 ], [ -66.958706547999952, 10.578408943000056 ], [ -66.958832131999941, 10.578346044000057 ], [ -66.958957715999986, 10.578283144000068 ], [ -66.959055403999969, 10.578251671000032 ], [ -66.959181035999961, 10.578258564000066 ], [ -66.959247386999948, 10.578328311000064 ], [ -66.95926837199994, 10.578398090000064 ], [ -66.959299833999978, 10.578478330000053 ], [ -66.959383613999933, 10.578520148000052 ], [ -66.959488328999953, 10.578558462000046 ], [ -66.959579094999981, 10.578610744000059 ], [ -66.959729175999939, 10.578649028000029 ] ] ] } },
{ "type": "Feature", "properties": { "Shape_Leng": 0.0042372033896599997, "Shape_Area": 7.4271354770100003e-07, "Confidence": "Questionable", "Type": "Landslide", "SubtypeLS": "Debris Flow", "SubtypeLQ": null, "SubtypeGR": null, "Comments": "Questionable reactivation", "Source": "B15000110186C610 - RadiantEarth - 06/27/2026", "Access": "Hard", "Impact": "Small", "ID": 81, "Longitude": -66.956959425600004, "Latitude": 10.5787336201 }, "geometry": { "type": "Polygon", "coordinates": [ [ [ -66.957127629999945, 10.57889384300006 ], [ -66.956361115999982, 10.579260712000064 ], [ -66.956224766999981, 10.579209688000049 ], [ -66.956199126999934, 10.579090430000065 ], [ -66.956216036999933, 10.578902987000049 ], [ -66.956343702999959, 10.578715468000041 ], [ -66.95659066099995, 10.578553427000031 ], [ -66.956965476999983, 10.578485013000034 ], [ -66.957221036999954, 10.578442240000072 ], [ -66.957561738999971, 10.578322732000061 ], [ -66.957842850999953, 10.578271422000057 ], [ -66.957911077999938, 10.578373610000028 ], [ -66.957894137999972, 10.578518455000051 ], [ -66.957715284999949, 10.578603774000044 ], [ -66.95741719199998, 10.578740292000077 ], [ -66.957127629999945, 10.57889384300006 ] ] ] } },
{ "type": "Feature", "properties": { "Shape_Leng": 0.0026673679351499999, "Shape_Area": 3.4394435389199998e-07, "Confidence": "Likely", "Type": "Landslide", "SubtypeLS": "Debris Flow", "SubtypeLQ": null, "SubtypeGR": null, "Comments": null, "Source": "B15000110186C610 - RadiantEarth - 06/27/2026", "Access": "Hard", "Impact": "Small", "ID": 82, "Longitude": -66.953969671099998, "Latitude": 10.578713216000001 }, "geometry": { "type": "Polygon", "coordinates": [ [ [ -66.953926138999975, 10.578977538000061 ], [ -66.953804005999984, 10.578984601000059 ], [ -66.953687034999973, 10.57896977300004 ], [ -66.953615551999974, 10.578948382000021 ], [ -66.953571226999941, 10.578925543000025 ], [ -66.953529748999983, 10.57888697900006 ], [ -66.953498281999941, 10.578855554000029 ], [ -66.95346251899997, 10.578814128000033 ], [ -66.953458352999974, 10.578723115000059 ], [ -66.953496688999962, 10.578649807000033 ], [ -66.953747887999953, 10.57856937300005 ], [ -66.954093317999934, 10.578506323000056 ], [ -66.95439341499997, 10.578488669000023 ], [ -66.954462853999985, 10.578501843000026 ], [ -66.954532909999955, 10.578528953000045 ], [ -66.95459587299996, 10.578575771000033 ], [ -66.954595918999985, 10.578642074000072 ], [ -66.954466842999977, 10.578701487000046 ], [ -66.954229575999932, 10.57874352500005 ], [ -66.954145877999963, 10.578820354000072 ], [ -66.954048217999969, 10.578893703000062 ], [ -66.953926138999975, 10.578977538000061 ] ] ] } },
{ "type": "Feature", "properties": { "Shape_Leng": 0.00738092411126, "Shape_Area": 1.54534132113e-06, "Confidence": "Likely", "Type": "Landslide", "SubtypeLS": "Slide", "SubtypeLQ": null, "SubtypeGR": null, "Comments": "Large slide collapse, toe reaches the road, left flank confined by NS canopy gap alignment of unknown source", "Source": "B15000110186C610 - RadiantEarth - 06/27/2026", "Access": "From road", "Impact": "Road", "ID": 83, "Longitude": -66.971346999000005, "Latitude": 10.5703556548 }, "geometry": { "type": "Polygon", "coordinates": [ [ [ -66.972636693999959, 10.571396404000041 ], [ -66.97272159399995, 10.571443246000058 ], [ -66.972739484999977, 10.571478968000065 ], [ -66.972735054999987, 10.571532572000024 ], [ -66.97268818799995, 10.571581738000077 ], [ -66.972641306999947, 10.571610804000045 ], [ -66.972563140999966, 10.571613091000074 ], [ -66.972379972999988, 10.57156631600003 ], [ -66.972169990999987, 10.571499458000062 ], [ -66.971966692999956, 10.571410263000075 ], [ -66.971792436999976, 10.571332215000041 ], [ -66.971682931999965, 10.571229555000059 ], [ -66.971519761999957, 10.571033130000046 ], [ -66.971410635999973, 10.570873101000075 ], [ -66.971225536999953, 10.57065687000005 ], [ -66.971036960999982, 10.570458090000045 ], [ -66.970841409999935, 10.570266294000021 ], [ -66.970684237999933, 10.570064003000027 ], [ -66.970544537999956, 10.569896596000035 ], [ -66.97047811799996, 10.569725649000077 ], [ -66.970471001999954, 10.569526745000076 ], [ -66.970460413999945, 10.569352271000071 ], [ -66.970470679999949, 10.569055645000049 ], [ -66.970515982999984, 10.568964883000035 ], [ -66.970603242999971, 10.568992740000056 ], [ -66.970707937999975, 10.569116497000039 ], [ -66.970936118999987, 10.569386221000059 ], [ -66.971204787999966, 10.569703804000028 ], [ -66.971354179999935, 10.569965834000072 ], [ -66.971528593999949, 10.570160383000029 ], [ -66.97169648199997, 10.570429721000039 ], [ -66.971839712999952, 10.570656449000069 ], [ -66.971965484999942, 10.570869231000074 ], [ -66.971977262999985, 10.57092999300005 ], [ -66.97201161199996, 10.570994290000044 ], [ -66.972065971999939, 10.571060003000071 ], [ -66.972141779999959, 10.571135707000053 ], [ -66.972415544999933, 10.571279913000069 ], [ -66.972636693999959, 10.571396404000041 ] ] ] } },
{ "type": "Feature", "properties": { "Shape_Leng": 0.0024614061757300002, "Shape_Area": 1.5265032635600001e-07, "Confidence": "Possible", "Type": "Landslide", "SubtypeLS": "Debris Flow", "SubtypeLQ": null, "SubtypeGR": null, "Comments": "Possible reactivation", "Source": "B15000110186C610 - RadiantEarth - 06/27/2026", "Access": "From road", "Impact": "Road", "ID": 84, "Longitude": -67.000648925999997, "Latitude": 10.560213255000001 }, "geometry": { "type": "Polygon", "coordinates": [ [ [ -67.000945900999966, 10.560239218000049 ], [ -67.000981667999952, 10.56028832800007 ], [ -67.001004036999973, 10.560339680000027 ], [ -67.000968350999983, 10.560408939000069 ], [ -67.00092148799996, 10.560464805000038 ], [ -67.000843367999948, 10.560534093000058 ], [ -67.00081660099994, 10.560583245000032 ], [ -67.000778671999967, 10.560639105000064 ], [ -67.000740733999976, 10.560681565000039 ], [ -67.000709478999966, 10.56069945400003 ], [ -67.000673749999976, 10.560706178000032 ], [ -67.000646930999949, 10.560679396000069 ], [ -67.000666312999954, 10.560650860000067 ], [ -67.000708815999985, 10.560588282000026 ], [ -67.000738783999964, 10.560544160000063 ], [ -67.000769457999979, 10.560498998000071 ], [ -67.000799757999971, 10.56045438700005 ], [ -67.000835202999951, 10.560402200000055 ], [ -67.000838776999956, 10.560353193000026 ], [ -67.000814180999953, 10.560310776000051 ], [ -67.000720362999971, 10.560286273000031 ], [ -67.000613176999934, 10.560308680000048 ], [ -67.000566280999976, 10.560315413000069 ], [ -67.000470263999944, 10.560342279000054 ], [ -67.00039210999995, 10.560362433000023 ], [ -67.000325113999963, 10.560369179000077 ], [ -67.000293814999964, 10.560322299000063 ], [ -67.000325044999954, 10.560268677000067 ], [ -67.000385316999939, 10.560226202000024 ], [ -67.000436665999985, 10.560199366000063 ], [ -67.000537144999953, 10.560165797000025 ], [ -67.000624223999978, 10.560134470000037 ], [ -67.000684509999985, 10.560112095000022 ], [ -67.000729244999945, 10.560085572000048 ], [ -67.000763080999945, 10.560069082000041 ], [ -67.000797842999987, 10.560069058000067 ], [ -67.000823470999933, 10.560090081000055 ], [ -67.000862697999935, 10.560147820000054 ], [ -67.000945900999966, 10.560239218000049 ] ] ] } },
{ "type": "Feature", "properties": { "Shape_Leng": 0.00084691805419099999, "Shape_Area": 4.7885130827e-08, "Confidence": "Likely", "Type": "Landslide", "SubtypeLS": "Slide", "SubtypeLQ": null, "SubtypeGR": null, "Comments": null, "Source": "B15000110186C610 - RadiantEarth - 06/27/2026", "Access": "Hard", "Impact": "Lone home", "ID": 85, "Longitude": -67.017857047299998, "Latitude": 10.565478907499999 }, "geometry": { "type": "Polygon", "coordinates": [ [ [ -67.017948276999959, 10.565565369000069 ], [ -67.017922244999966, 10.565596177000032 ], [ -67.017882008999948, 10.565636468000037 ], [ -67.017857418999938, 10.565648344000067 ], [ -67.017838016999974, 10.565648358000033 ], [ -67.017826369999966, 10.565640120000069 ], [ -67.017822791999947, 10.565628219000075 ], [ -67.017819227999951, 10.565611642000022 ], [ -67.017819211999949, 10.565587958000037 ], [ -67.017808251999952, 10.565549953000072 ], [ -67.017782819999979, 10.565520122000066 ], [ -67.017761332999953, 10.565494919000059 ], [ -67.01773267599998, 10.565461305000042 ], [ -67.017730289999975, 10.565435254000022 ], [ -67.017743290999988, 10.565398534000053 ], [ -67.017778797999938, 10.565368904000024 ], [ -67.017819043999964, 10.565342823000037 ], [ -67.017862857999944, 10.565339240000071 ], [ -67.017893655999956, 10.565351062000047 ], [ -67.017919720999942, 10.565368807000027 ], [ -67.017943424999942, 10.56539721200005 ], [ -67.017956627999979, 10.565447462000066 ], [ -67.017962744999977, 10.565526280000029 ], [ -67.017961308999986, 10.565549282000063 ], [ -67.017948276999959, 10.565565369000069 ] ] ] } },
{ "type": "Feature", "properties": { "Shape_Leng": 0.00263612059018, "Shape_Area": 2.5327375621900001e-07, "Confidence": "Likely", "Type": "Landslide", "SubtypeLS": "Slide", "SubtypeLQ": null, "SubtypeGR": null, "Comments": "Possible reactivation", "Source": "B15000110186C610 - RadiantEarth - 06/27/2026", "Access": "Hard", "Impact": "Small", "ID": 86, "Longitude": -67.0171669952, "Latitude": 10.564005074400001 }, "geometry": { "type": "Polygon", "coordinates": [ [ [ -67.017672134999941, 10.564059888000031 ], [ -67.017744325999956, 10.56409869600003 ], [ -67.017761001999986, 10.564131991000068 ], [ -67.017759181999963, 10.564176401000054 ], [ -67.017718498999955, 10.564213436000045 ], [ -67.017603778999955, 10.564215365000052 ], [ -67.017403920999982, 10.564187747000062 ], [ -67.017331754999987, 10.56418409500003 ], [ -67.017231835999951, 10.564184164000039 ], [ -67.01715411899994, 10.564180516000022 ], [ -67.017070856999965, 10.564186124000059 ], [ -67.017007947999957, 10.564191718000075 ], [ -67.01694871899997, 10.564165854000066 ], [ -67.016904279999949, 10.564121476000025 ], [ -67.016867219999938, 10.56404378700006 ], [ -67.016854226999953, 10.563984584000025 ], [ -67.016824566999958, 10.563905039000076 ], [ -67.016787536999971, 10.563871758000062 ], [ -67.016752360999988, 10.563844027000073 ], [ -67.016730118999988, 10.563788532000046 ], [ -67.01673008399996, 10.563736722000044 ], [ -67.016731905999961, 10.563696013000026 ], [ -67.016757776999953, 10.563646035000033 ], [ -67.016804027999967, 10.563634902000047 ], [ -67.01686196299994, 10.56366326400007 ], [ -67.016904003999969, 10.563718099000027 ], [ -67.016968800999962, 10.563768014000061 ], [ -67.017031746999976, 10.563817931000074 ], [ -67.017085449999968, 10.563880806000043 ], [ -67.017156210999985, 10.563902405000022 ], [ -67.017263166999953, 10.563935053000023 ], [ -67.017383435999989, 10.563995324000075 ], [ -67.01752582599994, 10.564027168000052 ], [ -67.017672134999941, 10.564059888000031 ] ] ] } },
{ "type": "Feature", "properties": { "Shape_Leng": 0.0012078414455800001, "Shape_Area": 9.5895646866500001e-08, "Confidence": "Possible", "Type": "Landslide", "SubtypeLS": "Slide", "SubtypeLQ": null, "SubtypeGR": null, "Comments": "Possible reactivation, tension cracks", "Source": "B15000110186C610 - RadiantEarth - 06/27/2026", "Access": "Hard", "Impact": null, "ID": 87, "Longitude": -67.017289908199999, "Latitude": 10.5655675176 }, "geometry": { "type": "Polygon", "coordinates": [ [ [ -67.01742736999995, 10.56546534000006 ], [ -67.017481280999959, 10.565488209000023 ], [ -67.017500168999959, 10.56552457600003 ], [ -67.017501534999951, 10.565551522000021 ], [ -67.017475961999935, 10.565591961000052 ], [ -67.017462509999973, 10.565622961000031 ], [ -67.017443669999977, 10.565658006000035 ], [ -67.017440995999948, 10.565687650000029 ], [ -67.017443711999988, 10.565718638000021 ], [ -67.017427555999973, 10.565737512000055 ], [ -67.01741138899996, 10.56574021800003 ], [ -67.017391173999954, 10.565733495000075 ], [ -67.017365565999967, 10.565722734000076 ], [ -67.017310312999939, 10.565707950000046 ], [ -67.017263144999959, 10.56569316100007 ], [ -67.017230796999968, 10.565678362000028 ], [ -67.017186329999959, 10.565673003000029 ], [ -67.01715263899996, 10.565663594000057 ], [ -67.017112193999935, 10.56562993700004 ], [ -67.017091968999978, 10.56560974100006 ], [ -67.017063659999963, 10.565589549000038 ], [ -67.017052858999932, 10.565557219000027 ], [ -67.017086512999981, 10.565511385000036 ], [ -67.017136329999971, 10.56545880300007 ], [ -67.017178086999934, 10.565441258000021 ], [ -67.017214458999945, 10.565430454000023 ], [ -67.017272383999966, 10.565412899000023 ], [ -67.01734296099994, 10.565436779000038 ], [ -67.01742736999995, 10.56546534000006 ] ] ] } },
{ "type": "Feature", "properties": { "Shape_Leng": 0.0019403396717200001, "Shape_Area": 1.9184410407200001e-07, "Confidence": "Likely", "Type": "Landslide", "SubtypeLS": "Debris Flow", "SubtypeLQ": null, "SubtypeGR": null, "Comments": null, "Source": "B15000110186C610 - RadiantEarth - 06/27/2026", "Access": "Hard", "Impact": "Small", "ID": 88, "Longitude": -67.008688013799997, "Latitude": 10.562250105 }, "geometry": { "type": "Polygon", "coordinates": [ [ [ -67.008863037999959, 10.561997226000074 ], [ -67.008978972999955, 10.562147914000036 ], [ -67.009018637999986, 10.562245067000049 ], [ -67.009026084999959, 10.562311675000046 ], [ -67.009011304999945, 10.562344991000032 ], [ -67.008974307999949, 10.562359819000051 ], [ -67.008881803999941, 10.56238023700007 ], [ -67.00879299199994, 10.562387699000055 ], [ -67.00869492299995, 10.562387766000029 ], [ -67.008574653999972, 10.56239339900003 ], [ -67.008441441999935, 10.562411994000058 ], [ -67.008313781999959, 10.562434286000041 ], [ -67.008258903999945, 10.562426942000059 ], [ -67.008252692999974, 10.562393620000023 ], [ -67.008252675999984, 10.56236956500004 ], [ -67.008287802999973, 10.562325133000058 ], [ -67.008359935999977, 10.562280675000068 ], [ -67.008446860999982, 10.562219554000023 ], [ -67.008550433999972, 10.562151020000044 ], [ -67.008674351999957, 10.562069519000033 ], [ -67.008863037999959, 10.561997226000074 ] ] ] } },
{ "type": "Feature", "properties": { "Shape_Leng": 0.0016104015040599999, "Shape_Area": 1.2430817849600001e-07, "Confidence": "Likely", "Type": "Landslide", "SubtypeLS": "Debris Flow", "SubtypeLQ": null, "SubtypeGR": null, "Comments": null, "Source": "B15000110186C610 - RadiantEarth - 06/27/2026", "Access": "Hard", "Impact": "Small", "ID": 89, "Longitude": -67.009261452900006, "Latitude": 10.5620075161 }, "geometry": { "type": "Polygon", "coordinates": [ [ [ -67.009118567999963, 10.562261652000075 ], [ -67.009066717999985, 10.562202476000039 ], [ -67.009022269999946, 10.562145145000045 ], [ -67.009000034999985, 10.562100752000049 ], [ -67.008987046999948, 10.562048951000065 ], [ -67.00902586899997, 10.561997115000054 ], [ -67.009077649999938, 10.561954521000075 ], [ -67.009177541999975, 10.561915595000073 ], [ -67.00928668399996, 10.561872962000052 ], [ -67.009393982999939, 10.561841433000041 ], [ -67.009460579999939, 10.561819183000068 ], [ -67.009523491999971, 10.561819140000068 ], [ -67.00957716399995, 10.56183575600005 ], [ -67.009610492999968, 10.561869040000033 ], [ -67.009597568999936, 10.561909756000034 ], [ -67.009514516999957, 10.561970770000073 ], [ -67.00942923599996, 10.561982036000074 ], [ -67.009392838999986, 10.562014795000039 ], [ -67.009345718999953, 10.562057205000031 ], [ -67.009305644999984, 10.562093274000063 ], [ -67.009254329999976, 10.562139459000036 ], [ -67.00922621999996, 10.56216476000003 ], [ -67.009166518999962, 10.56223390200006 ], [ -67.009118567999963, 10.562261652000075 ] ] ] } },
{ "type": "Feature", "properties": { "Shape_Leng": 0.00173265349866, "Shape_Area": 1.4139509539700001e-07, "Confidence": "Likely", "Type": "Landslide", "SubtypeLS": "Debris Flow", "SubtypeLQ": null, "SubtypeGR": null, "Comments": null, "Source": "B15000110186C610 - RadiantEarth - 06/27/2026", "Access": "Hard", "Impact": "Small", "ID": 90, "Longitude": -67.008469906900004, "Latitude": 10.5607764265 }, "geometry": { "type": "Polygon", "coordinates": [ [ [ -67.008684749999986, 10.561042219000058 ], [ -67.008583516999977, 10.560981573000049 ], [ -67.008392606999962, 10.560845819000065 ], [ -67.008233520999966, 10.560741845000052 ], [ -67.008172757999944, 10.560672499000077 ], [ -67.008169805999955, 10.560582874000033 ], [ -67.008210244999987, 10.560527914000033 ], [ -67.00830276399995, 10.560530742000026 ], [ -67.008369282999979, 10.560562499000071 ], [ -67.008502332999967, 10.560643361000075 ], [ -67.008597806999944, 10.560738705000063 ], [ -67.008713538999984, 10.560862946000043 ], [ -67.008800355999938, 10.560981425000023 ], [ -67.008739699999978, 10.561068202000058 ], [ -67.008684749999986, 10.561042219000058 ] ] ] } },
{ "type": "Feature", "properties": { "Shape_Leng": 0.0079981880565099996, "Shape_Area": 1.9841771881799998e-06, "Confidence": "Likely", "Type": "Landslide", "SubtypeLS": "Debris Flow", "SubtypeLQ": null, "SubtypeGR": null, "Comments": null, "Source": "B140001100B5C810 - RadiantEarth - 06/29/2026", "Access": "Hard", "Impact": "Watershed towards Caraballeda", "ID": 91, "Longitude": -66.847817565699998, "Latitude": 10.5804546957 }, "geometry": { "type": "Polygon", "coordinates": [ [ [ -66.848296481999967, 10.580723345000024 ], [ -66.848276213999952, 10.580799094000042 ], [ -66.848198701999934, 10.58090259100004 ], [ -66.848052864999943, 10.581037537000043 ], [ -66.847871948999966, 10.581198368000059 ], [ -66.847711334999985, 10.581335172000024 ], [ -66.847598739999967, 10.581459012000039 ], [ -66.847530479999932, 10.581586517000062 ], [ -66.847414147999984, 10.581647554000028 ], [ -66.84730884399994, 10.581629154000041 ], [ -66.847220125999968, 10.581553479000036 ], [ -66.847149812999987, 10.581379890000051 ], [ -66.847109035999949, 10.581176724000045 ], [ -66.847099686999968, 10.581012329000032 ], [ -66.847090351999952, 10.580868253000062 ], [ -66.847114164999937, 10.580574530000035 ], [ -66.847125118999941, 10.580386107000038 ], [ -66.847171254999978, 10.580321423000044 ], [ -66.847333739999954, 10.580219715000055 ], [ -66.847481482999967, 10.580169740000031 ], [ -66.847614447999945, 10.580119774000025 ], [ -66.847673537999981, 10.580090178000034 ], [ -66.847752923999963, 10.580025471000056 ], [ -66.847771340999941, 10.579946029000041 ], [ -66.847771277999982, 10.579853668000055 ], [ -66.84776379799996, 10.579720674000043 ], [ -66.847724711999945, 10.579564597000058 ], [ -66.847805792999964, 10.579424738000057 ], [ -66.847950025999978, 10.57930738500005 ], [ -66.848031167999977, 10.579257721000033 ], [ -66.848089782999978, 10.579239642000061 ], [ -66.848195594999936, 10.579334262000032 ], [ -66.848270322999952, 10.579455988000063 ], [ -66.848270402999958, 10.579573243000027 ], [ -66.848256950999939, 10.57968599700007 ], [ -66.848270510999953, 10.579731086000038 ], [ -66.848347177999983, 10.57973103300003 ], [ -66.848468876999959, 10.579636244000028 ], [ -66.848590569999942, 10.579532435000033 ], [ -66.848676194999939, 10.579442181000047 ], [ -66.848757311999975, 10.579356439000037 ], [ -66.848833981999974, 10.579360897000072 ], [ -66.848811500999943, 10.579460128000051 ], [ -66.848712383999953, 10.579604509000035 ], [ -66.848581686999978, 10.579730872000027 ], [ -66.848496055999988, 10.579812107000066 ], [ -66.848469024999986, 10.579852714000026 ], [ -66.848469548999958, 10.579890134000038 ], [ -66.848493561999987, 10.579890118000037 ], [ -66.848593325999957, 10.579910369000061 ], [ -66.848596285999974, 10.579927371000053 ], [ -66.848583596999958, 10.579953412000066 ], [ -66.848565949999966, 10.579979147000074 ], [ -66.848523635999982, 10.58003326000005 ], [ -66.84849718199996, 10.580074136000064 ], [ -66.84847601499996, 10.58010063200004 ], [ -66.848452582999982, 10.580134696000073 ], [ -66.84844200699996, 10.580159671000047 ], [ -66.84844807099995, 10.580174799000076 ], [ -66.848464191999938, 10.580175062000023 ], [ -66.848492711999938, 10.580175526000062 ], [ -66.848561553999957, 10.580161103000023 ], [ -66.848625864999974, 10.580158789000052 ], [ -66.848672776999933, 10.580161783000051 ], [ -66.848699268999951, 10.580176897000058 ], [ -66.848721985999987, 10.580203363000066 ], [ -66.848724274999938, 10.580231357000059 ], [ -66.848709158999952, 10.580255579000038 ], [ -66.848641075999979, 10.580273028000022 ], [ -66.84855784299998, 10.580267032000052 ], [ -66.848453438999968, 10.580279966000035 ], [ -66.84839292199996, 10.580297409000025 ], [ -66.848354848999975, 10.580315696000071 ], [ -66.848337706999985, 10.580323929000031 ], [ -66.848290816999963, 10.580354226000054 ], [ -66.848259065999969, 10.580392835000055 ], [ -66.848275757999943, 10.580460919000075 ], [ -66.848291660999962, 10.580481337000037 ], [ -66.848318158999973, 10.580504774000076 ], [ -66.848328760999948, 10.580518386000051 ], [ -66.848343181999951, 10.580584958000031 ], [ -66.848296481999967, 10.580723345000024 ] ] ] } },
{ "type": "Feature", "properties": { "Shape_Leng": 0.0096425015855399997, "Shape_Area": 2.0356833408899999e-06, "Confidence": "Questionable", "Type": "Landslide", "SubtypeLS": "Debris Flow", "SubtypeLQ": null, "SubtypeGR": null, "Comments": null, "Source": "B140001100B5C810 - RadiantEarth - 06/29/2026", "Access": "Hard", "Impact": "Watershed towards Caraballeda", "ID": 92, "Longitude": -66.8495802164, "Latitude": 10.578381692300001 }, "geometry": { "type": "Polygon", "coordinates": [ [ [ -66.850649221999959, 10.578523751000034 ], [ -66.849606050999967, 10.578586474000076 ], [ -66.848642221999967, 10.578644427000029 ], [ -66.848212711999963, 10.578670253000041 ], [ -66.847812316999978, 10.578875096000047 ], [ -66.847530473999939, 10.578910001000054 ], [ -66.847249416999944, 10.578944810000053 ], [ -66.847190550999983, 10.578952100000038 ], [ -66.847241563999944, 10.578798712000037 ], [ -66.847445893999975, 10.578594101000022 ], [ -66.847709891999955, 10.578432048000025 ], [ -66.848280594999949, 10.578269784000042 ], [ -66.848791718999962, 10.578192758000057 ], [ -66.849456195999949, 10.578115626000056 ], [ -66.850333645999967, 10.578012790000059 ], [ -66.851040738999984, 10.577961188000074 ], [ -66.851526414999967, 10.578046051000058 ], [ -66.851748035999947, 10.578207772000042 ], [ -66.851688485999944, 10.578335607000042 ], [ -66.85149262799996, 10.578472055000077 ], [ -66.851134833999936, 10.578514898000037 ], [ -66.850649221999959, 10.578523751000034 ] ] ] } },
{ "type": "Feature", "properties": { "Shape_Leng": 0.0044606416136000002, "Shape_Area": 6.4218961566999998e-07, "Confidence": "Likely", "Type": "Landslide", "SubtypeLS": "Debris Flow", "SubtypeLQ": null, "SubtypeGR": null, "Comments": null, "Source": "B140001100B5C810 - RadiantEarth - 06/29/2026", "Access": "Hard", "Impact": "Watershed towards Caraballeda", "ID": 93, "Longitude": -66.848440554999996, "Latitude": 10.5898350062 }, "geometry": { "type": "Polygon", "coordinates": [ [ [ -66.847751071999937, 10.590294732000075 ], [ -66.847516571999961, 10.590234915000053 ], [ -66.847461978999945, 10.590136806000032 ], [ -66.847560042999987, 10.590016783000067 ], [ -66.847718113999974, 10.589940339000066 ], [ -66.848165122999944, 10.589792814000077 ], [ -66.848437675999946, 10.589683576000027 ], [ -66.849189877999947, 10.58931774000007 ], [ -66.849353446999942, 10.58930672300005 ], [ -66.849391673999946, 10.589393937000068 ], [ -66.849288194999986, 10.589568490000033 ], [ -66.849081113999944, 10.589737661000072 ], [ -66.84880859499998, 10.589895972000022 ], [ -66.848383411999976, 10.590065292000077 ], [ -66.847751071999937, 10.590294732000075 ] ] ] } },
{ "type": "Feature", "properties": { "Shape_Leng": 0.0097987601253600003, "Shape_Area": 2.6201497388899999e-06, "Confidence": "Likely", "Type": "Landslide", "SubtypeLS": "Slide", "SubtypeLQ": null, "SubtypeGR": null, "Comments": "Reactivated", "Source": "B140001100B5C810 - RadiantEarth - 06/29/2026", "Access": "Hard", "Impact": "Watershed towards Caraballeda", "ID": 94, "Longitude": -66.850499229799993, "Latitude": 10.5928705253 }, "geometry": { "type": "Polygon", "coordinates": [ [ [ -66.851265259999934, 10.592874757000061 ], [ -66.851171422999982, 10.592924518000075 ], [ -66.851119959999949, 10.592938591000063 ], [ -66.851054465999937, 10.592962033000049 ], [ -66.851013923999972, 10.592979218000039 ], [ -66.851004594999949, 10.593022898000072 ], [ -66.851049897999985, 10.593124252000052 ], [ -66.851096717999951, 10.593163214000072 ], [ -66.851177866999933, 10.593223989000023 ], [ -66.85126213999996, 10.593289442000071 ], [ -66.851337049999984, 10.593350221000037 ], [ -66.851354245999971, 10.593406361000063 ], [ -66.851321521999978, 10.593451617000028 ], [ -66.851241996999988, 10.593485986000076 ], [ -66.851154683999937, 10.593535959000064 ], [ -66.851078275999953, 10.593565647000048 ], [ -66.850961318999964, 10.593603161000033 ], [ -66.850878694999949, 10.593667168000025 ], [ -66.850835054999948, 10.593715551000059 ], [ -66.850808580999967, 10.593776400000024 ], [ -66.850743120999937, 10.593849754000075 ], [ -66.850513829999954, 10.59391475700005 ], [ -66.850364155999955, 10.593935801000043 ], [ -66.850191196999958, 10.593944156000077 ], [ -66.850088104999941, 10.593976544000043 ], [ -66.850030397999944, 10.593982822000044 ], [ -66.849989833999985, 10.593968812000071 ], [ -66.849980457999948, 10.59394386200006 ], [ -66.849961716999985, 10.593908001000045 ], [ -66.850027205999936, 10.593878320000044 ], [ -66.850095814999975, 10.593847078000067 ], [ -66.850158182999962, 10.593814280000061 ], [ -66.85021274199994, 10.593765890000043 ], [ -66.85024078899994, 10.593723757000021 ], [ -66.850242310999988, 10.593669164000062 ], [ -66.850218884999947, 10.593625506000024 ], [ -66.850175192999984, 10.593599020000056 ], [ -66.850109672999963, 10.593585027000074 ], [ -66.850031670999954, 10.593564804000039 ], [ -66.849936518999982, 10.593555510000044 ], [ -66.849816413999974, 10.593550913000058 ], [ -66.849744674999954, 10.593566560000056 ], [ -66.849694777999957, 10.593589991000044 ], [ -66.849643324999988, 10.59361810200005 ], [ -66.849613714999975, 10.593655556000044 ], [ -66.849590349999971, 10.593700806000072 ], [ -66.849582582999972, 10.593747604000043 ], [ -66.849587287999952, 10.593785035000053 ], [ -66.849591983999971, 10.593809988000032 ], [ -66.849582647999966, 10.593842750000022 ], [ -66.849537416999965, 10.593889096000055 ], [ -66.849275223999939, 10.593876671000032 ], [ -66.849208873999942, 10.593806924000035 ], [ -66.849243731999934, 10.593751066000038 ], [ -66.849282105999976, 10.593733591000046 ], [ -66.849303016999954, 10.593695191000052 ], [ -66.849323890999983, 10.593600956000046 ], [ -66.849344753999958, 10.593492763000029 ], [ -66.849403969999969, 10.593335689000071 ], [ -66.849546879999934, 10.593094807000057 ], [ -66.849582747999932, 10.593066372000067 ], [ -66.849742152999966, 10.593015671000046 ], [ -66.849859119999962, 10.592993657000022 ], [ -66.849949273999982, 10.592964349000056 ], [ -66.850015049999968, 10.592925310000055 ], [ -66.850117386999955, 10.592891120000047 ], [ -66.850190500999986, 10.592891070000064 ], [ -66.850305040999956, 10.592883680000057 ], [ -66.850370803999965, 10.592825144000074 ], [ -66.850378078999938, 10.592771522000021 ], [ -66.85036585499995, 10.592715476000024 ], [ -66.85034150599995, 10.592662007000058 ], [ -66.850341446999948, 10.592661876000022 ], [ -66.850304825999956, 10.592569289000039 ], [ -66.850268206999942, 10.592479140000023 ], [ -66.850224288999982, 10.592406056000073 ], [ -66.850173053999981, 10.592325666000022 ], [ -66.850136457999952, 10.592269637000072 ], [ -66.850102296999978, 10.592208732000074 ], [ -66.850087648999988, 10.592172185000038 ], [ -66.850092467999957, 10.592091756000059 ], [ -66.850121669999965, 10.592028370000037 ], [ -66.850172807999968, 10.591967407000027 ], [ -66.850248309999984, 10.591894241000034 ], [ -66.850318945999959, 10.591835701000036 ], [ -66.850377428999934, 10.591823476000059 ], [ -66.850423749999948, 10.591845378000073 ], [ -66.850533413999983, 10.591835554000056 ], [ -66.850625996999952, 10.591794060000041 ], [ -66.850662527999987, 10.591755040000066 ], [ -66.850708792999967, 10.591696517000059 ], [ -66.850730683999984, 10.591633137000031 ], [ -66.850708714999939, 10.591581972000029 ], [ -66.850701362999985, 10.591523486000028 ], [ -66.850735465999946, 10.59149909100006 ], [ -66.850818310999955, 10.591472226000064 ], [ -66.850910929999941, 10.591484348000051 ], [ -66.850969432999932, 10.591501368000024 ], [ -66.851074259999962, 10.59154516500007 ], [ -66.851147397999966, 10.591579234000051 ], [ -66.851269290999937, 10.591632768000068 ], [ -66.851359479999985, 10.591654640000058 ], [ -66.851374132999979, 10.591698499000074 ], [ -66.851335185999972, 10.591766765000045 ], [ -66.851291346999972, 10.591810664000036 ], [ -66.851208527999972, 10.591874086000075 ], [ -66.851137907999941, 10.591956997000068 ], [ -66.851101430999961, 10.592074005000029 ], [ -66.851086875999954, 10.59217393800003 ], [ -66.851086947999988, 10.592278734000047 ], [ -66.851094322999984, 10.592371341000046 ], [ -66.851116328999979, 10.592476122000051 ], [ -66.851138317999983, 10.59255653300005 ], [ -66.851182236999932, 10.592629617000057 ], [ -66.851231019999943, 10.592688075000069 ], [ -66.851289545999975, 10.592739215000051 ], [ -66.851327209999965, 10.59281156000003 ], [ -66.851326171999972, 10.592839112000036 ], [ -66.851265259999934, 10.592874757000061 ] ] ] } },
{ "type": "Feature", "properties": { "Shape_Leng": 0.0022320604903800002, "Shape_Area": 2.6743155301100002e-07, "Confidence": "Likely", "Type": "Landslide", "SubtypeLS": "Debris Flow", "SubtypeLQ": null, "SubtypeGR": null, "Comments": null, "Source": "B140001100B5C810 - RadiantEarth - 06/29/2026", "Access": "Hard", "Impact": "Watershed towards Caraballeda", "ID": 95, "Longitude": -66.847411398700004, "Latitude": 10.5846435415 }, "geometry": { "type": "Polygon", "coordinates": [ [ [ -66.847753876999946, 10.5849 ], [ -66.847693564999986, 10.58488440800005 ], [ -66.847631977999981, 10.584850316000029 ], [ -66.847596761999966, 10.584840118000045 ], [ -66.847577454999964, 10.58484353800003 ], [ -66.847555888999977, 10.58486399700007 ], [ -66.847557045999963, 10.584894663000057 ], [ -66.847570687999962, 10.58491282600005 ], [ -66.847587743999952, 10.584940073000041 ], [ -66.847590021999963, 10.584950294000066 ], [ -66.847593438999979, 10.584963921000053 ], [ -66.847586433999936, 10.584987216000059 ], [ -66.847550707999972, 10.584998407000057 ], [ -66.847499320999987, 10.584969409000053 ], [ -66.847409938999988, 10.584900235000021 ], [ -66.847313853999935, 10.584826600000042 ], [ -66.847193191999963, 10.584739581000065 ], [ -66.84713508699997, 10.584683787000074 ], [ -66.847099317999948, 10.584632444000022 ], [ -66.847081401999958, 10.584560989000067 ], [ -66.84707466499998, 10.584507393000024 ], [ -66.847112573999937, 10.584422499000027 ], [ -66.847206318999952, 10.584339800000066 ], [ -66.847365311999965, 10.584335355000064 ], [ -66.847518061999949, 10.584449754000048 ], [ -66.847599909999985, 10.584536939000031 ], [ -66.847676327999977, 10.584656843000062 ], [ -66.847763627999939, 10.584744024000031 ], [ -66.847790931999953, 10.584803983000029 ], [ -66.84778735499998, 10.584866476000059 ], [ -66.847753876999946, 10.5849 ] ] ] } },
{ "type": "Feature", "properties": { "Shape_Leng": 0.00243247359181, "Shape_Area": 2.42605216991e-07, "Confidence": "Possible", "Type": "Landslide", "SubtypeLS": "Debris Flow", "SubtypeLQ": null, "SubtypeGR": null, "Comments": null, "Source": "B140001100B5C810 - RadiantEarth - 06/29/2026", "Access": "Hard", "Impact": "Watershed towards Caraballeda", "ID": 96, "Longitude": -66.851608336400005, "Latitude": 10.6015552411 }, "geometry": { "type": "Polygon", "coordinates": [ [ [ -66.851656190999961, 10.602114346000064 ], [ -66.851546744999951, 10.602098788000035 ], [ -66.851531069999965, 10.60203849800007 ], [ -66.851526557999932, 10.601971500000047 ], [ -66.851499671999989, 10.601846450000039 ], [ -66.851486179999938, 10.601712457000076 ], [ -66.851470423999956, 10.601533798000048 ], [ -66.851456929999983, 10.601397572000053 ], [ -66.851463571999943, 10.601312700000051 ], [ -66.851481366999963, 10.601207719000058 ], [ -66.851508121999984, 10.60114070000003 ], [ -66.85155722099995, 10.601089299000023 ], [ -66.851597400999935, 10.601060238000059 ], [ -66.851680020999936, 10.601037848000033 ], [ -66.851735863999977, 10.601051209000047 ], [ -66.851749303999952, 10.601109268000073 ], [ -66.851715896999963, 10.601245526000071 ], [ -66.851738439999963, 10.601551482000048 ], [ -66.851722963999975, 10.60178152900005 ], [ -66.851716419999946, 10.602009337000027 ], [ -66.851656190999961, 10.602114346000064 ] ] ] } },
{ "type": "Feature", "properties": { "Shape_Leng": 0.0061202460496200001, "Shape_Area": 1.47252216847e-06, "Confidence": "Likely", "Type": "Landslide", "SubtypeLS": "Debris Flow", "SubtypeLQ": null, "SubtypeGR": null, "Comments": null, "Source": "B140001100B5C810 - RadiantEarth - 06/29/2026", "Access": "Hard", "Impact": "Watershed towards Caraballeda", "ID": 97, "Longitude": -66.849509637300002, "Latitude": 10.5654255884 }, "geometry": { "type": "Polygon", "coordinates": [ [ [ -66.850157988999968, 10.565577910000059 ], [ -66.850094534999982, 10.565684679000071 ], [ -66.85003106299996, 10.565763495000056 ], [ -66.849975188999963, 10.565806732000055 ], [ -66.849855781999963, 10.565842389000068 ], [ -66.849758950999956, 10.565852248000056 ], [ -66.849751606999973, 10.565855166000063 ], [ -66.849640635999947, 10.565883403000043 ], [ -66.849548373999937, 10.56593153700004 ], [ -66.849545859999978, 10.565972196000075 ], [ -66.849594164999985, 10.566007738000053 ], [ -66.849632296999971, 10.566030581000064 ], [ -66.84980004199997, 10.566081288000021 ], [ -66.849891534999983, 10.566101554000056 ], [ -66.850028787999975, 10.566152281000029 ], [ -66.850021202999983, 10.566208190000054 ], [ -66.849939900999971, 10.566226033000021 ], [ -66.84977979699994, 10.566203273000042 ], [ -66.849695929999939, 10.566185543000074 ], [ -66.849551056999985, 10.566139903000021 ], [ -66.849464646999934, 10.566119634000074 ], [ -66.849317269999972, 10.566127358000074 ], [ -66.84918006099997, 10.566140157000063 ], [ -66.849042852999958, 10.566155498000057 ], [ -66.848867569999982, 10.56622930900005 ], [ -66.848786247999954, 10.566219200000035 ], [ -66.848755713999935, 10.566158236000035 ], [ -66.84877598099996, 10.566069284000037 ], [ -66.848819132999949, 10.566000645000031 ], [ -66.848831788999973, 10.565929487000062 ], [ -66.848879987999965, 10.56581002300004 ], [ -66.848968849999949, 10.565700696000022 ], [ -66.849011978999954, 10.565599024000051 ], [ -66.84909317499995, 10.565426175000027 ], [ -66.849126138999964, 10.56532450900005 ], [ -66.84905490899996, 10.565207669000074 ], [ -66.849049757999978, 10.565106029000049 ], [ -66.849090348999937, 10.565009441000029 ], [ -66.849194417999968, 10.564841659000024 ], [ -66.849268043999984, 10.564747588000046 ], [ -66.849387408999974, 10.564650946000029 ], [ -66.849565236999979, 10.56458221500003 ], [ -66.849692274999938, 10.564559258000031 ], [ -66.849880331999941, 10.564584540000055 ], [ -66.850032899999974, 10.564736900000071 ], [ -66.850053301999935, 10.564843611000072 ], [ -66.850063530999932, 10.564937624000038 ], [ -66.850059415999965, 10.564949997000042 ], [ -66.850007678999987, 10.56501389500005 ], [ -66.849928964999947, 10.565100345000076 ], [ -66.849944266999955, 10.565181649000067 ], [ -66.850018005999971, 10.565250207000076 ], [ -66.850066341999934, 10.565331489000073 ], [ -66.850107033999961, 10.56538228200003 ], [ -66.85015285999998, 10.565509305000035 ], [ -66.850157988999968, 10.565577910000059 ] ] ] } },
{ "type": "Feature", "properties": { "Shape_Leng": 0.0045893528305400002, "Shape_Area": 1.05027250548e-06, "Confidence": "Likely", "Type": "Landslide", "SubtypeLS": "Debris Flow", "SubtypeLQ": null, "SubtypeGR": null, "Comments": null, "Source": "B140001100B5C810 - RadiantEarth - 06/29/2026", "Access": "Hard", "Impact": "Watershed towards Caraballeda", "ID": 98, "Longitude": -66.847752840400005, "Latitude": 10.569811233299999 }, "geometry": { "type": "Polygon", "coordinates": [ [ [ -66.848508221999964, 10.569495741000026 ], [ -66.848504916999957, 10.569631343000026 ], [ -66.848473626999976, 10.569827740000051 ], [ -66.848382234999974, 10.569954856000038 ], [ -66.848062144999972, 10.570079588000056 ], [ -66.847830976999944, 10.570181389000027 ], [ -66.847495593999952, 10.57023752300006 ], [ -66.847241489999988, 10.570242779000068 ], [ -66.84698992999995, 10.57025311600006 ], [ -66.846824746999971, 10.570232900000065 ], [ -66.846728161999977, 10.570197391000022 ], [ -66.846697650999943, 10.57017200100006 ], [ -66.846697614999982, 10.570118639000043 ], [ -66.846733145999963, 10.570055088000061 ], [ -66.84679663999998, 10.570006764000027 ], [ -66.846900774999938, 10.569935542000053 ], [ -66.847037956999941, 10.569882086000064 ], [ -66.847164978999956, 10.569836260000045 ], [ -66.847264029999963, 10.569762501000071 ], [ -66.847365606999972, 10.569665870000051 ], [ -66.847528188999945, 10.56959715000005 ], [ -66.847611996999944, 10.569528483000056 ], [ -66.847769491999941, 10.569452143000035 ], [ -66.847876164999946, 10.569375838000042 ], [ -66.847987936999971, 10.569324940000058 ], [ -66.848056519999943, 10.569286777000059 ], [ -66.848193718999937, 10.569258731000048 ], [ -66.848257227999966, 10.569233277000023 ], [ -66.848330899999951, 10.569205275000058 ], [ -66.848414770999966, 10.569228087000056 ], [ -66.84846052599994, 10.569250925000063 ], [ -66.848491072999934, 10.569329677000042 ], [ -66.848508221999964, 10.569495741000026 ] ] ] } },
{ "type": "Feature", "properties": { "Shape_Leng": 0.0111665827823, "Shape_Area": 1.4864059340499999e-06, "Confidence": "Likely", "Type": "Landslide", "SubtypeLS": "Debris Flow", "SubtypeLQ": null, "SubtypeGR": null, "Comments": "Partly reactivated", "Source": "B140001100B5C810 - RadiantEarth - 06/29/2026", "Access": "Hard", "Impact": "Watershed towards Caraballeda", "ID": 99, "Longitude": -66.848180119099993, "Latitude": 10.573148807300001 }, "geometry": { "type": "Polygon", "coordinates": [ [ [ -66.847025255999938, 10.573599170000023 ], [ -66.846953756999937, 10.573552567000036 ], [ -66.84698941399995, 10.573441370000069 ], [ -66.847064813999964, 10.573385732000077 ], [ -66.847164022999948, 10.573310226000046 ], [ -66.847342653999988, 10.573254518000056 ], [ -66.847477599999934, 10.573182958000075 ], [ -66.847668082999974, 10.573039892000054 ], [ -66.847799002999977, 10.572888926000076 ], [ -66.847870386999944, 10.572765794000077 ], [ -66.847894118999989, 10.572634753000045 ], [ -66.847890083999971, 10.572539466000023 ], [ -66.847878052999988, 10.57236477500004 ], [ -66.847854121999944, 10.572205975000031 ], [ -66.847905687999969, 10.572134472000073 ], [ -66.848048533999986, 10.572003350000045 ], [ -66.848155734999978, 10.572003276000032 ], [ -66.848310597999955, 10.572026993000065 ], [ -66.848493264999945, 10.57206657200004 ], [ -66.848576714999979, 10.572169746000043 ], [ -66.84855694099997, 10.572284902000035 ], [ -66.848461721999968, 10.572388198000056 ], [ -66.848342722999973, 10.572555038000075 ], [ -66.848271388999933, 10.572749638000062 ], [ -66.848164311999938, 10.572932351000077 ], [ -66.848148517999959, 10.573059415000046 ], [ -66.848188265999966, 10.573122915000056 ], [ -66.84840268499994, 10.573146590000022 ], [ -66.848712421999949, 10.573209905000056 ], [ -66.848945303999983, 10.573268324000026 ], [ -66.84910154499994, 10.573241402000065 ], [ -66.849255181999979, 10.573167081000065 ], [ -66.849453667999967, 10.573128621000023 ], [ -66.849569962999965, 10.573106087000042 ], [ -66.849593839999955, 10.573185479000074 ], [ -66.849454934999983, 10.573272923000047 ], [ -66.849308080999947, 10.57334846200007 ], [ -66.849077844999954, 10.573420088000034 ], [ -66.848875374999977, 10.573451990000024 ], [ -66.848704635999979, 10.573436225000023 ], [ -66.848438554999973, 10.573345087000064 ], [ -66.848232048999932, 10.573281702000031 ], [ -66.847838153999987, 10.573240838000061 ], [ -66.847784815999944, 10.573276450000037 ], [ -66.84779503599998, 10.573357757000053 ], [ -66.847917064999933, 10.573441529000036 ], [ -66.848153457999956, 10.573548092000067 ], [ -66.848400032999962, 10.573680059000026 ], [ -66.848590718999958, 10.573834934000047 ], [ -66.848791590999951, 10.574020295000025 ], [ -66.849010232999944, 10.57418023300005 ], [ -66.849025541999936, 10.574271701000043 ], [ -66.848954423999942, 10.574317489000066 ], [ -66.848766367999986, 10.574294748000057 ], [ -66.848560448999933, 10.574160212000038 ], [ -66.848397733999946, 10.574033270000029 ], [ -66.848265498999979, 10.573888519000036 ], [ -66.848039238999945, 10.57373621000005 ], [ -66.847741859999985, 10.57362968800004 ], [ -66.847574110999972, 10.573573900000042 ], [ -66.847439403999942, 10.573530794000021 ], [ -66.847229942999945, 10.57354319600006 ], [ -66.847025255999938, 10.573599170000023 ] ] ] } },
{ "type": "Feature", "properties": { "Shape_Leng": 0.0032819290685899998, "Shape_Area": 4.9324495519100002e-07, "Confidence": "Possible", "Type": "Landslide", "SubtypeLS": "Debris Flow", "SubtypeLQ": null, "SubtypeGR": null, "Comments": null, "Source": "B140001100B5C810 - RadiantEarth - 06/29/2026", "Access": "Hard", "Impact": "Watershed towards Caraballeda", "ID": 100, "Longitude": -66.846962973700002, "Latitude": 10.5750540918 }, "geometry": { "type": "Polygon", "coordinates": [ [ [ -66.84636558699998, 10.575073961000044 ], [ -66.84628423099997, 10.575013031000026 ], [ -66.846284190999938, 10.574954586000047 ], [ -66.846314639999946, 10.574891039000022 ], [ -66.846365428999945, 10.574842724000064 ], [ -66.84644164499997, 10.574819802000036 ], [ -66.846548367999958, 10.574817187000065 ], [ -66.846644918999971, 10.574801875000048 ], [ -66.84675163199995, 10.574784014000045 ], [ -66.846949855999981, 10.574814371000059 ], [ -66.847076926999932, 10.574839695000037 ], [ -66.847188754999934, 10.574870111000052 ], [ -66.847265013999959, 10.574908175000076 ], [ -66.847343828999954, 10.574969107000072 ], [ -66.84741246599998, 10.575009717000057 ], [ -66.847524272999976, 10.575009641000065 ], [ -66.847603033999974, 10.574991799000031 ], [ -66.847664012999985, 10.574981593000075 ], [ -66.847725022999953, 10.575017126000034 ], [ -66.847717426999964, 10.575057789000027 ], [ -66.847653933999936, 10.575106113000061 ], [ -66.847592959999986, 10.575123942000062 ], [ -66.84751930699997, 10.575179896000066 ], [ -66.847488862999967, 10.575251067000067 ], [ -66.847425382999972, 10.575319720000039 ], [ -66.847331373999964, 10.575335030000076 ], [ -66.847148409999988, 10.575324991000059 ], [ -66.846993386999941, 10.57529968700004 ], [ -66.846795149999934, 10.575251542000046 ], [ -66.846650275999934, 10.575203361000035 ], [ -66.846515561999979, 10.575150091000069 ], [ -66.84636558699998, 10.575073961000044 ] ] ] } },
{ "type": "Feature", "properties": { "Shape_Leng": 0.0077834612624399996, "Shape_Area": 2.1793050080800001e-06, "Confidence": "Questionable", "Type": "Landslide", "SubtypeLS": "Debris Flow", "SubtypeLQ": null, "SubtypeGR": null, "Comments": "Partial reactivation, visible bedrock", "Source": "B140001100B5C810 - RadiantEarth - 06/29/2026", "Access": "Hard", "Impact": "Watershed towards Caraballeda", "ID": 101, "Longitude": -66.851072901500004, "Latitude": 10.5696514004 }, "geometry": { "type": "Polygon", "coordinates": [ [ [ -66.851740826999958, 10.568508661000067 ], [ -66.852025398999956, 10.568467809000026 ], [ -66.852160932999936, 10.568481269000074 ], [ -66.852400434999936, 10.56859404100004 ], [ -66.852513489999978, 10.568765627000062 ], [ -66.852468428999941, 10.568932805000031 ], [ -66.852346540999974, 10.569054860000051 ], [ -66.852147880999951, 10.569213107000053 ], [ -66.851881492999951, 10.569421093000074 ], [ -66.851588049999975, 10.569701377000058 ], [ -66.851285605999976, 10.570031359000041 ], [ -66.851077950999979, 10.570248339000045 ], [ -66.850879271999986, 10.570379482000021 ], [ -66.850490853999986, 10.570501719000049 ], [ -66.850219858999935, 10.570578702000034 ], [ -66.849903676999986, 10.570637646000023 ], [ -66.849677803999953, 10.570637800000043 ], [ -66.849560290999932, 10.570552049000071 ], [ -66.849537650999935, 10.570475268000052 ], [ -66.849596259999942, 10.570303564000028 ], [ -66.849695548999932, 10.570163454000067 ], [ -66.849867075999953, 10.569964568000046 ], [ -66.850133543999959, 10.569874037000034 ], [ -66.850363922999975, 10.569855809000046 ], [ -66.850562594999985, 10.569715631000065 ], [ -66.851018660999955, 10.569426201000056 ], [ -66.851424990999988, 10.569073561000039 ], [ -66.851623545999985, 10.568761720000055 ], [ -66.851740826999958, 10.568508661000067 ] ] ] } },
{ "type": "Feature", "properties": { "Shape_Leng": 0.00390359015849, "Shape_Area": 3.06203796008e-07, "Confidence": "Possible", "Type": "Landslide", "SubtypeLS": "Debris Flow", "SubtypeLQ": null, "SubtypeGR": null, "Comments": "Visualization of headscarp obstructed by clouds", "Source": "B140001100B5C810 - RadiantEarth - 06/29/2026", "Access": "Hard", "Impact": "Watershed towards Caraballeda", "ID": 102, "Longitude": -66.852857621400005, "Latitude": 10.573881395000001 }, "geometry": { "type": "Polygon", "coordinates": [ [ [ -66.852313773999981, 10.573978919000069 ], [ -66.852151172999982, 10.574019688000021 ], [ -66.851970455999947, 10.573992707000059 ], [ -66.85198844599995, 10.573875240000064 ], [ -66.852196192999941, 10.573793784000031 ], [ -66.852503367999986, 10.573775504000025 ], [ -66.852909952999937, 10.57379329500003 ], [ -66.853325552999934, 10.573783975000026 ], [ -66.853646298999934, 10.573792791000074 ], [ -66.853790913999944, 10.57387400600004 ], [ -66.853790981999964, 10.573973390000049 ], [ -66.853691621999985, 10.574009598000032 ], [ -66.85351088699997, 10.573955512000055 ], [ -66.853153984999949, 10.573924134000038 ], [ -66.852675158999944, 10.573960602000056 ], [ -66.852313773999981, 10.573978919000069 ] ] ] } },
{ "type": "Feature", "properties": { "Shape_Leng": 0.0041707725177399999, "Shape_Area": 2.8616380223199999e-07, "Confidence": "Likely", "Type": "Landslide", "SubtypeLS": "Debris Flow", "SubtypeLQ": null, "SubtypeGR": null, "Comments": null, "Source": "B140001100B5C810 - RadiantEarth - 06/29/2026", "Access": "Hard", "Impact": "Watershed towards Caraballeda", "ID": 103, "Longitude": -66.855801537000005, "Latitude": 10.544167226000001 }, "geometry": { "type": "Polygon", "coordinates": [ [ [ -66.85529379999997, 10.545403909000072 ], [ -66.855239562999941, 10.545363289000022 ], [ -66.855262109999956, 10.545304547000057 ], [ -66.855316291999941, 10.545263853000051 ], [ -66.855361388999938, 10.545150885000055 ], [ -66.855397441999969, 10.545024371000068 ], [ -66.855392849999987, 10.544915955000022 ], [ -66.855406272999971, 10.544726213000047 ], [ -66.855437739999957, 10.544500318000075 ], [ -66.855482781999967, 10.544306036000023 ], [ -66.855577573999938, 10.544197552000071 ], [ -66.855658844999937, 10.544134252000049 ], [ -66.855848544999958, 10.544084430000055 ], [ -66.856069868999953, 10.544039103000046 ], [ -66.856209891999981, 10.544011903000069 ], [ -66.856363510999984, 10.544047937000073 ], [ -66.856359039999973, 10.544115702000056 ], [ -66.856277758999965, 10.544165450000037 ], [ -66.856142250999937, 10.544188130000066 ], [ -66.85600220699996, 10.544183709000038 ], [ -66.855889281999964, 10.544201856000029 ], [ -66.855767344999947, 10.544251631000066 ], [ -66.855627395999988, 10.544387251000046 ], [ -66.855582332999973, 10.544549911000047 ], [ -66.855550818999973, 10.54470804400006 ], [ -66.855537362999939, 10.544848094000031 ], [ -66.855537433999984, 10.544951996000066 ], [ -66.855537532999961, 10.545096555000043 ], [ -66.855519552999965, 10.545227574000023 ], [ -66.855406696999978, 10.545345105000024 ], [ -66.85529379999997, 10.545403909000072 ] ] ] } },
{ "type": "Feature", "properties": { "Shape_Leng": 0.0022608518498699998, "Shape_Area": 1.50094588555e-07, "Confidence": "Likely", "Type": "Landslide", "SubtypeLS": "Debris Flow", "SubtypeLQ": null, "SubtypeGR": null, "Comments": null, "Source": "B140001100B5C810 - RadiantEarth - 06/29/2026", "Access": "Hard", "Impact": "Watershed towards Caraballeda", "ID": 104, "Longitude": -66.855637462800004, "Latitude": 10.5438279414 }, "geometry": { "type": "Polygon", "coordinates": [ [ [ -66.855547151999986, 10.54415565100004 ], [ -66.855491718999986, 10.544268560000035 ], [ -66.855456560999983, 10.544266734000075 ], [ -66.855439890999946, 10.544242691000022 ], [ -66.855439866999973, 10.544207534000066 ], [ -66.855445379999935, 10.54415202000007 ], [ -66.855452730999957, 10.544078 ], [ -66.855463799999939, 10.544029884000054 ], [ -66.855467466999983, 10.543979922000062 ], [ -66.855469278999976, 10.543924410000045 ], [ -66.855476646999932, 10.543876295000075 ], [ -66.855496947999939, 10.543798567000067 ], [ -66.855515404999949, 10.543730091000043 ], [ -66.855535716999952, 10.543669015000035 ], [ -66.855568978999941, 10.543604230000028 ], [ -66.855602241999975, 10.543541295000068 ], [ -66.855648455999983, 10.543476501000043 ], [ -66.855689144999985, 10.543448718000036 ], [ -66.855722453999988, 10.543452396000021 ], [ -66.855739128999971, 10.543483841000068 ], [ -66.855733601999987, 10.54351900100005 ], [ -66.855715119999957, 10.543550470000071 ], [ -66.855676296999945, 10.543600456000036 ], [ -66.855667078999943, 10.543650422000042 ], [ -66.855668955999988, 10.543689278000045 ], [ -66.855691166999975, 10.543698515000074 ], [ -66.855717071999948, 10.543698497000037 ], [ -66.855802177999976, 10.543683636000026 ], [ -66.855852136999943, 10.543683601000055 ], [ -66.855887294999945, 10.54368542800006 ], [ -66.855918763999966, 10.543703910000033 ], [ -66.85592248599994, 10.543735363000053 ], [ -66.855918817999964, 10.543783475000055 ], [ -66.855905893999989, 10.543824192000045 ], [ -66.85583375799996, 10.543864949000067 ], [ -66.855752363999954, 10.543896460000042 ], [ -66.855682060999982, 10.543911311000045 ], [ -66.85562287099998, 10.543942808000054 ], [ -66.855596985999966, 10.543972431000043 ], [ -66.855578530999935, 10.544042757000057 ], [ -66.855547151999986, 10.54415565100004 ] ] ] } },
{ "type": "Feature", "properties": { "Shape_Leng": 0.0046978954937899999, "Shape_Area": 7.837025079e-07, "Confidence": "Likely", "Type": "Landslide", "SubtypeLS": "Debris Flow", "SubtypeLQ": null, "SubtypeGR": null, "Comments": "Reactivated", "Source": "B140001100B5C810 - RadiantEarth - 06/29/2026", "Access": "Hard", "Impact": "Watershed towards Caraballeda", "ID": 105, "Longitude": -66.8584567093, "Latitude": 10.546760195399999 }, "geometry": { "type": "Polygon", "coordinates": [ [ [ -66.85931514899994, 10.546439811000027 ], [ -66.859301283999969, 10.546512280000059 ], [ -66.859255068999971, 10.546577075000073 ], [ -66.859179234999942, 10.546621535000043 ], [ -66.859086717999958, 10.546621598000058 ], [ -66.858968286999982, 10.546610577000024 ], [ -66.858816578999949, 10.546640287000059 ], [ -66.858720416999972, 10.546723619000034 ], [ -66.858596515999977, 10.546829174000038 ], [ -66.858470767999961, 10.546940281000047 ], [ -66.858337638999956, 10.547080999000059 ], [ -66.85825998699994, 10.547173570000041 ], [ -66.858204547999946, 10.547277228000041 ], [ -66.858160211999973, 10.547382728000059 ], [ -66.858051098999965, 10.547467919000042 ], [ -66.857940103999965, 10.547506853000073 ], [ -66.857651215999965, 10.54716658600006 ], [ -66.857638221999935, 10.547105533000035 ], [ -66.857665946999987, 10.547061105000068 ], [ -66.857749170999966, 10.546999987000049 ], [ -66.857865697999955, 10.546933294000041 ], [ -66.857995145999951, 10.546822184000064 ], [ -66.858157904999985, 10.54671660300005 ], [ -66.858370600999933, 10.546577680000041 ], [ -66.858537136999985, 10.546477055000025 ], [ -66.858586844999934, 10.546433205000028 ], [ -66.858623509999973, 10.546365679000075 ], [ -66.85865916299997, 10.546273948000021 ], [ -66.858694731999947, 10.546197375000077 ], [ -66.85874167999998, 10.546135952000043 ], [ -66.858795457999975, 10.546086652000042 ], [ -66.858851524999977, 10.546060087000058 ], [ -66.85890109199994, 10.546054924000032 ], [ -66.858953681999935, 10.546070997000072 ], [ -66.858978438999941, 10.546087385000021 ], [ -66.859004040999935, 10.546123109000064 ], [ -66.859027668999943, 10.546163856000021 ], [ -66.859036279999941, 10.546206759000029 ], [ -66.859062046999952, 10.546238923000033 ], [ -66.859124288999965, 10.546273208000059 ], [ -66.859175783999945, 10.546279609000067 ], [ -66.859229426999946, 10.546290299000077 ], [ -66.859304419999944, 10.546336791000044 ], [ -66.85931514899994, 10.546439811000027 ] ] ] } },
{ "type": "Feature", "properties": { "Shape_Leng": 0.0043532903148899996, "Shape_Area": 7.1472916044799998e-07, "Confidence": "Likely", "Type": "Landslide", "SubtypeLS": "Debris Flow", "SubtypeLQ": null, "SubtypeGR": null, "Comments": null, "Source": "B140001100B5C810 - RadiantEarth - 06/29/2026", "Access": "Hard", "Impact": "Watershed towards Caraballeda", "ID": 106, "Longitude": -66.846911333099996, "Latitude": 10.543795961000001 }, "geometry": { "type": "Polygon", "coordinates": [ [ [ -66.84653205799998, 10.543995661000054 ], [ -66.846440557999983, 10.544023392000042 ], [ -66.846316161999937, 10.544101258000069 ], [ -66.846151416999987, 10.544176542000059 ], [ -66.845988681999984, 10.544186614000068 ], [ -66.845934538999984, 10.544118867000066 ], [ -66.845914220999987, 10.544003233000069 ], [ -66.845969079999975, 10.543896222000058 ], [ -66.846044189999986, 10.543806544000063 ], [ -66.846128007999937, 10.543768902000068 ], [ -66.846295681999948, 10.543748548000053 ], [ -66.846477815999947, 10.543733968000026 ], [ -66.846654144999945, 10.54368469700006 ], [ -66.846816004999937, 10.543618089000063 ], [ -66.846974965999948, 10.543539918000022 ], [ -66.847217765999972, 10.543453017000047 ], [ -66.847376760999964, 10.543423996000058 ], [ -66.847469261999947, 10.543400803000054 ], [ -66.847599396999954, 10.543446973000073 ], [ -66.84770068499995, 10.543588571000043 ], [ -66.847741295999981, 10.543785144000026 ], [ -66.847695120999958, 10.543906605000075 ], [ -66.847591083999987, 10.54397317300004 ], [ -66.847408941999959, 10.543976189000034 ], [ -66.846842594999941, 10.543938980000064 ], [ -66.84653205799998, 10.543995661000054 ] ] ] } },
{ "type": "Feature", "properties": { "Shape_Leng": 0.0108106635333, "Shape_Area": 1.260830771e-06, "Confidence": "Possible", "Type": "Landslide", "SubtypeLS": "Debris Flow", "SubtypeLQ": null, "SubtypeGR": null, "Comments": "Partially obstructed by clouds and image partly distorted towards the toe", "Source": "B140001100B5C810 - RadiantEarth - 06/29/2026", "Access": "Hard", "Impact": "Watershed towards Caraballeda", "ID": 107, "Longitude": -66.846988344099998, "Latitude": 10.542466346399999 }, "geometry": { "type": "Polygon", "coordinates": [ [ [ -66.846777250999935, 10.542878647000066 ], [ -66.846729380999932, 10.542902623000032 ], [ -66.846639181999933, 10.542946441000026 ], [ -66.846572413999979, 10.542973729000039 ], [ -66.846498622999945, 10.543010688000038 ], [ -66.84643009399997, 10.543033583000067 ], [ -66.846351027999958, 10.543068788000028 ], [ -66.846286026999962, 10.543110135000063 ], [ -66.84623333199994, 10.543154989000072 ], [ -66.846193826999979, 10.543213015000049 ], [ -66.846187691999944, 10.543237625000074 ], [ -66.846187718999943, 10.543276291000041 ], [ -66.846190362999948, 10.543287713000041 ], [ -66.846193031999974, 10.54333516500003 ], [ -66.84619392999997, 10.543363285000055 ], [ -66.846185158999958, 10.543387897000059 ], [ -66.846170233999942, 10.543408998000075 ], [ -66.846168238999951, 10.543409717000031 ], [ -66.846148269999958, 10.543416922000063 ], [ -66.84608587799994, 10.543418722000069 ], [ -66.846048085999939, 10.543410839000046 ], [ -66.84599798499994, 10.543395934000046 ], [ -66.845966333999968, 10.543373986000063 ], [ -66.845954795999944, 10.543354859000033 ], [ -66.845905053999957, 10.543282614000077 ], [ -66.845864294999956, 10.543133565000062 ], [ -66.845819079999956, 10.543074869000066 ], [ -66.845728708999957, 10.543043309000041 ], [ -66.845669953999959, 10.543002692000073 ], [ -66.845674440999971, 10.542957514000022 ], [ -66.845724123999958, 10.542943928000057 ], [ -66.845796405999977, 10.542948396000043 ], [ -66.845886739999969, 10.542925746000037 ], [ -66.846035797999946, 10.542898539000021 ], [ -66.846130620999986, 10.542835230000037 ], [ -66.846216433999984, 10.542808066000077 ], [ -66.846239017999949, 10.54280353300004 ], [ -66.846367144999988, 10.54276535200006 ], [ -66.846496568999953, 10.542687578000027 ], [ -66.846585324999978, 10.542606324000076 ], [ -66.846622951999962, 10.542524903000071 ], [ -66.846644003999984, 10.542451031000041 ], [ -66.846654511999986, 10.542387717000054 ], [ -66.84666200199996, 10.542319883000062 ], [ -66.846663466999985, 10.542258082000046 ], [ -66.846681515999933, 10.542202299000053 ], [ -66.846729696999944, 10.542125393000049 ], [ -66.846794462999981, 10.542054505000067 ], [ -66.846880326999951, 10.541977574000043 ], [ -66.847079490999988, 10.541740729000026 ], [ -66.847116104999941, 10.54167607100004 ], [ -66.84716623099996, 10.54162201500003 ], [ -66.847226976999934, 10.541580492000037 ], [ -66.84729929699995, 10.541534138000031 ], [ -66.847388025999976, 10.541503207000062 ], [ -66.84745554899996, 10.541496408000057 ], [ -66.847515360999978, 10.541500226000039 ], [ -66.847559751999938, 10.541522383000029 ], [ -66.847605117999933, 10.541560939000021 ], [ -66.847614787999987, 10.541594696000061 ], [ -66.84761481399994, 10.541633284000056 ], [ -66.847568884999987, 10.541668964000053 ], [ -66.847530245999963, 10.541682318000028 ], [ -66.847385720999966, 10.541732109000066 ], [ -66.847286394999969, 10.541818009000053 ], [ -66.847200612999984, 10.541890347000049 ], [ -66.847128407999946, 10.541998816000046 ], [ -66.847098951999953, 10.542050172000074 ], [ -66.84707352199996, 10.54208837300007 ], [ -66.847050217999936, 10.542132938000066 ], [ -66.847031155999957, 10.542177499000047 ], [ -66.84704495699998, 10.542195521000053 ], [ -66.847091628999976, 10.542198671000051 ], [ -66.847139350999953, 10.542186971000035 ], [ -66.847196613999984, 10.54216677900007 ], [ -66.84724539399997, 10.542150836000076 ], [ -66.847288864999939, 10.542126410000037 ], [ -66.847320668999942, 10.542103054000052 ], [ -66.847358836999945, 10.542078632000027 ], [ -66.847455335999939, 10.542045685000062 ], [ -66.847585887999969, 10.54202450300005 ], [ -66.847729245999972, 10.542020991000072 ], [ -66.847846674999971, 10.541984771000045 ], [ -66.847991215999969, 10.541957567000054 ], [ -66.848189986999955, 10.54196194900004 ], [ -66.848275852999961, 10.542011582000043 ], [ -66.848280425999974, 10.542092893000074 ], [ -66.848194637999939, 10.542156197000054 ], [ -66.848041077999937, 10.542205994000028 ], [ -66.847855923999987, 10.542296470000053 ], [ -66.847512682999934, 10.542423194000037 ], [ -66.847322983999959, 10.542473016000031 ], [ -66.847163962999957, 10.542503035000038 ], [ -66.847101383999984, 10.542504139000073 ], [ -66.847036688999935, 10.542512669000075 ], [ -66.846986848999961, 10.542529674000036 ], [ -66.846958220999966, 10.542544543000076 ], [ -66.846942329999933, 10.542573192000077 ], [ -66.846932803999948, 10.542601836000074 ], [ -66.84692645299998, 10.542620933000023 ], [ -66.846919181999965, 10.542624120000028 ], [ -66.846909486999948, 10.542628369000056 ], [ -66.846865996999952, 10.542625217000023 ], [ -66.846852205999937, 10.542622044000041 ], [ -66.846815072999959, 10.542608281000071 ], [ -66.846789612999942, 10.54260193500005 ], [ -66.84677370299994, 10.542601945000058 ], [ -66.846754616999988, 10.542611505000025 ], [ -66.846748266999953, 10.542631662000076 ], [ -66.846753584999988, 10.542653932000064 ], [ -66.84678011699998, 10.542675128000042 ], [ -66.846840585999985, 10.542690996000033 ], [ -66.846891496999945, 10.542688840000039 ], [ -66.846945588999972, 10.542685621000032 ], [ -66.847021952999967, 10.54267920500007 ], [ -66.847076042999959, 10.542672804000063 ], [ -66.847133316999987, 10.542668522000042 ], [ -66.847235865999949, 10.542684289000022 ], [ -66.84726061799995, 10.542701281000063 ], [ -66.847286664999956, 10.542738849000045 ], [ -66.847285907999947, 10.542758995000042 ], [ -66.847274551999988, 10.542777950000072 ], [ -66.847249116999933, 10.542793807000066 ], [ -66.847232856999938, 10.542798335000043 ], [ -66.847191193999947, 10.542793924000023 ], [ -66.847115401999986, 10.542792460000044 ], [ -66.847077510999952, 10.542798549000054 ], [ -66.847060087999978, 10.542811445000041 ], [ -66.847081324999976, 10.54283416800007 ], [ -66.847145757999954, 10.542850040000076 ], [ -66.847219353999947, 10.542870624000045 ], [ -66.847291654999935, 10.542902197000046 ], [ -66.847412746999964, 10.54294264300006 ], [ -66.84747634699994, 10.542959999000061 ], [ -66.847558933999949, 10.542985251000061 ], [ -66.847624118999988, 10.543008300000054 ], [ -66.847648174999961, 10.543026 ], [ -66.847655779999968, 10.543044344000066 ], [ -66.84765579599997, 10.543067754000049 ], [ -66.847646002999966, 10.543088957000066 ], [ -66.847630194999965, 10.543103204000033 ], [ -66.847589956999968, 10.543118831000072 ], [ -66.847449896999933, 10.543091822000065 ], [ -66.847290180999948, 10.542999556000041 ], [ -66.847245357999952, 10.542961741000056 ], [ -66.847195130999978, 10.542927792000057 ], [ -66.847138734999987, 10.54290697700003 ], [ -66.847060708999948, 10.542881542000032 ], [ -66.846988869999961, 10.542867689000047 ], [ -66.846930937999957, 10.542860777000044 ], [ -66.846869923999975, 10.542863136000051 ], [ -66.846777250999935, 10.542878647000066 ] ] ] } },
{ "type": "Feature", "properties": { "Shape_Leng": 0.0043811061282500001, "Shape_Area": 7.0694341406699999e-07, "Confidence": "Possible", "Type": "Landslide", "SubtypeLS": "Debris Flow", "SubtypeLQ": null, "SubtypeGR": null, "Comments": "Reactivation. Downhill visualization obstructed by clouds", "Source": "B1600011017A8610 - RadiantEarth - 06/26/2026\r\n and B140001100B5C810 - RadiantEarth - 06/29/2026", "Access": "Hard", "Impact": "Watershed towards Caraballeda", "ID": 108, "Longitude": -66.850502743099995, "Latitude": 10.545261140699999 }, "geometry": { "type": "Polygon", "coordinates": [ [ [ -66.84987814699997, 10.545380025000043 ], [ -66.849793921999947, 10.545378124000024 ], [ -66.849659001999953, 10.545326074000059 ], [ -66.849608300999932, 10.545282944000064 ], [ -66.849582, 10.545243551000056 ], [ -66.849581976999957, 10.545209770000042 ], [ -66.849613857999941, 10.545175967000034 ], [ -66.849616108999953, 10.545175571000073 ], [ -66.849738936999984, 10.545172788000059 ], [ -66.849862266999935, 10.545178145000023 ], [ -66.849929365999969, 10.54517084400004 ], [ -66.849979958999938, 10.545134690000054 ], [ -66.850014600999941, 10.545009446000051 ], [ -66.850060783999936, 10.544899550000025 ], [ -66.850121466999951, 10.544853249000028 ], [ -66.850164836999966, 10.544856111000058 ], [ -66.850266065999961, 10.544910974000061 ], [ -66.850381763999962, 10.544986065000046 ], [ -66.850503250999964, 10.545069826000031 ], [ -66.850516034999941, 10.545081316000051 ], [ -66.850599526999986, 10.545126552000056 ], [ -66.850693086999968, 10.545135962000074 ], [ -66.850779531999933, 10.545129982000049 ], [ -66.850881355999945, 10.545101490000036 ], [ -66.850995026999954, 10.545081281000023 ], [ -66.851076727999953, 10.545065830000055 ], [ -66.85114895199996, 10.545044464000057 ], [ -66.851192770999944, 10.545049171000073 ], [ -66.851230678999968, 10.54506690900007 ], [ -66.851292248999982, 10.545053840000037 ], [ -66.851331328999947, 10.545053813000038 ], [ -66.851401210999938, 10.545072713000025 ], [ -66.851443867999933, 10.54510821100007 ], [ -66.851423807999936, 10.545204279000075 ], [ -66.851338629999987, 10.545295018000047 ], [ -66.851238930999955, 10.545367631000033 ], [ -66.851086619999933, 10.545414890000075 ], [ -66.850912535999953, 10.545449468000072 ], [ -66.850760213999934, 10.545480403000056 ], [ -66.85053901699996, 10.54557486300007 ], [ -66.850411425999937, 10.545609366000065 ], [ -66.850332296999966, 10.545622158000072 ], [ -66.850326664999955, 10.545619864000059 ], [ -66.850231518999976, 10.545601117000047 ], [ -66.850179917999981, 10.545569813000043 ], [ -66.850174871999968, 10.545563155000025 ], [ -66.850143321999951, 10.545521523000048 ], [ -66.850079952999977, 10.545466070000032 ], [ -66.85001789599994, 10.545421062000059 ], [ -66.849947365999981, 10.54539630000005 ], [ -66.84987814699997, 10.545380025000043 ] ] ] } },
{ "type": "Feature", "properties": { "Shape_Leng": 0.0130184169532, "Shape_Area": 1.6803722093800001e-06, "Confidence": "Likely", "Type": "Landslide", "SubtypeLS": "Debris Flow", "SubtypeLQ": null, "SubtypeGR": null, "Comments": "With rock-fall from pre-existent scarp. Uphill visualization obstructed by clouds", "Source": "B1600011017A8610 - RadiantEarth - 06/26/2026\r\n and B140001100B5C810 - RadiantEarth - 06/29/2026", "Access": "Hard", "Impact": "Watershed towards Caraballeda", "ID": 109, "Longitude": -66.848757371999994, "Latitude": 10.544847156 }, "geometry": { "type": "Polygon", "coordinates": [ [ [ -66.847279491999984, 10.544930366000074 ], [ -66.847227496999949, 10.544996899000068 ], [ -66.847217174999969, 10.545040606000043 ], [ -66.847250982999981, 10.545079995000037 ], [ -66.847329818999981, 10.545098708000069 ], [ -66.84747624299996, 10.545154910000065 ], [ -66.847632032999968, 10.545186708000074 ], [ -66.847859137999933, 10.545214703000056 ], [ -66.848043065999946, 10.545227714000021 ], [ -66.848268281999935, 10.545238820000066 ], [ -66.848397787999943, 10.54525562200007 ], [ -66.848493503999975, 10.545259310000063 ], [ -66.848628641999937, 10.545277985000041 ], [ -66.848713143999987, 10.545349243000032 ], [ -66.84872070199998, 10.545424307000076 ], [ -66.848623142999941, 10.54546941600006 ], [ -66.848476757999947, 10.545469516000026 ], [ -66.84830971699995, 10.54545274000003 ], [ -66.848135172999946, 10.545441599000071 ], [ -66.848015049999958, 10.545424791000073 ], [ -66.847812339999962, 10.545391148000022 ], [ -66.847722247999968, 10.545378073000052 ], [ -66.847694124999975, 10.545419380000055 ], [ -66.847756103999984, 10.545486900000071 ], [ -66.847780519999958, 10.545515034000061 ], [ -66.847840606999966, 10.545560035000051 ], [ -66.847876306999979, 10.545621943000071 ], [ -66.847885728999984, 10.54567823800005 ], [ -66.847853857999951, 10.545727055000043 ], [ -66.847767540999939, 10.545745882000062 ], [ -66.847696190999955, 10.54569525900007 ], [ -66.847611674999939, 10.545603357000061 ], [ -66.847544059999962, 10.545526457000051 ], [ -66.847493335999957, 10.545451422000042 ], [ -66.847435103999942, 10.54537263900005 ], [ -66.847361848999981, 10.545282606000058 ], [ -66.847262333999936, 10.545211358000074 ], [ -66.84712716599995, 10.545149519000063 ], [ -66.84705209699996, 10.545149570000035 ], [ -66.846831207999969, 10.545190195000032 ], [ -66.846814194999979, 10.545196673000021 ], [ -66.846686998999985, 10.545219890000055 ], [ -66.846435497999948, 10.545266321000042 ], [ -66.846247628999947, 10.545350294000059 ], [ -66.846106016999954, 10.545431344000065 ], [ -66.846022231999939, 10.545518137000045 ], [ -66.845889229999955, 10.545506663000026 ], [ -66.845892051999954, 10.545405470000048 ], [ -66.845970056999988, 10.545321572000034 ], [ -66.846126100999982, 10.545205818000056 ], [ -66.846218574999966, 10.545142149000071 ], [ -66.846345738999958, 10.545072674000039 ], [ -66.846542052999951, 10.545053987000074 ], [ -66.846692628999961, 10.544997265000063 ], [ -66.846851323999942, 10.544943196000077 ], [ -66.846969723999962, 10.544908772000042 ], [ -66.847107075999986, 10.544882625000071 ], [ -66.847182846999942, 10.544854152000028 ], [ -66.847317810999982, 10.544798401000037 ], [ -66.847465790999934, 10.544728430000021 ], [ -66.847524973999953, 10.544686942000055 ], [ -66.847604302999969, 10.544666755000037 ], [ -66.84766588399998, 10.544667897000068 ], [ -66.84774049899994, 10.544680873000061 ], [ -66.847877795999977, 10.544682703000035 ], [ -66.848005461999946, 10.544669663000036 ], [ -66.848205289999953, 10.544654723000065 ], [ -66.848327394999956, 10.54462873500006 ], [ -66.848453206999977, 10.544610145000036 ], [ -66.848601200999951, 10.544560084000068 ], [ -66.848764033999942, 10.544563673000027 ], [ -66.848956475999955, 10.544570943000053 ], [ -66.849036049999938, 10.544583841000076 ], [ -66.849091588999954, 10.544624511000052 ], [ -66.849091617999989, 10.54466706900007 ], [ -66.84907683299997, 10.544692984000051 ], [ -66.849080565999941, 10.544741091000049 ], [ -66.849100945999965, 10.544778084000029 ], [ -66.849132413999939, 10.544796566000059 ], [ -66.849221235999948, 10.544803906000027 ], [ -66.849350760999982, 10.544803818000048 ], [ -66.849435867999944, 10.544790807000027 ], [ -66.84958017799994, 10.544764803000021 ], [ -66.849657881999974, 10.544748097000024 ], [ -66.849698587999967, 10.544746218000057 ], [ -66.849713418999954, 10.544786916000021 ], [ -66.849669054999936, 10.544851709000056 ], [ -66.849602464999975, 10.544885061000059 ], [ -66.849586698999985, 10.544890986000041 ], [ -66.849518352999951, 10.544932507000055 ], [ -66.849506361999943, 10.544961342000022 ], [ -66.849502792999942, 10.545011791000036 ], [ -66.849517245999948, 10.545069434000027 ], [ -66.849529287999985, 10.54511506800003 ], [ -66.849558153999965, 10.545172702000059 ], [ -66.849567792999949, 10.545215935000044 ], [ -66.849575041999969, 10.545278388000042 ], [ -66.849571472999969, 10.545328837000056 ], [ -66.849547467999969, 10.545352875000049 ], [ -66.849481423999976, 10.54537814400004 ], [ -66.849384141999963, 10.545390222000037 ], [ -66.84931568099995, 10.545393872000034 ], [ -66.849243594999962, 10.545365095000022 ], [ -66.849179913999933, 10.545332708000046 ], [ -66.849125841999978, 10.545300315000077 ], [ -66.849082566999982, 10.545249898000066 ], [ -66.849042907999944, 10.545216295000046 ], [ -66.849003250999942, 10.54518749500005 ], [ -66.848973200999978, 10.545155086000022 ], [ -66.848913120999953, 10.545119093000039 ], [ -66.848826669999937, 10.545098408000058 ], [ -66.848825461999979, 10.545098384000028 ], [ -66.848751471999947, 10.545133591000024 ], [ -66.848662676999936, 10.545165108000049 ], [ -66.848594222999964, 10.545178107000027 ], [ -66.848512806999963, 10.54517816300006 ], [ -66.84847208399998, 10.545155987000044 ], [ -66.848401725999963, 10.545091272000036 ], [ -66.848348051999949, 10.545070955000028 ], [ -66.848272173999987, 10.545050653000033 ], [ -66.848179650999953, 10.545043315000044 ], [ -66.848089369999968, 10.545038308000073 ], [ -66.847927980999941, 10.545012032000045 ], [ -66.847726265999938, 10.544973312000025 ], [ -66.847533877999979, 10.544875260000026 ], [ -66.847412438999982, 10.544860887000027 ], [ -66.847279491999984, 10.544930366000074 ] ] ] } },
{ "type": "Feature", "properties": { "Shape_Leng": 0.0020529669597800001, "Shape_Area": 2.13592005473e-07, "Confidence": "Likely", "Type": "Landslide", "SubtypeLS": "Debris Flow", "SubtypeLQ": null, "SubtypeGR": null, "Comments": null, "Source": "B140001100B5C810 - RadiantEarth - 06/29/2026", "Access": "Hard", "Impact": "Watershed towards Caraballeda", "ID": 110, "Longitude": -66.8513694679, "Latitude": 10.541233636699999 }, "geometry": { "type": "Polygon", "coordinates": [ [ [ -66.851374454999984, 10.541458329000022 ], [ -66.85125194799997, 10.541540268000062 ], [ -66.851130576999935, 10.541553363000048 ], [ -66.851044667999986, 10.541440485000066 ], [ -66.851035592999949, 10.54138176400005 ], [ -66.851071676999936, 10.541300425000031 ], [ -66.851166468999963, 10.541191941000022 ], [ -66.851274835999959, 10.541115070000046 ], [ -66.851360630999977, 10.541060802000061 ], [ -66.85146900999996, 10.541002 ], [ -66.851586407999946, 10.540920605000053 ], [ -66.851721903999987, 10.540879855000071 ], [ -66.851740019999966, 10.540947605000042 ], [ -66.851654320999955, 10.541141915000026 ], [ -66.851505337999981, 10.541277541000056 ], [ -66.851374454999984, 10.541458329000022 ] ] ] } },
{ "type": "Feature", "properties": { "Shape_Leng": 0.00173137178132, "Shape_Area": 8.2132089055499997e-08, "Confidence": "Likely", "Type": "Landslide", "SubtypeLS": "Debris Flow", "SubtypeLQ": null, "SubtypeGR": null, "Comments": null, "Source": "B140001100B5C810 - RadiantEarth - 06/29/2026", "Access": "Hard", "Impact": "Watershed towards Caraballeda", "ID": 111, "Longitude": -66.8507892489, "Latitude": 10.5411659253 }, "geometry": { "type": "Polygon", "coordinates": [ [ [ -66.851028271999951, 10.540992790000075 ], [ -66.851081898999951, 10.540944644000035 ], [ -66.851133706999974, 10.540940908000039 ], [ -66.851139277999948, 10.540970510000022 ], [ -66.851113408999936, 10.541022337000072 ], [ -66.851035752999962, 10.541109357000039 ], [ -66.850974724999958, 10.541157508000026 ], [ -66.850904446999948, 10.541209366000032 ], [ -66.85082306299995, 10.541255681000052 ], [ -66.850754615999961, 10.541279782000061 ], [ -66.850688009999942, 10.54128908000007 ], [ -66.850495575999958, 10.541292912000074 ], [ -66.850451159999977, 10.541281841000057 ], [ -66.850404881999964, 10.541254117000051 ], [ -66.850406708999969, 10.541220809000038 ], [ -66.85045835699998, 10.541201863000026 ], [ -66.850507892999985, 10.541183690000025 ], [ -66.850578775999963, 10.541196637000041 ], [ -66.850684226999988, 10.541168809000055 ], [ -66.850828522999961, 10.541122452000025 ], [ -66.851028271999951, 10.540992790000075 ] ] ] } },
{ "type": "Feature", "properties": { "Shape_Leng": 0.00351803801208, "Shape_Area": 5.0448326853000003e-07, "Confidence": "Questionable", "Type": "Landslide", "SubtypeLS": "Debris Flow", "SubtypeLQ": null, "SubtypeGR": null, "Comments": null, "Source": "B140001100B5C810 - RadiantEarth - 06/29/2026", "Access": "Hard", "Impact": "Watershed towards Caraballeda", "ID": 112, "Longitude": -66.846074139899997, "Latitude": 10.5404277423 }, "geometry": { "type": "Polygon", "coordinates": [ [ [ -66.846417699999961, 10.539858024000068 ], [ -66.846476466999945, 10.539916710000057 ], [ -66.846467496999935, 10.540011583000023 ], [ -66.846368183999971, 10.540115553000021 ], [ -66.846295984999983, 10.540233057000023 ], [ -66.846210217999953, 10.540327982000065 ], [ -66.846124559999964, 10.540581019000058 ], [ -66.846124645999964, 10.540707508000025 ], [ -66.846201482999959, 10.540766182000027 ], [ -66.846305434999977, 10.540838391000023 ], [ -66.846373239999934, 10.540901589000043 ], [ -66.846355222999932, 10.54097839800005 ], [ -66.846170040999937, 10.541028217000076 ], [ -66.846061661999954, 10.541087018000042 ], [ -66.845894484999974, 10.541041958000051 ], [ -66.84584472399996, 10.540942608000023 ], [ -66.845844618999934, 10.54078901400004 ], [ -66.845844510999939, 10.540630903000022 ], [ -66.845835361999946, 10.540463763000048 ], [ -66.845790071999943, 10.540296648000037 ], [ -66.845785489999969, 10.540201784000033 ], [ -66.845826060999968, 10.540075267000077 ], [ -66.845916331999945, 10.539962269000057 ], [ -66.84610601299994, 10.539885342000048 ], [ -66.846417699999961, 10.539858024000068 ] ] ] } },
{ "type": "Feature", "properties": { "Shape_Leng": 0.0091742991805599996, "Shape_Area": 1.86027499866e-06, "Confidence": "Possible", "Type": "Landslide", "SubtypeLS": "Debris Flow", "SubtypeLQ": null, "SubtypeGR": null, "Comments": "Reactivation - with rock-fall", "Source": "B140001100B5C810 - RadiantEarth - 06/29/2026", "Access": "Hard", "Impact": "Watershed towards Caraballeda", "ID": 113, "Longitude": -66.850331428600001, "Latitude": 10.5576019673 }, "geometry": { "type": "Polygon", "coordinates": [ [ [ -66.850800682999989, 10.557388528000047 ], [ -66.850755871999979, 10.557497029000046 ], [ -66.850755208999942, 10.557541493000031 ], [ -66.850771303999977, 10.557560780000074 ], [ -66.850854919999961, 10.557549466000069 ], [ -66.850917625999955, 10.557533341000067 ], [ -66.851022155999942, 10.557533270000022 ], [ -66.851088085999947, 10.557526792000033 ], [ -66.851139554999975, 10.557539622000036 ], [ -66.851147622999974, 10.557579820000058 ], [ -66.851102627999978, 10.557628095000041 ], [ -66.851051189999964, 10.557660294000073 ], [ -66.850988492999988, 10.55769089100005 ], [ -66.850945080999963, 10.557702178000056 ], [ -66.850904897999953, 10.557732760000022 ], [ -66.850893671999984, 10.557777796000039 ], [ -66.850904962999948, 10.557827641000074 ], [ -66.850908219999951, 10.557887140000048 ], [ -66.850903433999974, 10.557943429000034 ], [ -66.850885784999946, 10.55800294200003 ], [ -66.850868126999956, 10.558049591000042 ], [ -66.850815075999947, 10.558075357000064 ], [ -66.850792547999959, 10.558054467000034 ], [ -66.850750721999987, 10.558033590000036 ], [ -66.850649398999963, 10.558019186000024 ], [ -66.850552921999963, 10.558036941000069 ], [ -66.850506287999963, 10.558040190000042 ], [ -66.850454849999949, 10.558073996000076 ], [ -66.850335881999968, 10.558123930000022 ], [ -66.850263545999951, 10.55816900800005 ], [ -66.850183163999986, 10.558206050000024 ], [ -66.850081882999973, 10.558252756000059 ], [ -66.84990823399994, 10.558297903000039 ], [ -66.849813360999974, 10.558309225000073 ], [ -66.849686323999947, 10.558318961000055 ], [ -66.849325847999978, 10.558332839000059 ], [ -66.84905337899994, 10.558417379000048 ], [ -66.84905329999998, 10.55830235600007 ], [ -66.849158632999945, 10.558148919000075 ], [ -66.849273537999977, 10.557976305000068 ], [ -66.849426738999966, 10.557736567000063 ], [ -66.849532111999963, 10.557640642000024 ], [ -66.849714140999936, 10.557506323000041 ], [ -66.849752428999977, 10.557429614000057 ], [ -66.849829012999976, 10.557285782000065 ], [ -66.849896050999973, 10.557199469000068 ], [ -66.850058961999935, 10.557141845000046 ], [ -66.850174011999968, 10.557180108000068 ], [ -66.850384868999981, 10.557151207000061 ], [ -66.850547778999953, 10.557093584000029 ], [ -66.850777753999978, 10.55698798800006 ], [ -66.851036464999936, 10.556853617000058 ], [ -66.851438883999947, 10.556613708000043 ], [ -66.851528690999942, 10.556606630000033 ], [ -66.851631753999982, 10.556666865000068 ], [ -66.851687083999934, 10.556739696000022 ], [ -66.851709749999941, 10.556815063000045 ], [ -66.851709802999949, 10.556892957000059 ], [ -66.851621900999987, 10.556955836000043 ], [ -66.851541508999958, 10.556978505000075 ], [ -66.851393283999982, 10.557016298000065 ], [ -66.851207363999947, 10.557049091000067 ], [ -66.851058973999955, 10.557095778000075 ], [ -66.850988735999977, 10.557141208000075 ], [ -66.850961516999973, 10.557170168000027 ], [ -66.850964039999951, 10.557208464000041 ], [ -66.851001039999971, 10.557226128000025 ], [ -66.851094300999932, 10.557209983000064 ], [ -66.851221335999981, 10.557197031000044 ], [ -66.851316208999947, 10.557185709000066 ], [ -66.851448074999951, 10.557182402000024 ], [ -66.851497935999987, 10.557195233000073 ], [ -66.851542974999973, 10.557211284000061 ], [ -66.851599279999959, 10.557240192000052 ], [ -66.851610561999962, 10.557277171000067 ], [ -66.851583235999954, 10.557294880000029 ], [ -66.851494788999958, 10.557296549000057 ], [ -66.851354878999985, 10.557295036000028 ], [ -66.851292159999957, 10.557293471000037 ], [ -66.851137773999938, 10.557287144000043 ], [ -66.851052549999963, 10.557298460000027 ], [ -66.850943208999979, 10.557317832000024 ], [ -66.850898189999953, 10.557330728000068 ], [ -66.850851572999943, 10.557359707000046 ], [ -66.850800682999989, 10.557388528000047 ] ] ] } },
{ "type": "Feature", "properties": { "Shape_Leng": 0.0035533399369800001, "Shape_Area": 3.3611467983600001e-07, "Confidence": "Possible", "Type": "Landslide", "SubtypeLS": "Debris Flow", "SubtypeLQ": null, "SubtypeGR": null, "Comments": "With rock-fall", "Source": "B140001100B5C810 - RadiantEarth - 06/29/2026", "Access": "Hard", "Impact": "Watershed towards Caraballeda", "ID": 114, "Longitude": -66.849839426700001, "Latitude": 10.558970202699999 }, "geometry": { "type": "Polygon", "coordinates": [ [ [ -66.850506759999973, 10.558848842000032 ], [ -66.850443989999974, 10.558919556000035 ], [ -66.850400821999983, 10.558947068000066 ], [ -66.850290918999974, 10.558990331000075 ], [ -66.850153514999988, 10.559006130000057 ], [ -66.850059303999956, 10.559029751000025 ], [ -66.849937598999986, 10.559037687000057 ], [ -66.849870875999954, 10.559069142000055 ], [ -66.849847378999982, 10.559155533000023 ], [ -66.849784602999932, 10.559218394000027 ], [ -66.849741428999948, 10.559238054000048 ], [ -66.84960792399994, 10.559214589000021 ], [ -66.849466564999943, 10.559187203000022 ], [ -66.849329130999934, 10.559159814000054 ], [ -66.849254523999946, 10.559144160000073 ], [ -66.849187730999972, 10.559073536000028 ], [ -66.849207283999988, 10.558959664000042 ], [ -66.849309308999977, 10.55888107100003 ], [ -66.849450647999959, 10.558877049000046 ], [ -66.849764735999941, 10.558872907000023 ], [ -66.850074895999967, 10.558864843000038 ], [ -66.850271180999982, 10.558833299000071 ], [ -66.850416396999947, 10.558758603000058 ], [ -66.850557667999965, 10.558656426000027 ], [ -66.850695052999981, 10.558613145000038 ], [ -66.850726494999947, 10.558660237000026 ], [ -66.850679423999964, 10.558723087000033 ], [ -66.850589165999963, 10.558785968000052 ], [ -66.850506759999973, 10.558848842000032 ] ] ] } },
{ "type": "Feature", "properties": { "Shape_Leng": 0.0025043123935500002, "Shape_Area": 2.58419199537e-07, "Confidence": "Possible", "Type": "Landslide", "SubtypeLS": "Debris Flow", "SubtypeLQ": null, "SubtypeGR": null, "Comments": "Reactivation - with tension cracks", "Source": "B140001100B5C810 - RadiantEarth - 06/29/2026", "Access": "Hard", "Impact": "Watershed towards Caraballeda", "ID": 115, "Longitude": -66.849782880600003, "Latitude": 10.556171233300001 }, "geometry": { "type": "Polygon", "coordinates": [ [ [ -66.850163945999952, 10.55597395500007 ], [ -66.850175238999952, 10.55602701600003 ], [ -66.850165622999953, 10.55607526700004 ], [ -66.850146368999958, 10.556139606000045 ], [ -66.85013835999996, 10.556184640000026 ], [ -66.850120694999987, 10.556221639000057 ], [ -66.850115897999956, 10.556261846000041 ], [ -66.850119140999936, 10.55630044000003 ], [ -66.85013042199995, 10.556335811000054 ], [ -66.850146527999982, 10.556371179000053 ], [ -66.850136901999974, 10.556404957000041 ], [ -66.850096703999952, 10.55641302500004 ], [ -66.850045230999967, 10.556395371000065 ], [ -66.849996972999975, 10.556374498000025 ], [ -66.84994549399994, 10.556348803000049 ], [ -66.849929399999951, 10.556329516000062 ], [ -66.849890784999957, 10.556302204000076 ], [ -66.849829667999984, 10.556290989000047 ], [ -66.849803942999984, 10.556299047000039 ], [ -66.849762139999939, 10.556311941000047 ], [ -66.849736409999934, 10.556311959000027 ], [ -66.849697806999984, 10.556300728000053 ], [ -66.849633463999965, 10.556276650000029 ], [ -66.849562707999951, 10.556279915000061 ], [ -66.849450730999934, 10.55631760700004 ], [ -66.849392298999987, 10.556358831000068 ], [ -66.849331182999947, 10.556350832000021 ], [ -66.849294182999984, 10.556331559000057 ], [ -66.849266822999937, 10.55630102300006 ], [ -66.849252324999952, 10.556264046000024 ], [ -66.849255514999982, 10.556225448000021 ], [ -66.849287640999933, 10.556172357000037 ], [ -66.849327814999981, 10.556128910000041 ], [ -66.849385681999934, 10.556090275000031 ], [ -66.849451612999985, 10.556085405000033 ], [ -66.849530415999936, 10.556091784000046 ], [ -66.849580268999944, 10.556091749000075 ], [ -66.849660663999941, 10.556074005000028 ], [ -66.849766779999982, 10.556041769000046 ], [ -66.849855193999986, 10.555991856000048 ], [ -66.849906630999953, 10.555958050000072 ], [ -66.849956468999949, 10.555937110000059 ], [ -66.850004705999936, 10.555925820000027 ], [ -66.85005294399997, 10.555916138000043 ], [ -66.850128536999932, 10.555930559000046 ], [ -66.850163945999952, 10.55597395500007 ] ] ] } },
{ "type": "Feature", "properties": { "Shape_Leng": 0.0148076111129, "Shape_Area": 2.3230762501899999e-06, "Confidence": "Likely", "Type": "Landslide", "SubtypeLS": "Debris Flow", "SubtypeLQ": null, "SubtypeGR": null, "Comments": "Partially obstructed by clouds", "Source": "B140001100B5C810 - RadiantEarth - 06/29/2026 and Sentinel-2 L2A - 07/07/2026", "Access": "Hard", "Impact": "Watershed towards Caraballeda", "ID": 116, "Longitude": -66.847660035499999, "Latitude": 10.552868591199999 }, "geometry": { "type": "Polygon", "coordinates": [ [ [ -66.848044447999939, 10.552207499000076 ], [ -66.848228870999947, 10.552054253000051 ], [ -66.848432892999938, 10.551853880000067 ], [ -66.848578065999959, 10.551716366000051 ], [ -66.848754336999946, 10.551416645000074 ], [ -66.848861850999981, 10.551273088000073 ], [ -66.84898730599997, 10.55113848700006 ], [ -66.849130738999975, 10.551066648000074 ], [ -66.849211502999935, 10.551147302000061 ], [ -66.849193696999976, 10.551335635000044 ], [ -66.849041436999983, 10.551613736000036 ], [ -66.848849133999977, 10.551955675000045 ], [ -66.848751065999977, 10.552081379000072 ], [ -66.848613742999987, 10.552214961000061 ], [ -66.848456780999982, 10.552336779000029 ], [ -66.848240979999957, 10.552537160000043 ], [ -66.847122681999963, 10.553488052000034 ], [ -66.846921991999977, 10.553572827000039 ], [ -66.846859721999977, 10.55362172100007 ], [ -66.846840163999957, 10.553727740000056 ], [ -66.846887335999952, 10.553814083000077 ], [ -66.846926640999982, 10.553876874000025 ], [ -66.846969849999937, 10.553908254000021 ], [ -66.847056232999932, 10.553919973000063 ], [ -66.847166164999976, 10.553919898000061 ], [ -66.847221114999968, 10.553896303000045 ], [ -66.847331003999955, 10.553833410000038 ], [ -66.847414464999986, 10.553876008000032 ], [ -66.847381549999966, 10.553929326000059 ], [ -66.847338968999964, 10.553998302000025 ], [ -66.84722120899994, 10.554033718000028 ], [ -66.847075951999955, 10.554049522000071 ], [ -66.846973891999937, 10.554077075000066 ], [ -66.846898100999965, 10.554098554000063 ], [ -66.846828693999953, 10.554179254000076 ], [ -66.846797365999976, 10.554297060000067 ], [ -66.846695310999962, 10.554332465000073 ], [ -66.84666384999997, 10.554257890000031 ], [ -66.846663755999941, 10.554120475000047 ], [ -66.846687186999986, 10.553935930000023 ], [ -66.846706679999954, 10.55373568400006 ], [ -66.846722300999943, 10.553613963000032 ], [ -66.846726095999941, 10.55342157900003 ], [ -66.846692831999974, 10.552960494000047 ], [ -66.846719532999941, 10.552664543000049 ], [ -66.846826959999987, 10.552395440000055 ], [ -66.84697928099996, 10.552207014000032 ], [ -66.847122665999962, 10.552063434000047 ], [ -66.847310887999981, 10.551919822000059 ], [ -66.847624620999966, 10.551722319000021 ], [ -66.847848627999952, 10.551453135000031 ], [ -66.848099537999985, 10.551183934000051 ], [ -66.848323643999947, 10.551058233000049 ], [ -66.848449258999949, 10.551156791000039 ], [ -66.84843140299995, 10.551273383000023 ], [ -66.848297029999969, 10.551479731000029 ], [ -66.848072985999977, 10.551695109000036 ], [ -66.847822099999973, 10.552000181000039 ], [ -66.847373913999945, 10.552287453000076 ], [ -66.847149850999983, 10.552475927000046 ], [ -66.847006503999978, 10.55267331400006 ], [ -66.846961818999944, 10.552897536000046 ], [ -66.847319392999964, 10.552828817000034 ], [ -66.848044447999939, 10.552207499000076 ] ] ] } },
{ "type": "Feature", "properties": { "Shape_Leng": 0.0038782901451399998, "Shape_Area": 4.9752908143499995e-07, "Confidence": "Likely", "Type": "Landslide", "SubtypeLS": "Debris Flow", "SubtypeLQ": null, "SubtypeGR": null, "Comments": "Partially obstructed by clouds", "Source": "B140001100B5C810 - RadiantEarth - 06/29/2026", "Access": "Hard", "Impact": "Watershed towards Caraballeda", "ID": 117, "Longitude": -66.845799118299993, "Latitude": 10.5532381443 }, "geometry": { "type": "Polygon", "coordinates": [ [ [ -66.845513020999988, 10.553571604000069 ], [ -66.845607175999987, 10.553465533000065 ], [ -66.845717064999974, 10.553402640000058 ], [ -66.84573259299998, 10.553374518000055 ], [ -66.845717005999973, 10.553316265000035 ], [ -66.845671754999955, 10.553285515000027 ], [ -66.845625112999983, 10.55328554700003 ], [ -66.845595286999981, 10.553304570000023 ], [ -66.845532482999943, 10.553324243000077 ], [ -66.84540295499994, 10.553375372000062 ], [ -66.845319036999967, 10.553406024000026 ], [ -66.84527606599994, 10.553380484000058 ], [ -66.845267565999961, 10.553352222000058 ], [ -66.845269422999934, 10.553312645000062 ], [ -66.84531646399995, 10.55320660700005 ], [ -66.845402760999946, 10.553092690000028 ], [ -66.845516535999934, 10.552970902000027 ], [ -66.845638200999986, 10.552904074000026 ], [ -66.845740233999948, 10.552837260000047 ], [ -66.845818735999956, 10.552805797000076 ], [ -66.845940466999934, 10.552837123000074 ], [ -66.845995486999982, 10.552915608000035 ], [ -66.846026963999975, 10.55301374000004 ], [ -66.846062341999982, 10.55307653400007 ], [ -66.84611734799995, 10.553135388000044 ], [ -66.846195894999937, 10.553170670000043 ], [ -66.846301894999954, 10.553162745000066 ], [ -66.846435405999955, 10.553194062000046 ], [ -66.846443311999963, 10.553272580000055 ], [ -66.846349124999961, 10.55333153600003 ], [ -66.846148942999946, 10.553406270000039 ], [ -66.845995863999974, 10.553465267000036 ], [ -66.845846723999955, 10.55354389200005 ], [ -66.845685816999946, 10.553638230000047 ], [ -66.84550922699998, 10.553763987000025 ], [ -66.845458175999966, 10.553748317000043 ], [ -66.845447294999985, 10.553682837000053 ], [ -66.845469873999946, 10.553630525000074 ], [ -66.845513020999988, 10.553571604000069 ] ] ] } },
{ "type": "Feature", "properties": { "Shape_Leng": 0.024655368394399999, "Shape_Area": 2.1341644419300002e-06, "Confidence": "Likely", "Type": "Landslide", "SubtypeLS": "Debris Flow", "SubtypeLQ": null, "SubtypeGR": null, "Comments": "Partially obstructed by clouds", "Source": "B1600011017A8610 - RadiantEarth - 06/26/2026, Sentinel-2 L2A - 07/07/2026,\r\n and B140001100B5C810 - RadiantEarth - 06/29/2026", "Access": "Hard", "Impact": "Watershed towards Caraballeda", "ID": 118, "Longitude": -66.848537108000002, "Latitude": 10.549757845 }, "geometry": { "type": "Polygon", "coordinates": [ [ [ -66.846138365999934, 10.551241900000036 ], [ -66.846039431999941, 10.551334181000072 ], [ -66.845787273999974, 10.551579534000041 ], [ -66.845636006999939, 10.551670435000062 ], [ -66.84549986899998, 10.551756282000042 ], [ -66.845388945999957, 10.551832022000042 ], [ -66.845298213999968, 10.551927926000076 ], [ -66.845237765999968, 10.552049031000024 ], [ -66.845182333999958, 10.552129778000051 ], [ -66.845131910999953, 10.552160079000032 ], [ -66.845081453999967, 10.55213993600006 ], [ -66.845076343999949, 10.552044097000021 ], [ -66.845151846999954, 10.551806963000047 ], [ -66.845217335999962, 10.55168081100004 ], [ -66.845413956999948, 10.551524302000075 ], [ -66.845605512999953, 10.551337532000048 ], [ -66.845817404999934, 10.551176557000076 ], [ -66.845907089999969, 10.551128185000039 ], [ -66.846007115999953, 10.551062553000065 ], [ -66.846065732999932, 10.550996950000069 ], [ -66.84612431499994, 10.550879586000065 ], [ -66.846169100999987, 10.550772583000025 ], [ -66.846213886999976, 10.550665580000043 ], [ -66.846255190999955, 10.550513721000073 ], [ -66.846320664999951, 10.550382549000062 ], [ -66.846427508999966, 10.550196137000057 ], [ -66.846527456999979, 10.550016632000052 ], [ -66.84658256199998, 10.549861312000075 ], [ -66.846610129999988, 10.549806082000032 ], [ -66.846648032999951, 10.549726690000057 ], [ -66.846710090999977, 10.549647281000034 ], [ -66.846785975999978, 10.549602370000059 ], [ -66.846872217999987, 10.549564353000051 ], [ -66.846958496999946, 10.549581548000049 ], [ -66.84699651699998, 10.549671240000066 ], [ -66.847003500999961, 10.549792010000033 ], [ -66.846917336999979, 10.549943900000073 ], [ -66.846841468999969, 10.550012966000054 ], [ -66.846765609999977, 10.550095835000036 ], [ -66.846682868999949, 10.550206315000025 ], [ -66.846620814999937, 10.550292625000054 ], [ -66.846534634999955, 10.550420360000032 ], [ -66.846410477999939, 10.550520516000063 ], [ -66.846351883999944, 10.550620627000058 ], [ -66.846338147999973, 10.550717256000041 ], [ -66.846348546999934, 10.550786263000077 ], [ -66.84638997199994, 10.550810389000048 ], [ -66.846445182999958, 10.550810352000042 ], [ -66.846476227999972, 10.550793077000037 ], [ -66.846603877999939, 10.550755032000041 ], [ -66.846717717999979, 10.550706644000059 ], [ -66.846967334999988, 10.550595084000065 ], [ -66.847084343999938, 10.55053758400004 ], [ -66.847135112999979, 10.55050000500006 ], [ -66.847205735999978, 10.550431495000055 ], [ -66.847263117999944, 10.550376244000063 ], [ -66.847298409999951, 10.550312175000045 ], [ -66.84733147999998, 10.550230440000064 ], [ -66.847373393999987, 10.550161949000028 ], [ -66.847410885999977, 10.550086836000048 ], [ -66.847461628999952, 10.55001171300006 ], [ -66.84752343599996, 10.549967502000072 ], [ -66.847541044999957, 10.549951175000047 ], [ -66.847632380999983, 10.549922478000042 ], [ -66.847769711999945, 10.54992238400007 ], [ -66.847800627999959, 10.549922363000064 ], [ -66.847952378999935, 10.549922259000027 ], [ -66.848130513999934, 10.549910591000071 ], [ -66.848267366999949, 10.549926969000069 ], [ -66.848330826999984, 10.549901290000037 ], [ -66.848377478999964, 10.549827868000023 ], [ -66.848591864999946, 10.549562220000041 ], [ -66.848710643999937, 10.549371162000057 ], [ -66.84881504599997, 10.54923416400004 ], [ -66.848944672999949, 10.549097149000033 ], [ -66.849038303999976, 10.549016610000024 ], [ -66.84915355399994, 10.548933655000042 ], [ -66.849330028999987, 10.548805015000028 ], [ -66.849780322999948, 10.548445662000063 ], [ -66.849809665999942, 10.548376082000061 ], [ -66.849818767999977, 10.548344797000027 ], [ -66.849856516999978, 10.548278303000075 ], [ -66.849915114999988, 10.548205279000058 ], [ -66.849959389999981, 10.548150511000074 ], [ -66.850002352999979, 10.54808401400004 ], [ -66.850036193999983, 10.548020129000065 ], [ -66.850037255999951, 10.547878360000027 ], [ -66.850058007999962, 10.547732377000045 ], [ -66.850085709999973, 10.547584073000053 ], [ -66.850113418999968, 10.547445037000045 ], [ -66.850141140999938, 10.547326853000072 ], [ -66.850196661999973, 10.547201699000027 ], [ -66.850259130999973, 10.547071907000031 ], [ -66.850312363999933, 10.546988460000023 ], [ -66.850388770999984, 10.546911948000059 ], [ -66.850492990999953, 10.546849319000046 ], [ -66.85063194199995, 10.546751912000047 ], [ -66.850752369999952, 10.546673053000063 ], [ -66.85086354699996, 10.546619687000032 ], [ -66.850979380999945, 10.546598755000048 ], [ -66.851079007999942, 10.546596369000042 ], [ -66.851194866999947, 10.546612509000056 ], [ -66.851264408999953, 10.546661117000042 ], [ -66.851287606999961, 10.546702807000031 ], [ -66.851301560999957, 10.546779257000026 ], [ -66.851292316999945, 10.546814017000031 ], [ -66.851257586999964, 10.546848795000074 ], [ -66.85116723799996, 10.54686739300007 ], [ -66.851058346999935, 10.546876735000069 ], [ -66.850940191999939, 10.546890718000043 ], [ -66.850833626999986, 10.546911644000033 ], [ -66.850708537999935, 10.546951117000049 ], [ -66.850585773999967, 10.547002175000046 ], [ -66.850493124999957, 10.547043943000062 ], [ -66.850423656999965, 10.547104232000038 ], [ -66.850340322999955, 10.547215503000075 ], [ -66.850291742999957, 10.547326750000025 ], [ -66.850243169999942, 10.547447265000073 ], [ -66.850201587999948, 10.547628016000033 ], [ -66.850173874999939, 10.547760101000051 ], [ -66.850160068999969, 10.54789912800004 ], [ -66.850146250999956, 10.548021936000055 ], [ -66.850134760999936, 10.548160962000054 ], [ -66.850118604999977, 10.548251334000042 ], [ -66.85008621999998, 10.54832781600004 ], [ -66.850030664999963, 10.548404313000049 ], [ -66.849790278999933, 10.548612968000043 ], [ -66.849570505999964, 10.548841845000027 ], [ -66.84924224599996, 10.549088392000044 ], [ -66.849086907999947, 10.549202862000072 ], [ -66.848963826999977, 10.549320242000022 ], [ -66.848621939999987, 10.549738709000053 ], [ -66.848541213999965, 10.549882269000022 ], [ -66.848407680999969, 10.549991225000042 ], [ -66.848370442999965, 10.550016628000037 ], [ -66.848293919999946, 10.550068829000054 ], [ -66.84810093699997, 10.550075559000049 ], [ -66.847892048999938, 10.550077954000074 ], [ -66.84771343999995, 10.550080003000062 ], [ -66.847671468999977, 10.550064573000043 ], [ -66.847607430999972, 10.550075659000072 ], [ -66.84754342399998, 10.550130914000022 ], [ -66.847499305999975, 10.550206032000062 ], [ -66.84748609899998, 10.550270086000069 ], [ -66.847486156999935, 10.550354007000067 ], [ -66.847442029999968, 10.550415874000066 ], [ -66.847364771999935, 10.550471138000034 ], [ -66.847285326999952, 10.550557322000031 ], [ -66.847216909999986, 10.550623623000035 ], [ -66.847115352999936, 10.550670070000024 ], [ -66.847013795999942, 10.550716517000069 ], [ -66.846927693999987, 10.550756328000034 ], [ -66.846823926999946, 10.550800568000057 ], [ -66.846735609999939, 10.55083154700003 ], [ -66.846607553999945, 10.550882429000069 ], [ -66.846481709999978, 10.550937727000075 ], [ -66.846402241999954, 10.550990784000021 ], [ -66.846384605999958, 10.551037174000044 ], [ -66.846400098999936, 10.551085749000038 ], [ -66.846510545999934, 10.551121009000042 ], [ -66.846592257999987, 10.551120953000066 ], [ -66.84669605299996, 10.551116465000064 ], [ -66.84680868099997, 10.551111971000068 ], [ -66.846985347999976, 10.551098599000056 ], [ -66.847111215999973, 10.551078637000046 ], [ -66.847250332999977, 10.551056457000072 ], [ -66.847402684999963, 10.551009975000056 ], [ -66.847510865999936, 10.550961315000052 ], [ -66.847676479999961, 10.550932492000072 ], [ -66.847778048999942, 10.550903712000036 ], [ -66.847877385999936, 10.550839599000028 ], [ -66.84795685499995, 10.550788750000038 ], [ -66.848027517999981, 10.550777659000062 ], [ -66.848096020999947, 10.550837241000067 ], [ -66.848131422999984, 10.55093438800003 ], [ -66.848104964999948, 10.550998452000044 ], [ -66.848034291999966, 10.550994083000035 ], [ -66.847857616999988, 10.550996413000064 ], [ -66.847683174999986, 10.551034076000064 ], [ -66.847581615999957, 10.551078315000041 ], [ -66.847453566999945, 10.551138030000061 ], [ -66.847217301999933, 10.551195612000072 ], [ -66.847124570999938, 10.551231011000027 ], [ -66.847005338999963, 10.551266428000076 ], [ -66.846932482999932, 10.551299605000054 ], [ -66.846837520999941, 10.551301878000061 ], [ -66.846777881999969, 10.551286460000028 ], [ -66.84671160399995, 10.551251170000057 ], [ -66.846592318999967, 10.551209291000021 ], [ -66.846467103999942, 10.551163394000071 ], [ -66.84634613299994, 10.551176463000047 ], [ -66.84625220099997, 10.551186611000048 ], [ -66.846138365999934, 10.551241900000036 ] ] ] } },
{ "type": "Feature", "properties": { "Shape_Leng": 0.0092055400157600008, "Shape_Area": 1.0848014766300001e-06, "Confidence": "Likely", "Type": "Landslide", "SubtypeLS": "Debris Flow", "SubtypeLQ": null, "SubtypeGR": null, "Comments": "Partially obstructed by clouds and image partly distorted towards the toe", "Source": "B140001100B5C810 - RadiantEarth - 06/29/2026", "Access": "Hard", "Impact": "Watershed towards Caraballeda", "ID": 119, "Longitude": -66.845032964699996, "Latitude": 10.548840715700001 }, "geometry": { "type": "Polygon", "coordinates": [ [ [ -66.844711672999949, 10.549381979000032 ], [ -66.844621122999968, 10.549377624000044 ], [ -66.844579150999948, 10.549359985000024 ], [ -66.844546008999941, 10.549337923000053 ], [ -66.844539361999978, 10.549307010000064 ], [ -66.844539338999937, 10.549273883000069 ], [ -66.844556996999984, 10.549258412000029 ], [ -66.844640903999959, 10.549238478000063 ], [ -66.844702732999963, 10.549227393000024 ], [ -66.844824190999987, 10.549216268000066 ], [ -66.844934609999939, 10.54921177500006 ], [ -66.844976547999977, 10.549178620000021 ], [ -66.844980946999954, 10.549152115000027 ], [ -66.844969885999944, 10.549125622000076 ], [ -66.844941163999977, 10.549107974000037 ], [ -66.84487710999997, 10.549094767000042 ], [ -66.84478655199996, 10.549077161000071 ], [ -66.844733543999951, 10.549070572000062 ], [ -66.844620902999964, 10.549055190000047 ], [ -66.844519304999949, 10.549042009000061 ], [ -66.844408882999971, 10.549044293000065 ], [ -66.844283007999934, 10.549053213000036 ], [ -66.844207916999949, 10.549048848000041 ], [ -66.844161519999943, 10.549020169000073 ], [ -66.844157072999963, 10.548976003000064 ], [ -66.844225458999972, 10.548865534000072 ], [ -66.844267378999973, 10.548805877000063 ], [ -66.844285023999987, 10.548772738000025 ], [ -66.844326941999952, 10.548710873000061 ], [ -66.844382089999954, 10.54861808000004 ], [ -66.844419568999967, 10.54852309000006 ], [ -66.844468107999944, 10.548454595000067 ], [ -66.844518868999955, 10.548405974000048 ], [ -66.844585091999988, 10.548361760000034 ], [ -66.844675626999958, 10.548344030000067 ], [ -66.844786041999953, 10.548332912000035 ], [ -66.84490969899997, 10.548308535000047 ], [ -66.845075319999978, 10.54829075400005 ], [ -66.845185739999977, 10.548286261000044 ], [ -66.845309405999956, 10.54827513400005 ], [ -66.845346936999988, 10.548257441000032 ], [ -66.84552800299997, 10.548217565000073 ], [ -66.845618532999936, 10.548193210000022 ], [ -66.845706858999961, 10.548175482000033 ], [ -66.845799616999955, 10.548179835000042 ], [ -66.845828340999958, 10.548199691000036 ], [ -66.845817319999981, 10.548230617000058 ], [ -66.845731218999958, 10.548272637000025 ], [ -66.845660566999982, 10.548299187000055 ], [ -66.845605374999934, 10.548327934000042 ], [ -66.845534737999969, 10.548376569000027 ], [ -66.845486169999958, 10.548403103000055 ], [ -66.845373562999953, 10.548438516000033 ], [ -66.845287460999941, 10.548478327000055 ], [ -66.84518809399998, 10.548498271000028 ], [ -66.845071064999956, 10.548527061000073 ], [ -66.845004821999964, 10.548542566000037 ], [ -66.844916501999933, 10.548569128000054 ], [ -66.844896648999963, 10.548602268000025 ], [ -66.844918769999936, 10.548655256000075 ], [ -66.844989451999936, 10.548672875000022 ], [ -66.845029204999946, 10.548672848000024 ], [ -66.845115323999948, 10.548657330000026 ], [ -66.845216898999979, 10.548637384000074 ], [ -66.845333938999943, 10.548626262000028 ], [ -66.845417847999954, 10.548608536000074 ], [ -66.845499562999976, 10.548610689000043 ], [ -66.845543737999947, 10.548619493000047 ], [ -66.845607808999944, 10.548656992000076 ], [ -66.845605616999933, 10.548681287000022 ], [ -66.845550420999984, 10.548703409000041 ], [ -66.845486382999979, 10.54871449500007 ], [ -66.845422349999978, 10.548732207000057 ], [ -66.845356126999945, 10.548776421000071 ], [ -66.845300943999973, 10.548818420000032 ], [ -66.845225888999948, 10.54886484900004 ], [ -66.845133155999974, 10.548898039000051 ], [ -66.845013923999943, 10.548933456000043 ], [ -66.844901293999953, 10.548935741000037 ], [ -66.844881417999943, 10.548935755000059 ], [ -66.844817381999974, 10.548949050000033 ], [ -66.844810777999953, 10.54897997300003 ], [ -66.844839510999975, 10.549013080000066 ], [ -66.844954375999976, 10.549050545000057 ], [ -66.845058192999943, 10.54907918400005 ], [ -66.845190717999969, 10.549105594000025 ], [ -66.845290095999985, 10.549101109000048 ], [ -66.845369572999971, 10.54906130300003 ], [ -66.845402662999959, 10.549008277000041 ], [ -66.845440159999953, 10.54893978900003 ], [ -66.845466624999972, 10.548886768000045 ], [ -66.845501931999934, 10.54884478300005 ], [ -66.845563752999965, 10.548822657000073 ], [ -66.845610133999969, 10.548827042000028 ], [ -66.845638858999962, 10.548849107000024 ], [ -66.84568528799997, 10.548924162000048 ], [ -66.845720648999986, 10.548961682000026 ], [ -66.845800173999976, 10.548992546000022 ], [ -66.845877479999956, 10.549007952000068 ], [ -66.845908427999973, 10.549049891000038 ], [ -66.845895211999959, 10.54910069500005 ], [ -66.84584665899996, 10.549149314000033 ], [ -66.845806921999952, 10.549171426000044 ], [ -66.84575616799998, 10.549231089000045 ], [ -66.845745158999932, 10.549279682000076 ], [ -66.845751812999936, 10.549321638000038 ], [ -66.845769518999987, 10.549376838000057 ], [ -66.845736405999958, 10.549396736000062 ], [ -66.845621550999965, 10.549374730000068 ], [ -66.845528778999949, 10.549350501000049 ], [ -66.845429389999936, 10.549337318000028 ], [ -66.845343256999968, 10.549332960000072 ], [ -66.845252714999958, 10.549339648000057 ], [ -66.845190905999971, 10.549379442000031 ], [ -66.845133503999932, 10.549405983000042 ], [ -66.845049577999987, 10.549399415000039 ], [ -66.84493914799998, 10.549388449000048 ], [ -66.844837549999966, 10.549375267000073 ], [ -66.844711672999949, 10.549381979000032 ] ] ] } },
{ "type": "Feature", "properties": { "Shape_Leng": 0.0035303425109800002, "Shape_Area": 2.8353279373099999e-07, "Confidence": "Likely", "Type": "Landslide", "SubtypeLS": "Debris Flow", "SubtypeLQ": null, "SubtypeGR": null, "Comments": "Partially obstructed by clouds and image partly distorted towards the toe", "Source": "B140001100B5C810 - RadiantEarth - 06/29/2026", "Access": "Hard", "Impact": "Watershed towards Caraballeda", "ID": 120, "Longitude": -66.8452008191, "Latitude": 10.547703545699999 }, "geometry": { "type": "Polygon", "coordinates": [ [ [ -66.845963336999944, 10.547601522000036 ], [ -66.846004792999963, 10.547670508000067 ], [ -66.846004818999972, 10.547708466000074 ], [ -66.845949647999987, 10.547767165000039 ], [ -66.845808184999953, 10.547791417000042 ], [ -66.845704668999986, 10.547798390000025 ], [ -66.845535564999977, 10.547770900000046 ], [ -66.845411336999973, 10.547767534000059 ], [ -66.845245690999946, 10.547750394000047 ], [ -66.845007592999934, 10.547750557000029 ], [ -66.844838528999958, 10.547781729000064 ], [ -66.844700533999969, 10.547830134000037 ], [ -66.844569439999987, 10.547878533000073 ], [ -66.84447281599995, 10.547871698000051 ], [ -66.844407230999934, 10.547840687000075 ], [ -66.844355434999954, 10.547788961000037 ], [ -66.844358849999935, 10.547737199000039 ], [ -66.844417478999958, 10.547688848000064 ], [ -66.844589992999943, 10.54765767400005 ], [ -66.844810821999943, 10.547633368000049 ], [ -66.845004056999983, 10.547626334000029 ], [ -66.845159326999976, 10.54760897400007 ], [ -66.845349101999943, 10.547588140000073 ], [ -66.845573380999951, 10.547563831000048 ], [ -66.845773538999936, 10.547587849000024 ], [ -66.845963336999944, 10.547601522000036 ] ] ] } },
{ "type": "Feature", "properties": { "Shape_Leng": 0.0021662600291100001, "Shape_Area": 2.8977412845100002e-07, "Confidence": "Likely", "Type": "Landslide", "SubtypeLS": "Debris Flow", "SubtypeLQ": null, "SubtypeGR": null, "Comments": null, "Source": "B140001100B5C810 - RadiantEarth - 06/29/2026", "Access": "Hard", "Impact": null, "ID": 121, "Longitude": -66.834122240300005, "Latitude": 10.5392562989 }, "geometry": { "type": "Polygon", "coordinates": [ [ [ -66.834371826999984, 10.539090285000043 ], [ -66.834429691999958, 10.539048562000062 ], [ -66.834471388999987, 10.539069375000054 ], [ -66.834494576999987, 10.539113358000066 ], [ -66.834494617999951, 10.539173567000034 ], [ -66.834478456999932, 10.539245366000046 ], [ -66.834459979999963, 10.539317166000046 ], [ -66.834432233999962, 10.539379710000048 ], [ -66.834365111999944, 10.539428386000054 ], [ -66.834300316999986, 10.539495587000033 ], [ -66.834221600999967, 10.539523430000031 ], [ -66.834154455999965, 10.539539686000069 ], [ -66.834075720999977, 10.539539740000066 ], [ -66.833996970999976, 10.53951663600003 ], [ -66.833915886999932, 10.539468062000026 ], [ -66.833862603999933, 10.539437993000035 ], [ -66.833823201999962, 10.539387074000047 ], [ -66.833818528999984, 10.539326869000035 ], [ -66.83382312699996, 10.53927823500004 ], [ -66.833823080999935, 10.53921107900004 ], [ -66.833820708999951, 10.539127714000074 ], [ -66.833825299999944, 10.53906981800003 ], [ -66.833850739999946, 10.539021170000069 ], [ -66.83387616999994, 10.538958628000046 ], [ -66.833931722999978, 10.538921538000068 ], [ -66.833966459999942, 10.538923830000044 ], [ -66.834010487999933, 10.538965483000027 ], [ -66.834042923999959, 10.538988618000076 ], [ -66.834121702999937, 10.539053405000061 ], [ -66.834133288999965, 10.539064975000031 ], [ -66.834216682999966, 10.539104286000054 ], [ -66.834256057999937, 10.539115837000054 ], [ -66.834371826999984, 10.539090285000043 ] ] ] } },
{ "type": "Feature", "properties": { "Shape_Leng": 0.00093622177127700005, "Shape_Area": 4.91160703306e-08, "Confidence": "Likely", "Type": "Landslide", "SubtypeLS": "Debris Flow", "SubtypeLQ": null, "SubtypeGR": null, "Comments": null, "Source": "B140001100B5C810 - RadiantEarth - 06/29/2026", "Access": "Hard", "Impact": null, "ID": 122, "Longitude": -66.8337212048, "Latitude": 10.5423198237 }, "geometry": { "type": "Polygon", "coordinates": [ [ [ -66.833686335999971, 10.542420777000075 ], [ -66.833630749999941, 10.542409236000026 ], [ -66.833593682999947, 10.542386104000059 ], [ -66.833572820999962, 10.542356014000063 ], [ -66.833558905999951, 10.542325919000064 ], [ -66.833544988999961, 10.542293508000057 ], [ -66.833551905999968, 10.542249505000029 ], [ -66.833575056999962, 10.542240226000047 ], [ -66.833623686999942, 10.542240193000055 ], [ -66.833679267999969, 10.542244786000026 ], [ -66.833725587999936, 10.542251702000044 ], [ -66.833827483999983, 10.542258579000077 ], [ -66.833892325999955, 10.542260850000048 ], [ -66.833920125999953, 10.542277041000034 ], [ -66.83393403499997, 10.542297873000052 ], [ -66.833922474999952, 10.542325670000025 ], [ -66.833873865999976, 10.542355808000025 ], [ -66.833788203999973, 10.542385971000044 ], [ -66.833686335999971, 10.542420777000075 ] ] ] } },
{ "type": "Feature", "properties": { "Shape_Leng": 0.00070348917377400003, "Shape_Area": 2.8151074636399999e-08, "Confidence": "Possible", "Type": "Landslide", "SubtypeLS": "Debris Flow", "SubtypeLQ": null, "SubtypeGR": null, "Comments": null, "Source": "B140001100B5C810 - RadiantEarth - 06/29/2026", "Access": "Hard", "Impact": null, "ID": 123, "Longitude": -66.834865570700003, "Latitude": 10.538335379399999 }, "geometry": { "type": "Polygon", "coordinates": [ [ [ -66.83482279499998, 10.538214629000038 ], [ -66.834892311999965, 10.538279422000073 ], [ -66.834943296999938, 10.538337281000054 ], [ -66.83496648299996, 10.538378948000059 ], [ -66.834973455999943, 10.538415995000037 ], [ -66.834961906999979, 10.538460002000022 ], [ -66.834952643999941, 10.538460008000072 ], [ -66.834910954999941, 10.538450774000069 ], [ -66.834859979999976, 10.538409125000044 ], [ -66.834799732999954, 10.538353589000053 ], [ -66.834771915999966, 10.538311925000073 ], [ -66.834760309999979, 10.538272566000046 ], [ -66.834762596999951, 10.538230881000061 ], [ -66.834764906999965, 10.538221616000044 ], [ -66.83482279499998, 10.538214629000038 ] ] ] } },
{ "type": "Feature", "properties": { "Shape_Leng": 0.0017699217353599999, "Shape_Area": 2.27365681012e-07, "Confidence": "Possible", "Type": "Landslide", "SubtypeLS": "Debris Flow", "SubtypeLQ": null, "SubtypeGR": null, "Comments": null, "Source": "B140001100B5C810 - RadiantEarth - 06/29/2026", "Access": "Hard", "Impact": null, "ID": 124, "Longitude": -66.834950790199997, "Latitude": 10.5391551209 }, "geometry": { "type": "Polygon", "coordinates": [ [ [ -66.835081914999932, 10.538917421000065 ], [ -66.835154362999958, 10.539036777000035 ], [ -66.835172531999945, 10.539148932000046 ], [ -66.835179842999935, 10.539257477000035 ], [ -66.83517266299998, 10.53934070400004 ], [ -66.835140784999965, 10.539405428000066 ], [ -66.835116131999939, 10.539418724000029 ], [ -66.83505923599995, 10.539440579000029 ], [ -66.835024150999971, 10.539456728000062 ], [ -66.834989060999987, 10.539464340000052 ], [ -66.834948275999977, 10.539467214000069 ], [ -66.834903696999959, 10.539468193000062 ], [ -66.834870491999936, 10.539458730000035 ], [ -66.834846762999973, 10.539435982000043 ], [ -66.834819224999933, 10.539390472000036 ], [ -66.834789786999977, 10.539341169000068 ], [ -66.834773628999983, 10.539293753000038 ], [ -66.834766012999978, 10.539252024000064 ], [ -66.834735415999944, 10.539117825000062 ], [ -66.834716862999983, 10.539078470000049 ], [ -66.834702901999947, 10.53898121900005 ], [ -66.834726027999977, 10.538934888000028 ], [ -66.834767688999932, 10.538902440000072 ], [ -66.834820932999946, 10.538876930000072 ], [ -66.834883443999956, 10.538856046000035 ], [ -66.834966798999972, 10.538839778000067 ], [ -66.835081914999932, 10.538917421000065 ] ] ] } },
{ "type": "Feature", "properties": { "Shape_Leng": 0.0020461369642199999, "Shape_Area": 1.5760527824400001e-07, "Confidence": "Possible", "Type": "Landslide", "SubtypeLS": "Debris Flow", "SubtypeLQ": null, "SubtypeGR": null, "Comments": "Reactivation", "Source": "B140001100B5C810 - RadiantEarth - 06/29/2026", "Access": "Hard", "Impact": null, "ID": 125, "Longitude": -66.831412743599998, "Latitude": 10.534656701399999 }, "geometry": { "type": "Polygon", "coordinates": [ [ [ -66.831464105999942, 10.534396985000058 ], [ -66.83157627199995, 10.534393290000025 ], [ -66.831612469999982, 10.534414975000061 ], [ -66.831677629999945, 10.534458351000069 ], [ -66.83169937699995, 10.534512611000025 ], [ -66.83168855599996, 10.534563275000039 ], [ -66.831652399999939, 10.534603101000073 ], [ -66.831608992999975, 10.534621223000045 ], [ -66.831536635999953, 10.534635746000049 ], [ -66.831486006999967, 10.534675582000034 ], [ -66.831478796999988, 10.534715388000052 ], [ -66.831514992999985, 10.534733455000037 ], [ -66.831558422999933, 10.534747899000024 ], [ -66.831594615999961, 10.534762347000026 ], [ -66.831598271999951, 10.534816620000072 ], [ -66.83156573399998, 10.53485644400007 ], [ -66.831525931999977, 10.534856471000069 ], [ -66.83149336699995, 10.534856493000063 ], [ -66.831424608999953, 10.534842067000056 ], [ -66.83137394299996, 10.534827629000063 ], [ -66.831326894999961, 10.534813187000054 ], [ -66.83127624499997, 10.534824077000053 ], [ -66.831211134999933, 10.534853068000075 ], [ -66.83116774299998, 10.534892900000045 ], [ -66.831080924999981, 10.534925524000073 ], [ -66.831073660999948, 10.534885727000074 ], [ -66.831091710999942, 10.534824203000028 ], [ -66.831120622999947, 10.534773527000027 ], [ -66.831167623999988, 10.534719220000056 ], [ -66.831218247999971, 10.534672147000038 ], [ -66.831283325999948, 10.534596117000035 ], [ -66.831323099999963, 10.534556289000022 ], [ -66.831402648999983, 10.534476631000075 ], [ -66.831464105999942, 10.534396985000058 ] ] ] } },
{ "type": "Feature", "properties": { "Shape_Leng": 0.0096983442407299995, "Shape_Area": 3.9099665817399998e-06, "Confidence": "Questionable", "Type": "Landslide", "SubtypeLS": "Debris Flow", "SubtypeLQ": null, "SubtypeGR": null, "Comments": "Reactivation", "Source": "B140001100B5C810 - RadiantEarth - 06/29/2026", "Access": "Hard", "Impact": null, "ID": 126, "Longitude": -66.833846646799998, "Latitude": 10.5357124918 }, "geometry": { "type": "Polygon", "coordinates": [ [ [ -66.833801962999985, 10.535003264000068 ], [ -66.834221830999979, 10.535209221000059 ], [ -66.834821628999975, 10.535626728000068 ], [ -66.835104410999975, 10.535773529000039 ], [ -66.83527408599997, 10.535869524000077 ], [ -66.835388597999952, 10.535949456000026 ], [ -66.835444251999945, 10.536060573000043 ], [ -66.835421173999976, 10.536176376000071 ], [ -66.835400385999947, 10.536255125000025 ], [ -66.835361072999945, 10.536333887000069 ], [ -66.835340279999969, 10.536405688000059 ], [ -66.835312555999963, 10.536500652000029 ], [ -66.835312620999957, 10.53659559700003 ], [ -66.835289501999966, 10.536651191000033 ], [ -66.83526405799995, 10.53669289100003 ], [ -66.835213144999955, 10.536741557000028 ], [ -66.83514374799995, 10.536850444000038 ], [ -66.835099775999936, 10.536889841000061 ], [ -66.835016440999937, 10.536936213000047 ], [ -66.834916892999956, 10.536977964000073 ], [ -66.834784910999986, 10.536998896000057 ], [ -66.834641333999969, 10.536996679000026 ], [ -66.834432887999981, 10.536952823000036 ], [ -66.834263807999946, 10.536906624000039 ], [ -66.834185047999938, 10.536869626000055 ], [ -66.834066906999965, 10.536814129000049 ], [ -66.834015933999979, 10.536774797000021 ], [ -66.833967249999944, 10.536696095000025 ], [ -66.833890749999966, 10.536578045000056 ], [ -66.833855937999942, 10.536466914000073 ], [ -66.833802590999937, 10.536341901000071 ], [ -66.833686700999976, 10.536191458000076 ], [ -66.833445659999938, 10.535892894000028 ], [ -66.833302063999952, 10.535862887000064 ], [ -66.833114459999933, 10.535819017000051 ], [ -66.832956939999974, 10.535745021000025 ], [ -66.832852650999939, 10.535626991000072 ], [ -66.832759940999949, 10.535508952000043 ], [ -66.832217154999967, 10.535033296000051 ], [ -66.832079551999982, 10.53487780200004 ], [ -66.831938280999964, 10.534649944000023 ], [ -66.831822337999938, 10.534422068000026 ], [ -66.831789710999942, 10.534331632000033 ], [ -66.831793286999982, 10.534270118000052 ], [ -66.831876510999962, 10.534273680000069 ], [ -66.83200682599994, 10.534353194000062 ], [ -66.832158857999957, 10.53444354800007 ], [ -66.832318098999963, 10.534494095000071 ], [ -66.832455626999945, 10.534541040000022 ], [ -66.832683616999986, 10.534591540000065 ], [ -66.832980371999952, 10.534667322000075 ], [ -66.833411041999966, 10.53479728700006 ], [ -66.833801962999985, 10.535003264000068 ] ] ] } },
{ "type": "Feature", "properties": { "Shape_Leng": 0.00131110486392, "Shape_Area": 8.5617317390300001e-08, "Confidence": "Possible", "Type": "Landslide", "SubtypeLS": "Debris Flow", "SubtypeLQ": null, "SubtypeGR": null, "Comments": null, "Source": "B140001100B5C810 - RadiantEarth - 06/29/2026", "Access": "Hard", "Impact": null, "ID": 127, "Longitude": -66.832644026500006, "Latitude": 10.5341685177 }, "geometry": { "type": "Polygon", "coordinates": [ [ [ -66.832655581999973, 10.533935808000024 ], [ -66.832710452999947, 10.53398616000004 ], [ -66.832753479999951, 10.534055788000046 ], [ -66.83277130099998, 10.534107648000031 ], [ -66.832780234999973, 10.534168407000038 ], [ -66.832784726999932, 10.534235097000021 ], [ -66.83278476299995, 10.534288451000066 ], [ -66.83277441599995, 10.534328474000063 ], [ -66.832734408999954, 10.534341840000025 ], [ -66.832678080999983, 10.534327058000031 ], [ -66.832602487999964, 10.534316736000051 ], [ -66.832574329999943, 10.534318237000036 ], [ -66.832522452999967, 10.534312344000057 ], [ -66.832500212999946, 10.534299021000038 ], [ -66.832476481999947, 10.534272360000045 ], [ -66.832464604999984, 10.534242727000048 ], [ -66.832470524999962, 10.53423086600003 ], [ -66.832491266999966, 10.534220477000076 ], [ -66.832504600999982, 10.534213058000034 ], [ -66.832495680999955, 10.534173048000071 ], [ -66.832482328999959, 10.534153790000062 ], [ -66.832473419999985, 10.534130083000036 ], [ -66.832480812999961, 10.534104883000055 ], [ -66.832508970999982, 10.534101900000053 ], [ -66.832544544999962, 10.534109286000046 ], [ -66.832594939999979, 10.534115179000025 ], [ -66.83260086699994, 10.534113693000052 ], [ -66.832611215999975, 10.534076635000076 ], [ -66.832605276999971, 10.534060336000039 ], [ -66.832593397999972, 10.534027738000077 ], [ -66.832590413999981, 10.533999581000046 ], [ -66.832591869999987, 10.533961046000059 ], [ -66.832603708999955, 10.533935843000052 ], [ -66.832655581999973, 10.533935808000024 ] ] ] } },
{ "type": "Feature", "properties": { "Shape_Leng": 0.0010954398253600001, "Shape_Area": 6.2909696681800001e-08, "Confidence": "Likely", "Type": "Landslide", "SubtypeLS": "Slide", "SubtypeLQ": null, "SubtypeGR": null, "Comments": null, "Source": "B140001100B5C810 - RadiantEarth - 06/29/2026", "Access": "Hard", "Impact": null, "ID": 128, "Longitude": -66.831842952200006, "Latitude": 10.533041300500001 }, "geometry": { "type": "Polygon", "coordinates": [ [ [ -66.831771645999936, 10.533026423000024 ], [ -66.831758284999978, 10.532993827000041 ], [ -66.831747893999932, 10.532970121000062 ], [ -66.831736015999979, 10.53293900500006 ], [ -66.831731538999975, 10.532893064000064 ], [ -66.831735960999936, 10.532857492000062 ], [ -66.831759661999968, 10.532839691000049 ], [ -66.831784854999967, 10.532836709000037 ], [ -66.831811533999939, 10.532839655000032 ], [ -66.831850077999945, 10.53285444900007 ], [ -66.831881213999964, 10.532873695000035 ], [ -66.831901975999983, 10.532891466000024 ], [ -66.831918306999967, 10.532932952000067 ], [ -66.831927232999988, 10.53298185400007 ], [ -66.831933207999953, 10.533050025000023 ], [ -66.831946580999954, 10.533100407000063 ], [ -66.831940692999979, 10.533159693000073 ], [ -66.83191108799997, 10.533213068000066 ], [ -66.831887399999971, 10.533248654000033 ], [ -66.831825159999937, 10.533259071000032 ], [ -66.831785130999947, 10.533239832000049 ], [ -66.83175844699997, 10.533230958000047 ], [ -66.831767321999962, 10.53320427400007 ], [ -66.83178953099997, 10.533173136000073 ], [ -66.831796913999938, 10.533133115000055 ], [ -66.831796893999979, 10.53310347300004 ], [ -66.831787974999941, 10.533064946000025 ], [ -66.831771645999936, 10.533026423000024 ] ] ] } },
{ "type": "Feature", "properties": { "Shape_Leng": 0.0017142671708300001, "Shape_Area": 2.1862900900500001e-07, "Confidence": "Likely", "Type": "Landslide", "SubtypeLS": "Slide", "SubtypeLQ": null, "SubtypeGR": null, "Comments": null, "Source": "B140001100B5C710 - RadiantEarth - 06/29/2026", "Access": "Hard", "Impact": null, "ID": 129, "Longitude": -66.8198942386, "Latitude": 10.5110428348 }, "geometry": { "type": "Polygon", "coordinates": [ [ [ -66.820130051999968, 10.511160590000031 ], [ -66.820055423999975, 10.511239520000061 ], [ -66.819892098999958, 10.511285908000048 ], [ -66.819808597999952, 10.51128596500007 ], [ -66.819752162999976, 10.511263436000036 ], [ -66.819679919999942, 10.511225120000063 ], [ -66.819646043999967, 10.511189035000029 ], [ -66.819625704999964, 10.511148427000023 ], [ -66.819621158999951, 10.51110103700006 ], [ -66.81961434699997, 10.511040109000021 ], [ -66.819616569999937, 10.510990458000038 ], [ -66.819609777999972, 10.510958868000046 ], [ -66.819607495999946, 10.510922761000074 ], [ -66.819621022999968, 10.510902441000042 ], [ -66.819650352999986, 10.510891137000044 ], [ -66.819749916999967, 10.510853292000036 ], [ -66.819843977999938, 10.510831517000042 ], [ -66.819905487999961, 10.510827857000038 ], [ -66.819988698999964, 10.510813327000051 ], [ -66.820061065999937, 10.510813277000068 ], [ -66.820129848999954, 10.510863887000028 ], [ -66.820173302999933, 10.510914513000046 ], [ -66.820187825999938, 10.510986870000067 ], [ -66.82017340799996, 10.511066483000036 ], [ -66.820130051999968, 10.511160590000031 ] ] ] } },
{ "type": "Feature", "properties": { "Shape_Leng": 0.00147785272366, "Shape_Area": 7.8914217893799999e-08, "Confidence": "Likely", "Type": "Landslide", "SubtypeLS": "Debris Flow", "SubtypeLQ": null, "SubtypeGR": null, "Comments": null, "Source": "B140001100B5C710 - RadiantEarth - 06/29/2026", "Access": "Hard", "Impact": null, "ID": 130, "Longitude": -66.819348645100007, "Latitude": 10.510849843200001 }, "geometry": { "type": "Polygon", "coordinates": [ [ [ -66.819292337999968, 10.510961044000055 ], [ -66.819274542999949, 10.510946235000063 ], [ -66.819279619999975, 10.510904793000066 ], [ -66.819255215999988, 10.510857324000028 ], [ -66.819243338999968, 10.510827691000031 ], [ -66.819216638999933, 10.510795104000067 ], [ -66.819191427999954, 10.510771408000039 ], [ -66.819186954999964, 10.510732877000066 ], [ -66.819195320999938, 10.510720986000024 ], [ -66.819228437999982, 10.510710618000076 ], [ -66.819255106999947, 10.510698743000034 ], [ -66.81926296499995, 10.510680485000023 ], [ -66.819289164999986, 10.510655740000061 ], [ -66.819304588999955, 10.510604197000021 ], [ -66.819290583999987, 10.51056385000004 ], [ -66.819299376999936, 10.510547274000032 ], [ -66.819324652999967, 10.510537150000062 ], [ -66.819343683999932, 10.510535102000063 ], [ -66.819358259999944, 10.510544805000052 ], [ -66.819364340999982, 10.510559370000067 ], [ -66.819360302999939, 10.510654209000052 ], [ -66.819388489999938, 10.51069420500005 ], [ -66.819400364999979, 10.510720875000061 ], [ -66.819400392999967, 10.510762372000045 ], [ -66.819398940999974, 10.510805353000023 ], [ -66.819456328999934, 10.510977027000024 ], [ -66.819474341999978, 10.511012992000076 ], [ -66.819487966999986, 10.511040195000021 ], [ -66.819494788999975, 10.511114665000036 ], [ -66.819474494999952, 10.511139503000038 ], [ -66.819424837999975, 10.511128253000038 ], [ -66.819379669999933, 10.511080892000052 ], [ -66.819361585999957, 10.511038025000062 ], [ -66.819325453999966, 10.511004198000023 ], [ -66.819292337999968, 10.510961044000055 ] ] ] } },
{ "type": "Feature", "properties": { "Shape_Leng": 0.00088435078524499999, "Shape_Area": 4.6463838447800001e-08, "Confidence": "Possible", "Type": "Landslide", "SubtypeLS": "Debris Flow", "SubtypeLQ": null, "SubtypeGR": null, "Comments": "Partly reactivated", "Source": "B140001100B5C710 - RadiantEarth - 06/29/2026", "Access": "Hard", "Impact": null, "ID": 131, "Longitude": -66.797346256699996, "Latitude": 10.511634769400001 }, "geometry": { "type": "Polygon", "coordinates": [ [ [ -66.797401159999936, 10.511466057000064 ], [ -66.797398953999959, 10.511540532000026 ], [ -66.797432868999977, 10.511633037000024 ], [ -66.797455466999963, 10.511675900000057 ], [ -66.797462267999947, 10.511721031000036 ], [ -66.797439711999971, 10.511739101000046 ], [ -66.797392330999969, 10.511754930000052 ], [ -66.79737879299995, 10.511759453000025 ], [ -66.797338173999947, 10.511763995000024 ], [ -66.797281754999972, 10.511764033000077 ], [ -66.797254663999979, 10.511750511000059 ], [ -66.797236597999984, 10.511732469000037 ], [ -66.797234311999944, 10.511689592000039 ], [ -66.797254584999962, 10.511635415000057 ], [ -66.797274863999974, 10.511588009000036 ], [ -66.797290631999942, 10.511545120000051 ], [ -66.797308653999949, 10.511497715000075 ], [ -66.797328945999936, 10.511470620000068 ], [ -66.797358265999947, 10.511443518000021 ], [ -66.797401159999936, 10.511466057000064 ] ] ] } },
{ "type": "Feature", "properties": { "Shape_Leng": 0.00045000370462700001, "Shape_Area": 7.8730877768499992e-09, "Confidence": "Likely", "Type": "Landslide", "SubtypeLS": "Debris Flow", "SubtypeLQ": null, "SubtypeGR": null, "Comments": null, "Source": "B140001100B5C710 - RadiantEarth - 06/29/2026", "Access": "Hard", "Impact": null, "ID": 132, "Longitude": -66.797326543899999, "Latitude": 10.509296685600001 }, "geometry": { "type": "Polygon", "coordinates": [ [ [ -66.797257099999968, 10.509243950000041 ], [ -66.797316337999973, 10.509272796000062 ], [ -66.797364012999935, 10.50929009500004 ], [ -66.797403017999954, 10.509301623000056 ], [ -66.797430474999942, 10.509323270000039 ], [ -66.79742181499995, 10.509331942000074 ], [ -66.79739293199998, 10.509337739000046 ], [ -66.797340930999951, 10.509330553000041 ], [ -66.797286029999952, 10.509307481000064 ], [ -66.797267248999958, 10.509300272000075 ], [ -66.797242675999939, 10.509272847000034 ], [ -66.797238334999975, 10.509261295000044 ], [ -66.797238324999967, 10.509245407000037 ], [ -66.797257099999968, 10.509243950000041 ] ] ] } },
{ "type": "Feature", "properties": { "Shape_Leng": 0.0023628280726899998, "Shape_Area": 1.2649316615099999e-07, "Confidence": "Likely", "Type": "Landslide", "SubtypeLS": "Debris Flow", "SubtypeLQ": null, "SubtypeGR": null, "Comments": null, "Source": "B140001100B5C710 - RadiantEarth - 06/29/2026", "Access": "Hard", "Impact": null, "ID": 133, "Longitude": -66.793830310199994, "Latitude": 10.509132083500001 }, "geometry": { "type": "Polygon", "coordinates": [ [ [ -66.793371272999934, 10.508811318000028 ], [ -66.793607603999988, 10.508920469000032 ], [ -66.793850997999982, 10.509043720000022 ], [ -66.793999161999977, 10.509135300000025 ], [ -66.794097948999934, 10.509212809000076 ], [ -66.794154408999987, 10.509272716000055 ], [ -66.794207355999959, 10.509350257000051 ], [ -66.794235622999963, 10.509434867000039 ], [ -66.794221549999975, 10.509480717000031 ], [ -66.794168670999966, 10.509501911000029 ], [ -66.794101650999949, 10.509470221000072 ], [ -66.79409454599994, 10.509392649000063 ], [ -66.794059237999988, 10.509325675000071 ], [ -66.793967519999967, 10.509272844000066 ], [ -66.793840510999985, 10.50917772300005 ], [ -66.793565364999949, 10.509029811000062 ], [ -66.793381928999963, 10.508924150000041 ], [ -66.793332520999968, 10.508864238000058 ], [ -66.793371272999934, 10.508811318000028 ] ] ] } },
{ "type": "Feature", "properties": { "Shape_Leng": 0.00171105742972, "Shape_Area": 9.4246913291800004e-08, "Confidence": "Likely", "Type": "Landslide", "SubtypeLS": "Debris Flow", "SubtypeLQ": null, "SubtypeGR": null, "Comments": null, "Source": "B140001100B5C710 - RadiantEarth - 06/29/2026", "Access": "Hard", "Impact": null, "ID": 134, "Longitude": -66.793767827300002, "Latitude": 10.5084713863 }, "geometry": { "type": "Polygon", "coordinates": [ [ [ -66.793379788999971, 10.508476322000035 ], [ -66.793334633999962, 10.508449271000075 ], [ -66.793343645999983, 10.508426697000061 ], [ -66.793386521999935, 10.508422154000073 ], [ -66.793438414999969, 10.508404064000047 ], [ -66.793546735999939, 10.508397220000063 ], [ -66.793652807999933, 10.50840166100005 ], [ -66.793776933999936, 10.508406089000061 ], [ -66.793898802999934, 10.508410519000051 ], [ -66.794004869999981, 10.508408190000068 ], [ -66.794054526999957, 10.508419440000068 ], [ -66.794126758999937, 10.508441958000049 ], [ -66.794140334999952, 10.50849385500004 ], [ -66.794101997999974, 10.508534503000021 ], [ -66.794029789999968, 10.508548093000059 ], [ -66.793948548999936, 10.508552662000056 ], [ -66.793765745999963, 10.508546017000072 ], [ -66.793628078999973, 10.508541598000022 ], [ -66.793560356999933, 10.508514563000062 ], [ -66.793379788999971, 10.508476322000035 ] ] ] } },
{ "type": "Feature", "properties": { "Shape_Leng": 0.0042625859735100002, "Shape_Area": 3.9414951048400001e-07, "Confidence": "Likely", "Type": "Landslide", "SubtypeLS": "Debris Flow", "SubtypeLQ": null, "SubtypeGR": null, "Comments": null, "Source": "20260627_145824_88_300d_visual - Planet", "Access": "Hard", "Impact": null, "ID": 135, "Longitude": -66.800539002400001, "Latitude": 10.5140268668 }, "geometry": { "type": "Polygon", "coordinates": [ [ [ -66.800109612999961, 10.513508334000051 ], [ -66.800223134999953, 10.513629430000037 ], [ -66.800326332999987, 10.513732486000038 ], [ -66.800465634999966, 10.513850987000069 ], [ -66.800602356999946, 10.513966911000068 ], [ -66.800653956999952, 10.514021017000061 ], [ -66.800736477999976, 10.514049320000026 ], [ -66.800834485999985, 10.514103394000074 ], [ -66.800984098999947, 10.514219310000044 ], [ -66.801071837999984, 10.514337845000057 ], [ -66.801159600999938, 10.514492475000054 ], [ -66.801151926999978, 10.514580138000042 ], [ -66.801118461999977, 10.514654928000027 ], [ -66.801074648999986, 10.514678161000063 ], [ -66.800976651999974, 10.514639556000077 ], [ -66.800865728999952, 10.514549396000064 ], [ -66.800752200999966, 10.514420565000023 ], [ -66.800661885999943, 10.514304610000067 ], [ -66.800526384999955, 10.514156254000056 ], [ -66.800420257999974, 10.514070569000069 ], [ -66.800334450999969, 10.513998411000046 ], [ -66.80024866399998, 10.513955591000069 ], [ -66.800102036999988, 10.513740374000065 ], [ -66.800016883999945, 10.513632150000035 ], [ -66.79995753299994, 10.513554845000044 ], [ -66.799900757999978, 10.513474961000043 ], [ -66.799820755999974, 10.513358998000058 ], [ -66.799787159999937, 10.51324300400006 ], [ -66.799794839999947, 10.513163075000023 ], [ -66.799828339999976, 10.513139849000027 ], [ -66.799872175999951, 10.513150131000032 ], [ -66.799905725999963, 10.513199094000072 ], [ -66.799916101999941, 10.513291901000059 ], [ -66.799983209999937, 10.51340271600003 ], [ -66.800109612999961, 10.513508334000051 ] ] ] } },
{ "type": "Feature", "properties": { "Shape_Leng": 0.0072752230601299999, "Shape_Area": 1.12217937406e-06, "Confidence": "Likely", "Type": "Landslide", "SubtypeLS": "Lateral Spread", "SubtypeLQ": null, "SubtypeGR": null, "Comments": "With fractures, sand boils", "Source": "B1600011017A8610 - RadiantEarth - 06/26/2026", "Access": "From road", "Impact": null, "ID": 136, "Longitude": -66.856960681800004, "Latitude": 10.618484434599999 }, "geometry": { "type": "Polygon", "coordinates": [ [ [ -66.857445312999971, 10.618217797000057 ], [ -66.857707565999988, 10.618138232000035 ], [ -66.85775506799996, 10.618123629000024 ], [ -66.857800036999947, 10.618110929000068 ], [ -66.857862114999932, 10.618103284000028 ], [ -66.857917861999965, 10.618102613000076 ], [ -66.857952073999968, 10.618107024000039 ], [ -66.857987562999938, 10.618126638000035 ], [ -66.858023053999943, 10.618148786000063 ], [ -66.858054106999987, 10.618165235000049 ], [ -66.858092557999953, 10.618188654000051 ], [ -66.858136527999989, 10.618204139000056 ], [ -66.85841417599994, 10.618337585000063 ], [ -66.858475173999977, 10.618392788000051 ], [ -66.858489125999938, 10.618440724000038 ], [ -66.858469053999954, 10.618490229000031 ], [ -66.858374204999961, 10.618538455000021 ], [ -66.858336079999958, 10.618541359000062 ], [ -66.857731413999943, 10.61863457100003 ], [ -66.857049393999944, 10.618693809000035 ], [ -66.856073472999981, 10.618689838000023 ], [ -66.855122338999934, 10.61874616800003 ], [ -66.855066633999968, 10.618707540000059 ], [ -66.855029491999971, 10.618673540000032 ], [ -66.855003161999946, 10.618619426000066 ], [ -66.855009325999958, 10.618586943000025 ], [ -66.855055401999948, 10.618569629000035 ], [ -66.855083544999957, 10.61855905300007 ], [ -66.855156227999942, 10.618546630000026 ], [ -66.855256745999952, 10.618529548000026 ], [ -66.85535572699996, 10.618524841000067 ], [ -66.855617625999969, 10.618493413000067 ], [ -66.856068660999938, 10.618439288000047 ], [ -66.85643362199994, 10.618377173000056 ], [ -66.856784675999961, 10.618335174000038 ], [ -66.857131244999948, 10.618293074000064 ], [ -66.857445312999971, 10.618217797000057 ] ] ] } },
{ "type": "Feature", "properties": { "Shape_Leng": 0.0040347935102600001, "Shape_Area": 6.1682622746599996e-07, "Confidence": "Likely", "Type": "Landslide", "SubtypeLS": "Lateral Spread", "SubtypeLQ": null, "SubtypeGR": null, "Comments": null, "Source": "B1600011017A8610 - RadiantEarth - 06/26/2026", "Access": "From road", "Impact": null, "ID": 137, "Longitude": -66.859011265299998, "Latitude": 10.617636511100001 }, "geometry": { "type": "Polygon", "coordinates": [ [ [ -66.859753781999984, 10.617737691000059 ], [ -66.859427396999934, 10.617668317000039 ], [ -66.858927933999951, 10.617807855000024 ], [ -66.85854765199997, 10.618081867000058 ], [ -66.858174733999988, 10.617816104000042 ], [ -66.859015717999966, 10.617263383000022 ], [ -66.859795371999951, 10.617491750000056 ], [ -66.859905239999932, 10.617575192000061 ], [ -66.85992386199996, 10.617666430000043 ], [ -66.859906871999954, 10.617700467000077 ], [ -66.859845037999946, 10.617745362000051 ], [ -66.859753781999984, 10.617737691000059 ] ] ] } },
{ "type": "Feature", "properties": { "Shape_Leng": 0.0018510302555899999, "Shape_Area": 2.07570379749e-07, "Confidence": "Likely", "Type": "Liquefaction", "SubtypeLS": null, "SubtypeLQ": "Sand Boils/Ejecta", "SubtypeGR": null, "Comments": null, "Source": "B1600011017A8610 - RadiantEarth - 06/26/2026", "Access": "From road", "Impact": null, "ID": 138, "Longitude": -66.856453509800005, "Latitude": 10.618935286099999 }, "geometry": { "type": "Polygon", "coordinates": [ [ [ -66.856451172999982, 10.619162784000025 ], [ -66.856363143999943, 10.619260838000059 ], [ -66.856344563999983, 10.619278590000022 ], [ -66.856328283999972, 10.619284619000041 ], [ -66.85630668899995, 10.619282156000054 ], [ -66.856289691999962, 10.619274734000044 ], [ -66.856279996999945, 10.619259905000035 ], [ -66.856254159999935, 10.619111447000023 ], [ -66.856223350999983, 10.618931318000023 ], [ -66.856213337999975, 10.618764042000066 ], [ -66.856239931999937, 10.618736710000064 ], [ -66.856261531999962, 10.618728053000041 ], [ -66.856305367999937, 10.618726365000043 ], [ -66.856442946999948, 10.618714393000062 ], [ -66.856620131999932, 10.618720210000049 ], [ -66.856665232999944, 10.618722556000023 ], [ -66.856697877999977, 10.618738574000076 ], [ -66.856726072999948, 10.618769893000035 ], [ -66.856793460999938, 10.618877476000023 ], [ -66.856731139999965, 10.618933939000044 ], [ -66.856604517999983, 10.619045878000065 ], [ -66.856451172999982, 10.619162784000025 ] ] ] } },
{ "type": "Feature", "properties": { "Shape_Leng": 0.00311242755484, "Shape_Area": 4.5685114373900002e-07, "Confidence": "Likely", "Type": "Liquefaction", "SubtypeLS": null, "SubtypeLQ": "Ground Cracks", "SubtypeGR": null, "Comments": null, "Source": "B1600011017A8610 - RadiantEarth - 06/26/2026", "Access": "From road", "Impact": null, "ID": 139, "Longitude": -66.853654289900007, "Latitude": 10.6191003271 }, "geometry": { "type": "Polygon", "coordinates": [ [ [ -66.854030885999975, 10.619421243000033 ], [ -66.853509982999981, 10.619239617000062 ], [ -66.853198603999942, 10.619131048000042 ], [ -66.853065543999946, 10.619056901000022 ], [ -66.852992812999958, 10.618999726000027 ], [ -66.852966493999986, 10.618961078000041 ], [ -66.852969554999959, 10.618913131000056 ], [ -66.852981911999962, 10.61888992300004 ], [ -66.853002000999936, 10.618865163000066 ], [ -66.853088582999987, 10.618823345000067 ], [ -66.85314115999995, 10.618810936000045 ], [ -66.853284993999978, 10.618809291000048 ], [ -66.853385526999944, 10.618812315000071 ], [ -66.853472151999938, 10.618832362000035 ], [ -66.853623742999957, 10.618864737000024 ], [ -66.853736671999968, 10.618901779000055 ], [ -66.853858892999938, 10.618957374000047 ], [ -66.853971825999963, 10.619000602000028 ], [ -66.854049179999947, 10.619034574000068 ], [ -66.854126550999979, 10.619091746000038 ], [ -66.854210117999969, 10.619164380000029 ], [ -66.854265847999955, 10.619240127000069 ], [ -66.854289103999974, 10.619322082000053 ], [ -66.854290694999975, 10.61938703900006 ], [ -66.85425515299994, 10.619431915000064 ], [ -66.854171644999951, 10.619445892000044 ], [ -66.854125242999942, 10.619441284000061 ], [ -66.854030885999975, 10.619421243000033 ] ] ] } },
{ "type": "Feature", "properties": { "Shape_Leng": 0.00260847451219, "Shape_Area": 3.65828407289e-07, "Confidence": "Likely", "Type": "Liquefaction", "SubtypeLS": null, "SubtypeLQ": "Ground Cracks", "SubtypeGR": null, "Comments": null, "Source": "B1600011017A8610 - RadiantEarth - 06/26/2026", "Access": "From road", "Impact": null, "ID": 140, "Longitude": -66.860261937000004, "Latitude": 10.616661966900001 }, "geometry": { "type": "Polygon", "coordinates": [ [ [ -66.859791285999961, 10.616855163000025 ], [ -66.859751562999975, 10.616842407000036 ], [ -66.859707121999975, 10.616813647000072 ], [ -66.859683325999981, 10.616787694000038 ], [ -66.859691571999974, 10.616745334000029 ], [ -66.859704086999955, 10.616718625000033 ], [ -66.859738703999938, 10.616679007000073 ], [ -66.85980499599998, 10.616638379000051 ], [ -66.859944525999936, 10.616584832000058 ], [ -66.860038544999952, 10.616561011000044 ], [ -66.860099900999955, 10.616541172000041 ], [ -66.860216649999984, 10.616464875000077 ], [ -66.860312632999978, 10.616420266000034 ], [ -66.86043138399998, 10.616376632000026 ], [ -66.860512539999945, 10.616360739000072 ], [ -66.860578859999976, 10.616362674000072 ], [ -66.860626384999932, 10.616380458000037 ], [ -66.860695695999937, 10.616413075000025 ], [ -66.860760064999965, 10.616456584000048 ], [ -66.860769994999941, 10.616503100000045 ], [ -66.860746275999986, 10.616556567000032 ], [ -66.860695834999945, 10.61661599200005 ], [ -66.860433695999973, 10.616861837000044 ], [ -66.860320849999937, 10.616945432000023 ], [ -66.860223361999942, 10.616956981000044 ], [ -66.86017392499997, 10.616951719000042 ], [ -66.860109057999978, 10.616903447000027 ], [ -66.860049645999936, 10.616872803000035 ], [ -66.859991240999932, 10.616865914000073 ], [ -66.859890269999937, 10.616855095000062 ], [ -66.859791285999961, 10.616855163000025 ] ] ] } },
{ "type": "Feature", "properties": { "Shape_Leng": 0.00121515960669, "Shape_Area": 6.2173623453000003e-08, "Confidence": "Questionable", "Type": "Ground Rupture", "SubtypeLS": null, "SubtypeLQ": null, "SubtypeGR": "Fracture", "Comments": null, "Source": "B1600011017A8610 - RadiantEarth - 06/26/2026", "Access": "From road", "Impact": null, "ID": 141, "Longitude": -66.855319581800003, "Latitude": 10.614769875 }, "geometry": { "type": "Polygon", "coordinates": [ [ [ -66.855089156999952, 10.614931698000021 ], [ -66.855067885999972, 10.614887110000041 ], [ -66.855129431999956, 10.614814853000041 ], [ -66.855214338999986, 10.61474045600005 ], [ -66.855286525999986, 10.614700051000057 ], [ -66.855386320999969, 10.614653256000054 ], [ -66.855503127999953, 10.614638308000053 ], [ -66.855573237999977, 10.614665872000046 ], [ -66.855573253999978, 10.614689235000071 ], [ -66.855524437999975, 10.614740244000075 ], [ -66.855428893999942, 10.614791284000034 ], [ -66.855339712999978, 10.614827453000032 ], [ -66.855242039999951, 10.614869999000064 ], [ -66.855165607999936, 10.614914654000074 ], [ -66.855089156999952, 10.614931698000021 ] ] ] } },
{ "type": "Feature", "properties": { "Shape_Leng": 0.0010839955772, "Shape_Area": 6.9980499408e-08, "Confidence": "Possible", "Type": "Liquefaction", "SubtypeLS": null, "SubtypeLQ": "Sand Boils/Ejecta", "SubtypeGR": null, "Comments": null, "Source": "B1600011017A8610 - RadiantEarth - 06/26/2026", "Access": "From road", "Impact": null, "ID": 142, "Longitude": -66.826294899399997, "Latitude": 10.614540569400001 }, "geometry": { "type": "Polygon", "coordinates": [ [ [ -66.826211158999968, 10.614674512000022 ], [ -66.826154509999981, 10.614685535000035 ], [ -66.826126879999947, 10.614674570000034 ], [ -66.826103759999967, 10.614656914000022 ], [ -66.826096944999961, 10.614631092000025 ], [ -66.826099644999942, 10.614603903000045 ], [ -66.826111843999968, 10.614552240000023 ], [ -66.826139008999974, 10.614520957000025 ], [ -66.826162094999972, 10.614486958000043 ], [ -66.826211015999945, 10.614465175000021 ], [ -66.82628032599996, 10.614442018000034 ], [ -66.826341486999979, 10.614428383000075 ], [ -66.826406727999938, 10.614417464000041 ], [ -66.826461098999971, 10.614414708000027 ], [ -66.826499173999935, 10.614435072000049 ], [ -66.826519585999961, 10.614466323000045 ], [ -66.826510098999961, 10.614508469000043 ], [ -66.826458473999935, 10.614552003000028 ], [ -66.826420428999938, 10.614575137000031 ], [ -66.826360637999983, 10.614603724000062 ], [ -66.826295415999937, 10.614641831000029 ], [ -66.826211158999968, 10.614674512000022 ] ] ] } },
{ "type": "Feature", "properties": { "Shape_Leng": 0.00097557442854000003, "Shape_Area": 4.9532695339300001e-08, "Confidence": "Likely", "Type": "Landslide", "SubtypeLS": "Debris Flow", "SubtypeLQ": null, "SubtypeGR": null, "Comments": null, "Source": "20260627_145824_88_300d_visual - Planet", "Access": "Hard", "Impact": null, "ID": 143, "Longitude": -66.867638573299999, "Latitude": 10.523016543300001 }, "geometry": { "type": "Polygon", "coordinates": [ [ [ -66.867540147999932, 10.523147296000047 ], [ -66.867488261999938, 10.523148633000062 ], [ -66.867446064999967, 10.523101160000067 ], [ -66.867450996999935, 10.523074756000028 ], [ -66.867477377999933, 10.523046687000033 ], [ -66.867544991999978, 10.522992190000025 ], [ -66.867637357999968, 10.522940976000029 ], [ -66.867711579999934, 10.522898024000028 ], [ -66.867766019999976, 10.522881487000063 ], [ -66.867815525999958, 10.522889703000033 ], [ -66.867823796999971, 10.522919398000056 ], [ -66.867812278999963, 10.522967256000072 ], [ -66.867771060999985, 10.523015135000037 ], [ -66.867668803999948, 10.523079557000074 ], [ -66.867540147999932, 10.523147296000047 ] ] ] } },
{ "type": "Feature", "properties": { "Shape_Leng": 0.0012810659120899999, "Shape_Area": 6.3165479101300006e-08, "Confidence": "Likely", "Type": "Landslide", "SubtypeLS": "Debris Flow", "SubtypeLQ": null, "SubtypeGR": null, "Comments": null, "Source": "20260627_145824_88_300d_visual - Planet", "Access": "Hard", "Impact": null, "ID": 144, "Longitude": -66.852513843400004, "Latitude": 10.5184032057 }, "geometry": { "type": "Polygon", "coordinates": [ [ [ -66.852536334999968, 10.518161289000034 ], [ -66.852572721999934, 10.518288316000053 ], [ -66.852584350999962, 10.518403810000052 ], [ -66.852584427999943, 10.518516012000077 ], [ -66.852576243999977, 10.518611719000035 ], [ -66.85255484299995, 10.518684335000046 ], [ -66.852533411999957, 10.518712400000027 ], [ -66.852515256999936, 10.518705813000054 ], [ -66.852483851999978, 10.518626633000054 ], [ -66.85246233099997, 10.518522696000048 ], [ -66.852445729999943, 10.518375855000045 ], [ -66.85244238699994, 10.518313156000033 ], [ -66.852442336999957, 10.518240555000034 ], [ -66.852448882999965, 10.518161349000025 ], [ -66.852458761999969, 10.51812999200007 ], [ -66.85248349799997, 10.51810852400007 ], [ -66.852536334999968, 10.518161289000034 ] ] ] } },
{ "type": "Feature", "properties": { "Shape_Leng": 0.0033837315858599999, "Shape_Area": 4.5993918881399998e-07, "Confidence": "Possible", "Type": "Landslide", "SubtypeLS": "Debris Flow", "SubtypeLQ": null, "SubtypeGR": null, "Comments": null, "Source": "20260627_145824_88_300d_visual - Planet", "Access": "Hard", "Impact": null, "ID": 145, "Longitude": -66.857656963500006, "Latitude": 10.5323728263 }, "geometry": { "type": "Polygon", "coordinates": [ [ [ -66.857507655999939, 10.531819131000077 ], [ -66.857608337999977, 10.531778778000046 ], [ -66.857721135999952, 10.531782729000042 ], [ -66.857825898999977, 10.531818913000052 ], [ -66.857894524999949, 10.532028342000046 ], [ -66.857902724999974, 10.532237813000052 ], [ -66.857830398999965, 10.532507764000059 ], [ -66.857782214999986, 10.532737415000042 ], [ -66.857738090999987, 10.533011376000047 ], [ -66.857657679999988, 10.533241049000026 ], [ -66.85761060699997, 10.533255564000058 ], [ -66.857556967999983, 10.533237090000057 ], [ -66.857536792999952, 10.533188763000055 ], [ -66.857540760999939, 10.53310013600003 ], [ -66.857560808999949, 10.53296315700004 ], [ -66.857560731999968, 10.532850362000033 ], [ -66.857564676999971, 10.532729508000045 ], [ -66.857518649999975, 10.532600983000066 ], [ -66.857505390999961, 10.53253993900006 ], [ -66.857476295999959, 10.532405992000065 ], [ -66.857446252999978, 10.532267682000054 ], [ -66.857429650999961, 10.532191248000061 ], [ -66.857403088999945, 10.532068963000029 ], [ -66.857408753999948, 10.531954092000035 ], [ -66.857443240999942, 10.531875573000036 ], [ -66.857507655999939, 10.531819131000077 ] ] ] } },
{ "type": "Feature", "properties": { "Shape_Leng": 0.0014180521182899999, "Shape_Area": 7.1655850118100006e-08, "Confidence": "Likely", "Type": "Landslide", "SubtypeLS": "Debris Flow", "SubtypeLQ": null, "SubtypeGR": null, "Comments": null, "Source": "20260627_145824_88_300d_visual - Planet", "Access": "Hard", "Impact": null, "ID": 146, "Longitude": -66.797043262599999, "Latitude": 10.5160307053 }, "geometry": { "type": "Polygon", "coordinates": [ [ [ -66.797226413999965, 10.516093633000025 ], [ -66.797151634999977, 10.516075637000029 ], [ -66.796932092999953, 10.516086150000035 ], [ -66.796869137999977, 10.516100449000021 ], [ -66.79680915199998, 10.516113558000029 ], [ -66.796749749999947, 10.516111817000024 ], [ -66.796703049999962, 10.516099148000023 ], [ -66.796692718999964, 10.51607337300004 ], [ -66.796736522999936, 10.516037249000021 ], [ -66.796816424999975, 10.516006256000026 ], [ -66.796947890999945, 10.515975228000059 ], [ -66.797105138999939, 10.515946760000077 ], [ -66.797283035999953, 10.515951795000035 ], [ -66.797317772999975, 10.515973357000064 ], [ -66.797333805999983, 10.516015303000074 ], [ -66.79733209699998, 10.516046880000033 ], [ -66.797318705999942, 10.516072842000028 ], [ -66.797303142999965, 10.516085396000051 ], [ -66.797275896999963, 10.516092336000042 ], [ -66.797238700999969, 10.516095389000043 ], [ -66.797226413999965, 10.516093633000025 ] ] ] } },
{ "type": "Feature", "properties": { "Shape_Leng": 0.0042065094503500001, "Shape_Area": 8.4907429983099999e-07, "Confidence": "Possible", "Type": "Landslide", "SubtypeLS": "Debris Flow", "SubtypeLQ": null, "SubtypeGR": null, "Comments": "Reactivation", "Source": "B140001100B5C810 - RadiantEarth - 06/29/2026 and 20260627_112621_ssc2_u0002_visual - Planet", "Access": "Hard", "Impact": "Watershed towards Macuto", "ID": 147, "Longitude": -66.907029075099999, "Latitude": 10.596662368 }, "geometry": { "type": "Polygon", "coordinates": [ [ [ -66.90636266599995, 10.59623080700004 ], [ -66.906357249999985, 10.596196150000026 ], [ -66.906358598999986, 10.596167414000035 ], [ -66.906369516999973, 10.596126358000049 ], [ -66.906402327999956, 10.596085287000051 ], [ -66.906444733999933, 10.596068838000065 ], [ -66.906496723999965, 10.596060593000061 ], [ -66.906547349999983, 10.596059190000062 ], [ -66.906629447999933, 10.59605913300004 ], [ -66.906682805999935, 10.596050887000047 ], [ -66.906745270999977, 10.596055009000054 ], [ -66.906824805999975, 10.596088433000034 ], [ -66.906990087999986, 10.596139959000027 ], [ -66.907334423999941, 10.596246445000077 ], [ -66.907434309999985, 10.596318672000052 ], [ -66.907494844999974, 10.596366921000026 ], [ -66.907521678999956, 10.596428947000049 ], [ -66.907521715999962, 10.596482531000049 ], [ -66.90749354899998, 10.596533314000055 ], [ -66.907458326999972, 10.596578461000036 ], [ -66.907427626999947, 10.596614743000032 ], [ -66.907369163999988, 10.596704291000037 ], [ -66.907334814999956, 10.596817922000071 ], [ -66.907362457999966, 10.596965936000061 ], [ -66.907400411999959, 10.597089845000028 ], [ -66.907403962999979, 10.597248203000049 ], [ -66.907352386999946, 10.597341190000066 ], [ -66.907228508999935, 10.597423898000045 ], [ -66.907142459999989, 10.597448055000029 ], [ -66.907090817999972, 10.597444648000021 ], [ -66.907018505999986, 10.597420599000031 ], [ -66.906939292999937, 10.597372456000073 ], [ -66.906901390999963, 10.59732428600006 ], [ -66.90687033599994, 10.597221028000035 ], [ -66.906870271999935, 10.597128077000036 ], [ -66.906877060999932, 10.596986924000021 ], [ -66.906863202999943, 10.596859556000027 ], [ -66.906839028999968, 10.59674940900004 ], [ -66.90676664199998, 10.596615196000073 ], [ -66.906677069999944, 10.596522306000054 ], [ -66.906590933999951, 10.596419086000026 ], [ -66.906494452999937, 10.596291775000054 ], [ -66.906367032999981, 10.596229894000032 ], [ -66.90636266599995, 10.59623080700004 ] ] ] } },
{ "type": "Feature", "properties": { "Shape_Leng": 0.00368231581837, "Shape_Area": 7.7098722619400003e-07, "Confidence": "Possible", "Type": "Landslide", "SubtypeLS": "Debris Flow", "SubtypeLQ": null, "SubtypeGR": null, "Comments": null, "Source": "20260627_112621_ssc2_u0002_visual - Planet", "Access": "Hard", "Impact": "Watershed towards Macuto", "ID": 148, "Longitude": -66.906356488300005, "Latitude": 10.5937263185 }, "geometry": { "type": "Polygon", "coordinates": [ [ [ -66.90615139099998, 10.594274012000028 ], [ -66.906096859999934, 10.594234507000067 ], [ -66.906089079999958, 10.594165141000076 ], [ -66.906117065999979, 10.594077442000071 ], [ -66.906102826999984, 10.593995899000049 ], [ -66.906088908999948, 10.59391619400003 ], [ -66.906003898999984, 10.593832544000065 ], [ -66.905948705999947, 10.593667344000039 ], [ -66.905957941999986, 10.593521081000063 ], [ -66.906026305999944, 10.593381002000058 ], [ -66.906119511999975, 10.593163110000035 ], [ -66.906212757999981, 10.593004342000029 ], [ -66.906340295999939, 10.592935795000074 ], [ -66.906471048999947, 10.593016613000032 ], [ -66.906514692999963, 10.593131721000077 ], [ -66.906542884999965, 10.593402431000072 ], [ -66.906589698999937, 10.593601556000067 ], [ -66.906664503999934, 10.593778880000059 ], [ -66.906742397999949, 10.593921970000054 ], [ -66.906789183999933, 10.594080642000051 ], [ -66.906792378999967, 10.594202001000042 ], [ -66.906699121999964, 10.594345209000039 ], [ -66.906596448999949, 10.594370174000062 ], [ -66.906406596999943, 10.594326739000053 ], [ -66.90615139099998, 10.594274012000028 ] ] ] } },
{ "type": "Feature", "properties": { "Shape_Leng": 0.0060839889757699998, "Shape_Area": 2.04574192362e-06, "Confidence": "Possible", "Type": "Landslide", "SubtypeLS": "Debris Flow", "SubtypeLQ": null, "SubtypeGR": null, "Comments": "Image is distorted towards the east", "Source": "B140001100B5C810 - RadiantEarth - 06/29/2026 and 20260627_112621_ssc2_u0002_visual - Planet", "Access": "Hard", "Impact": "Watershed towards Macuto", "ID": 149, "Longitude": -66.904763904500001, "Latitude": 10.587910541699999 }, "geometry": { "type": "Polygon", "coordinates": [ [ [ -66.90519883199994, 10.588603575000036 ], [ -66.905153980999955, 10.588672020000047 ], [ -66.905134791999956, 10.588749 ], [ -66.905096331999971, 10.588783234000061 ], [ -66.905025795999961, 10.588806800000043 ], [ -66.904963813999984, 10.588834636000058 ], [ -66.904903967999985, 10.588860333000071 ], [ -66.904801345999942, 10.588860403000069 ], [ -66.904743598999971, 10.588828373000069 ], [ -66.904698675999953, 10.588789920000067 ], [ -66.904685812999958, 10.588738618000036 ], [ -66.904681503999939, 10.588691586000039 ], [ -66.904581904999986, 10.588587386000029 ], [ -66.904429096999934, 10.588505756000075 ], [ -66.904371346999937, 10.588469450000048 ], [ -66.904307188999951, 10.588441700000033 ], [ -66.904219538999939, 10.588450312000077 ], [ -66.904136166999933, 10.588463197000067 ], [ -66.904063474999987, 10.588461109000036 ], [ -66.904001455999946, 10.588435496000045 ], [ -66.903973610999969, 10.588360686000044 ], [ -66.903994945999955, 10.588294394000059 ], [ -66.904012031999969, 10.58826872700007 ], [ -66.904039782999973, 10.58820670700004 ], [ -66.904052561999947, 10.588136145000021 ], [ -66.904065344999935, 10.588069860000076 ], [ -66.904050325999947, 10.587992903000043 ], [ -66.904069510999932, 10.587909510000031 ], [ -66.904077987999983, 10.587800468000069 ], [ -66.904071520999935, 10.587723505000042 ], [ -66.904052245999935, 10.587674345000039 ], [ -66.904020152999976, 10.587640160000035 ], [ -66.904000872999973, 10.587584586000048 ], [ -66.904013672999952, 10.587543956000047 ], [ -66.904077794999978, 10.587518256000067 ], [ -66.904120528999954, 10.587481882000077 ], [ -66.904152570999941, 10.587441238000054 ], [ -66.90418460099994, 10.587383491000026 ], [ -66.904210207999938, 10.587312921000034 ], [ -66.904231565999964, 10.587280837000037 ], [ -66.904261461999965, 10.587229505000039 ], [ -66.904306327999961, 10.587184577000073 ], [ -66.904351189999943, 10.587133235000067 ], [ -66.904389639999977, 10.587084036000022 ], [ -66.90442810899998, 10.587062630000048 ], [ -66.904475123999987, 10.587032666000027 ], [ -66.904537096999945, 10.586992002000045 ], [ -66.904614036999988, 10.586953466000068 ], [ -66.904680292999956, 10.586923489000071 ], [ -66.904755093999938, 10.58688281700006 ], [ -66.904825620999986, 10.586844285000041 ], [ -66.90490258799997, 10.586844232000033 ], [ -66.904962460999968, 10.586859157000049 ], [ -66.904988140999933, 10.58689548500007 ], [ -66.90500100099996, 10.586942511000075 ], [ -66.905005319999987, 10.587004509000053 ], [ -66.905001106999975, 10.587096445000043 ], [ -66.905007564999948, 10.587160579000056 ], [ -66.905020447999959, 10.587241813000048 ], [ -66.905056118999937, 10.587310480000042 ], [ -66.905187485999988, 10.587436808000064 ], [ -66.905275091999954, 10.587563166000052 ], [ -66.905280001999984, 10.587623134000069 ], [ -66.905275160999963, 10.587673508000023 ], [ -66.905249536999975, 10.587718422000023 ], [ -66.90523888499996, 10.587774017000072 ], [ -66.905251744999987, 10.587821043000076 ], [ -66.905294530999981, 10.587859497000068 ], [ -66.905373647999966, 10.587878685000021 ], [ -66.90538847299996, 10.587880322000046 ], [ -66.90546986399994, 10.587889309000047 ], [ -66.905544696999982, 10.587895671000069 ], [ -66.90561099599995, 10.587927695000076 ], [ -66.905653813999947, 10.588013185000023 ], [ -66.90564319899994, 10.588122228000032 ], [ -66.905624025999941, 10.588222726000026 ], [ -66.905602704999978, 10.58830825900003 ], [ -66.905564273999971, 10.588385252000023 ], [ -66.905495916999939, 10.588468679000073 ], [ -66.905423250999945, 10.588505075000057 ], [ -66.905391858999963, 10.588511375000053 ], [ -66.905348431999982, 10.588520092000067 ], [ -66.905265068999938, 10.588545804000034 ], [ -66.90519883199994, 10.588603575000036 ] ] ] } },
{ "type": "Feature", "properties": { "Shape_Leng": 0.0092777289760599992, "Shape_Area": 2.0938142041900001e-06, "Confidence": "Possible", "Type": "Landslide", "SubtypeLS": "Debris Flow", "SubtypeLQ": null, "SubtypeGR": null, "Comments": null, "Source": "B140001100B5C810 - RadiantEarth - 06/29/2026 and 20260627_112621_ssc2_u0002_visual - Planet", "Access": "Hard", "Impact": "Watershed towards Macuto", "ID": 150, "Longitude": -66.904539167799996, "Latitude": 10.5847940365 }, "geometry": { "type": "Polygon", "coordinates": [ [ [ -66.905694702999938, 10.585282975000041 ], [ -66.905788767999979, 10.58527478600007 ], [ -66.905802457999982, 10.585284355000056 ], [ -66.905809320999936, 10.585315821000052 ], [ -66.905801130999976, 10.585344561000056 ], [ -66.905709747999936, 10.585398415000043 ], [ -66.90564349899995, 10.58543908200005 ], [ -66.905579388999968, 10.585481885000036 ], [ -66.905521694999948, 10.585526822000077 ], [ -66.90547898899996, 10.585603818000038 ], [ -66.905408489999957, 10.58568297100004 ], [ -66.905357217999949, 10.585740731000044 ], [ -66.905297379999979, 10.585777117000021 ], [ -66.905233275999933, 10.58582847200006 ], [ -66.90506225699994, 10.585854245000064 ], [ -66.905002393999951, 10.585854286000028 ], [ -66.904889056999934, 10.585818018000055 ], [ -66.904792817999976, 10.585773187000029 ], [ -66.904741495999986, 10.585758256000076 ], [ -66.904655968999975, 10.585745487000054 ], [ -66.904517002999967, 10.585747720000029 ], [ -66.904444302999934, 10.585734942000045 ], [ -66.904407947999971, 10.585720001000027 ], [ -66.904380140999933, 10.585700779000035 ], [ -66.904341627999941, 10.585658046000049 ], [ -66.904330914999946, 10.585623846000033 ], [ -66.904337288999955, 10.585566116000052 ], [ -66.904352674999984, 10.58552426600005 ], [ -66.90436716499994, 10.585484853000025 ], [ -66.904386361999968, 10.585418563000076 ], [ -66.904394851999939, 10.585328763000064 ], [ -66.90440763099997, 10.585258201000045 ], [ -66.904443920999938, 10.58517693400006 ], [ -66.904443876999949, 10.585112795000043 ], [ -66.904405387999986, 10.585104269000055 ], [ -66.904356218999965, 10.585110717000077 ], [ -66.904330564999952, 10.585112872000025 ], [ -66.904251486999954, 10.585151410000037 ], [ -66.904176686999961, 10.585194220000062 ], [ -66.904071958999964, 10.585241327000062 ], [ -66.903930487999958, 10.585292869000057 ], [ -66.903803008999944, 10.585299175000046 ], [ -66.903793528999984, 10.585299644000031 ], [ -66.903699985999936, 10.585289686000067 ], [ -66.903619771999956, 10.585229611000045 ], [ -66.903552925999975, 10.585179548000042 ], [ -66.903552865999984, 10.585092693000036 ], [ -66.903589564999947, 10.585022516000038 ], [ -66.903656228999978, 10.584959978000029 ], [ -66.903612157999987, 10.584915968000075 ], [ -66.903550464999967, 10.584863161000044 ], [ -66.903550405999965, 10.58477801600003 ], [ -66.903567990999989, 10.584731027000032 ], [ -66.903620804999946, 10.584681078000074 ], [ -66.903708861999974, 10.584645785000021 ], [ -66.903805733999945, 10.584619294000049 ], [ -66.903887922999957, 10.584589878000031 ], [ -66.903967173999945, 10.584557527000072 ], [ -66.904055020999976, 10.584527341000069 ], [ -66.904069911999954, 10.584522224000068 ], [ -66.904143286999954, 10.584484005000036 ], [ -66.904184344999976, 10.58441644800007 ], [ -66.904201892999936, 10.58431661000003 ], [ -66.904212783999981, 10.584145740000054 ], [ -66.904265978999945, 10.583722689000069 ], [ -66.904348479999953, 10.583494107000035 ], [ -66.904513709999947, 10.583367575000068 ], [ -66.904649838999944, 10.58334803300005 ], [ -66.904764954999962, 10.583353201000023 ], [ -66.904797286999951, 10.583406027000024 ], [ -66.904797323999958, 10.583458876000066 ], [ -66.904781255999978, 10.583547295000074 ], [ -66.904800844999954, 10.583751496000048 ], [ -66.904809360999934, 10.584123270000077 ], [ -66.904849570999943, 10.584353539000062 ], [ -66.90486459899995, 10.58444546100003 ], [ -66.904877504999945, 10.584558765000054 ], [ -66.90487117899994, 10.584687047000045 ], [ -66.904864825999937, 10.584776846000068 ], [ -66.904858477999937, 10.584873059000074 ], [ -66.904824340999937, 10.584975704000044 ], [ -66.904785265999976, 10.585038075000057 ], [ -66.904756000999953, 10.585084787000028 ], [ -66.904711160999966, 10.585168199000066 ], [ -66.904664183999955, 10.58525374900006 ], [ -66.904619324999942, 10.585309367000036 ], [ -66.904619352999987, 10.585349989000065 ], [ -66.904657861999965, 10.585388446000024 ], [ -66.904696349999938, 10.585394833000066 ], [ -66.904741245999958, 10.58539266400004 ], [ -66.904794677999973, 10.585366972000031 ], [ -66.904944264999983, 10.585264247000055 ], [ -66.905014796999978, 10.585234268000022 ], [ -66.905081067999959, 10.585225670000057 ], [ -66.905158034999943, 10.585225618000038 ], [ -66.905245692999983, 10.585227696000061 ], [ -66.905329090999942, 10.58525329400004 ], [ -66.905393241999946, 10.585270354000045 ], [ -66.905483040999968, 10.585276706000059 ], [ -66.905594218999966, 10.58528304400005 ], [ -66.905694702999938, 10.585282975000041 ] ] ] } },
{ "type": "Feature", "properties": { "Shape_Leng": 0.0074940788281000004, "Shape_Area": 2.6501317239599999e-06, "Confidence": "Possible", "Type": "Landslide", "SubtypeLS": "Debris Flow", "SubtypeLQ": null, "SubtypeGR": null, "Comments": null, "Source": "B140001100B5C810 - RadiantEarth - 06/29/2026 and 20260627_112621_ssc2_u0002_visual - Planet", "Access": "Hard", "Impact": "Watershed towards Macuto", "ID": 151, "Longitude": -66.900687790500001, "Latitude": 10.588000235699999 }, "geometry": { "type": "Polygon", "coordinates": [ [ [ -66.899912304999987, 10.587946094000074 ], [ -66.900004620999937, 10.587848786000052 ], [ -66.900126116999957, 10.587761183000055 ], [ -66.900295078999989, 10.587648193000064 ], [ -66.900315596999974, 10.587547114000074 ], [ -66.900451784999973, 10.587271250000072 ], [ -66.90049034499998, 10.587119118000032 ], [ -66.900655527999959, 10.586924515000021 ], [ -66.900747829999943, 10.586807758000077 ], [ -66.900971485999946, 10.586797880000063 ], [ -66.901099651999971, 10.586886508000077 ], [ -66.901179530999968, 10.586977673000035 ], [ -66.901236600999937, 10.587061252000069 ], [ -66.901327867999953, 10.58712960500003 ], [ -66.901384902999951, 10.587163773000043 ], [ -66.901422958999945, 10.587232162000021 ], [ -66.901411631999963, 10.587342394000075 ], [ -66.90142309099997, 10.587426004000065 ], [ -66.901464936999957, 10.587479187000042 ], [ -66.901487822999968, 10.587596997000048 ], [ -66.901510749999943, 10.587775620000059 ], [ -66.90154886199997, 10.587927627000056 ], [ -66.901571796999974, 10.58811765300004 ], [ -66.901583295999956, 10.588258275000044 ], [ -66.90160618699997, 10.588383687000032 ], [ -66.901568232999978, 10.58846353000007 ], [ -66.901480850999974, 10.588516802000072 ], [ -66.901321239999959, 10.588551119000044 ], [ -66.901241424999967, 10.588554974000033 ], [ -66.901217117999977, 10.588556048000044 ], [ -66.901181777999966, 10.58857245400003 ], [ -66.901001918999953, 10.588635786000054 ], [ -66.900860983999962, 10.588737989000037 ], [ -66.900651987999936, 10.588854826000045 ], [ -66.900472090999983, 10.588864674000035 ], [ -66.900297060999947, 10.588879381000027 ], [ -66.900049072999934, 10.588860101000023 ], [ -66.899815246999935, 10.58907163300006 ], [ -66.89966592199994, 10.58913347400005 ], [ -66.899558163999984, 10.589118136000025 ], [ -66.899558106999962, 10.589035478000028 ], [ -66.899621262999972, 10.588957639000057 ], [ -66.899698998999952, 10.588870066000027 ], [ -66.899786425999935, 10.588733863000073 ], [ -66.899834948999967, 10.588587963000066 ], [ -66.899878479999984, 10.588412719000075 ], [ -66.899841496999954, 10.588315733000059 ], [ -66.899834952999981, 10.588312684000073 ], [ -66.899747504999937, 10.588270935000025 ], [ -66.899663878999945, 10.588259590000064 ], [ -66.899610659999951, 10.58824822400004 ], [ -66.899549830999945, 10.588225461000036 ], [ -66.899576386999968, 10.588153227000021 ], [ -66.899644786999943, 10.588130375000048 ], [ -66.899735990999943, 10.588107508000064 ], [ -66.899854030999961, 10.58805310300005 ], [ -66.899912304999987, 10.587946094000074 ] ] ] } },
{ "type": "Feature", "properties": { "Shape_Leng": 0.0036997735065199999, "Shape_Area": 4.0591603099000001e-07, "Confidence": "Possible", "Type": "Landslide", "SubtypeLS": "Debris Flow", "SubtypeLQ": null, "SubtypeGR": null, "Comments": null, "Source": "20260627_112621_ssc2_u0002_visual - Planet", "Access": "Hard", "Impact": "Watershed towards Macuto", "ID": 152, "Longitude": -66.900102024399999, "Latitude": 10.589930277000001 }, "geometry": { "type": "Polygon", "coordinates": [ [ [ -66.899850650999952, 10.590216802000043 ], [ -66.899544522999975, 10.590499022000074 ], [ -66.899519838999936, 10.590514661000043 ], [ -66.899473957999987, 10.590521576000071 ], [ -66.899424394999983, 10.590513809000072 ], [ -66.899407952999979, 10.590499870000031 ], [ -66.899415875999978, 10.590436134000072 ], [ -66.899429771999962, 10.590370403000065 ], [ -66.899457604999952, 10.590298687000029 ], [ -66.899503351999954, 10.590213018000043 ], [ -66.899590903999979, 10.590099438000038 ], [ -66.899676495999984, 10.590033658000038 ], [ -66.899774051999941, 10.589987785000062 ], [ -66.899869611999975, 10.589935938000053 ], [ -66.899997025999937, 10.589868138000043 ], [ -66.900138358999982, 10.589768462000052 ], [ -66.900269719999983, 10.589646886000025 ], [ -66.900387171999967, 10.589573118000033 ], [ -66.900555138999948, 10.589433499000052 ], [ -66.900700992999987, 10.589413950000051 ], [ -66.900778804999959, 10.589438208000047 ], [ -66.900793461999967, 10.589540305000071 ], [ -66.90072061799998, 10.589671635000059 ], [ -66.900589403999959, 10.589768970000023 ], [ -66.900351257999944, 10.589919863000034 ], [ -66.900142264999943, 10.590041562000067 ], [ -66.899850650999952, 10.590216802000043 ] ] ] } },
{ "type": "Feature", "properties": { "Shape_Leng": 0.0055637132508900003, "Shape_Area": 4.57114248779e-07, "Confidence": "Possible", "Type": "Landslide", "SubtypeLS": "Debris Flow", "SubtypeLQ": null, "SubtypeGR": null, "Comments": null, "Source": "20260627_112621_ssc2_u0002_visual - Planet", "Access": "Hard", "Impact": "Watershed towards Macuto", "ID": 153, "Longitude": -66.896727858399998, "Latitude": 10.584595609499999 }, "geometry": { "type": "Polygon", "coordinates": [ [ [ -66.897671462999938, 10.58401529300005 ], [ -66.897488344999942, 10.584190467000042 ], [ -66.897341743999959, 10.584330708000039 ], [ -66.897182216999965, 10.584483315000057 ], [ -66.897059184999932, 10.584546304000071 ], [ -66.896802173999959, 10.584664085000043 ], [ -66.896654528999989, 10.584729827000046 ], [ -66.896430308999982, 10.584819725000045 ], [ -66.896261422999942, 10.584929186000068 ], [ -66.89608312699994, 10.585044744000072 ], [ -66.895995672999959, 10.585140530000047 ], [ -66.895943759999966, 10.585217145000058 ], [ -66.895886401999974, 10.585329320000028 ], [ -66.895849751999947, 10.585451880000051 ], [ -66.895793525999977, 10.585496219000049 ], [ -66.895738772999948, 10.585419676000072 ], [ -66.895725058999972, 10.585362251000049 ], [ -66.895733195999981, 10.585263785000052 ], [ -66.895782345999976, 10.585146146000056 ], [ -66.89587798499997, 10.58502027000003 ], [ -66.896066585999961, 10.584853305000024 ], [ -66.896230617999947, 10.584751997000069 ], [ -66.896558711999944, 10.584595877000027 ], [ -66.896739148999984, 10.584489088000055 ], [ -66.896821154999941, 10.584423392000076 ], [ -66.896974254999975, 10.584335766000038 ], [ -66.89714649299998, 10.584237188000031 ], [ -66.897277705999954, 10.58413863800007 ], [ -66.897447186999955, 10.584007241000052 ], [ -66.897627612999941, 10.583884042000022 ], [ -66.897715091999942, 10.583823812000048 ], [ -66.897819036999977, 10.583845621000023 ], [ -66.897832745999949, 10.583894842000063 ], [ -66.897794491999946, 10.583946833000027 ], [ -66.897671462999938, 10.58401529300005 ] ] ] } },
{ "type": "Feature", "properties": { "Shape_Leng": 0.00138792619438, "Shape_Area": 1.08185620571e-07, "Confidence": "Possible", "Type": "Landslide", "SubtypeLS": "Debris Flow", "SubtypeLQ": null, "SubtypeGR": null, "Comments": null, "Source": "20260627_112621_ssc2_u0002_visual - Planet", "Access": "Hard", "Impact": "Watershed towards Macuto", "ID": 154, "Longitude": -66.898417402700005, "Latitude": 10.588663715099999 }, "geometry": { "type": "Polygon", "coordinates": [ [ [ -66.898150936999969, 10.588740553000036 ], [ -66.898101611999948, 10.588692416000072 ], [ -66.898126229999946, 10.588650950000044 ], [ -66.898169905999964, 10.588630755000054 ], [ -66.898214696999958, 10.588602718000061 ], [ -66.898316613999953, 10.58856343900004 ], [ -66.898409584999968, 10.588548812000056 ], [ -66.898494720999963, 10.588543152000057 ], [ -66.898593308999978, 10.58854980600006 ], [ -66.898673976999987, 10.588564314000052 ], [ -66.898708732999978, 10.588604620000069 ], [ -66.89870316799994, 10.588657276000049 ], [ -66.898656144999961, 10.588697638000042 ], [ -66.898592321999956, 10.588744732000066 ], [ -66.89848367899998, 10.588777294000067 ], [ -66.898382862999938, 10.588787445000037 ], [ -66.898282034999966, 10.588780793000069 ], [ -66.898150936999969, 10.588740553000036 ] ] ] } },
{ "type": "Feature", "properties": { "Shape_Leng": 0.016067615740499998, "Shape_Area": 5.4422097691200004e-06, "Confidence": "Possible", "Type": "Landslide", "SubtypeLS": "Debris Flow", "SubtypeLQ": null, "SubtypeGR": null, "Comments": null, "Source": "20260627_112621_ssc2_u0002_visual - Planet", "Access": "Hard", "Impact": "Watershed towards Macuto", "ID": 155, "Longitude": -66.896794441699996, "Latitude": 10.5880577435 }, "geometry": { "type": "Polygon", "coordinates": [ [ [ -66.897629644999938, 10.588347748000047 ], [ -66.897770735999984, 10.588445940000042 ], [ -66.897847748999936, 10.588578365000046 ], [ -66.897817933999988, 10.588723682000023 ], [ -66.897749596999972, 10.588779284000054 ], [ -66.897672744999966, 10.588881900000047 ], [ -66.897574642999984, 10.589155468000058 ], [ -66.897570418999976, 10.58922811900004 ], [ -66.897510722999982, 10.589420466000036 ], [ -66.897365486999945, 10.589510308000058 ], [ -66.897215965999976, 10.589583059000063 ], [ -66.89716472799995, 10.589647196000044 ], [ -66.897164818999954, 10.589779673000066 ], [ -66.897139250999942, 10.589886526000043 ], [ -66.89707094399995, 10.589984863000041 ], [ -66.896955568999942, 10.589997762000053 ], [ -66.89689574099998, 10.589997803000074 ], [ -66.896694841999988, 10.589929565000034 ], [ -66.896489651999957, 10.589835690000029 ], [ -66.896305816999984, 10.589724706000027 ], [ -66.896117585999946, 10.58943424000006 ], [ -66.896044814999982, 10.589254805000053 ], [ -66.895967728999949, 10.589015544000063 ], [ -66.895950717999938, 10.588784772000054 ], [ -66.895920212999954, 10.588370915000041 ], [ -66.895897623999986, 10.588064468000027 ], [ -66.895744657999956, 10.587772123000036 ], [ -66.895693026999936, 10.587630799000067 ], [ -66.89569113899995, 10.587431254000023 ], [ -66.895710260999977, 10.587236946000075 ], [ -66.895812441999965, 10.586908839000046 ], [ -66.895940580999934, 10.586814735000075 ], [ -66.896094363999964, 10.586724887000059 ], [ -66.896218208999983, 10.586600872000076 ], [ -66.896431711999981, 10.586352866000027 ], [ -66.896491410999943, 10.586164793000023 ], [ -66.896610932999977, 10.585968132000062 ], [ -66.896713460999933, 10.585916781000037 ], [ -66.896854478999956, 10.585908137000047 ], [ -66.896999807999975, 10.585955046000038 ], [ -66.897038306999946, 10.586010574000056 ], [ -66.897046944999943, 10.586143045000028 ], [ -66.896991459999981, 10.586245646000066 ], [ -66.89685898099998, 10.586320165000075 ], [ -66.89679928399994, 10.586433810000074 ], [ -66.896782245999987, 10.586515017000067 ], [ -66.896760971999981, 10.586651782000047 ], [ -66.896812305999958, 10.586728669000024 ], [ -66.896893495999961, 10.586720066000055 ], [ -66.897000293999952, 10.586664438000071 ], [ -66.897055827999964, 10.586634486000037 ], [ -66.89711990099994, 10.586591708000071 ], [ -66.897196807999933, 10.586570288000075 ], [ -66.897290856999973, 10.586617231000048 ], [ -66.897316561999958, 10.586711230000049 ], [ -66.897252541999933, 10.586830930000076 ], [ -66.897167165999974, 10.586967739000045 ], [ -66.897073252999974, 10.587117374000059 ], [ -66.896970803999977, 10.587284109000052 ], [ -66.896996500999933, 10.587365287000068 ], [ -66.897056357999986, 10.587407981000069 ], [ -66.89711621899994, 10.587454948000072 ], [ -66.897171863999972, 10.587587387000042 ], [ -66.897184812999967, 10.587775410000063 ], [ -66.897172074999958, 10.587895075000063 ], [ -66.897061076999933, 10.588057542000058 ], [ -66.897039770999982, 10.58814729900007 ], [ -66.897190153999986, 10.588085317000036 ], [ -66.89732141199994, 10.588052407000021 ], [ -66.897485442999937, 10.587951099000065 ], [ -66.897597523999934, 10.587871707000033 ], [ -66.897742398999981, 10.587754002000054 ], [ -66.897903662999965, 10.587606201000028 ], [ -66.898045798999988, 10.587483029000055 ], [ -66.898130529999946, 10.58740365500006 ], [ -66.89822617699997, 10.587288719000071 ], [ -66.898305407999942, 10.587165590000041 ], [ -66.898384625999938, 10.587023315000067 ], [ -66.898431047999964, 10.586916618000032 ], [ -66.898496567999985, 10.586741532000076 ], [ -66.898551174999966, 10.586604744000056 ], [ -66.898611250999977, 10.586467953000067 ], [ -66.89868772799997, 10.586317475000044 ], [ -66.898731463999979, 10.586281890000066 ], [ -66.898805340999957, 10.586328334000029 ], [ -66.89879730499996, 10.586574491000022 ], [ -66.898707234999961, 10.58684531800003 ], [ -66.898638977999951, 10.587017671000069 ], [ -66.898521546999973, 10.587272107000047 ], [ -66.898431376999952, 10.587397979000059 ], [ -66.898319320999974, 10.587512926000045 ], [ -66.898193571999968, 10.587603268000066 ], [ -66.897772701999941, 10.587912940000024 ], [ -66.897622243999933, 10.588025069000025 ], [ -66.897512013999972, 10.588091660000032 ], [ -66.89745254099995, 10.588151215000039 ], [ -66.897457833999965, 10.588212475000034 ], [ -66.89757048599995, 10.588321914000062 ], [ -66.897629644999938, 10.588347748000047 ] ] ] } },
{ "type": "Feature", "properties": { "Shape_Leng": 0.0051443605890500003, "Shape_Area": 1.6684056323000001e-06, "Confidence": "Questionable", "Type": "Landslide", "SubtypeLS": "Debris Flow", "SubtypeLQ": null, "SubtypeGR": null, "Comments": null, "Source": "20260627_112621_ssc2_u0002_visual - Planet", "Access": "Hard", "Impact": "Watershed towards Macuto", "ID": 156, "Longitude": -66.897230039799993, "Latitude": 10.591104017099999 }, "geometry": { "type": "Polygon", "coordinates": [ [ [ -66.896276590999946, 10.590728987000034 ], [ -66.896323522999978, 10.590617845000054 ], [ -66.896494419999954, 10.590557900000022 ], [ -66.896690977999981, 10.590527851000047 ], [ -66.896891821999986, 10.590514893000034 ], [ -66.896998671999938, 10.590536187000055 ], [ -66.897062826999957, 10.59061306600006 ], [ -66.897156827999936, 10.590591634000077 ], [ -66.89729353499996, 10.590527439000027 ], [ -66.897438787999988, 10.590463237000051 ], [ -66.897601166999948, 10.590446032000045 ], [ -66.897742217999962, 10.590484397000068 ], [ -66.897883308999951, 10.590582590000054 ], [ -66.897934715999952, 10.590766313000074 ], [ -66.897939100999963, 10.590928701000053 ], [ -66.897896506999984, 10.591133856000056 ], [ -66.897845359999963, 10.591330470000059 ], [ -66.897811315999945, 10.591539892000071 ], [ -66.897764421999966, 10.591706589000069 ], [ -66.897691884999972, 10.591869030000055 ], [ -66.897606476999954, 10.591958831000056 ], [ -66.897431268999981, 10.59196322400004 ], [ -66.897247439999944, 10.59186078700003 ], [ -66.896978080999986, 10.591668666000032 ], [ -66.89656750499995, 10.591194594000058 ], [ -66.896276590999946, 10.590728987000034 ] ] ] } },
{ "type": "Feature", "properties": { "Shape_Leng": 0.0029191792544899999, "Shape_Area": 5.0125894963499998e-07, "Confidence": "Possible", "Type": "Landslide", "SubtypeLS": "Debris Flow", "SubtypeLQ": null, "SubtypeGR": null, "Comments": null, "Source": "20260627_112621_ssc2_u0002_visual - Planet", "Access": "Hard", "Impact": "Watershed towards Macuto", "ID": 157, "Longitude": -66.896388457, "Latitude": 10.5919573117 }, "geometry": { "type": "Polygon", "coordinates": [ [ [ -66.895891181999957, 10.592309061000037 ], [ -66.895825468999988, 10.59220244100004 ], [ -66.895849980999969, 10.592051999000034 ], [ -66.895912821999957, 10.59195896500006 ], [ -66.896016709999969, 10.591895989000022 ], [ -66.896161615999972, 10.591824779000035 ], [ -66.896328385999936, 10.591728940000053 ], [ -66.896467783999981, 10.591600299000049 ], [ -66.896620896999934, 10.591531819000068 ], [ -66.896754929999986, 10.591556342000047 ], [ -66.896834328999944, 10.591679363000026 ], [ -66.896869988999981, 10.591832499000077 ], [ -66.896875546999979, 10.591961041000047 ], [ -66.896850995999955, 10.592054048000023 ], [ -66.896695159999979, 10.59214167500005 ], [ -66.896512876999964, 10.592179626000075 ], [ -66.896381592999944, 10.592206959000066 ], [ -66.896221371999957, 10.592240317000062 ], [ -66.896066235999967, 10.592328086000066 ], [ -66.895978733999982, 10.592355496000039 ], [ -66.895891181999957, 10.592309061000037 ] ] ] } },
{ "type": "Feature", "properties": { "Shape_Leng": 0.0063424655954399996, "Shape_Area": 1.8298258501399999e-06, "Confidence": "Possible", "Type": "Landslide", "SubtypeLS": "Debris Flow", "SubtypeLQ": null, "SubtypeGR": null, "Comments": null, "Source": "20260627_112621_ssc2_u0002_visual - Planet", "Access": "Hard", "Impact": "Watershed towards Macuto", "ID": 158, "Longitude": -66.893800674399998, "Latitude": 10.589721620200001 }, "geometry": { "type": "Polygon", "coordinates": [ [ [ -66.894328020999978, 10.59090980700006 ], [ -66.894247605999965, 10.590946273000043 ], [ -66.894198158999984, 10.590939875000061 ], [ -66.894127135999952, 10.590862937000054 ], [ -66.894088283999963, 10.59074061900003 ], [ -66.893916270999966, 10.590483395000035 ], [ -66.893650287999947, 10.59016503600003 ], [ -66.893426716999954, 10.589952615000072 ], [ -66.893268426999953, 10.58976795500007 ], [ -66.893047733999936, 10.589559808000047 ], [ -66.893026664999979, 10.589467051000042 ], [ -66.893038839999974, 10.589353266000046 ], [ -66.893059774999983, 10.589251728000022 ], [ -66.893117422999978, 10.589081899000064 ], [ -66.893133040999942, 10.588884093000047 ], [ -66.893132922999939, 10.58871255300005 ], [ -66.893097825999973, 10.588583047000043 ], [ -66.893100430999937, 10.588511104000077 ], [ -66.893127057999948, 10.588390895000032 ], [ -66.893294020999974, 10.588437522000049 ], [ -66.89348780399996, 10.588644384000077 ], [ -66.893641567999964, 10.58891804700005 ], [ -66.894006428999944, 10.589328850000072 ], [ -66.89431867199994, 10.589738887000067 ], [ -66.894532519999984, 10.589995148000071 ], [ -66.894635225999934, 10.590204477000043 ], [ -66.894645005999962, 10.590330484000049 ], [ -66.894558552999968, 10.590567773000032 ], [ -66.894439059999968, 10.590807168000026 ], [ -66.894328020999978, 10.59090980700006 ] ] ] } },
{ "type": "Feature", "properties": { "Shape_Leng": 0.0040545342989799999, "Shape_Area": 1.0652156113700001e-06, "Confidence": "Possible", "Type": "Landslide", "SubtypeLS": "Debris Flow", "SubtypeLQ": null, "SubtypeGR": null, "Comments": null, "Source": "20260627_112621_ssc2_u0002_visual - Planet", "Access": "Hard", "Impact": "Watershed towards Macuto", "ID": 159, "Longitude": -66.899244460600002, "Latitude": 10.5951567189 }, "geometry": { "type": "Polygon", "coordinates": [ [ [ -66.899715222999987, 10.594782139000074 ], [ -66.899766597999985, 10.59491885400007 ], [ -66.899813739999956, 10.595115400000054 ], [ -66.899811478999936, 10.595248335000065 ], [ -66.899719926999978, 10.595410333000075 ], [ -66.89957044099998, 10.595534365000049 ], [ -66.89931841799995, 10.595696929000042 ], [ -66.898929697999961, 10.595936509000069 ], [ -66.89886820199996, 10.595916044000035 ], [ -66.898814208999966, 10.595865361000051 ], [ -66.898775718999957, 10.595740035000063 ], [ -66.898771375999956, 10.595637476000036 ], [ -66.89878835199994, 10.595466526000052 ], [ -66.898813895999979, 10.595325484000057 ], [ -66.898852930999965, 10.59507648500005 ], [ -66.898861000999943, 10.594917320000036 ], [ -66.898881913999958, 10.594782525000028 ], [ -66.898924100999977, 10.594652895000024 ], [ -66.898979777999955, 10.594551404000072 ], [ -66.899053221999964, 10.594444579000026 ], [ -66.899147707999987, 10.594392002000063 ], [ -66.899293014999955, 10.594426911000028 ], [ -66.899361332999945, 10.59450213100007 ], [ -66.899406887999987, 10.594566865000047 ], [ -66.89949446199995, 10.594645574000026 ], [ -66.899574122999979, 10.594671126000037 ], [ -66.899715222999987, 10.594782139000074 ] ] ] } },
{ "type": "Feature", "properties": { "Shape_Leng": 0.003641358298, "Shape_Area": 6.2055908546700003e-07, "Confidence": "Possible", "Type": "Landslide", "SubtypeLS": "Debris Flow", "SubtypeLQ": null, "SubtypeGR": null, "Comments": null, "Source": "B140001100B5C810 - RadiantEarth - 06/29/2026 and 20260627_112621_ssc2_u0002_visual - Planet", "Access": "Hard", "Impact": "Watershed towards Macuto", "ID": 160, "Longitude": -66.901621145199996, "Latitude": 10.5956784362 }, "geometry": { "type": "Polygon", "coordinates": [ [ [ -66.902134402999934, 10.595374492000076 ], [ -66.902127150999945, 10.595454870000026 ], [ -66.902092524999944, 10.595541009000044 ], [ -66.902053588999934, 10.595588862000056 ], [ -66.902028809999933, 10.595617220000065 ], [ -66.901947382999936, 10.595695213000056 ], [ -66.901816381999936, 10.595806896000056 ], [ -66.901719011999944, 10.595883129000072 ], [ -66.901609255999972, 10.595978855000055 ], [ -66.901513688999955, 10.596101141000076 ], [ -66.901408500999935, 10.596229679000032 ], [ -66.901288914999952, 10.596332324000059 ], [ -66.901169304999939, 10.596400781000057 ], [ -66.901096618999986, 10.596345276000022 ], [ -66.901053775999969, 10.596187188000044 ], [ -66.901055655999983, 10.596169210000028 ], [ -66.901092061999975, 10.596021721000056 ], [ -66.901118611999948, 10.595993361000069 ], [ -66.901150469999948, 10.595956142000034 ], [ -66.901203584999962, 10.595920679000074 ], [ -66.901269087999935, 10.59586749500005 ], [ -66.901325721999967, 10.595798375000072 ], [ -66.901373487999933, 10.595711548000054 ], [ -66.901398717999939, 10.595624064000049 ], [ -66.901445118999959, 10.59553498300005 ], [ -66.901539985999932, 10.59539013400007 ], [ -66.901642623999976, 10.595226598000067 ], [ -66.901720400999977, 10.595133136000072 ], [ -66.901824644999976, 10.595041212000069 ], [ -66.901904314999967, 10.595024456000033 ], [ -66.901920492999977, 10.595028489000072 ], [ -66.902104362999978, 10.595190754000043 ], [ -66.902134402999934, 10.595374492000076 ] ] ] } },
{ "type": "Feature", "properties": { "Shape_Leng": 0.0052446583348600001, "Shape_Area": 5.14136170663e-07, "Confidence": "Possible", "Type": "Landslide", "SubtypeLS": "Debris Flow", "SubtypeLQ": null, "SubtypeGR": null, "Comments": null, "Source": "20260627_112621_ssc2_u0002_visual - Planet", "Access": "Hard", "Impact": "Watershed towards Macuto", "ID": 161, "Longitude": -66.89532512, "Latitude": 10.583086637 }, "geometry": { "type": "Polygon", "coordinates": [ [ [ -66.89610425099994, 10.582442881000077 ], [ -66.895734108999989, 10.582602620000046 ], [ -66.895581060999973, 10.582766825000022 ], [ -66.895474529999944, 10.582963819000042 ], [ -66.895395364999956, 10.583182674000057 ], [ -66.89534353099998, 10.583374160000062 ], [ -66.895269864999932, 10.583636771000045 ], [ -66.895226254999955, 10.583855602000028 ], [ -66.895201770999961, 10.584047069000064 ], [ -66.895199125999966, 10.584178352000038 ], [ -66.895177290999982, 10.584244007000052 ], [ -66.895067022999967, 10.58422562100003 ], [ -66.895028520999972, 10.584165819000077 ], [ -66.895007030999977, 10.583986349000043 ], [ -66.895092151999961, 10.583477750000043 ], [ -66.895147548999944, 10.583246945000042 ], [ -66.895232759999942, 10.582870823000064 ], [ -66.895373639999946, 10.582661327000039 ], [ -66.895501752999962, 10.582528763000028 ], [ -66.895599983999944, 10.582443226000066 ], [ -66.895693964999964, 10.582391881000035 ], [ -66.895852046999948, 10.582340491000025 ], [ -66.896018670999979, 10.582280548000028 ], [ -66.896146844999976, 10.582237726000074 ], [ -66.896275056999968, 10.582250459000022 ], [ -66.896279386999936, 10.582331651000061 ], [ -66.89610425099994, 10.582442881000077 ] ] ] } },
{ "type": "Feature", "properties": { "Shape_Leng": 0.0050190603049499998, "Shape_Area": 7.2632665228300001e-07, "Confidence": "Possible", "Type": "Landslide", "SubtypeLS": "Debris Flow", "SubtypeLQ": null, "SubtypeGR": null, "Comments": null, "Source": "20260627_112621_ssc2_u0002_visual - Planet", "Access": "Hard", "Impact": "Watershed towards Macuto", "ID": 162, "Longitude": -66.8835024734, "Latitude": 10.577290850200001 }, "geometry": { "type": "Polygon", "coordinates": [ [ [ -66.88254292299996, 10.577674449000028 ], [ -66.883063566999965, 10.577407002000029 ], [ -66.883497414999965, 10.577152969000053 ], [ -66.883670882999979, 10.57694585400003 ], [ -66.883857749999947, 10.576805504000049 ], [ -66.884131416999935, 10.576658416000043 ], [ -66.88434499799996, 10.57652472500007 ], [ -66.884478552999951, 10.576537988000041 ], [ -66.884485311999981, 10.576658174000045 ], [ -66.884351853999988, 10.576785133000044 ], [ -66.884104977999982, 10.577052393000031 ], [ -66.883944819999954, 10.577192726000021 ], [ -66.883671161999985, 10.577353168000059 ], [ -66.883517693999977, 10.577513527000065 ], [ -66.883404303999953, 10.577693891000024 ], [ -66.883304213999963, 10.577794119000032 ], [ -66.883137313999953, 10.577840974000026 ], [ -66.882810132999964, 10.577847875000032 ], [ -66.882669909999947, 10.57784797100004 ], [ -66.882543036999948, 10.577841381000042 ], [ -66.88250293699997, 10.577787990000047 ], [ -66.88254292299996, 10.577674449000028 ] ] ] } },
{ "type": "Feature", "properties": { "Shape_Leng": 0.0084058371135399997, "Shape_Area": 4.2729797801599998e-06, "Confidence": "Possible", "Type": "Landslide", "SubtypeLS": "Debris Flow", "SubtypeLQ": null, "SubtypeGR": null, "Comments": null, "Source": "20260627_112621_ssc2_u0002_visual - Planet", "Access": "Hard", "Impact": "Watershed towards Macuto", "ID": 163, "Longitude": -66.8806704844, "Latitude": 10.578700298199999 }, "geometry": { "type": "Polygon", "coordinates": [ [ [ -66.879785417999983, 10.577976815000056 ], [ -66.879785216999949, 10.577683015000048 ], [ -66.879865215999985, 10.577495997000028 ], [ -66.880085455999961, 10.577335592000054 ], [ -66.880285704999949, 10.577235295000037 ], [ -66.880459322999968, 10.577248531000066 ], [ -66.880666418999965, 10.577395289000037 ], [ -66.880860178999967, 10.577568765000024 ], [ -66.881080674999964, 10.577782287000048 ], [ -66.881274456999961, 10.577989150000064 ], [ -66.881468317999975, 10.578309526000055 ], [ -66.881588631999932, 10.578489730000058 ], [ -66.881715632999942, 10.578683284000022 ], [ -66.881829278999987, 10.57887684700006 ], [ -66.881862810999962, 10.579090496000049 ], [ -66.881822902999943, 10.579317551000031 ], [ -66.88175623099994, 10.579464496000071 ], [ -66.881629458999953, 10.579604806000077 ], [ -66.881475968999951, 10.579731779000042 ], [ -66.881262382999978, 10.579858793000028 ], [ -66.88102878899997, 10.580019208000067 ], [ -66.880841902999975, 10.580132850000041 ], [ -66.88068838099997, 10.580213082000057 ], [ -66.88054148599997, 10.580219860000057 ], [ -66.880414566999946, 10.580146497000044 ], [ -66.880374407999966, 10.580006302000072 ], [ -66.880287442999986, 10.579772657000035 ], [ -66.88022050099994, 10.579525644000057 ], [ -66.880186935999973, 10.579265253000074 ], [ -66.880120007999949, 10.579038272000048 ], [ -66.879972979999934, 10.578851409000038 ], [ -66.879912861999969, 10.578818064000075 ], [ -66.879806025999983, 10.578818137000042 ], [ -66.879619020999939, 10.578758170000071 ], [ -66.87944536699996, 10.578691516000049 ], [ -66.879378520999978, 10.578584725000042 ], [ -66.879398474999959, 10.578471198000045 ], [ -66.879425082999944, 10.578324280000061 ], [ -66.87950510099995, 10.578163971000038 ], [ -66.879565122999963, 10.578057093000041 ], [ -66.879785417999983, 10.577976815000056 ] ] ] } },
{ "type": "Feature", "properties": { "Shape_Leng": 0.0083595300686200007, "Shape_Area": 9.5247932116100004e-07, "Confidence": "Possible", "Type": "Landslide", "SubtypeLS": "Debris Flow", "SubtypeLQ": null, "SubtypeGR": null, "Comments": "Reactivation", "Source": "20260627_112621_ssc2_u0002_visual - Planet", "Access": "Hard", "Impact": "Watershed towards Macuto", "ID": 164, "Longitude": -66.882038034700003, "Latitude": 10.580549823 }, "geometry": { "type": "Polygon", "coordinates": [ [ [ -66.880856606999942, 10.582102634000023 ], [ -66.880766582999968, 10.582081595000034 ], [ -66.880770785999971, 10.58197903000007 ], [ -66.880826270999933, 10.581876429000033 ], [ -66.880975773999978, 10.581778037000049 ], [ -66.881133791999957, 10.581632631000048 ], [ -66.881310239999948, 10.581488014000058 ], [ -66.881403574999979, 10.581274278000024 ], [ -66.88154362399996, 10.581020446000025 ], [ -66.881657009999969, 10.580833405000021 ], [ -66.881783749999954, 10.580646354000066 ], [ -66.881970548999959, 10.58040584500003 ], [ -66.882083928999975, 10.580212126000049 ], [ -66.882210646999965, 10.579991689000053 ], [ -66.88235076899997, 10.579844693000041 ], [ -66.882537635999938, 10.57970434300006 ], [ -66.88273118099994, 10.579563988000075 ], [ -66.882797893999964, 10.579477137000026 ], [ -66.882871192999971, 10.579256737000037 ], [ -66.882931164999945, 10.579076410000027 ], [ -66.882951118999983, 10.578962883000031 ], [ -66.883011117999956, 10.57882261900005 ], [ -66.883077890999971, 10.578822573000025 ], [ -66.883098041999972, 10.57899616800006 ], [ -66.883071547999975, 10.579310018000058 ], [ -66.882964939999965, 10.579643955000051 ], [ -66.882691372999943, 10.579937942000072 ], [ -66.882424451999952, 10.580185184000072 ], [ -66.882237679999946, 10.58046575700007 ], [ -66.881944177999969, 10.580899981000073 ], [ -66.881710674999965, 10.581193940000048 ], [ -66.881543943999986, 10.581487854000045 ], [ -66.881450613999959, 10.581708268000057 ], [ -66.88117697399997, 10.581895419000034 ], [ -66.880856606999942, 10.582102634000023 ] ] ] } },
{ "type": "Feature", "properties": { "Shape_Leng": 0.0308972991672, "Shape_Area": 6.8592050820600003e-06, "Confidence": "Possible", "Type": "Landslide", "SubtypeLS": "Debris Flow", "SubtypeLQ": null, "SubtypeGR": null, "Comments": "Partial reactivation", "Source": "20260627_112621_ssc2_u0002_visual - Planet", "Access": "Hard", "Impact": "Watershed towards Macuto", "ID": 165, "Longitude": -66.884362015500002, "Latitude": 10.581013559900001 }, "geometry": { "type": "Polygon", "coordinates": [ [ [ -66.884647568999981, 10.583091746000036 ], [ -66.884391164999954, 10.583096195000053 ], [ -66.884319448999975, 10.583027632000039 ], [ -66.884319389999973, 10.582942609000042 ], [ -66.88439015199998, 10.582810303000031 ], [ -66.884479778999946, 10.58263547200005 ], [ -66.884479710999983, 10.582536278000077 ], [ -66.884356860999958, 10.582479680000063 ], [ -66.884248236999952, 10.582503372000076 ], [ -66.884068766999974, 10.582536559000062 ], [ -66.883917662999977, 10.582607515000063 ], [ -66.883733517999985, 10.582711559000074 ], [ -66.883662726999944, 10.582801354000026 ], [ -66.88352114099996, 10.582976220000035 ], [ -66.883423197999946, 10.58308872200007 ], [ -66.883352725999941, 10.583109726000032 ], [ -66.883250153999938, 10.583096976000036 ], [ -66.883224442999961, 10.582994431000031 ], [ -66.883275633999972, 10.582861919000038 ], [ -66.883318320999933, 10.582793514000059 ], [ -66.883483045999981, 10.582527514000049 ], [ -66.883582132999948, 10.582371570000021 ], [ -66.883638717999986, 10.582229826000059 ], [ -66.883657523999943, 10.582102279000026 ], [ -66.883633825999937, 10.581984207000062 ], [ -66.883595966999962, 10.581880316000024 ], [ -66.883525042999963, 10.581776448000028 ], [ -66.883468328999982, 10.581729252000059 ], [ -66.883364372999949, 10.581672641000068 ], [ -66.883350150999945, 10.581597074000058 ], [ -66.883354789999942, 10.58147426000005 ], [ -66.883279168999934, 10.581408183000065 ], [ -66.883189369999968, 10.581332668000073 ], [ -66.883019307999973, 10.581309167000029 ], [ -66.882872905999989, 10.581347056000027 ], [ -66.882717052999965, 10.581380227000068 ], [ -66.882535360999952, 10.581452186000035 ], [ -66.882407192999949, 10.58150355600003 ], [ -66.882296120999968, 10.581559187000039 ], [ -66.882193601999973, 10.581623359000048 ], [ -66.882146672999966, 10.58173877400003 ], [ -66.882091144999947, 10.581777273000057 ], [ -66.882022765999977, 10.581773046000023 ], [ -66.881950070999949, 10.581704721000051 ], [ -66.881920124999965, 10.581657734000032 ], [ -66.881924356999946, 10.581597902000055 ], [ -66.881945671999972, 10.581520966000028 ], [ -66.882031119999965, 10.581490993000045 ], [ -66.882159323999986, 10.581490905000067 ], [ -66.88259078699997, 10.581264117000046 ], [ -66.882847108999954, 10.581140011000059 ], [ -66.882988015999956, 10.580968976000065 ], [ -66.883069055999954, 10.580742428000065 ], [ -66.883150084999954, 10.580498786000021 ], [ -66.883184105999987, 10.580255175000048 ], [ -66.883213800999954, 10.579934646000027 ], [ -66.883222124999975, 10.579609858000026 ], [ -66.883243319999963, 10.579357710000068 ], [ -66.883268842999939, 10.579186754000034 ], [ -66.883358468999973, 10.579015755000057 ], [ -66.883533571999976, 10.578857517000074 ], [ -66.883755694999934, 10.578716341000074 ], [ -66.883836883999948, 10.578707739000038 ], [ -66.883922373999951, 10.578737594000074 ], [ -66.883960866999985, 10.578784576000032 ], [ -66.883866985999987, 10.57898121900007 ], [ -66.883837191999987, 10.579156451000074 ], [ -66.883751883999935, 10.579391549000036 ], [ -66.883713550999971, 10.579579607000028 ], [ -66.883692294999946, 10.579742013000043 ], [ -66.883683815999973, 10.57984030800003 ], [ -66.883666867999978, 10.580053993000035 ], [ -66.883718155999986, 10.580062504000068 ], [ -66.883842011999945, 10.579955583000071 ], [ -66.883987174999959, 10.579758905000062 ], [ -66.884132381999962, 10.579626328000074 ], [ -66.884384306999948, 10.579322741000055 ], [ -66.884559442999944, 10.57921151100004 ], [ -66.884704707999958, 10.579164404000039 ], [ -66.884734639999976, 10.57919002400007 ], [ -66.884713333999969, 10.579279781000025 ], [ -66.884627937999937, 10.57938667600007 ], [ -66.884457090999945, 10.579519270000048 ], [ -66.884247822999953, 10.579711718000055 ], [ -66.88408553499994, 10.579861400000027 ], [ -66.883829296999977, 10.580109436000043 ], [ -66.883637140999951, 10.580327514000032 ], [ -66.883483422999973, 10.58051137800004 ], [ -66.883325448999983, 10.580720885000062 ], [ -66.88317176299995, 10.580951757000037 ], [ -66.883240163999972, 10.580990171000053 ], [ -66.88353067099996, 10.580861768000034 ], [ -66.883812653999939, 10.580767559000037 ], [ -66.884034767999935, 10.580613563000043 ], [ -66.884282446999975, 10.580348439000034 ], [ -66.884320813999977, 10.580211662000067 ], [ -66.884367690999966, 10.580019325000023 ], [ -66.884414622999941, 10.579908183000043 ], [ -66.884500017999983, 10.579801288000056 ], [ -66.884628162999945, 10.579715731000022 ], [ -66.884867373999953, 10.579565997000032 ], [ -66.885051009999984, 10.579386386000067 ], [ -66.885102208999967, 10.579266694000069 ], [ -66.885149152999986, 10.579172646000075 ], [ -66.88524313299996, 10.579121300000054 ], [ -66.88535425799995, 10.57914259100005 ], [ -66.885418388999938, 10.579185282000026 ], [ -66.88550390499995, 10.579253599000026 ], [ -66.885615078999933, 10.579347539000025 ], [ -66.885679238999955, 10.579432964000034 ], [ -66.885704949999933, 10.579535509000038 ], [ -66.885696464999967, 10.579625257000032 ], [ -66.885623879999969, 10.579719323000063 ], [ -66.885504337999976, 10.579886069000054 ], [ -66.885414685999933, 10.580018608000046 ], [ -66.88534210499995, 10.580116947000022 ], [ -66.885213970999985, 10.580219598000042 ], [ -66.885055917999978, 10.580313722000028 ], [ -66.884932043999981, 10.580395002000046 ], [ -66.884812433999969, 10.580463459000043 ], [ -66.884786824999935, 10.580510485000048 ], [ -66.884791124999936, 10.580548943000053 ], [ -66.884846688999971, 10.580561725000052 ], [ -66.885017602999937, 10.580527421000056 ], [ -66.885252593999951, 10.58045461100005 ], [ -66.885410684999954, 10.580416042000024 ], [ -66.885547417999987, 10.580390307000073 ], [ -66.885675565999975, 10.58030902400003 ], [ -66.88582506299997, 10.580202085000053 ], [ -66.885966030999953, 10.580120793000049 ], [ -66.886098458999982, 10.580048054000031 ], [ -66.886200974999952, 10.579979608000031 ], [ -66.886329086999979, 10.579847043000029 ], [ -66.886487099999954, 10.579693091000024 ], [ -66.886726359999955, 10.579616005000048 ], [ -66.886969931999943, 10.579594471000064 ], [ -66.887110973999938, 10.579620015000046 ], [ -66.887123831999986, 10.579675561000045 ], [ -66.886991419999958, 10.57976966800004 ], [ -66.886713706999956, 10.579859600000077 ], [ -66.886273693999954, 10.580082121000032 ], [ -66.885987512999975, 10.580287443000032 ], [ -66.88580383599998, 10.580407225000044 ], [ -66.885658600999932, 10.580497067000067 ], [ -66.885462056999984, 10.58054848300003 ], [ -66.885372328999949, 10.580569912000044 ], [ -66.885227045999954, 10.580591379000055 ], [ -66.885051860999965, 10.580629960000067 ], [ -66.884833973999946, 10.580715578000024 ], [ -66.884739989999957, 10.580762651000043 ], [ -66.884675937999987, 10.580835343000047 ], [ -66.884646120999946, 10.580976388000067 ], [ -66.884654719999958, 10.581053304000022 ], [ -66.884731650999981, 10.581066072000056 ], [ -66.88485123199996, 10.580954880000036 ], [ -66.884979367999961, 10.580856503000064 ], [ -66.885094706999951, 10.580792322000036 ], [ -66.885163055999953, 10.580753814000047 ], [ -66.885295506999967, 10.580715262000069 ], [ -66.885380969999972, 10.580706657000064 ], [ -66.885453652999956, 10.580757888000051 ], [ -66.885479369999985, 10.580868981000037 ], [ -66.885462378999932, 10.581018563000043 ], [ -66.885398314999975, 10.58107416200005 ], [ -66.885261581999941, 10.581099896000069 ], [ -66.88510348799997, 10.581134192000036 ], [ -66.884842886999934, 10.581249754000055 ], [ -66.884731846999955, 10.581352393000031 ], [ -66.884710552999934, 10.58145924400003 ], [ -66.884659344999989, 10.581566115000044 ], [ -66.884582466999973, 10.581630269000073 ], [ -66.884582504999969, 10.581685824000033 ], [ -66.884710696999946, 10.581668643000057 ], [ -66.884843158999956, 10.581647185000065 ], [ -66.884898736999958, 10.581681334000052 ], [ -66.884988490999945, 10.581698367000058 ], [ -66.885082462999947, 10.581634200000053 ], [ -66.885197810999955, 10.581582840000067 ], [ -66.885356033999983, 10.581736576000026 ], [ -66.885484386999963, 10.581954434000068 ], [ -66.885505879999982, 10.582138178000037 ], [ -66.885459006999952, 10.582334789000072 ], [ -66.885382189999973, 10.582488686000033 ], [ -66.885249859999988, 10.582702449000067 ], [ -66.885151666999946, 10.582843540000056 ], [ -66.885032088999935, 10.582959005000021 ], [ -66.884895391999976, 10.583036021000055 ], [ -66.884647568999981, 10.583091746000036 ] ] ] } },
{ "type": "Feature", "properties": { "Shape_Leng": 0.0069877388660199999, "Shape_Area": 1.5981708316499999e-06, "Confidence": "Possible", "Type": "Landslide", "SubtypeLS": "Debris Flow", "SubtypeLQ": null, "SubtypeGR": null, "Comments": null, "Source": "20260627_112621_ssc2_u0002_visual - Planet", "Access": "Hard", "Impact": "Watershed towards Macuto", "ID": 166, "Longitude": -66.884225518600005, "Latitude": 10.584587860899999 }, "geometry": { "type": "Polygon", "coordinates": [ [ [ -66.885251893999964, 10.584503441000038 ], [ -66.885211552999976, 10.584645966000039 ], [ -66.885122603999946, 10.584717613000066 ], [ -66.885037525999962, 10.584791191000022 ], [ -66.884950493999952, 10.584837685000025 ], [ -66.884820885999943, 10.584866795000039 ], [ -66.884671933999982, 10.584901722000041 ], [ -66.88442433299997, 10.584969608000051 ], [ -66.88427732699995, 10.58502001200003 ], [ -66.883859486999938, 10.585115101000042 ], [ -66.883753084999967, 10.585128717000032 ], [ -66.88354613599995, 10.585229465000054 ], [ -66.88354099299994, 10.585233512000059 ], [ -66.883342767999977, 10.585339407000049 ], [ -66.883155890999944, 10.585466403000055 ], [ -66.882982359999971, 10.585580035000021 ], [ -66.882835542999942, 10.58570032700004 ], [ -66.882791211999972, 10.585701936000021 ], [ -66.882766690999972, 10.585679197000047 ], [ -66.88280724599997, 10.585618281000052 ], [ -66.882938086999957, 10.585480454000049 ], [ -66.883053639999957, 10.585366444000044 ], [ -66.883177688999979, 10.585242226000048 ], [ -66.883357857999954, 10.585126471000024 ], [ -66.883391834999941, 10.585078835000047 ], [ -66.883386685999938, 10.585009119000063 ], [ -66.883388356999944, 10.584966607000069 ], [ -66.883398537999938, 10.584934291000025 ], [ -66.883466318999979, 10.584864337000056 ], [ -66.883532786999979, 10.584806853000032 ], [ -66.883611333999966, 10.584731223000063 ], [ -66.883698935999973, 10.584634426000036 ], [ -66.88375026999995, 10.58454974600005 ], [ -66.883795538999948, 10.584437862000073 ], [ -66.883831756999939, 10.584353192000037 ], [ -66.883886105999977, 10.584256418000052 ], [ -66.883925340999951, 10.584162676000062 ], [ -66.883934374999967, 10.584111279000069 ], [ -66.883922245999941, 10.584056872000076 ], [ -66.88390708299994, 10.583987353000055 ], [ -66.88388286299994, 10.583935977000067 ], [ -66.883873752999932, 10.583875523000074 ], [ -66.883876733999955, 10.583815060000063 ], [ -66.883937167999989, 10.583775719000073 ], [ -66.884036915999957, 10.583757512000034 ], [ -66.884103430999971, 10.583769559000075 ], [ -66.884185067999965, 10.583790664000048 ], [ -66.884233463999976, 10.583829931000025 ], [ -66.884242571999948, 10.583887362000041 ], [ -66.884260726999969, 10.583911534000038 ], [ -66.884287952999955, 10.583938723000074 ], [ -66.88437259799997, 10.583938665000062 ], [ -66.884454213999959, 10.583929540000042 ], [ -66.88449351099996, 10.583926490000067 ], [ -66.884612857999969, 10.583926408000025 ], [ -66.884777496999959, 10.584049711000034 ], [ -66.884806837999975, 10.584129666000024 ], [ -66.884816546999957, 10.584181897000065 ], [ -66.884845590999987, 10.584214768000038 ], [ -66.884892032999971, 10.584226345000047 ], [ -66.884934596999983, 10.58422631600007 ], [ -66.885004251999987, 10.584232072000077 ], [ -66.885091410999962, 10.584241186000042 ], [ -66.885171634999949, 10.584309855000072 ], [ -66.885251893999964, 10.584503441000038 ] ] ] } },
{ "type": "Feature", "properties": { "Shape_Leng": 0.00593463973981, "Shape_Area": 1.39537363292e-06, "Confidence": "Possible", "Type": "Landslide", "SubtypeLS": "Debris Flow", "SubtypeLQ": null, "SubtypeGR": null, "Comments": null, "Source": "20260627_112621_ssc2_u0002_visual - Planet", "Access": "Hard", "Impact": "Watershed towards Macuto", "ID": 167, "Longitude": -66.883555465599997, "Latitude": 10.586256691599999 }, "geometry": { "type": "Polygon", "coordinates": [ [ [ -66.882734576999951, 10.586549937000029 ], [ -66.882748174999961, 10.586437792000027 ], [ -66.882830153999976, 10.586333806000027 ], [ -66.882961353999974, 10.586216110000066 ], [ -66.88312809599995, 10.586079246000054 ], [ -66.883294812999964, 10.585906826000041 ], [ -66.88344514299996, 10.585767238000074 ], [ -66.883693893999975, 10.585570147000055 ], [ -66.883893457999989, 10.585435994000022 ], [ -66.884049270999981, 10.58531554700005 ], [ -66.884175028999948, 10.585238881000066 ], [ -66.884276206999971, 10.585214196000038 ], [ -66.884314507999989, 10.585230580000029 ], [ -66.884298144999946, 10.585298967000028 ], [ -66.884221624999952, 10.585386539000069 ], [ -66.884098627999947, 10.585501494000027 ], [ -66.883964694999975, 10.585621926000044 ], [ -66.883926473999963, 10.585723148000056 ], [ -66.883910121999975, 10.585807944000067 ], [ -66.883929302999945, 10.585859896000045 ], [ -66.884016850999956, 10.585900861000027 ], [ -66.884068818999936, 10.585903561000066 ], [ -66.884183690999976, 10.585906217000058 ], [ -66.884265783999979, 10.585969066000075 ], [ -66.884271328999944, 10.586078463000035 ], [ -66.88423858799996, 10.586193356000024 ], [ -66.884200392999958, 10.586332867000067 ], [ -66.884164899999973, 10.586423147000062 ], [ -66.884063767999976, 10.586516207000045 ], [ -66.883929812999952, 10.586603819000061 ], [ -66.883880623999971, 10.586664022000036 ], [ -66.883891595999955, 10.586710510000046 ], [ -66.883976410999935, 10.586754212000073 ], [ -66.884009241999934, 10.586770600000023 ], [ -66.884020215999954, 10.586819822000052 ], [ -66.883954597999946, 10.586852687000032 ], [ -66.883793226999956, 10.586844593000023 ], [ -66.883648254999969, 10.586820077000027 ], [ -66.883462251999958, 10.586787384000047 ], [ -66.883352865999939, 10.586809339000069 ], [ -66.883221617999936, 10.586855924000076 ], [ -66.883123181999963, 10.58689154700005 ], [ -66.883027469999945, 10.586910758000045 ], [ -66.882816839999975, 10.586861672000055 ], [ -66.882759350999947, 10.586782396000046 ], [ -66.882726462999983, 10.586683958000037 ], [ -66.882734576999951, 10.586549937000029 ] ] ] } },
{ "type": "Feature", "properties": { "Shape_Leng": 0.0020682208410900001, "Shape_Area": 1.3232612426200001e-07, "Confidence": "Possible", "Type": "Landslide", "SubtypeLS": "Debris Flow", "SubtypeLQ": null, "SubtypeGR": null, "Comments": null, "Source": "20260627_112621_ssc2_u0002_visual - Planet", "Access": "Hard", "Impact": "Watershed towards Macuto", "ID": 168, "Longitude": -66.886867814699997, "Latitude": 10.580263417499999 }, "geometry": { "type": "Polygon", "coordinates": [ [ [ -66.886644042999933, 10.580223917000069 ], [ -66.886827227999959, 10.580136271000072 ], [ -66.886922900999934, 10.580059626000036 ], [ -66.887015864999967, 10.580021272000067 ], [ -66.887043220999942, 10.58002945800007 ], [ -66.887045987999954, 10.580075951000026 ], [ -66.886985848999984, 10.580122488000029 ], [ -66.886895636999952, 10.580185455000048 ], [ -66.886876527999959, 10.580237433000036 ], [ -66.886923027999956, 10.580245606000062 ], [ -66.887002318999976, 10.580209997000054 ], [ -66.887139039999965, 10.580166143000042 ], [ -66.887174598999934, 10.580171589000031 ], [ -66.887215656999956, 10.580220791000045 ], [ -66.887199282999973, 10.580272767000054 ], [ -66.887125470999933, 10.580322048000028 ], [ -66.887027038999975, 10.580363140000031 ], [ -66.886923123999964, 10.580385092000029 ], [ -66.88680279099998, 10.580396114000052 ], [ -66.886690668999961, 10.580415336000044 ], [ -66.886603144999981, 10.580409926000073 ], [ -66.886567568999965, 10.580379865000054 ], [ -66.886540184999944, 10.580330654000022 ], [ -66.886537421999947, 10.580289630000038 ], [ -66.886644042999933, 10.580223917000069 ] ] ] } },
{ "type": "Feature", "properties": { "Shape_Leng": 0.0048422337807200004, "Shape_Area": 3.71753847097e-07, "Confidence": "Possible", "Type": "Landslide", "SubtypeLS": "Debris Flow", "SubtypeLQ": null, "SubtypeGR": null, "Comments": null, "Source": "20260627_112621_ssc2_u0002_visual - Planet", "Access": "Hard", "Impact": null, "ID": 169, "Longitude": -66.872925215699993, "Latitude": 10.584201611799999 }, "geometry": { "type": "Polygon", "coordinates": [ [ [ -66.873075873999937, 10.584529910000072 ], [ -66.87300748399997, 10.584508077000066 ], [ -66.872844728999951, 10.584391717000074 ], [ -66.872663659999944, 10.584329036000042 ], [ -66.872512179999944, 10.584316209000065 ], [ -66.872340383999983, 10.584308938000049 ], [ -66.872137175999967, 10.58428691000006 ], [ -66.872065110999984, 10.584251863000077 ], [ -66.872046600999965, 10.584196459000054 ], [ -66.872101996999959, 10.584166866000032 ], [ -66.872294107999949, 10.584168581000029 ], [ -66.872438195999962, 10.584177719000024 ], [ -66.872722683999939, 10.584203385000023 ], [ -66.872816886999942, 10.584195931000068 ], [ -66.872875979999947, 10.584170030000053 ], [ -66.872933417999946, 10.584107681000035 ], [ -66.872944272999973, 10.58406231400005 ], [ -66.872974296999985, 10.58397203800007 ], [ -66.872968781999987, 10.583906401000036 ], [ -66.872933207999949, 10.583879076000073 ], [ -66.87294137899994, 10.583829840000021 ], [ -66.872976905999963, 10.583788790000028 ], [ -66.873017902999948, 10.583747737000067 ], [ -66.873061634999942, 10.58370668200007 ], [ -66.873083482999959, 10.583660172000066 ], [ -66.873138164999943, 10.583632784000031 ], [ -66.873154591999935, 10.583657388000063 ], [ -66.873143683999956, 10.583703891000027 ], [ -66.873113639999985, 10.583764082000073 ], [ -66.873056241999961, 10.583818821000023 ], [ -66.873031654999977, 10.583859863000043 ], [ -66.873048079999933, 10.583881732000066 ], [ -66.873075422999932, 10.583870773000058 ], [ -66.873119163999945, 10.583843393000052 ], [ -66.873160162999966, 10.583805075000043 ], [ -66.873212099999932, 10.583764014000053 ], [ -66.873258598999939, 10.58376945200007 ], [ -66.873266833999935, 10.583813207000048 ], [ -66.873247708999941, 10.583843305000073 ], [ -66.873195781999982, 10.583898041000054 ], [ -66.873146588999987, 10.583952775000057 ], [ -66.873130212999968, 10.584002016000056 ], [ -66.873165789999973, 10.584034812000027 ], [ -66.873225976999947, 10.584059386000035 ], [ -66.873283432999983, 10.584089431000052 ], [ -66.873305340999934, 10.58413044200006 ], [ -66.873275296999964, 10.584190632000059 ], [ -66.873234294999975, 10.584223481000038 ], [ -66.873176874999956, 10.584245400000043 ], [ -66.873146819999988, 10.584289181000031 ], [ -66.873157783999943, 10.58432472800007 ], [ -66.873198808999973, 10.584324700000025 ], [ -66.873278106999976, 10.584300031000055 ], [ -66.873338263999983, 10.584280845000023 ], [ -66.873420295999949, 10.584253438000076 ], [ -66.873480467999968, 10.584256132000064 ], [ -66.873488710999936, 10.584310827000024 ], [ -66.873439524999981, 10.584376501000065 ], [ -66.873346572999935, 10.584431264000045 ], [ -66.87322080499996, 10.584494256000028 ], [ -66.873075873999937, 10.584529910000072 ] ] ] } },
{ "type": "Feature", "properties": { "Shape_Leng": 0.0016822435549900001, "Shape_Area": 1.25886744286e-07, "Confidence": "Possible", "Type": "Landslide", "SubtypeLS": "Debris Flow", "SubtypeLQ": null, "SubtypeGR": null, "Comments": null, "Source": "20260627_112621_ssc2_u0002_visual - Planet", "Access": "Hard", "Impact": null, "ID": 170, "Longitude": -66.870728921500003, "Latitude": 10.5857121185 }, "geometry": { "type": "Polygon", "coordinates": [ [ [ -66.870661202999941, 10.585908286000063 ], [ -66.870579433999978, 10.585971974000074 ], [ -66.870526420999965, 10.585991706000073 ], [ -66.870476415999974, 10.585978105000038 ], [ -66.870458228999951, 10.585969027000033 ], [ -66.870455183999979, 10.585947819000069 ], [ -66.870458180999947, 10.585899335000022 ], [ -66.870471780999935, 10.585847815000022 ], [ -66.870508099999938, 10.585785673000032 ], [ -66.870561085999952, 10.585726550000061 ], [ -66.870630723999966, 10.585649236000052 ], [ -66.870714003999979, 10.585579487000075 ], [ -66.870807898999942, 10.585524881000026 ], [ -66.870916943999987, 10.585470265000026 ], [ -66.870997218999946, 10.585436879000042 ], [ -66.871044221999966, 10.585491388000037 ], [ -66.870988236999949, 10.585595964000049 ], [ -66.870889828999964, 10.585697539000023 ], [ -66.870758086999956, 10.58579459200007 ], [ -66.870661202999941, 10.585908286000063 ] ] ] } },
{ "type": "Feature", "properties": { "Shape_Leng": 0.0039854768818500001, "Shape_Area": 1.03525380331e-06, "Confidence": "Possible", "Type": "Landslide", "SubtypeLS": "Debris Flow", "SubtypeLQ": null, "SubtypeGR": null, "Comments": null, "Source": "20260627_112621_ssc2_u0002_visual - Planet", "Access": "Hard", "Impact": null, "ID": 171, "Longitude": -66.871315807200006, "Latitude": 10.592443122200001 }, "geometry": { "type": "Polygon", "coordinates": [ [ [ -66.870539767999958, 10.592681360000029 ], [ -66.870530970999937, 10.592635272000052 ], [ -66.870550330999947, 10.592587748000028 ], [ -66.870584074999954, 10.592566666000039 ], [ -66.870676484999933, 10.592477831000053 ], [ -66.870757807999951, 10.592403798000021 ], [ -66.870898297999986, 10.592307533000053 ], [ -66.870968494999943, 10.592189122000036 ], [ -66.871031303999985, 10.59208551200004 ], [ -66.871071901999983, 10.591956025000059 ], [ -66.871149521999939, 10.591874598000061 ], [ -66.871286334999979, 10.591811624000059 ], [ -66.871375076999982, 10.591767177000065 ], [ -66.871508264999989, 10.591811472000074 ], [ -66.871704410999939, 10.59197038700006 ], [ -66.871774827999957, 10.592173775000049 ], [ -66.871837867999943, 10.592406758000038 ], [ -66.87189349199997, 10.592613854000035 ], [ -66.871867734999967, 10.592809909000039 ], [ -66.871738343999937, 10.59290986600007 ], [ -66.871542344999966, 10.592965483000057 ], [ -66.871305611999958, 10.592954548000023 ], [ -66.871105847999956, 10.592913998000029 ], [ -66.870913455999982, 10.592836455000054 ], [ -66.870724754999969, 10.592747812000027 ], [ -66.870539767999958, 10.592681360000029 ] ] ] } },
{ "type": "Feature", "properties": { "Shape_Leng": 0.0041814763613500002, "Shape_Area": 4.1834711008700001e-07, "Confidence": "Possible", "Type": "Landslide", "SubtypeLS": "Debris Flow", "SubtypeLQ": null, "SubtypeGR": null, "Comments": null, "Source": "20260627_112621_ssc2_u0002_visual - Planet", "Access": "Hard", "Impact": null, "ID": 172, "Longitude": -66.870509433699993, "Latitude": 10.595999168600001 }, "geometry": { "type": "Polygon", "coordinates": [ [ [ -66.870852842999966, 10.596146946000033 ], [ -66.870653105999963, 10.596147083000062 ], [ -66.870508841999936, 10.596132387000068 ], [ -66.870420072999934, 10.596136146000049 ], [ -66.870349812999962, 10.596162086000049 ], [ -66.870246275999932, 10.596206543000051 ], [ -66.870087223999974, 10.596202953000045 ], [ -66.869939255999952, 10.59618086100005 ], [ -66.869809748999955, 10.596110672000066 ], [ -66.869754205999982, 10.596021939000025 ], [ -66.869724553999959, 10.595933187000071 ], [ -66.869765190999942, 10.595859183000073 ], [ -66.86983915199994, 10.595836939000037 ], [ -66.869898317999969, 10.595814706000056 ], [ -66.87000183899994, 10.595748056000048 ], [ -66.87009424699994, 10.595655522000072 ], [ -66.870179306999944, 10.595636969000054 ], [ -66.870194137999988, 10.595688743000039 ], [ -66.870153505999951, 10.595770145000074 ], [ -66.870068529999969, 10.595910759000049 ], [ -66.870057508999935, 10.596021731000064 ], [ -66.870153688999949, 10.59603646000005 ], [ -66.870264650999957, 10.596032685000068 ], [ -66.870401486999981, 10.596003001000042 ], [ -66.870638158999952, 10.59592516400005 ], [ -66.87083045199995, 10.595858453000062 ], [ -66.870956183999965, 10.595817680000039 ], [ -66.871137423999983, 10.595813857000053 ], [ -66.871311362999961, 10.595950594000044 ], [ -66.87129663099995, 10.596043075000068 ], [ -66.871219013999962, 10.596128201000056 ], [ -66.871089584999936, 10.596172676000037 ], [ -66.870852842999966, 10.596146946000033 ] ] ] } },
{ "type": "Feature", "properties": { "Shape_Leng": 0.0022403715987800001, "Shape_Area": 2.8741687800900001e-07, "Confidence": "Possible", "Type": "Landslide", "SubtypeLS": "Debris Flow", "SubtypeLQ": null, "SubtypeGR": null, "Comments": null, "Source": "20260627_112621_ssc2_u0002_visual - Planet", "Access": "Hard", "Impact": null, "ID": 173, "Longitude": -66.8646986312, "Latitude": 10.5926153176 }, "geometry": { "type": "Polygon", "coordinates": [ [ [ -66.864628748999962, 10.592252646000077 ], [ -66.864724904999946, 10.592234086000076 ], [ -66.864876604999949, 10.592304259000059 ], [ -66.865002435999941, 10.592407740000056 ], [ -66.865069095999957, 10.592526057000043 ], [ -66.865050642999961, 10.59258525100006 ], [ -66.864969275999954, 10.592596403000073 ], [ -66.864869430999988, 10.592629761000069 ], [ -66.864795539999989, 10.592755572000044 ], [ -66.864777152999977, 10.592910935000077 ], [ -66.864714315999947, 10.59297385800005 ], [ -66.864588577999939, 10.593007234000027 ], [ -66.864518290999968, 10.59299248700006 ], [ -66.864433138999971, 10.592877881000049 ], [ -66.864403449999941, 10.592733647000045 ], [ -66.864447741999982, 10.592596760000049 ], [ -66.864536442999963, 10.592493132000072 ], [ -66.864569701999983, 10.592448724000064 ], [ -66.864621411999963, 10.592341422000061 ], [ -66.864628748999962, 10.592252646000077 ] ] ] } },
{ "type": "Feature", "properties": { "Shape_Leng": 0.0025105778549399998, "Shape_Area": 1.47205403188e-07, "Confidence": "Possible", "Type": "Landslide", "SubtypeLS": "Debris Flow", "SubtypeLQ": null, "SubtypeGR": null, "Comments": null, "Source": "20260627_112621_ssc2_u0002_visual - Planet", "Access": "Hard", "Impact": null, "ID": 174, "Longitude": -66.916274165999994, "Latitude": 10.596775342000001 }, "geometry": { "type": "Polygon", "coordinates": [ [ [ -66.916069390999951, 10.596817571000031 ], [ -66.91606231999998, 10.596862553000051 ], [ -66.916088381999941, 10.596895677000077 ], [ -66.916109707999965, 10.596926437000036 ], [ -66.916140500999973, 10.596952455000064 ], [ -66.916178376999937, 10.596952429000055 ], [ -66.916251760999955, 10.596952379000072 ], [ -66.916346436999959, 10.596931009000059 ], [ -66.916426925999986, 10.59693568800003 ], [ -66.916441168999938, 10.596992493000073 ], [ -66.916410423999935, 10.597035124000058 ], [ -66.916325228999938, 10.597073059000024 ], [ -66.916247126999963, 10.597099152000055 ], [ -66.916164290999973, 10.597125248000054 ], [ -66.91608617199995, 10.597125302000052 ], [ -66.916041177999944, 10.597101660000021 ], [ -66.916008002999945, 10.597051971000042 ], [ -66.915986646999954, 10.596978601000046 ], [ -66.915965273999973, 10.596879191000028 ], [ -66.915967579999972, 10.596789234000028 ], [ -66.916000675999953, 10.596722928000077 ], [ -66.916062210999939, 10.596703948000027 ], [ -66.916194784999959, 10.596715693000021 ], [ -66.916298937999954, 10.596706153000071 ], [ -66.916481228999942, 10.596724966000068 ], [ -66.916583057999958, 10.596779343000037 ], [ -66.916573615999937, 10.596819593000021 ], [ -66.91652391699995, 10.596838565000041 ], [ -66.916410290999977, 10.596841010000048 ], [ -66.916329805999965, 10.596843432000071 ], [ -66.916220910999982, 10.596841140000038 ], [ -66.916069390999951, 10.596817571000031 ] ] ] } },
{ "type": "Feature", "properties": { "Shape_Leng": 0.00081439165956499998, "Shape_Area": 2.7978781504000001e-08, "Confidence": "Likely", "Type": "Landslide", "SubtypeLS": "Slide", "SubtypeLQ": null, "SubtypeGR": null, "Comments": "Field verified", "Source": "B1600011017A8610 - RadiantEarth - 06/26/2026", "Access": "From road", "Impact": "Uphill structure", "ID": 175, "Longitude": -67.026227863100004, "Latitude": 10.610610773599999 }, "geometry": { "type": "Polygon", "coordinates": [ [ [ -67.026125038999965, 10.610765108000066 ], [ -67.02611600299997, 10.610748870000066 ], [ -67.026114172999939, 10.610711870000046 ], [ -67.026117761999956, 10.610681183000054 ], [ -67.026139395999962, 10.610645070000032 ], [ -67.026167347999944, 10.610608050000053 ], [ -67.026183580999941, 10.610592697000072 ], [ -67.026197110999988, 10.610581858000046 ], [ -67.026226865999945, 10.610543934000077 ], [ -67.026275564999935, 10.610493363000046 ], [ -67.026299908999988, 10.610460857000021 ], [ -67.026324272999943, 10.610457231000055 ], [ -67.026345048999985, 10.610485193000045 ], [ -67.026353180999934, 10.610498724000024 ], [ -67.026353189999952, 10.610513164000054 ], [ -67.026342629999988, 10.610524826000074 ], [ -67.026318936999985, 10.610571847000074 ], [ -67.026293634999945, 10.610597066000025 ], [ -67.026265158999934, 10.610625448000064 ], [ -67.026240752999968, 10.610649774000024 ], [ -67.026237780999963, 10.610668467000039 ], [ -67.026228770999978, 10.610689230000048 ], [ -67.02621253999996, 10.610709095000061 ], [ -67.02618457799997, 10.610729871000046 ], [ -67.026162929999941, 10.610746130000052 ], [ -67.026138573999958, 10.610762391000037 ], [ -67.026125038999965, 10.610765108000066 ] ] ] } },
{ "type": "Feature", "properties": { "Shape_Leng": 0.00172362668138, "Shape_Area": 1.16784695306e-07, "Confidence": "Likely", "Type": "Landslide", "SubtypeLS": "Slide", "SubtypeLQ": null, "SubtypeGR": null, "Comments": "Field verified", "Source": "B1600011017A8610 - RadiantEarth - 06/26/2026", "Access": "From road", "Impact": "Uphill building", "ID": 176, "Longitude": -67.023581012099996, "Latitude": 10.6126767087 }, "geometry": { "type": "Polygon", "coordinates": [ [ [ -67.023375329999965, 10.612760537000042 ], [ -67.023311792999948, 10.612754227000039 ], [ -67.023275400999978, 10.612747899000055 ], [ -67.023243628999978, 10.612740412000051 ], [ -67.023226289999968, 10.612723674000051 ], [ -67.023223376999965, 10.612686711000038 ], [ -67.023223934999976, 10.612658409000062 ], [ -67.023229690999983, 10.612628949000054 ], [ -67.023235448999969, 10.612603532000037 ], [ -67.023247561999938, 10.612579843000049 ], [ -67.023259109999969, 10.612574059000053 ], [ -67.023286833999975, 10.612575195000034 ], [ -67.023325534999969, 10.612580367000021 ], [ -67.023356727999953, 10.612584966000043 ], [ -67.02339023199994, 10.612591296000062 ], [ -67.023415072999967, 10.61259936600004 ], [ -67.023443954999948, 10.612604544000021 ], [ -67.023473412999977, 10.612605679000069 ], [ -67.023504021999941, 10.612602193000043 ], [ -67.023536365999973, 10.612602170000059 ], [ -67.023581995999962, 10.612603294000053 ], [ -67.023613766999972, 10.612609626000051 ], [ -67.023650730999975, 10.612608445000035 ], [ -67.023699244999932, 10.612604947000023 ], [ -67.023748918999956, 10.612607801000024 ], [ -67.023797426999977, 10.612596216000043 ], [ -67.023864998999954, 10.612589239000044 ], [ -67.02391986899994, 10.612589779000075 ], [ -67.023952221999934, 10.61260188600005 ], [ -67.023963788999936, 10.61262382600006 ], [ -67.02396611599994, 10.612648660000048 ], [ -67.023966137999935, 10.612681004000024 ], [ -67.02396325999996, 10.612695446000032 ], [ -67.023953450999954, 10.612709314000028 ], [ -67.023943641999949, 10.612723760000051 ], [ -67.023900904999948, 10.612730143000022 ], [ -67.023800996999967, 10.612748694000061 ], [ -67.023710902999937, 10.61276030700003 ], [ -67.023646220999979, 10.612770748000059 ], [ -67.023573448999969, 10.612774263000063 ], [ -67.023488542999985, 10.612770856000054 ], [ -67.023375329999965, 10.612760537000042 ] ] ] } },
{ "type": "Feature", "properties": { "Shape_Leng": 0.00064793225109299995, "Shape_Area": 2.7129565534300001e-08, "Confidence": "Possible", "Type": "Landslide", "SubtypeLS": "Slide", "SubtypeLQ": null, "SubtypeGR": null, "Comments": "Landslide covered in vegetation but was field verified. It is adjacent to a collapsed building", "Source": "B1600011017A8610 - RadiantEarth - 06/26/2026", "Access": "From road", "Impact": null, "ID": 177, "Longitude": -67.0266848057, "Latitude": 10.6101906136 }, "geometry": { "type": "Polygon", "coordinates": [ [ [ -67.026624063999975, 10.610132532000023 ], [ -67.026700204999941, 10.610125430000039 ], [ -67.026787625999987, 10.610118319000037 ], [ -67.026811604999978, 10.610128174000067 ], [ -67.02681303199995, 10.610153555000068 ], [ -67.026800357999946, 10.610177535000048 ], [ -67.026758082999947, 10.61021845700003 ], [ -67.026722851999978, 10.610250913000073 ], [ -67.026698893999935, 10.610270671000023 ], [ -67.026676337999959, 10.610279147000028 ], [ -67.026649545999987, 10.610279166000055 ], [ -67.026621338999973, 10.610270724000031 ], [ -67.026597354999979, 10.610253820000025 ], [ -67.026583233999986, 10.610224217000052 ], [ -67.026576155999976, 10.610183329000051 ], [ -67.026584586999945, 10.610141020000071 ], [ -67.026624063999975, 10.610132532000023 ] ] ] } },
{ "type": "Feature", "properties": { "Shape_Leng": 0.00273641220887, "Shape_Area": 4.94999857905e-07, "Confidence": "Possible", "Type": "Landslide", "SubtypeLS": "Slide", "SubtypeLQ": null, "SubtypeGR": null, "Comments": "Tension cracks", "Source": "B1600011017A8610 - RadiantEarth - 06/26/2026", "Access": "From road", "Impact": null, "ID": 178, "Longitude": -67.020999180499999, "Latitude": 10.612191838299999 }, "geometry": { "type": "Polygon", "coordinates": [ [ [ -67.020553478999943, 10.612051609000048 ], [ -67.020561904999965, 10.612002250000046 ], [ -67.020587258999967, 10.611961339000061 ], [ -67.020640819999983, 10.611927460000061 ], [ -67.020716944999947, 10.611897796000051 ], [ -67.020781802999977, 10.61188788100003 ], [ -67.020846672999937, 10.611896297000044 ], [ -67.020932694999942, 10.611903289000054 ], [ -67.021024350999937, 10.611903226000038 ], [ -67.021101906999945, 10.61190317300003 ], [ -67.021214726999972, 10.611921427000027 ], [ -67.021300753999981, 10.611936879000041 ], [ -67.02135717799996, 10.611965042000065 ], [ -67.021402319999936, 10.611993213000062 ], [ -67.021439018999956, 10.612046772000042 ], [ -67.021463031999986, 10.612105980000024 ], [ -67.021478572999968, 10.612149683000041 ], [ -67.021495540999979, 10.612218766000069 ], [ -67.021487133999983, 10.612296327000024 ], [ -67.021475896999959, 10.612361200000066 ], [ -67.021461841999951, 10.612427484000023 ], [ -67.021418151999967, 10.612461357000029 ], [ -67.02134906799995, 10.612476915000059 ], [ -67.021236256999941, 10.612472762000039 ], [ -67.021040234999987, 10.612447514000053 ], [ -67.020916145999934, 10.612447599000063 ], [ -67.020794876999958, 10.612447682000038 ], [ -67.020667963999983, 10.612442129000044 ], [ -67.020570662999944, 10.612435145000063 ], [ -67.020507180999971, 10.612395706000029 ], [ -67.020500100999982, 10.612353407000057 ], [ -67.020553478999943, 10.612051609000048 ] ] ] } },
{ "type": "Feature", "properties": { "Shape_Leng": 0.00074699277446799996, "Shape_Area": 2.3153826140499999e-08, "Confidence": "Possible", "Type": "Liquefaction", "SubtypeLS": null, "SubtypeLQ": "Sand Boils/Ejecta", "SubtypeGR": null, "Comments": null, "Source": "B1600011017A8610 - RadiantEarth - 06/26/2026", "Access": "From road", "Impact": null, "ID": 179, "Longitude": -67.019077375999998, "Latitude": 10.6124641325 }, "geometry": { "type": "Polygon", "coordinates": [ [ [ -67.019126711999945, 10.612426263000032 ], [ -67.019178903999943, 10.612453019000043 ], [ -67.019249417999958, 10.612465662000034 ], [ -67.019262124999955, 10.612489625000023 ], [ -67.01923252399996, 10.612506567000025 ], [ -67.019136638999953, 10.612508042000059 ], [ -67.019012543999963, 10.612499667000066 ], [ -67.018961775999969, 10.612494061000064 ], [ -67.018930742999942, 10.612478571000054 ], [ -67.01892367399995, 10.612450374000048 ], [ -67.018958900999962, 10.612413687000071 ], [ -67.019001199999934, 10.612408018000053 ], [ -67.019126711999945, 10.612426263000032 ] ] ] } },
{ "type": "Feature", "properties": { "Shape_Leng": 0.00040401496901099998, "Shape_Area": 1.22028205967e-08, "Confidence": "Possible", "Type": "Landslide", "SubtypeLS": "Slide", "SubtypeLQ": null, "SubtypeGR": null, "Comments": "Field verified", "Source": "B1600011017A8610 - RadiantEarth - 06/26/2026", "Access": "From road", "Impact": "Uphill building", "ID": 180, "Longitude": -67.018583112100004, "Latitude": 10.6116313133 }, "geometry": { "type": "Polygon", "coordinates": [ [ [ -67.018612647999987, 10.611689865000073 ], [ -67.018558494999979, 10.611682683000026 ], [ -67.018529601999944, 10.611661043000026 ], [ -67.018515151999964, 10.611645711000051 ], [ -67.018510631999959, 10.611634885000058 ], [ -67.018510620999962, 10.611618640000074 ], [ -67.018518730999972, 10.611601488000076 ], [ -67.018536770999958, 10.61158793900006 ], [ -67.018560227999956, 10.611577093000051 ], [ -67.018606256999988, 10.61158157400007 ], [ -67.018633333999958, 10.611586067000076 ], [ -67.018649594999943, 10.611610423000059 ], [ -67.018648717999952, 10.611647425000058 ], [ -67.018631590999973, 10.611676315000068 ], [ -67.018612647999987, 10.611689865000073 ] ] ] } },
{ "type": "Feature", "properties": { "Shape_Leng": 0.0021111504810300001, "Shape_Area": 2.5476475673900002e-07, "Confidence": "Likely", "Type": "Landslide", "SubtypeLS": "Debris Flow", "SubtypeLQ": null, "SubtypeGR": null, "Comments": null, "Source": "20260627_112621_ssc2_u0002_visual - Planet", "Access": "Hard", "Impact": "Watershed towards Caraballeda", "ID": 181, "Longitude": -66.839356041399995, "Latitude": 10.598214863899999 }, "geometry": { "type": "Polygon", "coordinates": [ [ [ -66.839736483999957, 10.598362178000059 ], [ -66.839582242999938, 10.598346861000039 ], [ -66.839377351999985, 10.598366831000021 ], [ -66.839269417999958, 10.598406564000072 ], [ -66.839161457999978, 10.598408841000037 ], [ -66.839022605999958, 10.598342837000075 ], [ -66.838938834999965, 10.598274593000042 ], [ -66.838936572999955, 10.598188666000055 ], [ -66.838971765999986, 10.598102714000049 ], [ -66.839097319999951, 10.598054156000046 ], [ -66.839238313999942, 10.598029823000047 ], [ -66.839339661999986, 10.598025347000032 ], [ -66.839509335999935, 10.598056077000024 ], [ -66.839601877999939, 10.598062624000022 ], [ -66.839648155999953, 10.598075812000047 ], [ -66.839705463999962, 10.598108822000029 ], [ -66.839745148999953, 10.59814625000007 ], [ -66.839798077999944, 10.598218922000058 ], [ -66.839806943999974, 10.598296031000075 ], [ -66.839789348999943, 10.598342312000057 ], [ -66.839736483999957, 10.598362178000059 ] ] ] } },
{ "type": "Feature", "properties": { "Shape_Leng": 0.00192957207673, "Shape_Area": 9.736251492e-08, "Confidence": "Likely", "Type": "Landslide", "SubtypeLS": "Debris Flow", "SubtypeLQ": null, "SubtypeGR": null, "Comments": null, "Source": "20260627_112621_ssc2_u0002_visual - Planet", "Access": "Hard", "Impact": "Watershed towards Caraballeda", "ID": 182, "Longitude": -66.836409376399999, "Latitude": 10.5959675366 }, "geometry": { "type": "Polygon", "coordinates": [ [ [ -66.836174547999974, 10.596278107000046 ], [ -66.836155172999952, 10.596272572000032 ], [ -66.836148848999983, 10.596261746000039 ], [ -66.836149732999957, 10.596235574000048 ], [ -66.836169550999955, 10.596182315000021 ], [ -66.83619476399997, 10.596100174000071 ], [ -66.836218196999937, 10.596055034000074 ], [ -66.836275, 10.595979188000058 ], [ -66.836304760999951, 10.595948484000075 ], [ -66.836347137999951, 10.595891600000073 ], [ -66.836388622999948, 10.595850960000064 ], [ -66.836456271999964, 10.595798571000046 ], [ -66.836523018999969, 10.595746182000028 ], [ -66.836597001999962, 10.595718155000043 ], [ -66.836671905999935, 10.59571720200006 ], [ -66.836701695999977, 10.595729816000073 ], [ -66.836700811999947, 10.595757793000075 ], [ -66.836688192999986, 10.595780363000074 ], [ -66.836647591999963, 10.595793928000035 ], [ -66.836597066999957, 10.595812914000021 ], [ -66.836552863999941, 10.595839116000036 ], [ -66.836507756999936, 10.59586351300004 ], [ -66.836479797999971, 10.595888802000047 ], [ -66.836482519999947, 10.595909556000038 ], [ -66.836496962999945, 10.595915864000062 ], [ -66.836523126999964, 10.595904114000064 ], [ -66.836548383999968, 10.595886047000022 ], [ -66.836579060999952, 10.595877001000076 ], [ -66.836607946999948, 10.595886909000058 ], [ -66.836607972999957, 10.595924812000021 ], [ -66.836592648999954, 10.595951897000077 ], [ -66.836555518999944, 10.595989216000021 ], [ -66.836423366999952, 10.596055405000072 ], [ -66.836302252999985, 10.596152432000054 ], [ -66.836174547999974, 10.596278107000046 ] ] ] } },
{ "type": "Feature", "properties": { "Shape_Leng": 0.0012957526854299999, "Shape_Area": 6.21639591045e-08, "Confidence": "Likely", "Type": "Landslide", "SubtypeLS": "Debris Flow", "SubtypeLQ": null, "SubtypeGR": null, "Comments": null, "Source": "20260627_112621_ssc2_u0002_visual - Planet", "Access": "Hard", "Impact": "Watershed towards Caraballeda", "ID": 183, "Longitude": -66.835112235799997, "Latitude": 10.595360056600001 }, "geometry": { "type": "Polygon", "coordinates": [ [ [ -66.834902761999956, 10.595560707000061 ], [ -66.834872622999967, 10.59556354800003 ], [ -66.834855687999948, 10.595543818000067 ], [ -66.834863069999983, 10.595512262000057 ], [ -66.834882878999963, 10.595483606000073 ], [ -66.834937926999942, 10.595432893000066 ], [ -66.835014989999934, 10.595357928000055 ], [ -66.835116291999952, 10.595285151000041 ], [ -66.835199967999984, 10.595214588000033 ], [ -66.835263831999953, 10.595168275000049 ], [ -66.835323321999965, 10.595170438000025 ], [ -66.835340986999938, 10.595227711000064 ], [ -66.835303571999987, 10.595287226000039 ], [ -66.835206687999971, 10.595375423000064 ], [ -66.835061334999978, 10.595468061000076 ], [ -66.834902761999956, 10.595560707000061 ] ] ] } },
{ "type": "Feature", "properties": { "Shape_Leng": 0.00093337277678399999, "Shape_Area": 4.6648980482899998e-08, "Confidence": "Likely", "Type": "Landslide", "SubtypeLS": "Debris Flow", "SubtypeLQ": null, "SubtypeGR": null, "Comments": null, "Source": "20260627_112621_ssc2_u0002_visual - Planet", "Access": "Hard", "Impact": "Watershed towards Caraballeda", "ID": 184, "Longitude": -66.834033555800005, "Latitude": 10.596412210900001 }, "geometry": { "type": "Polygon", "coordinates": [ [ [ -66.833885488999954, 10.596502207000071 ], [ -66.83384362399994, 10.596497829000043 ], [ -66.833836993999967, 10.59646919100004 ], [ -66.833841380999957, 10.596440545000064 ], [ -66.83386339599997, 10.596414090000053 ], [ -66.833905236999954, 10.596383216000049 ], [ -66.834002154999951, 10.596343490000038 ], [ -66.834092475999967, 10.596323599000073 ], [ -66.834202642999969, 10.596327930000029 ], [ -66.834222500999942, 10.596369779000042 ], [ -66.834213722999948, 10.596420460000047 ], [ -66.834156457999939, 10.596451346000038 ], [ -66.834024283999952, 10.596484485000076 ], [ -66.833885488999954, 10.596502207000071 ] ] ] } },
{ "type": "Feature", "properties": { "Shape_Leng": 0.0010554922712199999, "Shape_Area": 4.7634764631300002e-08, "Confidence": "Likely", "Type": "Landslide", "SubtypeLS": "Debris Flow", "SubtypeLQ": null, "SubtypeGR": null, "Comments": null, "Source": "20260627_112621_ssc2_u0002_visual - Planet", "Access": "Hard", "Impact": "Watershed towards Caraballeda", "ID": 185, "Longitude": -66.834838767400001, "Latitude": 10.5940261133 }, "geometry": { "type": "Polygon", "coordinates": [ [ [ -66.834668626999985, 10.594188838000036 ], [ -66.834650293999971, 10.594187441000031 ], [ -66.834641823999959, 10.594173346000048 ], [ -66.83464040299998, 10.594157835000033 ], [ -66.834650245999967, 10.594116936000034 ], [ -66.834672775999934, 10.594070387000045 ], [ -66.83469953599996, 10.59402383500003 ], [ -66.834753098999954, 10.593994186000032 ], [ -66.834832039999981, 10.593957470000021 ], [ -66.834881374999952, 10.593930644000068 ], [ -66.834967373999973, 10.593905203000077 ], [ -66.835028013999988, 10.593913622000059 ], [ -66.835042133999934, 10.593940405000069 ], [ -66.83504215399995, 10.593970017000061 ], [ -66.835025252999969, 10.59399964000005 ], [ -66.834985787999983, 10.594026459000077 ], [ -66.834936445999972, 10.594043414000055 ], [ -66.834857498999952, 10.594070260000024 ], [ -66.834788421999974, 10.594097100000056 ], [ -66.834668626999985, 10.594188838000036 ] ] ] } },
{ "type": "Feature", "properties": { "Shape_Leng": 0.0012897597437400001, "Shape_Area": 7.5783441218699999e-08, "Confidence": "Possible", "Type": "Landslide", "SubtypeLS": "Debris Flow", "SubtypeLQ": null, "SubtypeGR": null, "Comments": "Reactivated", "Source": "20260627_112621_ssc2_u0002_visual - Planet", "Access": "Hard", "Impact": "Watershed towards Caraballeda", "ID": 186, "Longitude": -66.833196494999996, "Latitude": 10.595019617 }, "geometry": { "type": "Polygon", "coordinates": [ [ [ -66.83307029599996, 10.595247510000036 ], [ -66.833047738999937, 10.595254576000059 ], [ -66.833037865999984, 10.595251762000032 ], [ -66.833025169999985, 10.595243310000058 ], [ -66.833006821999959, 10.595219351000026 ], [ -66.833006806999947, 10.595196789000056 ], [ -66.833013836999953, 10.59516717200006 ], [ -66.833023683999954, 10.595133323000027 ], [ -66.833046209999964, 10.595081134000054 ], [ -66.833077188999937, 10.595017658000074 ], [ -66.83311944899998, 10.594954175000055 ], [ -66.833163135999939, 10.594916072000046 ], [ -66.833233608999933, 10.594869490000065 ], [ -66.833335108999961, 10.594829938000032 ], [ -66.833401369999933, 10.594810151000047 ], [ -66.833428175999984, 10.594829874000027 ], [ -66.83342257299995, 10.594884872000023 ], [ -66.833376070999975, 10.594930027000032 ], [ -66.833326743999976, 10.594969544000037 ], [ -66.833288704999973, 10.595018924000044 ], [ -66.833254890999967, 10.595059840000033 ], [ -66.833201348999978, 10.595121921000043 ], [ -66.833152041999938, 10.595189639000068 ], [ -66.83307029599996, 10.595247510000036 ] ] ] } },
{ "type": "Feature", "properties": { "Shape_Leng": 0.00378486257055, "Shape_Area": 1.0053342694299999e-06, "Confidence": "Likely", "Type": "Landslide", "SubtypeLS": "Slide", "SubtypeLQ": null, "SubtypeGR": null, "Comments": "Apparent reactivation verified on the field", "Source": "20260627_112621_ssc2_u0002_visual - Planet and field verified", "Access": "From road", "Impact": null, "ID": 187, "Longitude": -66.827410483999998, "Latitude": 10.607483420299999 }, "geometry": { "type": "Polygon", "coordinates": [ [ [ -66.827517221999983, 10.608239059000027 ], [ -66.827404022999986, 10.608213670000055 ], [ -66.827329992999978, 10.608173110000052 ], [ -66.827227071999971, 10.608114520000072 ], [ -66.827162046999945, 10.608045075000064 ], [ -66.827122290999966, 10.607976515000075 ], [ -66.827085251999961, 10.607921490000024 ], [ -66.827051799999936, 10.607832168000073 ], [ -66.827043620999973, 10.60774914700005 ], [ -66.827048995999974, 10.607691386000056 ], [ -66.827037232999942, 10.607646271000021 ], [ -66.827034651999952, 10.607629811000038 ], [ -66.827007924999975, 10.607596068000021 ], [ -66.826941643999987, 10.607512387000043 ], [ -66.826899767999976, 10.607459519000031 ], [ -66.826877673999945, 10.607369200000051 ], [ -66.826895236999974, 10.607276650000074 ], [ -66.826921628999969, 10.607208330000049 ], [ -66.826970052999968, 10.607137791000071 ], [ -66.827033896999978, 10.607062836000068 ], [ -66.827091123999935, 10.60697686900005 ], [ -66.827203440999938, 10.606904083000074 ], [ -66.827273911999953, 10.606853360000059 ], [ -66.827375221999944, 10.606793802000027 ], [ -66.827456744999949, 10.606795949000059 ], [ -66.827540490999979, 10.606826738000052 ], [ -66.827652891999946, 10.606875133000074 ], [ -66.827736697999967, 10.606994053000051 ], [ -66.827809497999965, 10.607128403000047 ], [ -66.827849318999938, 10.607364128000029 ], [ -66.827875824999978, 10.607461054000055 ], [ -66.827882559999978, 10.607643922000022 ], [ -66.827847404999943, 10.607787160000044 ], [ -66.82777697399996, 10.607895169000074 ], [ -66.827695524999967, 10.608000982000021 ], [ -66.827581047999956, 10.608137664000026 ], [ -66.827517221999983, 10.608239059000027 ] ] ] } },
{ "type": "Feature", "properties": { "Shape_Leng": 0.0039969574182500004, "Shape_Area": 6.1596569755900001e-07, "Confidence": "Possible", "Type": "Landslide", "SubtypeLS": "Debris Flow", "SubtypeLQ": null, "SubtypeGR": null, "Comments": null, "Source": "20260627_112621_ssc2_u0002_visual - Planet", "Access": "Hard", "Impact": "Watershed towards Caraballeda", "ID": 188, "Longitude": -66.844285789300002, "Latitude": 10.582609266 }, "geometry": { "type": "Polygon", "coordinates": [ [ [ -66.84413165999996, 10.583573943000033 ], [ -66.84406738499996, 10.583586464000064 ], [ -66.844029501999955, 10.583565834000069 ], [ -66.843988166999964, 10.583531436000044 ], [ -66.843991545999984, 10.583438482000076 ], [ -66.844000180999956, 10.583350779000057 ], [ -66.844039407999958, 10.583101232000047 ], [ -66.844078580999962, 10.582772890000058 ], [ -66.844091443999957, 10.582378904000052 ], [ -66.844196251999961, 10.582011119000072 ], [ -66.844301186999985, 10.581827191000059 ], [ -66.844419380999966, 10.581827110000063 ], [ -66.84459013999998, 10.581879523000055 ], [ -66.844616629999962, 10.582207820000065 ], [ -66.844472477999943, 10.582654427000023 ], [ -66.844367713999986, 10.583087875000047 ], [ -66.84413165999996, 10.583573943000033 ] ] ] } },
{ "type": "Feature", "properties": { "Shape_Leng": 0.0024594353480199998, "Shape_Area": 3.6612589253399999e-07, "Confidence": "Likely", "Type": "Landslide", "SubtypeLS": "Debris Flow", "SubtypeLQ": null, "SubtypeGR": null, "Comments": "Reactivation", "Source": "20260627_112621_ssc2_u0002_visual - Planet", "Access": "Hard", "Impact": null, "ID": 189, "Longitude": -66.820087951700003, "Latitude": 10.5991910897 }, "geometry": { "type": "Polygon", "coordinates": [ [ [ -66.819929721999983, 10.599481793000052 ], [ -66.81985922299998, 10.599490654000022 ], [ -66.819808536999972, 10.59947526600007 ], [ -66.819775471999947, 10.599453256000061 ], [ -66.819726970999966, 10.599411426000074 ], [ -66.81971152899996, 10.599382794000064 ], [ -66.819720280999945, 10.59929465700003 ], [ -66.819757703999983, 10.599246159000074 ], [ -66.819795133999946, 10.599208678000025 ], [ -66.819839116999958, 10.599087467000061 ], [ -66.819817008999962, 10.598977318000038 ], [ -66.819810348999965, 10.598904614000048 ], [ -66.819827950999979, 10.59886934900004 ], [ -66.819878605999975, 10.598838469000043 ], [ -66.819986552999978, 10.598818565000045 ], [ -66.820123198999966, 10.598880163000047 ], [ -66.820233400999939, 10.598935170000061 ], [ -66.820321594999939, 10.59902764800006 ], [ -66.820378922999964, 10.59908930000006 ], [ -66.82043183899998, 10.59914434600006 ], [ -66.82049574499996, 10.59915972500005 ], [ -66.820579493999958, 10.599194921000048 ], [ -66.820570710999959, 10.599238992000039 ], [ -66.820511244999977, 10.599272082000027 ], [ -66.820445192999955, 10.599340429000051 ], [ -66.820348296999953, 10.599411001000021 ], [ -66.820216129999949, 10.599455157000023 ], [ -66.820103776999986, 10.599475064000046 ], [ -66.819929721999983, 10.599481793000052 ] ] ] } },
{ "type": "Feature", "properties": { "Shape_Leng": 0.0017460005732, "Shape_Area": 1.90870085762e-07, "Confidence": "Likely", "Type": "Landslide", "SubtypeLS": "Debris Flow", "SubtypeLQ": null, "SubtypeGR": null, "Comments": null, "Source": "20260627_112621_ssc2_u0002_visual - Planet", "Access": "Hard", "Impact": null, "ID": 190, "Longitude": -66.819283606900001, "Latitude": 10.599164829899999 }, "geometry": { "type": "Polygon", "coordinates": [ [ [ -66.81912764599997, 10.599365568000053 ], [ -66.819050502999971, 10.599323758000025 ], [ -66.819030665999946, 10.599312756000074 ], [ -66.819017413999973, 10.599266496000041 ], [ -66.819019582999942, 10.599215819000051 ], [ -66.819032770999968, 10.599169541000037 ], [ -66.819083417999934, 10.599127643000031 ], [ -66.819120849999933, 10.599092365000047 ], [ -66.819193498999937, 10.599006387000031 ], [ -66.819257339999979, 10.598927025000023 ], [ -66.819318987999964, 10.59886308800003 ], [ -66.819429130999936, 10.598832167000069 ], [ -66.819468792999942, 10.59883654600003 ], [ -66.819488670999988, 10.59890703700006 ], [ -66.819484319999958, 10.598988562000045 ], [ -66.819460135999975, 10.599063490000049 ], [ -66.819444761999932, 10.599136209000051 ], [ -66.819453614999986, 10.599193488000026 ], [ -66.819471281999938, 10.599252965000062 ], [ -66.819460311999933, 10.599321274000033 ], [ -66.819387660999951, 10.59940504900004 ], [ -66.819303967999986, 10.599451375000058 ], [ -66.819229054999937, 10.599449223000022 ], [ -66.819149704999973, 10.599403009000071 ], [ -66.81912764599997, 10.599365568000053 ] ] ] } },
{ "type": "Feature", "properties": { "Shape_Leng": 0.0031510339577399999, "Shape_Area": 5.5398594394099998e-07, "Confidence": "Likely", "Type": "Landslide", "SubtypeLS": "Debris Flow", "SubtypeLQ": null, "SubtypeGR": null, "Comments": "Reactivation", "Source": "20260627_112621_ssc2_u0002_visual - Planet", "Access": "Hard", "Impact": null, "ID": 191, "Longitude": -66.818667421000001, "Latitude": 10.5983851205 }, "geometry": { "type": "Polygon", "coordinates": [ [ [ -66.818816708999975, 10.598964783000042 ], [ -66.818715331999954, 10.598927397000068 ], [ -66.818655817999968, 10.59888998200006 ], [ -66.818602891999944, 10.598821716000032 ], [ -66.818569800999967, 10.598760047000042 ], [ -66.818547704999958, 10.598667524000064 ], [ -66.818534436999983, 10.598597028000029 ], [ -66.818512356999975, 10.598528741000052 ], [ -66.818483669999978, 10.598464866000029 ], [ -66.818399893999981, 10.598390011000049 ], [ -66.818294077999951, 10.59830415600004 ], [ -66.818227917999934, 10.598213866000037 ], [ -66.818219045999967, 10.598127944000055 ], [ -66.818282845999988, 10.59798909400007 ], [ -66.818390708999971, 10.597845806000066 ], [ -66.818558154999948, 10.597841285000072 ], [ -66.818688189999932, 10.59790068500007 ], [ -66.818787454999949, 10.598072473000059 ], [ -66.818802912999956, 10.598123138000062 ], [ -66.818833807999965, 10.598195825000062 ], [ -66.818895530999953, 10.598239848000048 ], [ -66.818959438999968, 10.598259634000044 ], [ -66.819027773999949, 10.598308060000022 ], [ -66.819038853999984, 10.59840059000004 ], [ -66.819036728999947, 10.598515162000069 ], [ -66.819014774999971, 10.598629748000064 ], [ -66.818979595999963, 10.598737733000064 ], [ -66.818984065999985, 10.598830268000029 ], [ -66.818984136999973, 10.598933822000049 ], [ -66.818933512999934, 10.599008769000022 ], [ -66.818860805999975, 10.59901102200007 ], [ -66.818816708999975, 10.598964783000042 ] ] ] } },
{ "type": "Feature", "properties": { "Shape_Leng": 0.0016250490871799999, "Shape_Area": 1.12050133288e-07, "Confidence": "Likely", "Type": "Landslide", "SubtypeLS": "Debris Flow", "SubtypeLQ": null, "SubtypeGR": null, "Comments": null, "Source": "20260627_112621_ssc2_u0001_visual - Planet", "Access": "Hard", "Impact": null, "ID": 192, "Longitude": -66.913767339800003, "Latitude": 10.572967482299999 }, "geometry": { "type": "Polygon", "coordinates": [ [ [ -66.913873918999968, 10.572684679000076 ], [ -66.914003020999985, 10.572689970000056 ], [ -66.914003065999964, 10.572754519000057 ], [ -66.913938607999967, 10.572889041000053 ], [ -66.913841886999933, 10.573039723000022 ], [ -66.913734374999933, 10.573141999000029 ], [ -66.91364836799994, 10.573228124000025 ], [ -66.913605375999964, 10.573287324000034 ], [ -66.913573104999955, 10.573292725000044 ], [ -66.91354612899994, 10.573174403000053 ], [ -66.913546076999978, 10.573099095000032 ], [ -66.913632064999945, 10.572986075000074 ], [ -66.913734197999986, 10.572883802000035 ], [ -66.913787926999987, 10.572792320000076 ], [ -66.913873918999968, 10.572684679000076 ] ] ] } },
{ "type": "Feature", "properties": { "Shape_Leng": 0.0070562232169800003, "Shape_Area": 8.7513606978299998e-07, "Confidence": "Likely", "Type": "Landslide", "SubtypeLS": "Debris Flow", "SubtypeLQ": null, "SubtypeGR": null, "Comments": null, "Source": "20260627_112621_ssc2_u0001_visual - Planet", "Access": "Hard", "Impact": null, "ID": 193, "Longitude": -66.956221823000007, "Latitude": 10.581118958 }, "geometry": { "type": "Polygon", "coordinates": [ [ [ -66.956998928999951, 10.582762066000043 ], [ -66.95694382399995, 10.582727677000037 ], [ -66.956923139999958, 10.582686380000041 ], [ -66.956916225999976, 10.582645073000037 ], [ -66.956916197999988, 10.58260376100003 ], [ -66.956933346999961, 10.582510798000044 ], [ -66.956953953999971, 10.582438489000026 ], [ -66.956974512999977, 10.582297327000049 ], [ -66.956970958999932, 10.582135526000059 ], [ -66.956926067999973, 10.581935884000075 ], [ -66.956870872999957, 10.58177067500003 ], [ -66.956750274999933, 10.581615839000051 ], [ -66.956646929999977, 10.581519516000071 ], [ -66.956543612999951, 10.581464505000042 ], [ -66.956350773999986, 10.581388899000046 ], [ -66.956130438999935, 10.581378722000068 ], [ -66.955951444999982, 10.581413271000031 ], [ -66.955837826999982, 10.581396136000023 ], [ -66.955779254999982, 10.581327323000039 ], [ -66.955789511999967, 10.581224037000027 ], [ -66.955847963999986, 10.581117276000043 ], [ -66.95593052299995, 10.581024268000021 ], [ -66.956044070999951, 10.580938124000056 ], [ -66.95616795899997, 10.580869187000076 ], [ -66.956298754999978, 10.580834671000048 ], [ -66.956408925999938, 10.580844923000029 ], [ -66.956470893999949, 10.580844881000075 ], [ -66.956498469999985, 10.58089650200003 ], [ -66.956512294999982, 10.580975673000069 ], [ -66.956563990999939, 10.581058260000077 ], [ -66.956615681999949, 10.58113396300007 ], [ -66.956657033999988, 10.581192459000022 ], [ -66.956712164999942, 10.581264717000067 ], [ -66.956774160999942, 10.581305986000075 ], [ -66.956846439999936, 10.581281838000052 ], [ -66.956915261999939, 10.581237037000051 ], [ -66.95697374599996, 10.581178472000033 ], [ -66.957025345999966, 10.581119912000077 ], [ -66.957083825999973, 10.581054462000054 ], [ -66.957145787999934, 10.581047534000049 ], [ -66.957163022999964, 10.58107850600004 ], [ -66.957163062999939, 10.581137031000026 ], [ -66.957145891999971, 10.581199010000034 ], [ -66.957077104999939, 10.581295451000074 ], [ -66.957035821999966, 10.581336791000069 ], [ -66.956980800999986, 10.581426337000039 ], [ -66.956980864999935, 10.581519288000038 ], [ -66.957005014999936, 10.581595009000068 ], [ -66.957029157999955, 10.581660403000058 ], [ -66.957046453999965, 10.581780883000022 ], [ -66.957060285999944, 10.581870382000034 ], [ -66.957105086999945, 10.581939204000037 ], [ -66.957153302999984, 10.581966712000053 ], [ -66.957194670999968, 10.582049307000034 ], [ -66.957184366999968, 10.58208374000003 ], [ -66.957108678999987, 10.582156087000044 ], [ -66.957112179999967, 10.582242151000059 ], [ -66.957160411999951, 10.582293757000059 ], [ -66.957253400999946, 10.582348775000071 ], [ -66.957339480999963, 10.582369372000073 ], [ -66.95752538499994, 10.582372688000021 ], [ -66.95754952599998, 10.582434638000052 ], [ -66.957511687999954, 10.582479419000038 ], [ -66.957380888999978, 10.58251049200004 ], [ -66.957291392999934, 10.582527766000055 ], [ -66.957253560999959, 10.582582874000025 ], [ -66.957277697999984, 10.582637940000041 ], [ -66.957329369999968, 10.582686101000036 ], [ -66.957322526999974, 10.582748073000062 ], [ -66.957274360999975, 10.58279286100003 ], [ -66.957205514999941, 10.582803236000075 ], [ -66.957091901999945, 10.582792986000072 ], [ -66.956998928999951, 10.582762066000043 ] ] ] } },
{ "type": "Feature", "properties": { "Shape_Leng": 0.0011332565161900001, "Shape_Area": 7.1619996529600006e-08, "Confidence": "Likely", "Type": "Landslide", "SubtypeLS": "Debris Flow", "SubtypeLQ": null, "SubtypeGR": null, "Comments": null, "Source": "20260627_112621_ssc2_u0001_visual - Planet", "Access": "Hard", "Impact": null, "ID": 194, "Longitude": -66.956389711699998, "Latitude": 10.582432254 }, "geometry": { "type": "Polygon", "coordinates": [ [ [ -66.956210196999962, 10.582222112000068 ], [ -66.956351405999953, 10.582311524000033 ], [ -66.956423712999936, 10.582328688000075 ], [ -66.956513234999989, 10.582349282000052 ], [ -66.956544263999945, 10.582414671000038 ], [ -66.956544315999963, 10.582490409000059 ], [ -66.956492744999935, 10.582590281000023 ], [ -66.956420463999962, 10.582610986000077 ], [ -66.956358476999981, 10.582583487000022 ], [ -66.956317129999945, 10.582531876000075 ], [ -66.956265408999968, 10.582411419000039 ], [ -66.95622747799996, 10.582321937000074 ], [ -66.956213676999937, 10.582277192000049 ], [ -66.956210196999962, 10.582222112000068 ] ] ] } },
{ "type": "Feature", "properties": { "Shape_Leng": 0.0031250309553500001, "Shape_Area": 3.4818555492900002e-07, "Confidence": "Likely", "Type": "Landslide", "SubtypeLS": "Debris Flow", "SubtypeLQ": null, "SubtypeGR": null, "Comments": null, "Source": "20260627_112621_ssc2_u0001_visual - Planet", "Access": "Hard", "Impact": null, "ID": 195, "Longitude": -66.956274632800003, "Latitude": 10.5829947647 }, "geometry": { "type": "Polygon", "coordinates": [ [ [ -66.956282875999932, 10.582783212000038 ], [ -66.956510148999939, 10.582869122000034 ], [ -66.956692690999944, 10.582989489000056 ], [ -66.956861452999988, 10.58309609500003 ], [ -66.956940687999975, 10.583175221000033 ], [ -66.956957947999967, 10.583244062000063 ], [ -66.956958003999944, 10.583326685000031 ], [ -66.956916713999988, 10.583357697000054 ], [ -66.95683405799997, 10.583309557000064 ], [ -66.956727267999952, 10.583209794000027 ], [ -66.956634243999986, 10.583103136000034 ], [ -66.956524015999946, 10.583010260000037 ], [ -66.956468945999973, 10.583027511000068 ], [ -66.956451767999965, 10.583079162000047 ], [ -66.95641392999994, 10.583123943000032 ], [ -66.956290022999951, 10.583165339000061 ], [ -66.956162647999975, 10.583168869000076 ], [ -66.956049041999961, 10.583168947000047 ], [ -66.955914771999971, 10.583158711000067 ], [ -66.955832122999936, 10.583120898000061 ], [ -66.955776997999976, 10.583058969000035 ], [ -66.955763163999961, 10.582966027000055 ], [ -66.955814748999956, 10.582886811000037 ], [ -66.955859460999989, 10.582824813000059 ], [ -66.955904177999969, 10.582769701000075 ], [ -66.955948888999956, 10.58270770300004 ], [ -66.956017727999949, 10.582687 ], [ -66.956110690999935, 10.582704149000051 ], [ -66.956282875999932, 10.582783212000038 ] ] ] } },
{ "type": "Feature", "properties": { "Shape_Leng": 0.0011690958529, "Shape_Area": 6.1663368292499997e-08, "Confidence": "Questionable", "Type": "Landslide", "SubtypeLS": "Debris Flow", "SubtypeLQ": null, "SubtypeGR": null, "Comments": null, "Source": "20260627_112621_ssc2_u0001_visual - Planet", "Access": "Hard", "Impact": null, "ID": 196, "Longitude": -66.988250422600004, "Latitude": 10.4905571014 }, "geometry": { "type": "Polygon", "coordinates": [ [ [ -66.988265707999972, 10.490643479000028 ], [ -66.98818743399994, 10.490624497000056 ], [ -66.988104929999963, 10.490605517000063 ], [ -66.988032991999944, 10.490571724000063 ], [ -66.988003361999972, 10.490546362000032 ], [ -66.988001217999965, 10.490504061000024 ], [ -66.988030816999981, 10.49048500400005 ], [ -66.988096383999959, 10.490480729000069 ], [ -66.988149262999968, 10.490480692000062 ], [ -66.988216936999947, 10.49046584000007 ], [ -66.988286739999978, 10.490470023000057 ], [ -66.988318491999962, 10.490505958000028 ], [ -66.988371383999947, 10.490524959000027 ], [ -66.988460221999958, 10.490527013000076 ], [ -66.988521582999965, 10.490558698000029 ], [ -66.988506798999936, 10.490590436000048 ], [ -66.988447600999962, 10.490628549000064 ], [ -66.988371460999986, 10.490637062000076 ], [ -66.988265707999972, 10.490643479000028 ] ] ] } },
{ "type": "Feature", "properties": { "Shape_Leng": 0.00087478377105799996, "Shape_Area": 3.651856993e-08, "Confidence": "Possible", "Type": "Landslide", "SubtypeLS": "Debris Flow", "SubtypeLQ": null, "SubtypeGR": null, "Comments": null, "Source": "20260627_112621_ssc2_u0001_visual - Planet", "Access": "Hard", "Impact": null, "ID": 197, "Longitude": -66.986521024799998, "Latitude": 10.4934913826 }, "geometry": { "type": "Polygon", "coordinates": [ [ [ -66.986554265999985, 10.493581774000063 ], [ -66.986523929999976, 10.493561868000029 ], [ -66.986510922999969, 10.493544550000024 ], [ -66.98650138499994, 10.493533293000041 ], [ -66.986482316999968, 10.493521177000048 ], [ -66.986457190999943, 10.493520328000045 ], [ -66.986432067999942, 10.493522078000069 ], [ -66.986413004999974, 10.493517759000042 ], [ -66.986398268999949, 10.493506507000063 ], [ -66.986384395999949, 10.493490922000035 ], [ -66.986367919999964, 10.493468407000023 ], [ -66.986356642999965, 10.493447622000076 ], [ -66.986359225999934, 10.493424229000027 ], [ -66.98636701199996, 10.493407762000061 ], [ -66.986394720999954, 10.493386084000065 ], [ -66.986426774999984, 10.493384329000037 ], [ -66.986466636999978, 10.493397298000048 ], [ -66.986504769999954, 10.493415465000055 ], [ -66.986530778999963, 10.493442305000031 ], [ -66.986554182999953, 10.493460482000046 ], [ -66.986611379999943, 10.493483835000063 ], [ -66.986663370999963, 10.493496795000055 ], [ -66.986699763999979, 10.493506300000035 ], [ -66.986710169999981, 10.493520155000056 ], [ -66.986695465999958, 10.493555686000036 ], [ -66.986668623999947, 10.493577364000032 ], [ -66.986629642999958, 10.493585188000054 ], [ -66.986554265999985, 10.493581774000063 ] ] ] } },
{ "type": "Feature", "properties": { "Shape_Leng": 0.001166662253, "Shape_Area": 9.4222767387700001e-08, "Confidence": "Questionable", "Type": "Landslide", "SubtypeLS": "Debris Flow", "SubtypeLQ": null, "SubtypeGR": null, "Comments": null, "Source": "20260626_150535_17_3010_visual - Planet", "Access": "From road", "Impact": null, "ID": 198, "Longitude": -66.995493324500003, "Latitude": 10.5006193634 }, "geometry": { "type": "Polygon", "coordinates": [ [ [ -66.995411297999965, 10.500787796000054 ], [ -66.995342172999983, 10.500744130000044 ], [ -66.995313951999947, 10.500717357000042 ], [ -66.995298413999933, 10.500677885000073 ], [ -66.995285700999943, 10.500645462000023 ], [ -66.995287096999959, 10.500624309000045 ], [ -66.99530539999995, 10.500583404000054 ], [ -66.995336390999967, 10.500538259000052 ], [ -66.995370218999938, 10.500517084000023 ], [ -66.995467504999965, 10.500500096000053 ], [ -66.995559144999959, 10.500476062000075 ], [ -66.995626823999942, 10.500467555000057 ], [ -66.995676182999944, 10.500475982000069 ], [ -66.995701572999963, 10.500487245000045 ], [ -66.995708651999962, 10.500529543000027 ], [ -66.99569459199995, 10.500588777000075 ], [ -66.995643876999964, 10.500659317000043 ], [ -66.995601607999959, 10.500710110000057 ], [ -66.995556510999961, 10.500748214000055 ], [ -66.995501535999949, 10.500776453000071 ], [ -66.995411297999965, 10.500787796000054 ] ] ] } },
{ "type": "Feature", "properties": { "Shape_Leng": 0.00106189913645, "Shape_Area": 2.0354888402299999e-08, "Confidence": "Likely", "Type": "Liquefaction", "SubtypeLS": null, "SubtypeLQ": "Ground Cracks", "SubtypeGR": null, "Comments": "Field verified", "Source": "B1600011017A8610 - RadiantEarth - 06/26/2026", "Access": "From road", "Impact": null, "ID": 199, "Longitude": -66.850935942600003, "Latitude": 10.6174841135 }, "geometry": { "type": "Polygon", "coordinates": [ [ [ -66.851183006999975, 10.617562769000074 ], [ -66.851177758999938, 10.617576573000065 ], [ -66.851167242999963, 10.617573952000043 ], [ -66.851146208999978, 10.617566080000074 ], [ -66.851117285999976, 10.617554271000074 ], [ -66.851045639999938, 10.617531977000056 ], [ -66.850952962999941, 10.617505097000048 ], [ -66.85085963399996, 10.617485447000035 ], [ -66.85078141799994, 10.617465128000049 ], [ -66.850703209999949, 10.617455325000037 ], [ -66.850686769999982, 10.617439564000051 ], [ -66.850706471999956, 10.617420493000054 ], [ -66.850814907999961, 10.617428962000076 ], [ -66.850912181999945, 10.617450581000071 ], [ -66.851004854999985, 10.61747089000005 ], [ -66.851081760999932, 10.617499095000028 ], [ -66.851147498999978, 10.61753125000007 ], [ -66.851183006999975, 10.617562769000074 ] ] ] } },
{ "type": "Feature", "properties": { "Shape_Leng": 0.0028891213774100001, "Shape_Area": 2.3955887796100002e-07, "Confidence": "Likely", "Type": "Liquefaction", "SubtypeLS": null, "SubtypeLQ": "Ground Cracks", "SubtypeGR": null, "Comments": "Differential settlement observed on site. GF2 - Moderate - 10cm < D < 25 cm; Tilt 1-3 deg; small Lateral Movement (<10cm)", "Source": "B1600011017A8610 - RadiantEarth - 06/26/2026 and field verified", "Access": "From road", "Impact": null, "ID": 200, "Longitude": -66.850798413800007, "Latitude": 10.619076550200001 }, "geometry": { "type": "Polygon", "coordinates": [ [ [ -66.850651815999981, 10.619175135000035 ], [ -66.850518374999979, 10.619120025000029 ], [ -66.850325406999957, 10.619063448000077 ], [ -66.850213975999964, 10.619036785000048 ], [ -66.850111466999977, 10.619022001000076 ], [ -66.850008963999983, 10.619017614000029 ], [ -66.849904969999955, 10.61900431600003 ], [ -66.849858911999945, 10.61899246400003 ], [ -66.849832159999949, 10.618974656000034 ], [ -66.849832143999947, 10.618950888000029 ], [ -66.849863320999987, 10.61892412800006 ], [ -66.84993015699996, 10.618907741000044 ], [ -66.850078714999938, 10.618919524000034 ], [ -66.850249558999963, 10.618935747000023 ], [ -66.850360973999955, 10.61894012700003 ], [ -66.850446622999982, 10.618941985000049 ], [ -66.850510348999933, 10.618914998000037 ], [ -66.850599714999987, 10.61890442300006 ], [ -66.850744299999974, 10.618920095000021 ], [ -66.85088034599994, 10.61894234600004 ], [ -66.850994063999963, 10.618985640000062 ], [ -66.851099241999975, 10.619034197000076 ], [ -66.851129503999971, 10.619082806000051 ], [ -66.851117077999959, 10.61917087300003 ], [ -66.851102681999976, 10.619260256000075 ], [ -66.85106720999994, 10.619281310000076 ], [ -66.850945618999958, 10.619255764000059 ], [ -66.850651815999981, 10.619175135000035 ] ] ] } },
{ "type": "Feature", "properties": { "Shape_Leng": 0.0021068690931300002, "Shape_Area": 7.6485311752099999e-08, "Confidence": "Likely", "Type": "Liquefaction", "SubtypeLS": null, "SubtypeLQ": "Ground Cracks", "SubtypeGR": null, "Comments": "Less than 5 mm lift or bulge of the pavement, possibly due to buoyancy of buried pipelines. Lateral separatoion of sidewalk and pavement", "Source": "B1600011017A8610 - RadiantEarth - 06/26/2026 and field verified", "Access": "From road", "Impact": null, "ID": 201, "Longitude": -66.851024374399998, "Latitude": 10.6154740535 }, "geometry": { "type": "Polygon", "coordinates": [ [ [ -66.850789462999956, 10.615441727000075 ], [ -66.851164249999954, 10.61545125400005 ], [ -66.851223010999945, 10.615540017000058 ], [ -66.851473428999952, 10.615548210000043 ], [ -66.851412810999932, 10.615881003000027 ], [ -66.851356713999962, 10.615875337000034 ], [ -66.851420227999938, 10.61560528900003 ], [ -66.850890651999975, 10.615568574000065 ], [ -66.850787226999955, 10.615472584000031 ], [ -66.850789462999956, 10.615441727000075 ] ] ] } },
{ "type": "Feature", "properties": { "Shape_Leng": 0.00158442082745, "Shape_Area": 5.6582871738799997e-08, "Confidence": "Possible", "Type": "Ground Rupture", "SubtypeLS": null, "SubtypeLQ": null, "SubtypeGR": "Fracture", "Comments": null, "Source": "B1600011017A8610 - RadiantEarth - 06/26/2026", "Access": "From road", "Impact": null, "ID": 202, "Longitude": -66.8478574202, "Latitude": 10.616925829 }, "geometry": { "type": "Polygon", "coordinates": [ [ [ -66.848099987999944, 10.616984503000026 ], [ -66.847797785999944, 10.616987062000021 ], [ -66.847723694999956, 10.616971826000054 ], [ -66.847642532999942, 10.616935429000023 ], [ -66.847574311999949, 10.616906079000046 ], [ -66.847524895999982, 10.616864956000029 ], [ -66.847515469999962, 10.616837917000055 ], [ -66.847523686999978, 10.61681674600004 ], [ -66.847546025999975, 10.616812027000037 ], [ -66.847595419999948, 10.616821400000049 ], [ -66.847624823999979, 10.616831963000038 ], [ -66.847703630999945, 10.616863658000057 ], [ -66.847765970999944, 10.61689066100007 ], [ -66.847825951999937, 10.616905906000056 ], [ -66.847904743999948, 10.616916435000064 ], [ -66.84795530599996, 10.616914049000059 ], [ -66.848045845999934, 10.616909283000041 ], [ -66.848117577999972, 10.616912762000027 ], [ -66.848171670999989, 10.616916253000056 ], [ -66.848221065999951, 10.616927978000035 ], [ -66.848257537999984, 10.616956174000052 ], [ -66.848224628999958, 10.616978539000058 ], [ -66.84817406999997, 10.616985629000055 ], [ -66.848099987999944, 10.616984503000026 ] ] ] } },
{ "type": "Feature", "properties": { "Shape_Leng": 0.000749490782506, "Shape_Area": 2.64273465285e-08, "Confidence": "Possible", "Type": "Ground Rupture", "SubtypeLS": null, "SubtypeLQ": null, "SubtypeGR": "Fracture", "Comments": null, "Source": "B1600011017A8610 - RadiantEarth - 06/26/2026", "Access": "From road", "Impact": null, "ID": 203, "Longitude": -66.847946985299998, "Latitude": 10.616361745400001 }, "geometry": { "type": "Polygon", "coordinates": [ [ [ -66.84798071299997, 10.616239071000052 ], [ -66.848036148999938, 10.616485970000042 ], [ -66.847975015999964, 10.616506002000051 ], [ -66.84795526299996, 10.616410706000067 ], [ -66.847874991999959, 10.616399064000063 ], [ -66.847840863999977, 10.616359107000051 ], [ -66.847838493999973, 10.616332063000073 ], [ -66.847923105999939, 10.616255572000057 ], [ -66.84798071299997, 10.616239071000052 ] ] ] } },
{ "type": "Feature", "properties": { "Shape_Leng": 0.0047067502186000001, "Shape_Area": 2.3291143130300001e-07, "Confidence": "Likely", "Type": "Liquefaction", "SubtypeLS": null, "SubtypeLQ": "Ground Cracks", "SubtypeGR": null, "Comments": "Street is slightly tilted, crack opening of less than 3 cm. GF1 - Minor - Settlement, D <10 cm; Tilt 1-3 deg; no Lateral Movement", "Source": "B1600011017A8610 - RadiantEarth - 06/26/2026 and field verified", "Access": "From road", "Impact": null, "ID": 204, "Longitude": -66.848441730999994, "Latitude": 10.615494628 }, "geometry": { "type": "Polygon", "coordinates": [ [ [ -66.848852737999948, 10.615530587000023 ], [ -66.848731628999985, 10.61554125300006 ], [ -66.848048219999953, 10.615660338000055 ], [ -66.848012007999955, 10.615575847000059 ], [ -66.848007277999955, 10.615537046000043 ], [ -66.848876182999959, 10.615423565000071 ], [ -66.849586937999959, 10.61541789000006 ], [ -66.850265, 10.615441667000027 ], [ -66.850271727999939, 10.615517228000044 ], [ -66.848852737999948, 10.615530587000023 ] ] ] } },
{ "type": "Feature", "properties": { "Shape_Leng": 0.010000120816, "Shape_Area": 1.1523324842e-06, "Confidence": "Likely", "Type": "Landslide", "SubtypeLS": "Debris Flow", "SubtypeLQ": null, "SubtypeGR": null, "Comments": null, "Source": "20260627_112621_ssc2_u0002_visual - Planet", "Access": "Hard", "Impact": null, "ID": 205, "Longitude": -66.883681752300006, "Latitude": 10.594269154 }, "geometry": { "type": "Polygon", "coordinates": [ [ [ -66.883101616999966, 10.594197075000068 ], [ -66.883214227999986, 10.594097248000026 ], [ -66.88331390899998, 10.593997431000048 ], [ -66.883411746999968, 10.593903156000067 ], [ -66.883511422999959, 10.593795949000025 ], [ -66.883618470999977, 10.593664724000064 ], [ -66.883707059999949, 10.593551984000044 ], [ -66.883786399999963, 10.593420777000063 ], [ -66.883828857999958, 10.593380110000055 ], [ -66.883913783999958, 10.593313552000041 ], [ -66.884044882999945, 10.593235879000076 ], [ -66.884116916999972, 10.593224747000022 ], [ -66.884120648999954, 10.593280160000063 ], [ -66.884078200999966, 10.593335606000039 ], [ -66.884015439999985, 10.593400301000031 ], [ -66.883980382999937, 10.593457589000025 ], [ -66.883950853999977, 10.593496400000049 ], [ -66.883877023999958, 10.593581423000046 ], [ -66.883825334999983, 10.593629485000065 ], [ -66.883775487999969, 10.593670158000066 ], [ -66.883705339999949, 10.593736706000072 ], [ -66.883664733999979, 10.593784761000052 ], [ -66.883616758999949, 10.59386237700005 ], [ -66.883624187999942, 10.593919635000077 ], [ -66.883637121999982, 10.593925168000055 ], [ -66.883679600999983, 10.593915903000038 ], [ -66.883742390999942, 10.593893693000041 ], [ -66.883838406999985, 10.593836364000026 ], [ -66.883919648999949, 10.593784586000027 ], [ -66.883987959999956, 10.593732818000035 ], [ -66.884048878999977, 10.593675513000051 ], [ -66.884106100999986, 10.59361451500007 ], [ -66.884176233999938, 10.593525801000055 ], [ -66.884240819999945, 10.593429702000037 ], [ -66.88431282099998, 10.593370542000059 ], [ -66.884381158999986, 10.593357565000076 ], [ -66.88442551199995, 10.593387090000022 ], [ -66.884438475999957, 10.593435108000051 ], [ -66.884396057999936, 10.593534887000033 ], [ -66.884325940999986, 10.593647615000066 ], [ -66.884181929999954, 10.593751157000042 ], [ -66.884041612999965, 10.59385469700004 ], [ -66.883772360999956, 10.594025359000057 ], [ -66.883673227999964, 10.594071195000026 ], [ -66.883627946999979, 10.594129500000065 ], [ -66.88364282699996, 10.594163454000068 ], [ -66.883655780999959, 10.594198542000072 ], [ -66.883672416999957, 10.594215156000075 ], [ -66.883709371999942, 10.594229908000045 ], [ -66.883790653999938, 10.59423724100003 ], [ -66.883836832999975, 10.594235363000053 ], [ -66.883901479999963, 10.594227929000056 ], [ -66.883977217999984, 10.594231572000069 ], [ -66.884041877999948, 10.594242611000027 ], [ -66.884146868999949, 10.594309219000024 ], [ -66.884273213999961, 10.594412858000055 ], [ -66.884322907999945, 10.594539098000041 ], [ -66.884390646999975, 10.594674345000044 ], [ -66.884503450999944, 10.59475995400004 ], [ -66.884620791999964, 10.594886148000057 ], [ -66.884602807999954, 10.594967336000025 ], [ -66.884435982999946, 10.59502156800005 ], [ -66.884314202999974, 10.594999103000021 ], [ -66.884147269999971, 10.594895492000035 ], [ -66.883944242999974, 10.594769357000075 ], [ -66.883700652999948, 10.594679328000041 ], [ -66.883488611999951, 10.594562218000021 ], [ -66.883332726999981, 10.594501706000074 ], [ -66.883194178999986, 10.594490718000031 ], [ -66.883092584999986, 10.594494482000073 ], [ -66.88299651799997, 10.594477923000056 ], [ -66.882941087999939, 10.594457641000076 ], [ -66.882801935999964, 10.594408093000027 ], [ -66.882718239999974, 10.594416809000052 ], [ -66.882559520999962, 10.59445443900006 ], [ -66.882383488999949, 10.594497854000053 ], [ -66.882213244999946, 10.594564354000056 ], [ -66.882071852999957, 10.594616404000021 ], [ -66.88200835899994, 10.594622220000076 ], [ -66.881973703999961, 10.594593381000038 ], [ -66.881996748999939, 10.594526981000058 ], [ -66.882158330999971, 10.594454714000051 ], [ -66.882317033999982, 10.594393994000029 ], [ -66.882478638999942, 10.594356362000042 ], [ -66.882706621999944, 10.594310025000027 ], [ -66.88288844899995, 10.594298356000024 ], [ -66.883020389999956, 10.594271019000075 ], [ -66.883101616999966, 10.594197075000068 ] ] ] } },
{ "type": "Feature", "properties": { "Shape_Leng": 0.00185191353692, "Shape_Area": 2.07679625201e-07, "Confidence": "Likely", "Type": "Landslide", "SubtypeLS": "Debris Flow", "SubtypeLQ": null, "SubtypeGR": null, "Comments": null, "Source": "20260627_112621_ssc2_u0002_visual - Planet", "Access": "Hard", "Impact": null, "ID": 206, "Longitude": -66.821151568600001, "Latitude": 10.596738068100001 }, "geometry": { "type": "Polygon", "coordinates": [ [ [ -66.821268296999961, 10.596431299000074 ], [ -66.821340530999976, 10.596543994000058 ], [ -66.821349621999957, 10.596647713000038 ], [ -66.821327155999938, 10.596769493000068 ], [ -66.821291148999933, 10.596873243000061 ], [ -66.821250646999943, 10.596999544000028 ], [ -66.821237219999944, 10.597148377000053 ], [ -66.821165337999958, 10.597152546000075 ], [ -66.821128968999972, 10.597125902000073 ], [ -66.821014460999947, 10.596921055000053 ], [ -66.820973961999982, 10.596788315000026 ], [ -66.820953684999949, 10.596681537000052 ], [ -66.820950743999958, 10.596600724000041 ], [ -66.820979534999935, 10.596496798000032 ], [ -66.821025687999963, 10.596456359000058 ], [ -66.821100710999985, 10.596427445000074 ], [ -66.821218682999984, 10.596422313000062 ], [ -66.821268296999961, 10.596431299000074 ] ] ] } },
{ "type": "Feature", "properties": { "Shape_Leng": 0.0017418852853700001, "Shape_Area": 2.1565516088e-07, "Confidence": "Possible", "Type": "Landslide", "SubtypeLS": "Debris Flow", "SubtypeLQ": null, "SubtypeGR": null, "Comments": null, "Source": "B1600011017A8610 - RadiantEarth - 06/26/2026", "Access": "Hard", "Impact": null, "ID": 207, "Longitude": -66.8049928943, "Latitude": 10.601639757799999 }, "geometry": { "type": "Polygon", "coordinates": [ [ [ -66.805032653999945, 10.601851816000021 ], [ -66.804794318999939, 10.601785480000046 ], [ -66.804737021999983, 10.601737492000041 ], [ -66.804694501999961, 10.601687646000073 ], [ -66.804674157999955, 10.601650716000051 ], [ -66.804674112999976, 10.60158606300007 ], [ -66.804720241999973, 10.601510296000072 ], [ -66.80481440799997, 10.601449274000061 ], [ -66.804893806999985, 10.601404886000068 ], [ -66.804986149999934, 10.601378962000069 ], [ -66.805060051999988, 10.601399231000073 ], [ -66.805163556999958, 10.601487826000039 ], [ -66.805237510999973, 10.601583830000038 ], [ -66.805287473999954, 10.60171310100003 ], [ -66.805283848999977, 10.601814700000034 ], [ -66.805243250999979, 10.601873838000074 ], [ -66.805145351999954, 10.601877600000023 ], [ -66.805032653999945, 10.601851816000021 ] ] ] } },
{ "type": "Feature", "properties": { "Shape_Leng": 0.00076058727105599998, "Shape_Area": 2.9838619525000002e-08, "Confidence": "Likely", "Type": "Landslide", "SubtypeLS": "Debris Flow", "SubtypeLQ": null, "SubtypeGR": null, "Comments": null, "Source": "20260627_112621_ssc2_u0002_visual - Planet", "Access": "Hard", "Impact": null, "ID": 208, "Longitude": -66.808739907100005, "Latitude": 10.582970661799999 }, "geometry": { "type": "Polygon", "coordinates": [ [ [ -66.808684660999972, 10.583076113000061 ], [ -66.808636043999968, 10.583078585000067 ], [ -66.808605212999964, 10.583050306000075 ], [ -66.808610729999941, 10.583015206000027 ], [ -66.808631034999962, 10.582993025000064 ], [ -66.808671643999958, 10.582950512000025 ], [ -66.808727033999958, 10.582911682000031 ], [ -66.808797095999978, 10.582881322000048 ], [ -66.808821191999982, 10.582839577000072 ], [ -66.808858139999984, 10.58284509300006 ], [ -66.808869241999957, 10.582872793000035 ], [ -66.808848961999956, 10.582930071000021 ], [ -66.808823134999955, 10.582979963000071 ], [ -66.808767751999937, 10.583028029000047 ], [ -66.808684660999972, 10.583076113000061 ] ] ] } },
{ "type": "Feature", "properties": { "Shape_Leng": 0.0016576731703699999, "Shape_Area": 9.5364002063599998e-08, "Confidence": "Likely", "Type": "Landslide", "SubtypeLS": "Debris Flow", "SubtypeLQ": null, "SubtypeGR": null, "Comments": null, "Source": "20260627_112621_ssc2_u0002_visual - Planet", "Access": "Hard", "Impact": null, "ID": 209, "Longitude": -66.817654573599995, "Latitude": 10.581107923599999 }, "geometry": { "type": "Polygon", "coordinates": [ [ [ -66.817297702999952, 10.581164585000067 ], [ -66.817280343999983, 10.581103985000027 ], [ -66.817346687999986, 10.581046215000072 ], [ -66.81749098399996, 10.581020139000032 ], [ -66.817791172999932, 10.581045910000057 ], [ -66.817929719999938, 10.581054474000041 ], [ -66.818042317999982, 10.581103464000023 ], [ -66.818027929999971, 10.581166971000073 ], [ -66.817924035999965, 10.581184360000066 ], [ -66.817745081999988, 10.58117582400007 ], [ -66.817522834999977, 10.581170204000045 ], [ -66.817297702999952, 10.581164585000067 ] ] ] } },
{ "type": "Feature", "properties": { "Shape_Leng": 0.0024691504167500002, "Shape_Area": 1.5011208817799999e-07, "Confidence": "Likely", "Type": "Landslide", "SubtypeLS": "Debris Flow", "SubtypeLQ": null, "SubtypeGR": null, "Comments": null, "Source": "20260627_112621_ssc2_u0002_visual - Planet", "Access": "Hard", "Impact": "Watershed towards Caraballeda", "ID": 210, "Longitude": -66.847344441800004, "Latitude": 10.5840796806 }, "geometry": { "type": "Polygon", "coordinates": [ [ [ -66.847608319999949, 10.583983912000065 ], [ -66.847475680999935, 10.584097599000074 ], [ -66.847374674999969, 10.584184174000029 ], [ -66.847267939999938, 10.584275658000024 ], [ -66.847120769999947, 10.584319053000058 ], [ -66.846930305999933, 10.58436247700007 ], [ -66.846811961999947, 10.58435101300006 ], [ -66.846809031999953, 10.584287517000064 ], [ -66.846855189999985, 10.584255737000035 ], [ -66.846976393999967, 10.584226791000049 ], [ -66.847112025999934, 10.58419494900005 ], [ -66.847253407999972, 10.584128468000074 ], [ -66.847388967999962, 10.583989835000068 ], [ -66.847556249999968, 10.583813658000054 ], [ -66.847688964999975, 10.583735638000064 ], [ -66.847769776999939, 10.583729810000023 ], [ -66.847798676999957, 10.583784629000036 ], [ -66.847781388999977, 10.583827935000045 ], [ -66.847717930999977, 10.583885704000068 ], [ -66.847608319999949, 10.583983912000065 ] ] ] } },
{ "type": "Feature", "properties": { "Shape_Leng": 0.0042832270647199999, "Shape_Area": 6.1592345226800001e-07, "Confidence": "Likely", "Type": "Landslide", "SubtypeLS": "Debris Flow", "SubtypeLQ": null, "SubtypeGR": null, "Comments": null, "Source": "66.8684773°W 10.5942447°N", "Access": "Hard", "Impact": null, "ID": 211, "Longitude": -66.868306996599998, "Latitude": 10.594421370299999 }, "geometry": { "type": "Polygon", "coordinates": [ [ [ -66.868664076999949, 10.594574558000033 ], [ -66.868648296999936, 10.594613115000072 ], [ -66.868614025999932, 10.594649504000074 ], [ -66.868556771999977, 10.594650252000065 ], [ -66.868498621999947, 10.594664139000031 ], [ -66.868459112999972, 10.594685531000039 ], [ -66.868449901999952, 10.594722481000076 ], [ -66.868457306999971, 10.594746490000034 ], [ -66.86850166499994, 10.594783404000054 ], [ -66.868561353999951, 10.594840712000064 ], [ -66.868547945999978, 10.594875451000064 ], [ -66.868535000999941, 10.594908991000068 ], [ -66.868483290999961, 10.594925652000029 ], [ -66.868440800999963, 10.594920139000067 ], [ -66.868401991999974, 10.594894305000025 ], [ -66.86835948099997, 10.594857390000072 ], [ -66.868307719999962, 10.59480016200007 ], [ -66.868233793999934, 10.594744796000043 ], [ -66.868182029999957, 10.594710490000068 ], [ -66.868132182999943, 10.594724546000066 ], [ -66.868098960999987, 10.594765208000069 ], [ -66.868091613999979, 10.594826171000022 ], [ -66.868110124999987, 10.594883422000066 ], [ -66.868139718999942, 10.59493881800006 ], [ -66.868173003999971, 10.594990517000042 ], [ -66.868230302999962, 10.595042199000034 ], [ -66.868294995999975, 10.595101266000029 ], [ -66.868306201999985, 10.595149825000021 ], [ -66.868295040999953, 10.595167765000042 ], [ -66.868239597999946, 10.595129012000029 ], [ -66.868165682999972, 10.595090271000061 ], [ -66.868049241999984, 10.594992449000074 ], [ -66.867975296999987, 10.594909375000043 ], [ -66.867966020999972, 10.594852118000063 ], [ -66.867978900999958, 10.594778220000023 ], [ -66.867984385999932, 10.594695092000052 ], [ -66.867952942999977, 10.594636003000062 ], [ -66.867891946999976, 10.594580628000074 ], [ -66.867884505999939, 10.594504898000025 ], [ -66.86789738899995, 10.594434695000075 ], [ -66.86791765199996, 10.59435340400006 ], [ -66.867936069999985, 10.594273961000056 ], [ -66.867952650999939, 10.594209297000077 ], [ -66.868015407999962, 10.594139061000021 ], [ -66.868092972999932, 10.594113146000041 ], [ -66.868161292999957, 10.594074308000074 ], [ -66.868207426999959, 10.594005930000037 ], [ -66.868283117999965, 10.593941226000027 ], [ -66.868342205999966, 10.593907935000061 ], [ -66.868410541999936, 10.593893111000057 ], [ -66.868464127999971, 10.593917088000069 ], [ -66.868515887999934, 10.59397246900005 ], [ -66.868563931999972, 10.593996450000077 ], [ -66.868611939999937, 10.593968709000023 ], [ -66.868689511999946, 10.593952031000072 ], [ -66.868732010999963, 10.593972321000024 ], [ -66.868750525999985, 10.594035113000075 ], [ -66.868745023999963, 10.594092381000053 ], [ -66.86870812799998, 10.594162600000061 ], [ -66.868673074999947, 10.594227276000026 ], [ -66.868645424999954, 10.594312267000021 ], [ -66.868652874999952, 10.594400928000027 ], [ -66.868673242999932, 10.594472955000072 ], [ -66.868664076999949, 10.594574558000033 ] ] ] } },
{ "type": "Feature", "properties": { "Shape_Leng": 0.0014032131728500001, "Shape_Area": 8.0482841877099995e-08, "Confidence": "Likely", "Type": "Landslide", "SubtypeLS": "Debris Flow", "SubtypeLQ": null, "SubtypeGR": null, "Comments": null, "Source": "20260627_112621_ssc2_u0002_visual - Planet", "Access": "Hard", "Impact": null, "ID": 212, "Longitude": -66.883463303900001, "Latitude": 10.5968000197 }, "geometry": { "type": "Polygon", "coordinates": [ [ [ -66.883484117999956, 10.597082156000056 ], [ -66.883456214999967, 10.597120523000058 ], [ -66.883420742999988, 10.597112272000061 ], [ -66.883398346999968, 10.597094799000047 ], [ -66.883398315999955, 10.597048618000031 ], [ -66.883401163999963, 10.596993777000023 ], [ -66.883414223999978, 10.596872040000051 ], [ -66.883377915999972, 10.596762892000072 ], [ -66.883393920999936, 10.596632667000051 ], [ -66.883383563999985, 10.596581053000023 ], [ -66.88340659499994, 10.596494450000023 ], [ -66.883446996999965, 10.596485763000032 ], [ -66.883490325999958, 10.596537686000033 ], [ -66.883530790999941, 10.596621360000029 ], [ -66.883545301999959, 10.596736801000077 ], [ -66.883550508999974, 10.596923250000032 ], [ -66.88353208999996, 10.597000846000071 ], [ -66.883484117999956, 10.597082156000056 ] ] ] } },
{ "type": "Feature", "properties": { "Shape_Leng": 0.00132853927182, "Shape_Area": 9.1892032163299995e-08, "Confidence": "Likely", "Type": "Landslide", "SubtypeLS": "Debris Flow", "SubtypeLQ": null, "SubtypeGR": null, "Comments": null, "Source": "20260627_112621_ssc2_u0002_visual - Planet", "Access": "Hard", "Impact": null, "ID": 213, "Longitude": -66.882308061800003, "Latitude": 10.5978212402 }, "geometry": { "type": "Polygon", "coordinates": [ [ [ -66.882260003999988, 10.597938253000052 ], [ -66.882182415999978, 10.597930917000042 ], [ -66.882112211999981, 10.597916187000067 ], [ -66.882077099999947, 10.597894045000032 ], [ -66.882064132999972, 10.597840485000063 ], [ -66.882091799999955, 10.597781355000052 ], [ -66.882117639999933, 10.597749935000024 ], [ -66.882161960999952, 10.597733280000057 ], [ -66.882269090999955, 10.597720276000075 ], [ -66.882368829999962, 10.597705430000076 ], [ -66.882431624999981, 10.59769060900004 ], [ -66.882516596999949, 10.597690551000028 ], [ -66.882559114999935, 10.597738549000042 ], [ -66.88254066899998, 10.597775506000062 ], [ -66.882482438999943, 10.597809271000074 ], [ -66.882444953999936, 10.597831007000025 ], [ -66.882433963999972, 10.597837380000044 ], [ -66.882459445999984, 10.597854992000066 ], [ -66.882479775999968, 10.597871603000044 ], [ -66.882492724999963, 10.597897455000066 ], [ -66.882487197999978, 10.597919625000031 ], [ -66.882439184999953, 10.597939977000067 ], [ -66.882352372999947, 10.597951120000062 ], [ -66.882260003999988, 10.597938253000052 ] ] ] } },
{ "type": "Feature", "properties": { "Shape_Leng": 0.0007468677173, "Shape_Area": 3.9774097580900003e-08, "Confidence": "Possible", "Type": "Landslide", "SubtypeLS": "Debris Flow", "SubtypeLQ": null, "SubtypeGR": null, "Comments": null, "Source": "20260627_112621_ssc2_u0002_visual - Planet", "Access": "Hard", "Impact": null, "ID": 214, "Longitude": -66.882990964599998, "Latitude": 10.597408852399999 }, "geometry": { "type": "Polygon", "coordinates": [ [ [ -66.883133378999958, 10.597418588000039 ], [ -66.883070614999951, 10.597479589000045 ], [ -66.882994896999946, 10.597505502000047 ], [ -66.882909934999986, 10.597518491000073 ], [ -66.882887757999981, 10.597503728000049 ], [ -66.882882195999969, 10.597474177000038 ], [ -66.882884007999962, 10.597422454000025 ], [ -66.882893202999981, 10.597363337000047 ], [ -66.882922724999958, 10.597313442000029 ], [ -66.882968891999951, 10.597294938000061 ], [ -66.883026161999965, 10.597304135000059 ], [ -66.883081604999973, 10.597342888000071 ], [ -66.883133378999958, 10.597418588000039 ] ] ] } },
{ "type": "Feature", "properties": { "Shape_Leng": 0.00130640316592, "Shape_Area": 4.6629092174300001e-08, "Confidence": "Likely", "Type": "Landslide", "SubtypeLS": "Debris Flow", "SubtypeLQ": null, "SubtypeGR": null, "Comments": null, "Source": "20260627_112621_ssc2_u0002_visual - Planet", "Access": "Hard", "Impact": null, "ID": 215, "Longitude": -66.8835256582, "Latitude": 10.597165199200001 }, "geometry": { "type": "Polygon", "coordinates": [ [ [ -66.883521282999936, 10.597187865000024 ], [ -66.883483482999964, 10.597204095000052 ], [ -66.88340547599995, 10.597261241000069 ], [ -66.883341670999982, 10.597312120000026 ], [ -66.883287313999972, 10.59734880600007 ], [ -66.883247128999983, 10.597363020000046 ], [ -66.883229391999976, 10.597357121000073 ], [ -66.883237647999977, 10.597329925000054 ], [ -66.883266001999971, 10.597301532000074 ], [ -66.883327453999982, 10.597267206000026 ], [ -66.88336172299995, 10.597245902000054 ], [ -66.883391241999959, 10.597191500000065 ], [ -66.883408954999936, 10.597163115000058 ], [ -66.883454092999955, 10.597123985000053 ], [ -66.883550751999962, 10.597062530000073 ], [ -66.883624044999976, 10.597055386000022 ], [ -66.883684337999966, 10.597055345000058 ], [ -66.883720990999961, 10.59706241300006 ], [ -66.883757651999986, 10.597080121000033 ], [ -66.883765943999947, 10.597103760000039 ], [ -66.883751779999955, 10.597136872000021 ], [ -66.883682048999958, 10.597166475000051 ], [ -66.883600480999974, 10.59717362400005 ], [ -66.883521282999936, 10.597187865000024 ] ] ] } },
{ "type": "Feature", "properties": { "Shape_Leng": 0.0062273196646699999, "Shape_Area": 4.5610160558299998e-07, "Confidence": "Likely", "Type": "Landslide", "SubtypeLS": "Debris Flow", "SubtypeLQ": null, "SubtypeGR": null, "Comments": null, "Source": "20260627_112621_ssc2_u0002_visual - Planet", "Access": "Hard", "Impact": null, "ID": 216, "Longitude": -66.882599184900002, "Latitude": 10.595199773399999 }, "geometry": { "type": "Polygon", "coordinates": [ [ [ -66.881984898999974, 10.595429929000034 ], [ -66.881986678999965, 10.595332026000051 ], [ -66.882038329999943, 10.595228547000033 ], [ -66.882084444999975, 10.595132460000059 ], [ -66.882132414999944, 10.595049303000053 ], [ -66.882197017999943, 10.594977217000064 ], [ -66.882281958999954, 10.594932826000047 ], [ -66.882363209999937, 10.594893979000062 ], [ -66.882433366999976, 10.59484036200007 ], [ -66.882499828999983, 10.594784900000036 ], [ -66.882584773999952, 10.594746050000026 ], [ -66.882673434999958, 10.594738601000074 ], [ -66.882771349999985, 10.594757006000066 ], [ -66.882867383999951, 10.594727385000056 ], [ -66.882976342999939, 10.594688519000044 ], [ -66.883070551999936, 10.594690301000071 ], [ -66.883148143999961, 10.594703179000021 ], [ -66.883199887999979, 10.594736393000062 ], [ -66.883203610999942, 10.594777029000056 ], [ -66.883170379999967, 10.594804760000045 ], [ -66.883074338999961, 10.594825145000073 ], [ -66.882976445999986, 10.594838143000061 ], [ -66.882813903999988, 10.594856726000046 ], [ -66.882675389999974, 10.594895612000073 ], [ -66.88259229099998, 10.594932613000026 ], [ -66.882525813999962, 10.594965909000052 ], [ -66.882418706999943, 10.595012162000046 ], [ -66.882342986999959, 10.595034381000062 ], [ -66.882287591999955, 10.595065821000048 ], [ -66.882287626999982, 10.595117543000072 ], [ -66.88231904099996, 10.595134147000067 ], [ -66.882407719999946, 10.595152558000052 ], [ -66.882564741999943, 10.595165381000072 ], [ -66.882664493999982, 10.595169007000038 ], [ -66.882814141999972, 10.59520400100007 ], [ -66.882880657999976, 10.595227970000053 ], [ -66.882954570999971, 10.595264863000068 ], [ -66.883067297999958, 10.595333133000054 ], [ -66.883159699999965, 10.595394027000054 ], [ -66.883259489999944, 10.595453070000076 ], [ -66.883357433999947, 10.595513961000051 ], [ -66.88342765799996, 10.595558246000053 ], [ -66.883455387999959, 10.595589629000074 ], [ -66.883453571999951, 10.595635811000022 ], [ -66.88341479199994, 10.595652462000032 ], [ -66.88331872599997, 10.595635903000073 ], [ -66.883230040999933, 10.595608256000048 ], [ -66.883113633999983, 10.595560308000074 ], [ -66.882978726999966, 10.595471734000057 ], [ -66.882910334999963, 10.595405282000058 ], [ -66.882849336999982, 10.595348060000049 ], [ -66.882727385999942, 10.595296421000057 ], [ -66.882603614999937, 10.595285423000064 ], [ -66.882468771999982, 10.595289210000033 ], [ -66.882369033999964, 10.595305903000053 ], [ -66.882276685999955, 10.595324438000034 ], [ -66.882226830999969, 10.595354028000031 ], [ -66.882232410999961, 10.595409440000026 ], [ -66.882274933999952, 10.595462980000036 ], [ -66.882348850999961, 10.595505415000048 ], [ -66.882419081999956, 10.595558936000032 ], [ -66.882435740999938, 10.595608800000036 ], [ -66.882376653999984, 10.595643937000034 ], [ -66.88232493199996, 10.595643973000051 ], [ -66.882256567999946, 10.595618159000026 ], [ -66.882151238999938, 10.595562814000061 ], [ -66.882049597999981, 10.595498232000068 ], [ -66.881984898999974, 10.595429929000034 ] ] ] } },
{ "type": "Feature", "properties": { "Shape_Leng": 0.00126346755105, "Shape_Area": 7.5532278525200006e-08, "Confidence": "Likely", "Type": "Landslide", "SubtypeLS": "Debris Flow", "SubtypeLQ": null, "SubtypeGR": null, "Comments": null, "Source": "20260627_112621_ssc2_u0002_visual - Planet", "Access": "Hard", "Impact": null, "ID": 217, "Longitude": -66.898969341699996, "Latitude": 10.596782170699999 }, "geometry": { "type": "Polygon", "coordinates": [ [ [ -66.89890619099998, 10.596659665000061 ], [ -66.898994856999934, 10.596659604000024 ], [ -66.899102007999943, 10.596678003000022 ], [ -66.899198086999945, 10.596713034000061 ], [ -66.899240597999949, 10.59674995000006 ], [ -66.899251703999937, 10.596783192000032 ], [ -66.899218462999954, 10.596796145000042 ], [ -66.899148267999976, 10.596794346000024 ], [ -66.899066979999986, 10.596779624000021 ], [ -66.899028185999953, 10.596775956000045 ], [ -66.899011587999951, 10.59681475900004 ], [ -66.89900791499997, 10.596846164000056 ], [ -66.898989474999951, 10.596892357000058 ], [ -66.898963639999977, 10.596931166000047 ], [ -66.898937792999959, 10.596951503000071 ], [ -66.898902699999951, 10.596957069000041 ], [ -66.898876833999964, 10.596949697000071 ], [ -66.898832475999939, 10.59691278400004 ], [ -66.89881029299994, 10.596888785000033 ], [ -66.898795494999945, 10.596859240000072 ], [ -66.89879360499998, 10.596796436000034 ], [ -66.898791746999962, 10.596781660000033 ], [ -66.898800956999935, 10.596742862000042 ], [ -66.898813871999948, 10.596720686000026 ], [ -66.898830481999937, 10.596698509000021 ], [ -66.89890619099998, 10.596659665000061 ] ] ] } },
{ "type": "Feature", "properties": { "Shape_Leng": 0.0024699608985699999, "Shape_Area": 2.00020508774e-07, "Confidence": "Likely", "Type": "Landslide", "SubtypeLS": "Debris Flow", "SubtypeLQ": null, "SubtypeGR": null, "Comments": null, "Source": "20260627_112621_ssc2_u0002_visual - Planet", "Access": "Hard", "Impact": null, "ID": 218, "Longitude": -66.888569686799997, "Latitude": 10.5830451245 }, "geometry": { "type": "Polygon", "coordinates": [ [ [ -66.888604550999958, 10.583545984000068 ], [ -66.888535322999985, 10.583606643000053 ], [ -66.888483363999967, 10.583598019000021 ], [ -66.888440023999976, 10.583531665000066 ], [ -66.888434158999985, 10.583396014000073 ], [ -66.888442700999974, 10.58322571900004 ], [ -66.888468522999972, 10.58300057200006 ], [ -66.888534667999977, 10.582651289000069 ], [ -66.88857786899996, 10.582515605000026 ], [ -66.888632664999932, 10.582452069000055 ], [ -66.888693307999972, 10.582498208000061 ], [ -66.888707847999967, 10.582656943000075 ], [ -66.888690692999944, 10.582893628000022 ], [ -66.88863607899998, 10.583222700000022 ], [ -66.888604550999958, 10.583545984000068 ] ] ] } },
{ "type": "Feature", "properties": { "Shape_Leng": 0.0068017735783200001, "Shape_Area": 3.2652364754400001e-06, "Confidence": "Questionable", "Type": "Landslide", "SubtypeLS": "Debris Flow", "SubtypeLQ": null, "SubtypeGR": null, "Comments": "Possible reactivation, observed bedrock on historic aerials", "Source": "20260627_112621_ssc2_u0002_visual - Planet", "Access": "Hard", "Impact": null, "ID": 219, "Longitude": -66.891559323799996, "Latitude": 10.582274659499999 }, "geometry": { "type": "Polygon", "coordinates": [ [ [ -66.892383150999933, 10.581953232000046 ], [ -66.892334475999974, 10.582904549000034 ], [ -66.892257195999946, 10.583242837000057 ], [ -66.892158674999962, 10.583433161000073 ], [ -66.892024900999957, 10.583595323000054 ], [ -66.89179237999997, 10.583616622000022 ], [ -66.891602069999976, 10.58353924000005 ], [ -66.891362332999961, 10.583313915000076 ], [ -66.891150723999942, 10.58300401200006 ], [ -66.890896801999986, 10.582644812000069 ], [ -66.890621750999969, 10.582299719000048 ], [ -66.890579239999965, 10.581961514000056 ], [ -66.890607232999969, 10.581679633000022 ], [ -66.890733872999988, 10.581390637000027 ], [ -66.890980395999975, 10.581235444000072 ], [ -66.891374958999961, 10.581171755000071 ], [ -66.891614550999975, 10.581185684000047 ], [ -66.891790738999987, 10.581220796000025 ], [ -66.892002192999939, 10.581305210000039 ], [ -66.892178462999937, 10.581460114000038 ], [ -66.892305435999958, 10.581657330000041 ], [ -66.892347811999969, 10.58179823200004 ], [ -66.892383150999933, 10.581953232000046 ] ] ] } },
{ "type": "Feature", "properties": { "Shape_Leng": 0.0027306267666, "Shape_Area": 1.84622570983e-07, "Confidence": "Likely", "Type": "Landslide", "SubtypeLS": "Debris Flow", "SubtypeLQ": null, "SubtypeGR": null, "Comments": null, "Source": "20260627_112621_ssc2_u0001_visual - Planet and B140001100B5C810 - RadiantEarth - 06/29/2026", "Access": "Hard", "Impact": null, "ID": 220, "Longitude": -66.9145351584, "Latitude": 10.5916965074 }, "geometry": { "type": "Polygon", "coordinates": [ [ [ -66.914696366999976, 10.591747965000025 ], [ -66.914603884999963, 10.591745378000041 ], [ -66.914489144999948, 10.591779991000067 ], [ -66.914470568999945, 10.591811887000063 ], [ -66.914476963999959, 10.591855143000032 ], [ -66.914539685999955, 10.591864979000036 ], [ -66.91456627599996, 10.591894188000026 ], [ -66.914547696999932, 10.59192342700004 ], [ -66.91448128199994, 10.591936757000042 ], [ -66.914398801999937, 10.591931455000065 ], [ -66.914315569999985, 10.591944931000057 ], [ -66.91419166999998, 10.591934299000059 ], [ -66.914114619999964, 10.591937009000048 ], [ -66.914040226999987, 10.59193971600007 ], [ -66.913973796999983, 10.591931791000036 ], [ -66.91396580299994, 10.591897256000038 ], [ -66.914000317999978, 10.591860035000025 ], [ -66.914080015999957, 10.591844038000033 ], [ -66.91417299699998, 10.591825376000031 ], [ -66.914242068999954, 10.591812044000051 ], [ -66.914316432999954, 10.591766824000047 ], [ -66.91445375099994, 10.59167621000006 ], [ -66.914540267999939, 10.591572245000066 ], [ -66.914623923999955, 10.591505804000064 ], [ -66.914694535999956, 10.591451730000074 ], [ -66.914846882999939, 10.591366004000065 ], [ -66.914906008999935, 10.591370532000042 ], [ -66.914961827999946, 10.591402377000065 ], [ -66.914967173999969, 10.591450199000064 ], [ -66.914927353999985, 10.591500709000059 ], [ -66.914866269999948, 10.591537948000052 ], [ -66.914823779999949, 10.591569861000039 ], [ -66.914799895999977, 10.591612389000034 ], [ -66.914826498999957, 10.591660196000021 ], [ -66.914789342999939, 10.591721332000077 ], [ -66.914696366999976, 10.591747965000025 ] ] ] } },
{ "type": "Feature", "properties": { "Shape_Leng": 0.00095433602315299999, "Shape_Area": 3.7451490848599998e-08, "Confidence": "Likely", "Type": "Landslide", "SubtypeLS": "Debris Flow", "SubtypeLQ": null, "SubtypeGR": null, "Comments": null, "Source": "20260627_112621_ssc2_u0002_visual - Planet", "Access": "Hard", "Impact": null, "ID": 221, "Longitude": -66.865740064700006, "Latitude": 10.589484168 }, "geometry": { "type": "Polygon", "coordinates": [ [ [ -66.865526253999974, 10.589499242000045 ], [ -66.865513230999966, 10.589472060000048 ], [ -66.865532137999935, 10.589460225000039 ], [ -66.865578229999983, 10.589438914000027 ], [ -66.865658608999979, 10.589422308000053 ], [ -66.865787476999969, 10.58943167700005 ], [ -66.865877338999951, 10.589451713000074 ], [ -66.865950659999953, 10.589485947000071 ], [ -66.865955403999976, 10.58950840600005 ], [ -66.865906956999936, 10.589542723000022 ], [ -66.865845482999987, 10.589545130000033 ], [ -66.865749715999982, 10.589533373000052 ], [ -66.865640945999985, 10.589523990000032 ], [ -66.865526253999974, 10.589499242000045 ] ] ] } },
{ "type": "Feature", "properties": { "Shape_Leng": 0.000922652013, "Shape_Area": 4.5626286448599997e-08, "Confidence": "Likely", "Type": "Landslide", "SubtypeLS": "Debris Flow", "SubtypeLQ": null, "SubtypeGR": null, "Comments": null, "Source": "20260627_112621_ssc2_u0002_visual - Planet", "Access": "Hard", "Impact": null, "ID": 222, "Longitude": -66.871040172799994, "Latitude": 10.5871683616 }, "geometry": { "type": "Polygon", "coordinates": [ [ [ -66.870972045999963, 10.587318866000032 ], [ -66.870914322999965, 10.587321791000022 ], [ -66.870896979999941, 10.587284282000041 ], [ -66.870896955999967, 10.587249647000021 ], [ -66.870902706999971, 10.587217894000048 ], [ -66.870919992999973, 10.587171702000035 ], [ -66.870963254999936, 10.587125492000041 ], [ -66.87103826799995, 10.587082146000057 ], [ -66.871113282999943, 10.587041687000067 ], [ -66.871168112999953, 10.58702721800006 ], [ -66.87120854799997, 10.587067598000033 ], [ -66.871202810999932, 10.587119555000072 ], [ -66.871142230999965, 10.587165777000052 ], [ -66.871049917999983, 10.587235110000051 ], [ -66.870972045999963, 10.587318866000032 ] ] ] } },
{ "type": "Feature", "properties": { "Shape_Leng": 0.00174188377349, "Shape_Area": 1.09479667085e-07, "Confidence": "Likely", "Type": "Landslide", "SubtypeLS": "Debris Flow", "SubtypeLQ": null, "SubtypeGR": null, "Comments": null, "Source": "20260627_112621_ssc2_u0002_visual - Planet", "Access": "Hard", "Impact": null, "ID": 223, "Longitude": -66.869527751800007, "Latitude": 10.5876227522 }, "geometry": { "type": "Polygon", "coordinates": [ [ [ -66.86955226699996, 10.587703711000074 ], [ -66.869488803999957, 10.587755708000032 ], [ -66.869428217999939, 10.587793271000066 ], [ -66.869370520999951, 10.58783371800007 ], [ -66.869330122999941, 10.587848177000069 ], [ -66.869286828999975, 10.587848207000036 ], [ -66.869252149999966, 10.587784732000046 ], [ -66.869252098999937, 10.587709690000054 ], [ -66.869286672999976, 10.587620192000031 ], [ -66.869367464999982, 10.587585501000035 ], [ -66.86945402899994, 10.587550807000071 ], [ -66.869580998999936, 10.587513198000067 ], [ -66.869687764999981, 10.587475604000076 ], [ -66.869768554999951, 10.587438027000076 ], [ -66.869837808999932, 10.587414889000058 ], [ -66.869892641999968, 10.587406193000049 ], [ -66.869930165999961, 10.587409053000044 ], [ -66.869941730999983, 10.587437908000027 ], [ -66.869901351999943, 10.587481230000037 ], [ -66.869780170999945, 10.58754192400005 ], [ -66.869682076999936, 10.587599717000046 ], [ -66.869621492999954, 10.587640166000028 ], [ -66.86955226699996, 10.587703711000074 ] ] ] } },
{ "type": "Feature", "properties": { "Shape_Leng": 0.0034197600191899998, "Shape_Area": 1.7723624514099999e-07, "Confidence": "Likely", "Type": "Landslide", "SubtypeLS": "Debris Flow", "SubtypeLQ": null, "SubtypeGR": null, "Comments": null, "Source": "20260627_112621_ssc2_u0002_visual - Planet", "Access": "Hard", "Impact": null, "ID": 224, "Longitude": -66.870108967899995, "Latitude": 10.5856857716 }, "geometry": { "type": "Polygon", "coordinates": [ [ [ -66.87052044099994, 10.58535074100007 ], [ -66.870200286999932, 10.585674222000023 ], [ -66.870047430999932, 10.585844617000021 ], [ -66.869940708999934, 10.585945709000043 ], [ -66.869802285999981, 10.586118980000037 ], [ -66.869686906999959, 10.586222964000058 ], [ -66.869534009999938, 10.586332747000029 ], [ -66.869496507999941, 10.586361636000049 ], [ -66.869467645999976, 10.586361655000076 ], [ -66.869464735999941, 10.586327022000035 ], [ -66.869476246999966, 10.586277948000031 ], [ -66.869545477999964, 10.586220175000051 ], [ -66.869620478999934, 10.586159512000052 ], [ -66.869683939999959, 10.586104629000033 ], [ -66.869753164999963, 10.58603819800004 ], [ -66.869833924999966, 10.585957327000074 ], [ -66.869906029999981, 10.585882235000042 ], [ -66.869989665999981, 10.58578693100003 ], [ -66.870061735999968, 10.58565988600003 ], [ -66.870116509999946, 10.585564601000044 ], [ -66.870185718999949, 10.585475080000037 ], [ -66.870286662999945, 10.585365332000038 ], [ -66.870390502999953, 10.585270015000049 ], [ -66.870465486999933, 10.585183375000042 ], [ -66.870537599999977, 10.585119828000074 ], [ -66.870586679999974, 10.585139998000045 ], [ -66.870583860999943, 10.585238133000075 ], [ -66.87052044099994, 10.58535074100007 ] ] ] } },
{ "type": "Feature", "properties": { "Shape_Leng": 0.00538437572879, "Shape_Area": 3.0198376280200001e-07, "Confidence": "Likely", "Type": "Landslide", "SubtypeLS": "Debris Flow", "SubtypeLQ": null, "SubtypeGR": null, "Comments": null, "Source": "20260627_112621_ssc2_u0002_visual - Planet", "Access": "Hard", "Impact": null, "ID": 225, "Longitude": -66.871312870799997, "Latitude": 10.5843758024 }, "geometry": { "type": "Polygon", "coordinates": [ [ [ -66.872175246999973, 10.583877251000047 ], [ -66.872004005999941, 10.584037628000033 ], [ -66.871815683999955, 10.584174451000024 ], [ -66.871640259999936, 10.584263237000073 ], [ -66.871490672999983, 10.584316908000062 ], [ -66.871197044999974, 10.584495762000074 ], [ -66.870985152999936, 10.584595123000042 ], [ -66.870886002999953, 10.584689896000043 ], [ -66.870759826999972, 10.584834296000054 ], [ -66.870593069999984, 10.584987743000056 ], [ -66.870358603999932, 10.585051041000042 ], [ -66.870223322999948, 10.585069173000022 ], [ -66.870205283999951, 10.585069185000066 ], [ -66.870124101999977, 10.585060221000049 ], [ -66.870119566999961, 10.585024146000023 ], [ -66.870182669999963, 10.58497449500004 ], [ -66.870286366999949, 10.584933836000062 ], [ -66.870435162999968, 10.58489314600007 ], [ -66.870651585999951, 10.584825351000063 ], [ -66.870755255999939, 10.584744103000048 ], [ -66.870903951999935, 10.584559100000035 ], [ -66.87112482699996, 10.584405616000026 ], [ -66.871291608999968, 10.584288247000075 ], [ -66.871435869999971, 10.584211482000057 ], [ -66.871589146999952, 10.58413020100005 ], [ -66.871733400999972, 10.58404441600004 ], [ -66.871895685999959, 10.583945089000053 ], [ -66.872066958999937, 10.583800659000076 ], [ -66.872197652999944, 10.583669785000041 ], [ -66.872278810999944, 10.583642671000064 ], [ -66.872319414999936, 10.583665192000069 ], [ -66.872296917999961, 10.583741874000054 ], [ -66.872175246999973, 10.583877251000047 ] ] ] } },
{ "type": "Feature", "properties": { "Shape_Leng": 0.00094574218055300003, "Shape_Area": 4.7943466976900003e-08, "Confidence": "Likely", "Type": "Landslide", "SubtypeLS": "Debris Flow", "SubtypeLQ": null, "SubtypeGR": null, "Comments": null, "Source": "20260627_112621_ssc2_u0002_visual - Planet", "Access": "Hard", "Impact": null, "ID": 226, "Longitude": -66.876549059699997, "Latitude": 10.579463498400001 }, "geometry": { "type": "Polygon", "coordinates": [ [ [ -66.876402839999969, 10.579556977000038 ], [ -66.876380647999952, 10.579520048000063 ], [ -66.876389847999974, 10.579466472000036 ], [ -66.876417526999944, 10.579423967000025 ], [ -66.876454457999955, 10.57940547000004 ], [ -66.876511725999933, 10.579410972000062 ], [ -66.876543125999945, 10.579407257000071 ], [ -66.876598939999951, 10.579382283000029 ], [ -66.876660563999963, 10.579327386000045 ], [ -66.876687136999976, 10.579303714000048 ], [ -66.87670934199997, 10.579359115000045 ], [ -66.876700141999947, 10.579412691000073 ], [ -66.876659561999986, 10.579497690000039 ], [ -66.876591253999948, 10.579555 ], [ -66.876498903999959, 10.579569841000023 ], [ -66.876402839999969, 10.579556977000038 ] ] ] } },
{ "type": "Feature", "properties": { "Shape_Leng": 0.0011042268478599999, "Shape_Area": 5.8188728718400001e-08, "Confidence": "Likely", "Type": "Landslide", "SubtypeLS": "Debris Flow", "SubtypeLQ": null, "SubtypeGR": null, "Comments": null, "Source": "20260627_112621_ssc2_u0002_visual - Planet", "Access": "Hard", "Impact": null, "ID": 227, "Longitude": -66.874505689399996, "Latitude": 10.5790868595 }, "geometry": { "type": "Polygon", "coordinates": [ [ [ -66.874634773999958, 10.578972160000035 ], [ -66.874528140999985, 10.579203134000068 ], [ -66.874438745999953, 10.579318646000047 ], [ -66.87440699299998, 10.579312896000033 ], [ -66.874375207999947, 10.579260964000071 ], [ -66.874386707999975, 10.579194572000063 ], [ -66.874415504999945, 10.579099306000046 ], [ -66.874461619999977, 10.579004028000043 ], [ -66.87453082899998, 10.578914506000046 ], [ -66.874585626999988, 10.57885385700007 ], [ -66.874620273999938, 10.578871151000044 ], [ -66.874637622999956, 10.578917319000027 ], [ -66.874634773999958, 10.578972160000035 ] ] ] } },
{ "type": "Feature", "properties": { "Shape_Leng": 0.000465656314356, "Shape_Area": 1.3516553242700001e-08, "Confidence": "Likely", "Type": "Landslide", "SubtypeLS": "Debris Flow", "SubtypeLQ": null, "SubtypeGR": null, "Comments": null, "Source": "20260627_112621_ssc2_u0002_visual - Planet", "Access": "Hard", "Impact": null, "ID": 228, "Longitude": -66.870179691399997, "Latitude": 10.5773843138 }, "geometry": { "type": "Polygon", "coordinates": [ [ [ -66.870138100999952, 10.577456408000046 ], [ -66.870102627999984, 10.577446974000054 ], [ -66.870100252999976, 10.577430425000045 ], [ -66.870104964999939, 10.577406777000022 ], [ -66.870120314999951, 10.57737839400005 ], [ -66.87014394199997, 10.577353551000044 ], [ -66.870195938999984, 10.577323960000058 ], [ -66.870234940999978, 10.577307382000072 ], [ -66.870256232999964, 10.577325101000042 ], [ -66.870256254999958, 10.577357021000068 ], [ -66.870235000999969, 10.577394866000077 ], [ -66.870201920999932, 10.577426809000031 ], [ -66.870138100999952, 10.577456408000046 ] ] ] } },
{ "type": "Feature", "properties": { "Shape_Leng": 0.0021377350989900002, "Shape_Area": 3.2317963586799999e-07, "Confidence": "Possible", "Type": "Landslide", "SubtypeLS": "Debris Flow", "SubtypeLQ": null, "SubtypeGR": null, "Comments": "Reactivated", "Source": "20260627_112621_ssc2_u0001_visual - Planet", "Access": "Hard", "Impact": null, "ID": 229, "Longitude": -66.946712649000006, "Latitude": 10.590600161199999 }, "geometry": { "type": "Polygon", "coordinates": [ [ [ -66.947007734999943, 10.590420007000034 ], [ -66.947057938999933, 10.590476408000029 ], [ -66.947072610999953, 10.590534925000043 ], [ -66.947066376999942, 10.59058927500007 ], [ -66.947053861999962, 10.590626907000058 ], [ -66.947041332999959, 10.590645728000027 ], [ -66.947016277999978, 10.590685459000042 ], [ -66.947010039999952, 10.590733539000041 ], [ -66.947026788999949, 10.590773241000022 ], [ -66.947008006999965, 10.590817149000031 ], [ -66.946901417999982, 10.590836034000063 ], [ -66.94677601799998, 10.59085493200007 ], [ -66.946753027999932, 10.590859128000034 ], [ -66.946671527999968, 10.590886357000045 ], [ -66.946583729999986, 10.590873876000046 ], [ -66.946512643999938, 10.590846751000072 ], [ -66.946401828999967, 10.590798752000069 ], [ -66.946374630999969, 10.590761147000023 ], [ -66.946374581999976, 10.590690079000069 ], [ -66.946376628999985, 10.590627371000039 ], [ -66.946338957999956, 10.590558420000036 ], [ -66.946349367999971, 10.590497796000022 ], [ -66.946405767999977, 10.590445502000023 ], [ -66.946468445999983, 10.590403654000056 ], [ -66.946564581999951, 10.590382686000055 ], [ -66.94667114899994, 10.590332448000026 ], [ -66.946771459999979, 10.59030311600003 ], [ -66.946882252999956, 10.590319762000036 ], [ -66.946953345999987, 10.590357337000057 ], [ -66.947007734999943, 10.590420007000034 ] ] ] } },
{ "type": "Feature", "properties": { "Shape_Leng": 0.00057343807494600004, "Shape_Area": 2.07824640026e-08, "Confidence": "Possible", "Type": "Landslide", "SubtypeLS": "Debris Flow", "SubtypeLQ": null, "SubtypeGR": null, "Comments": null, "Source": "20260627_112621_ssc2_u0001_visual - Planet", "Access": "Hard", "Impact": null, "ID": 230, "Longitude": -66.941706863500002, "Latitude": 10.589957134800001 }, "geometry": { "type": "Polygon", "coordinates": [ [ [ -66.941797783999959, 10.590016567000021 ], [ -66.941796118999946, 10.590035256000021 ], [ -66.94178442599997, 10.590044668000075 ], [ -66.941784427999949, 10.590047344000027 ], [ -66.941764366999962, 10.590055384000038 ], [ -66.941745638999976, 10.590055397000071 ], [ -66.941720215999965, 10.590047388000073 ], [ -66.941692107999984, 10.590024665000044 ], [ -66.941672032999975, 10.59001130200005 ], [ -66.941645249999965, 10.58997118800005 ], [ -66.941631850999954, 10.589939091000076 ], [ -66.941623796999977, 10.589898964000042 ], [ -66.941635819999988, 10.589874877000057 ], [ -66.941679952999948, 10.589856118000057 ], [ -66.941701358999978, 10.589858779000053 ], [ -66.941728124999941, 10.589876151000055 ], [ -66.941745547999972, 10.589922960000024 ], [ -66.941765644999975, 10.589967092000052 ], [ -66.941797783999959, 10.590016567000021 ] ] ] } },
{ "type": "Feature", "properties": { "Shape_Leng": 0.0030385172882900001, "Shape_Area": 1.27999421381e-07, "Confidence": "Possible", "Type": "Landslide", "SubtypeLS": "Debris Flow", "SubtypeLQ": null, "SubtypeGR": null, "Comments": "Reactivated", "Source": "20260627_112621_ssc2_u0001_visual - Planet", "Access": "Hard", "Impact": null, "ID": 231, "Longitude": -66.926514437999998, "Latitude": 10.588358212 }, "geometry": { "type": "Polygon", "coordinates": [ [ [ -66.926534731999936, 10.588450406000049 ], [ -66.926478338999971, 10.588513151000029 ], [ -66.926411539999947, 10.588642791000041 ], [ -66.926380265999967, 10.588757775000033 ], [ -66.926336473999982, 10.58890830100006 ], [ -66.926324055999942, 10.58908806900007 ], [ -66.926303274999952, 10.589265752000074 ], [ -66.926328480999985, 10.589445494000074 ], [ -66.926372422999975, 10.589514441000063 ], [ -66.926384998999936, 10.589564598000038 ], [ -66.926368303999936, 10.589604324000049 ], [ -66.926324400999988, 10.589591812000037 ], [ -66.926253289999977, 10.589529154000047 ], [ -66.926223949999951, 10.589416302000075 ], [ -66.926221784999939, 10.589307612000027 ], [ -66.926230031999978, 10.589140389000022 ], [ -66.926280023999936, 10.588887437000039 ], [ -66.926309176999951, 10.58872647000004 ], [ -66.926355056999967, 10.588573852000025 ], [ -66.926423919999934, 10.588406587000065 ], [ -66.926461466999967, 10.588293689000068 ], [ -66.926540843999987, 10.58821838700004 ], [ -66.926593114999946, 10.588241344000039 ], [ -66.926611966999985, 10.588299857000038 ], [ -66.92661198899998, 10.588331210000035 ], [ -66.926578581999934, 10.588385579000033 ], [ -66.926534731999936, 10.588450406000049 ] ] ] } },
{ "type": "Feature", "properties": { "Shape_Leng": 0.0014328809029700001, "Shape_Area": 6.8559283151699994e-08, "Confidence": "Questionable", "Type": "Landslide", "SubtypeLS": "Debris Flow", "SubtypeLQ": null, "SubtypeGR": null, "Comments": "Apparent reactivation", "Source": "20260627_112621_ssc2_u0001_visual - Planet", "Access": "Hard", "Impact": null, "ID": 232, "Longitude": -66.925565128299993, "Latitude": 10.5889130458 }, "geometry": { "type": "Polygon", "coordinates": [ [ [ -66.925366810999947, 10.589201596000066 ], [ -66.925339359999953, 10.589196388000062 ], [ -66.925324993999936, 10.589182813000036 ], [ -66.925324973999977, 10.589153550000049 ], [ -66.925350021999975, 10.589103367000064 ], [ -66.925393877999966, 10.589046901000074 ], [ -66.925441904999957, 10.588975801000061 ], [ -66.925487834999956, 10.588896341000066 ], [ -66.925554661999968, 10.588808506000021 ], [ -66.925623607999967, 10.588762473000031 ], [ -66.925669550999942, 10.588701826000033 ], [ -66.925736423999979, 10.588680877000058 ], [ -66.92576988199994, 10.588701757000024 ], [ -66.925769905999971, 10.588737291000029 ], [ -66.925774109999963, 10.588770731000068 ], [ -66.925769948999971, 10.588799997000024 ], [ -66.925742803999981, 10.588839730000075 ], [ -66.925694752999959, 10.588875297000072 ], [ -66.925594473999979, 10.588950614000055 ], [ -66.925535995999951, 10.589021721000051 ], [ -66.925441994999971, 10.589107485000056 ], [ -66.925366810999947, 10.589201596000066 ] ] ] } },
{ "type": "Feature", "properties": { "Shape_Leng": 0.00129666805574, "Shape_Area": 6.8113878233799997e-08, "Confidence": "Likely", "Type": "Landslide", "SubtypeLS": "Debris Flow", "SubtypeLQ": null, "SubtypeGR": null, "Comments": null, "Source": "B040001100075510 - RadiantEarth - 06/26/2026", "Access": "Hard", "Impact": null, "ID": 233, "Longitude": -66.919253848500006, "Latitude": 10.588103802499999 }, "geometry": { "type": "Polygon", "coordinates": [ [ [ -66.919087930999979, 10.588056090000066 ], [ -66.919050371999958, 10.587997896000047 ], [ -66.919038145999934, 10.587951732000022 ], [ -66.919072720999964, 10.587924688000044 ], [ -66.919151014999954, 10.587929789000043 ], [ -66.919234590999963, 10.587989140000047 ], [ -66.919358804999945, 10.588093661000073 ], [ -66.919398514999955, 10.588134251000042 ], [ -66.919440756999961, 10.588204002000055 ], [ -66.919462771999974, 10.58823540700007 ], [ -66.919497349999972, 10.588258948000032 ], [ -66.919528777999972, 10.588271494000026 ], [ -66.919531932999973, 10.58829034300004 ], [ -66.91950994299998, 10.588296642000046 ], [ -66.91943609499998, 10.588277841000036 ], [ -66.919352814999968, 10.58825119200003 ], [ -66.919296239999937, 10.58822295300007 ], [ -66.919211376999954, 10.588177453000071 ], [ -66.919137502999945, 10.588122519000024 ], [ -66.919087930999979, 10.588056090000066 ] ] ] } },
{ "type": "Feature", "properties": { "Shape_Leng": 0.0034622360580800001, "Shape_Area": 1.2887266675400001e-07, "Confidence": "Likely", "Type": "Landslide", "SubtypeLS": "Debris Flow", "SubtypeLQ": null, "SubtypeGR": null, "Comments": null, "Source": "20260627_112621_ssc2_u0001_visual - Planet and B140001100B5C810 - RadiantEarth - 06/29/2026", "Access": "Hard", "Impact": null, "ID": 234, "Longitude": -66.914285491000001, "Latitude": 10.585206544 }, "geometry": { "type": "Polygon", "coordinates": [ [ [ -66.914053895999984, 10.585240009000074 ], [ -66.913991869999961, 10.58526127600004 ], [ -66.913940089999983, 10.585297405000063 ], [ -66.913933570999973, 10.585312646000034 ], [ -66.913910725999983, 10.585325721000061 ], [ -66.913882437999973, 10.585337712000069 ], [ -66.913863939999942, 10.585340989000031 ], [ -66.913821498999937, 10.585345371000074 ], [ -66.913786419999951, 10.585346794000031 ], [ -66.91369238599998, 10.585384482000052 ], [ -66.913627615999985, 10.585424241000055 ], [ -66.913554495999961, 10.585478637000051 ], [ -66.913441674999945, 10.585553962000063 ], [ -66.913353945999972, 10.585641812000063 ], [ -66.913276634999988, 10.585681579000038 ], [ -66.913239021999971, 10.585698326000056 ], [ -66.913216025999986, 10.58569207100004 ], [ -66.913220179999939, 10.585654445000046 ], [ -66.913264045999938, 10.585612610000055 ], [ -66.913345528999969, 10.585560299000065 ], [ -66.913427012999932, 10.585510077000038 ], [ -66.913521018999973, 10.58543058500004 ], [ -66.913602498999978, 10.585374093000041 ], [ -66.91365264999996, 10.585353156000053 ], [ -66.91371742299998, 10.585317578000058 ], [ -66.913805175999983, 10.585265262000064 ], [ -66.913903387999937, 10.585223391000056 ], [ -66.914005782999936, 10.585185696000053 ], [ -66.914074745999983, 10.585164747000022 ], [ -66.914185523999947, 10.585158400000068 ], [ -66.914292121999949, 10.585154147000026 ], [ -66.914365517999954, 10.585157812000034 ], [ -66.914428638999937, 10.585157769000034 ], [ -66.914490668999974, 10.585153373000026 ], [ -66.914538851999964, 10.585152563000065 ], [ -66.914558142999965, 10.585152239000024 ], [ -66.914601679999976, 10.585160915000074 ], [ -66.914634343999978, 10.585182659000054 ], [ -66.914641978999953, 10.585206596000035 ], [ -66.91460933999997, 10.585221854000054 ], [ -66.914573428999972, 10.585226232000025 ], [ -66.91452772599996, 10.585233882000068 ], [ -66.914509238999983, 10.585253484000077 ], [ -66.91451361299994, 10.585285041000077 ], [ -66.914539757999933, 10.585322025000039 ], [ -66.914553917999967, 10.585339428000054 ], [ -66.914562638999939, 10.585361188000036 ], [ -66.914561565999975, 10.585384043000033 ], [ -66.914527843999963, 10.585405832000049 ], [ -66.914500635999957, 10.585404762000053 ], [ -66.914478853999981, 10.585381923000057 ], [ -66.914447272999951, 10.58535147300006 ], [ -66.914399359999948, 10.585310150000055 ], [ -66.914365607999969, 10.585288407000064 ], [ -66.914323150999962, 10.585268847000066 ], [ -66.914270902999988, 10.585254735000035 ], [ -66.914168404999941, 10.585231790000023 ], [ -66.914129136999975, 10.585229507000065 ], [ -66.914053895999984, 10.585240009000074 ] ] ] } },
{ "type": "Feature", "properties": { "Shape_Leng": 0.0022686608817699999, "Shape_Area": 1.8103856436799999e-07, "Confidence": "Likely", "Type": "Landslide", "SubtypeLS": "Debris Flow", "SubtypeLQ": null, "SubtypeGR": null, "Comments": null, "Source": "20260627_112621_ssc2_u0001_visual - Planet and B140001100B5C810 - RadiantEarth - 06/29/2026", "Access": "Hard", "Impact": null, "ID": 235, "Longitude": -66.913482245699996, "Latitude": 10.587134906399999 }, "geometry": { "type": "Polygon", "coordinates": [ [ [ -66.913235927999949, 10.587284809000039 ], [ -66.913173216999951, 10.587278581000021 ], [ -66.913069895999968, 10.587277398000026 ], [ -66.913003473999936, 10.587280100000044 ], [ -66.912931738999987, 10.587285463000057 ], [ -66.912883904999944, 10.587272211000027 ], [ -66.912889194999934, 10.587237667000068 ], [ -66.912942317999978, 10.587213718000044 ], [ -66.913016698999968, 10.587192411000046 ], [ -66.913077802999965, 10.587184398000034 ], [ -66.913158490999933, 10.587140636000072 ], [ -66.913198190999935, 10.587119707000056 ], [ -66.913298495999982, 10.587082014000032 ], [ -66.913380014999973, 10.587081958000056 ], [ -66.913446875999966, 10.587044288000072 ], [ -66.913503273999936, 10.586987814000054 ], [ -66.913606381999955, 10.586952880000069 ], [ -66.913667479999958, 10.586934239000072 ], [ -66.913781251999978, 10.58695627000003 ], [ -66.913845532999972, 10.586987256000043 ], [ -66.913877441999944, 10.587024432000021 ], [ -66.913874835999934, 10.58709882900007 ], [ -66.913850955999976, 10.587146671000028 ], [ -66.913800513999945, 10.587205159000064 ], [ -66.913750050999965, 10.587234420000073 ], [ -66.913683637999952, 10.587250407000056 ], [ -66.913568243999975, 10.58724068600003 ], [ -66.913380117999964, 10.587232454000059 ], [ -66.913355036999974, 10.587234562000049 ], [ -66.913296521999939, 10.587251323000032 ], [ -66.913235927999949, 10.587284809000039 ] ] ] } },
{ "type": "Feature", "properties": { "Shape_Leng": 0.0031329689046300001, "Shape_Area": 1.8597579559899999e-07, "Confidence": "Possible", "Type": "Landslide", "SubtypeLS": "Debris Flow", "SubtypeLQ": null, "SubtypeGR": null, "Comments": null, "Source": "20260627_112621_ssc2_u0001_visual - Planet", "Access": "Hard", "Impact": null, "ID": 236, "Longitude": -66.910865903000001, "Latitude": 10.583933378 }, "geometry": { "type": "Polygon", "coordinates": [ [ [ -66.911057982999978, 10.584522763000052 ], [ -66.911043322999944, 10.584535492000043 ], [ -66.911019241999952, 10.584532833000026 ], [ -66.910997831999964, 10.584523483000055 ], [ -66.910986106999985, 10.584486886000036 ], [ -66.910940302999961, 10.584369343000049 ], [ -66.910887966999951, 10.584251803000029 ], [ -66.910848671999986, 10.58410159500005 ], [ -66.910802856999965, 10.583967722000068 ], [ -66.910789736999959, 10.58388608100006 ], [ -66.910783152999954, 10.583810968000023 ], [ -66.910740652999948, 10.583748944000035 ], [ -66.910655672999951, 10.583654289000037 ], [ -66.910544566999988, 10.583562918000041 ], [ -66.910466156999973, 10.583523780000064 ], [ -66.910351814999956, 10.583474868000053 ], [ -66.910302784999942, 10.583416115000034 ], [ -66.910289659999933, 10.583327942000039 ], [ -66.910338624999952, 10.583291983000038 ], [ -66.910436624999988, 10.583321310000031 ], [ -66.910557532999974, 10.58341920600003 ], [ -66.910730709999939, 10.583536662000029 ], [ -66.910841826999956, 10.583644364000065 ], [ -66.910910519999959, 10.583801083000026 ], [ -66.910940051999944, 10.584003554000049 ], [ -66.911018582999986, 10.584219054000073 ], [ -66.911057982999978, 10.584522763000052 ] ] ] } },
{ "type": "Feature", "properties": { "Shape_Leng": 0.0023642065546399999, "Shape_Area": 1.4699825455299999e-07, "Confidence": "Likely", "Type": "Landslide", "SubtypeLS": "Debris Flow", "SubtypeLQ": null, "SubtypeGR": null, "Comments": null, "Source": "20260627_112621_ssc2_u0001_visual - Planet", "Access": "Hard", "Impact": null, "ID": 237, "Longitude": -66.914914115399995, "Latitude": 10.573952154400001 }, "geometry": { "type": "Polygon", "coordinates": [ [ [ -66.914818970999988, 10.57446623800007 ], [ -66.914800605999972, 10.574475347000032 ], [ -66.914783773999943, 10.574475982000024 ], [ -66.914766311999983, 10.574467890000051 ], [ -66.914751340999942, 10.574454808000041 ], [ -66.914752044999943, 10.574410545000035 ], [ -66.914752006999947, 10.574354806000031 ], [ -66.914774210999951, 10.574221016000024 ], [ -66.914815009999984, 10.574109510000028 ], [ -66.914859502999946, 10.573964557000068 ], [ -66.914896580999937, 10.573845621000032 ], [ -66.914907656999958, 10.57374156700007 ], [ -66.914903866999964, 10.573633807000022 ], [ -66.914896371999987, 10.573540913000045 ], [ -66.914892566999981, 10.573410857000056 ], [ -66.914907404999951, 10.573373687000071 ], [ -66.914963166999939, 10.573407093000071 ], [ -66.915018990999954, 10.573529681000025 ], [ -66.915041400999939, 10.573696884000071 ], [ -66.915041494999969, 10.573834374000057 ], [ -66.915004462999946, 10.574020197000038 ], [ -66.914948855999967, 10.574213465000071 ], [ -66.914893205999988, 10.574343561000035 ], [ -66.914818970999988, 10.57446623800007 ] ] ] } },
{ "type": "Feature", "properties": { "Shape_Leng": 0.0020824751345, "Shape_Area": 2.9134865391099998e-07, "Confidence": "Possible", "Type": "Landslide", "SubtypeLS": "Debris Flow", "SubtypeLQ": null, "SubtypeGR": null, "Comments": null, "Source": "20260627_112621_ssc2_u0001_visual - Planet", "Access": "Hard", "Impact": null, "ID": 238, "Longitude": -66.914628585200006, "Latitude": 10.5728000058 }, "geometry": { "type": "Polygon", "coordinates": [ [ [ -66.914772322999966, 10.573200617000055 ], [ -66.914648603999979, 10.573124599000039 ], [ -66.914548674999935, 10.573060455000075 ], [ -66.91446538799994, 10.572986788000037 ], [ -66.914413004999972, 10.572896452000066 ], [ -66.914362993999987, 10.57279660100005 ], [ -66.914362909999966, 10.572672934000025 ], [ -66.914355711999974, 10.572580189000064 ], [ -66.914407963999963, 10.572480268000049 ], [ -66.914443613999936, 10.572446949000039 ], [ -66.914491151999982, 10.572408865000057 ], [ -66.914557746999947, 10.572415954000064 ], [ -66.914657655999974, 10.572451559000058 ], [ -66.914712404999932, 10.572525246000055 ], [ -66.914779063999958, 10.572625085000027 ], [ -66.914821934999964, 10.572717806000071 ], [ -66.914864810999973, 10.572817661000045 ], [ -66.914893393999932, 10.572881853000069 ], [ -66.914905321999981, 10.572936544000072 ], [ -66.914912501999936, 10.573003129000028 ], [ -66.914905424999972, 10.573086371000045 ], [ -66.914872155999944, 10.573124445000076 ], [ -66.914848397999947, 10.573160135000023 ], [ -66.914772322999966, 10.573200617000055 ] ] ] } },
{ "type": "Feature", "properties": { "Shape_Leng": 0.0018275902375699999, "Shape_Area": 1.7280396369e-07, "Confidence": "Likely", "Type": "Landslide", "SubtypeLS": "Debris Flow", "SubtypeLQ": null, "SubtypeGR": null, "Comments": null, "Source": "20260627_112621_ssc2_u0001_visual - Planet", "Access": "Hard", "Impact": null, "ID": 239, "Longitude": -66.932797199899994, "Latitude": 10.5750897245 }, "geometry": { "type": "Polygon", "coordinates": [ [ [ -66.932745399999988, 10.575442404000057 ], [ -66.932622742999968, 10.575397897000073 ], [ -66.932578126999942, 10.575360768000053 ], [ -66.932566962999942, 10.575338480000028 ], [ -66.932578049999961, 10.575249289000055 ], [ -66.932600286999957, 10.575163807000024 ], [ -66.932711689999962, 10.575052252000035 ], [ -66.932741353999972, 10.574959333000038 ], [ -66.932774712999958, 10.574836684000047 ], [ -66.93280809099997, 10.574740046000045 ], [ -66.932863796999982, 10.574691701000063 ], [ -66.932923266999978, 10.574713956000039 ], [ -66.932986493999977, 10.574795663000032 ], [ -66.932986567999933, 10.574903426000049 ], [ -66.93295324199994, 10.575074383000072 ], [ -66.93287535199994, 10.575286245000029 ], [ -66.932745399999988, 10.575442404000057 ] ] ] } },
{ "type": "Feature", "properties": { "Shape_Leng": 0.00076249964701299996, "Shape_Area": 3.5315323908899998e-08, "Confidence": "Likely", "Type": "Landslide", "SubtypeLS": "Debris Flow", "SubtypeLQ": null, "SubtypeGR": null, "Comments": null, "Source": "20260627_112621_ssc2_u0001_visual - Planet", "Access": "Hard", "Impact": null, "ID": 240, "Longitude": -66.9307909833, "Latitude": 10.571745809699999 }, "geometry": { "type": "Polygon", "coordinates": [ [ [ -66.930714906999981, 10.571829361000027 ], [ -66.930664947999958, 10.571805613000038 ], [ -66.930643524999937, 10.571777089000022 ], [ -66.930636366999977, 10.571743799000046 ], [ -66.930667262999975, 10.571712861000037 ], [ -66.93070292799996, 10.571700946000021 ], [ -66.930771888999971, 10.571691386000055 ], [ -66.930850351999936, 10.571665172000053 ], [ -66.930888393999965, 10.571650876000035 ], [ -66.93092883199995, 10.571662740000022 ], [ -66.930936004999978, 10.571719812000026 ], [ -66.930921755999975, 10.571748360000072 ], [ -66.930857579999952, 10.57180072500006 ], [ -66.930793387999984, 10.57182930700003 ], [ -66.930714906999981, 10.571829361000027 ] ] ] } },
{ "type": "Feature", "properties": { "Shape_Leng": 0.0022682415406699999, "Shape_Area": 3.01362397024e-07, "Confidence": "Possible", "Type": "Landslide", "SubtypeLS": "Rock Fall", "SubtypeLQ": null, "SubtypeGR": null, "Comments": "Reactivation", "Source": "20260627_112621_ssc2_u0001_visual - Planet", "Access": "Hard", "Impact": null, "ID": 241, "Longitude": -66.979412206199996, "Latitude": 10.5796415474 }, "geometry": { "type": "Polygon", "coordinates": [ [ [ -66.979540723999946, 10.579296545000034 ], [ -66.97959715099995, 10.579283965000059 ], [ -66.979636865999964, 10.57928393800006 ], [ -66.979678706999948, 10.579338255000039 ], [ -66.979716382999982, 10.57941347700006 ], [ -66.97973733799995, 10.579490801000077 ], [ -66.979741599999954, 10.579609941000058 ], [ -66.97970404299997, 10.579708207000067 ], [ -66.979484678999938, 10.579867215000036 ], [ -66.979386459999944, 10.579898635000063 ], [ -66.979263753999987, 10.579945791000057 ], [ -66.979180835999955, 10.579977954000071 ], [ -66.979107287999966, 10.580018136000035 ], [ -66.979056466999964, 10.580038237000053 ], [ -66.979028365999966, 10.580026217000068 ], [ -66.979079123999952, 10.579913812000029 ], [ -66.979088443999956, 10.579849594000052 ], [ -66.979112462999979, 10.579761286000064 ], [ -66.979123125999934, 10.579705094000076 ], [ -66.979151165999951, 10.57962748500006 ], [ -66.979187232999948, 10.579552547000048 ], [ -66.979250848999982, 10.579463945000043 ], [ -66.979273949999936, 10.579440813000076 ], [ -66.979301327999963, 10.579414253000039 ], [ -66.979338126999949, 10.579391112000053 ], [ -66.979386059999968, 10.579373100000055 ], [ -66.97942457299996, 10.579352526000037 ], [ -66.979471643999943, 10.579327665000051 ], [ -66.979509381999947, 10.579313288000037 ], [ -66.979540723999946, 10.579296545000034 ] ] ] } },
{ "type": "Feature", "properties": { "Shape_Leng": 0.00075773737708700005, "Shape_Area": 2.3128336635900001e-08, "Confidence": "Likely", "Type": "Landslide", "SubtypeLS": "Debris Flow", "SubtypeLQ": null, "SubtypeGR": null, "Comments": null, "Source": "20260627_112621_ssc2_u0001_visual - Planet", "Access": "Hard", "Impact": null, "ID": 242, "Longitude": -66.909091771199996, "Latitude": 10.574887416699999 }, "geometry": { "type": "Polygon", "coordinates": [ [ [ -66.909184334999964, 10.574822529000073 ], [ -66.909115319999955, 10.574859562000029 ], [ -66.909099308999942, 10.574882997000032 ], [ -66.909099326999979, 10.574908887000049 ], [ -66.909104270999933, 10.574927377000051 ], [ -66.909115370999984, 10.574933534000024 ], [ -66.909136326999942, 10.574929821000069 ], [ -66.909163451999973, 10.574933501000032 ], [ -66.909165935999965, 10.574959389000071 ], [ -66.909148691999974, 10.574982825000063 ], [ -66.909104318999937, 10.574997650000057 ], [ -66.90907472799995, 10.574993972000073 ], [ -66.909041427999966, 10.574975502000029 ], [ -66.909019215999933, 10.574945928000034 ], [ -66.909010562999981, 10.574912647000076 ], [ -66.909011761999977, 10.574863331000074 ], [ -66.909036396999966, 10.574830027000075 ], [ -66.909102945999962, 10.574792996000042 ], [ -66.909133757999939, 10.574779413000044 ], [ -66.909155940999938, 10.574767069000075 ], [ -66.909192941999947, 10.574789235000026 ], [ -66.909184334999964, 10.574822529000073 ] ] ] } },
{ "type": "Feature", "properties": { "Shape_Leng": 0.00051285299792799995, "Shape_Area": 1.64569728333e-08, "Confidence": "Likely", "Type": "Landslide", "SubtypeLS": "Debris Flow", "SubtypeLQ": null, "SubtypeGR": null, "Comments": null, "Source": "20260627_112621_ssc2_u0001_visual - Planet", "Access": "Hard", "Impact": null, "ID": 243, "Longitude": -66.906346230300002, "Latitude": 10.583774375599999 }, "geometry": { "type": "Polygon", "coordinates": [ [ [ -66.90629946599995, 10.583871263000049 ], [ -66.906280607999975, 10.583867105000024 ], [ -66.906276032999983, 10.583858950000035 ], [ -66.906277238999962, 10.583819498000025 ], [ -66.906280919999972, 10.583793605000039 ], [ -66.906299384999954, 10.583752908000065 ], [ -66.906312930999945, 10.583730707000029 ], [ -66.906336336999971, 10.583703568000033 ], [ -66.90636961499996, 10.583689984000046 ], [ -66.906399205999946, 10.58369366200003 ], [ -66.906421404999946, 10.583703510000021 ], [ -66.906423897999957, 10.58374419200004 ], [ -66.906390646999967, 10.583797228000037 ], [ -66.906353688999957, 10.583837938000045 ], [ -66.90629946599995, 10.583871263000049 ] ] ] } },
{ "type": "Feature", "properties": { "Shape_Leng": 0.0021877598437900002, "Shape_Area": 2.0471260796400001e-07, "Confidence": "Likely", "Type": "Landslide", "SubtypeLS": "Debris Flow", "SubtypeLQ": null, "SubtypeGR": null, "Comments": null, "Source": "B140001100B5C810 - RadiantEarth - 06/29/2026", "Access": "Hard", "Impact": null, "ID": 244, "Longitude": -66.883705482899998, "Latitude": 10.551720486000001 }, "geometry": { "type": "Polygon", "coordinates": [ [ [ -66.883932086999948, 10.551423773000067 ], [ -66.883965798999952, 10.551429879000068 ], [ -66.883995438999932, 10.551457437000067 ], [ -66.884010784999987, 10.551493177000054 ], [ -66.884026127999959, 10.551523809000059 ], [ -66.884030231999986, 10.551551385000039 ], [ -66.884032300999934, 10.551589177000039 ], [ -66.884033349999982, 10.551629012000035 ], [ -66.884033374999944, 10.551665784000022 ], [ -66.884021138999969, 10.551696435000053 ], [ -66.884020137999983, 10.551727079000045 ], [ -66.88402322099995, 10.551753634000022 ], [ -66.884020169999985, 10.551773043000026 ], [ -66.883998727999938, 10.551785315000075 ], [ -66.883965021999984, 10.551787381000054 ], [ -66.883926203999977, 10.55178230100006 ], [ -66.883897605999948, 10.551785385000073 ], [ -66.883882300999971, 10.551809909000042 ], [ -66.883866997999974, 10.551836477000052 ], [ -66.883837401999983, 10.551874290000057 ], [ -66.883805754999969, 10.551898827000059 ], [ -66.883748566999941, 10.551917252000067 ], [ -66.883689333999939, 10.551932614000066 ], [ -66.883616815999972, 10.551937770000052 ], [ -66.883557566999968, 10.551928618000034 ], [ -66.883500354999967, 10.551911293000046 ], [ -66.883419642999968, 10.551883769000028 ], [ -66.88337058999997, 10.551849074000074 ], [ -66.883318463999956, 10.551801103000059 ], [ -66.883284734999961, 10.551769461000049 ], [ -66.883263257999943, 10.551729640000076 ], [ -66.88325403999994, 10.551693896000074 ], [ -66.883254020999971, 10.551665296000067 ], [ -66.883273410999948, 10.551640768000027 ], [ -66.88330711499998, 10.55163563800005 ], [ -66.883350029999974, 10.551657059000036 ], [ -66.883402139999987, 10.551681538000025 ], [ -66.88345015799996, 10.551696826000068 ], [ -66.883543109999948, 10.55169982700005 ], [ -66.883615632999977, 10.551701820000062 ], [ -66.883667715999934, 10.551686463000067 ], [ -66.88368914299997, 10.551653762000058 ], [ -66.883710573999963, 10.551625148000028 ], [ -66.883739150999986, 10.551591421000069 ], [ -66.883778952999933, 10.551542365000046 ], [ -66.883824888999982, 10.551500454000063 ], [ -66.883852441999977, 10.551462642000047 ], [ -66.883870810999952, 10.551438115000053 ], [ -66.883891232999986, 10.551428909000037 ], [ -66.883932086999948, 10.551423773000067 ] ] ] } },
{ "type": "Feature", "properties": { "Shape_Leng": 0.00085164265947200001, "Shape_Area": 4.6093840699599998e-08, "Confidence": "Likely", "Type": "Landslide", "SubtypeLS": "Debris Flow", "SubtypeLQ": null, "SubtypeGR": null, "Comments": null, "Source": "B140001100B5C810 - RadiantEarth - 06/29/2026", "Access": "Hard", "Impact": null, "ID": 245, "Longitude": -66.8833036531, "Latitude": 10.5535381324 }, "geometry": { "type": "Polygon", "coordinates": [ [ [ -66.883311161999984, 10.553630368000029 ], [ -66.883210629999951, 10.55365278000005 ], [ -66.883181899999954, 10.553649608000057 ], [ -66.883162741999968, 10.553640045000066 ], [ -66.883143569999959, 10.553611330000024 ], [ -66.883145142999979, 10.55357781400005 ], [ -66.88316746299995, 10.553542687000061 ], [ -66.883210524999981, 10.553499565000038 ], [ -66.88325998199997, 10.553472400000032 ], [ -66.883325394999986, 10.553438839000023 ], [ -66.883392409999942, 10.553414853000049 ], [ -66.883446685999957, 10.553432372000032 ], [ -66.883459482999967, 10.553475455000068 ], [ -66.883432401999983, 10.553548889000069 ], [ -66.883368594999979, 10.553596812000023 ], [ -66.883311161999984, 10.553630368000029 ] ] ] } },
{ "type": "Feature", "properties": { "Shape_Leng": 0.00129878187874, "Shape_Area": 9.4739122164899995e-08, "Confidence": "Possible", "Type": "Landslide", "SubtypeLS": "Debris Flow", "SubtypeLQ": null, "SubtypeGR": null, "Comments": null, "Source": "B140001100B5C810 - RadiantEarth - 06/29/2026", "Access": "Hard", "Impact": null, "ID": 246, "Longitude": -66.881991454000001, "Latitude": 10.548786825500001 }, "geometry": { "type": "Polygon", "coordinates": [ [ [ -66.881834431999948, 10.54898091900003 ], [ -66.881804791999969, 10.548953361000031 ], [ -66.881798652999976, 10.548938044000067 ], [ -66.881798638999953, 10.548918637000043 ], [ -66.881807806999973, 10.548881859000062 ], [ -66.881823103999977, 10.54884609800007 ], [ -66.881856772999981, 10.548789896000073 ], [ -66.88192107499998, 10.54871937300004 ], [ -66.881945572999939, 10.548694842000032 ], [ -66.881970065999951, 10.548664182000039 ], [ -66.882008836999944, 10.54860082700003 ], [ -66.882058848999975, 10.548544614000036 ], [ -66.882094571999971, 10.548504753000032 ], [ -66.882117045999962, 10.548508824000066 ], [ -66.88213854199995, 10.548576223000055 ], [ -66.882147789999976, 10.548655889000031 ], [ -66.882143749999955, 10.548723306000056 ], [ -66.882125407999979, 10.548786648000032 ], [ -66.882094804999952, 10.548845912000047 ], [ -66.882065219999959, 10.548898025000028 ], [ -66.882016225999962, 10.548950152000032 ], [ -66.881961097999977, 10.548992068000075 ], [ -66.881890627999951, 10.549005395000052 ], [ -66.881834431999948, 10.54898091900003 ] ] ] } },
{ "type": "Feature", "properties": { "Shape_Leng": 0.00159622706653, "Shape_Area": 1.05519293903e-07, "Confidence": "Possible", "Type": "Landslide", "SubtypeLS": "Debris Flow", "SubtypeLQ": null, "SubtypeGR": null, "Comments": "Reactivation", "Source": "B140001100B5C810 - RadiantEarth - 06/29/2026", "Access": "Hard", "Impact": null, "ID": 247, "Longitude": -66.878230385400002, "Latitude": 10.546218356700001 }, "geometry": { "type": "Polygon", "coordinates": [ [ [ -66.878418228999976, 10.546054582000068 ], [ -66.878443625999978, 10.546016431000055 ], [ -66.878483584999969, 10.546030931000075 ], [ -66.878492709999932, 10.546098112000038 ], [ -66.878494563999936, 10.546152587000051 ], [ -66.87845103799998, 10.54623433200004 ], [ -66.87835845099994, 10.546267081000053 ], [ -66.878265846999966, 10.546276224000053 ], [ -66.878238632999967, 10.546310744000039 ], [ -66.878209599999934, 10.546341634000044 ], [ -66.878133358999946, 10.546379820000027 ], [ -66.878091620999953, 10.546419798000045 ], [ -66.878040781999971, 10.546428912000067 ], [ -66.877988087999938, 10.546379920000049 ], [ -66.877966267999966, 10.546336353000072 ], [ -66.877966242999946, 10.546300036000048 ], [ -66.877980749999949, 10.546270972000059 ], [ -66.878004327999975, 10.546229190000076 ], [ -66.878113261999943, 10.546201877000044 ], [ -66.878151371999934, 10.546167350000076 ], [ -66.878173121999964, 10.546107411000037 ], [ -66.878162200999952, 10.546071100000063 ], [ -66.87814584399996, 10.546049321000055 ], [ -66.878162182999972, 10.546043862000033 ], [ -66.878171261999967, 10.54604385600004 ], [ -66.878194874999963, 10.546052919000033 ], [ -66.87824210399998, 10.546076493000044 ], [ -66.878258452999944, 10.54608556200003 ], [ -66.878302037999958, 10.546090979000041 ], [ -66.878356503999953, 10.546076415000073 ], [ -66.878383740999936, 10.546074580000038 ], [ -66.878418228999976, 10.546054582000068 ] ] ] } },
{ "type": "Feature", "properties": { "Shape_Leng": 0.00055521425217700004, "Shape_Area": 2.0578823852899999e-08, "Confidence": "Questionable", "Type": "Landslide", "SubtypeLS": "Debris Flow", "SubtypeLQ": null, "SubtypeGR": null, "Comments": null, "Source": "B140001100B5C810 - RadiantEarth - 06/29/2026", "Access": "Hard", "Impact": null, "ID": 248, "Longitude": -66.876165120600007, "Latitude": 10.545978816 }, "geometry": { "type": "Polygon", "coordinates": [ [ [ -66.876281912999957, 10.545995831000027 ], [ -66.876266818999966, 10.546016760000043 ], [ -66.876249390999988, 10.546022583000024 ], [ -66.876200586999971, 10.546033076000072 ], [ -66.87617269499998, 10.546033095000041 ], [ -66.876113429999975, 10.546040108000057 ], [ -66.876092510999968, 10.546040123000068 ], [ -66.876075066999988, 10.546023864000063 ], [ -66.876068078999936, 10.546001788000069 ], [ -66.876072705999945, 10.545970406000038 ], [ -66.876081986999964, 10.545947157000057 ], [ -66.876109859999985, 10.545919246000039 ], [ -66.876142395999977, 10.545912250000072 ], [ -66.876183068999978, 10.545908736000058 ], [ -66.876214454999968, 10.545919174000062 ], [ -66.876235391999955, 10.545945889000052 ], [ -66.876260976999959, 10.545971440000073 ], [ -66.876281912999957, 10.545995831000027 ] ] ] } },
{ "type": "Feature", "properties": { "Shape_Leng": 0.00047293268631800001, "Shape_Area": 1.02848243507e-08, "Confidence": "Possible", "Type": "Landslide", "SubtypeLS": "Debris Flow", "SubtypeLQ": null, "SubtypeGR": null, "Comments": null, "Source": "B140001100B5C810 - RadiantEarth - 06/29/2026", "Access": "Hard", "Impact": null, "ID": 249, "Longitude": -66.875911846700006, "Latitude": 10.5464746653 }, "geometry": { "type": "Polygon", "coordinates": [ [ [ -66.875988267999958, 10.546419246000028 ], [ -66.875995706999959, 10.546419984000067 ], [ -66.875999427999943, 10.546423701000037 ], [ -66.875999434999983, 10.546433370000045 ], [ -66.875997219999988, 10.546457172000032 ], [ -66.875990539999975, 10.546477259000028 ], [ -66.875977158999945, 10.546488425000064 ], [ -66.875954852999939, 10.546499597000036 ], [ -66.875933292999946, 10.546513744000038 ], [ -66.875906523999959, 10.546524175000059 ], [ -66.875899828999934, 10.546522692000053 ], [ -66.875877508999963, 10.546513782000034 ], [ -66.875859649999938, 10.546501894000073 ], [ -66.875837326999942, 10.546488521000072 ], [ -66.875816493999935, 10.546477378000077 ], [ -66.875812764999978, 10.546462505000022 ], [ -66.875818708999986, 10.546453576000033 ], [ -66.875845481999988, 10.546448351000038 ], [ -66.875875232999988, 10.546448331000022 ], [ -66.875901266999961, 10.546450544000038 ], [ -66.875939199999948, 10.546450518000029 ], [ -66.875973403999978, 10.546435619000022 ], [ -66.875988267999958, 10.546419246000028 ] ] ] } },
{ "type": "Feature", "properties": { "Shape_Leng": 0.00157860751944, "Shape_Area": 1.397005323e-07, "Confidence": "Questionable", "Type": "Landslide", "SubtypeLS": "Debris Flow", "SubtypeLQ": null, "SubtypeGR": null, "Comments": null, "Source": "B140001100B5C810 - RadiantEarth - 06/29/2026", "Access": "Hard", "Impact": null, "ID": 250, "Longitude": -66.882056802099996, "Latitude": 10.5475893 }, "geometry": { "type": "Polygon", "coordinates": [ [ [ -66.882089343999951, 10.547831632000054 ], [ -66.882045753999932, 10.547818951000067 ], [ -66.882011225999975, 10.547780841000076 ], [ -66.881953077999981, 10.547722772000043 ], [ -66.881918549999966, 10.547684663000041 ], [ -66.881891274999987, 10.547630205000075 ], [ -66.881885806999946, 10.547601154000063 ], [ -66.881880318999947, 10.54754123400005 ], [ -66.881882101999963, 10.547494020000045 ], [ -66.881871150999984, 10.547412313000052 ], [ -66.881827530999942, 10.547356050000076 ], [ -66.881865624999932, 10.547297916000048 ], [ -66.881940079999936, 10.547303313000043 ], [ -66.882021841999972, 10.547372260000031 ], [ -66.882099981999943, 10.547455737000064 ], [ -66.882170849999966, 10.547526508000033 ], [ -66.882230816999936, 10.547590023000055 ], [ -66.882307128999969, 10.547655342000041 ], [ -66.882334401999969, 10.547706168000047 ], [ -66.882312639999952, 10.547747949000041 ], [ -66.882236391999982, 10.547775239000032 ], [ -66.882089343999951, 10.547831632000054 ] ] ] } },
{ "type": "Feature", "properties": { "Shape_Leng": 0.0013007923348700001, "Shape_Area": 5.2874947607100001e-08, "Confidence": "Possible", "Type": "Landslide", "SubtypeLS": "Debris Flow", "SubtypeLQ": null, "SubtypeGR": null, "Comments": "Reactivation", "Source": "B140001100B5C810 - RadiantEarth - 06/29/2026", "Access": "Hard", "Impact": null, "ID": 251, "Longitude": -66.882108351900001, "Latitude": 10.5491633668 }, "geometry": { "type": "Polygon", "coordinates": [ [ [ -66.881912532999934, 10.549291359000051 ], [ -66.881885795999949, 10.549280918000022 ], [ -66.881868355999984, 10.549270470000067 ], [ -66.881853238999952, 10.54925769700003 ], [ -66.881839279999951, 10.549239112000066 ], [ -66.881833454999935, 10.549218197000073 ], [ -66.881846229999951, 10.54920424200003 ], [ -66.881899675999932, 10.549184449000052 ], [ -66.881976363999968, 10.549163477000036 ], [ -66.882041430999948, 10.549142514000039 ], [ -66.88210881699996, 10.549114576000022 ], [ -66.88218550299996, 10.549088956000048 ], [ -66.882278449999944, 10.549051703000032 ], [ -66.882341189999977, 10.549026092000076 ], [ -66.882387673999972, 10.549022574000048 ], [ -66.882405111999958, 10.549030697000035 ], [ -66.882397000999958, 10.549065567000071 ], [ -66.882370289999983, 10.549093478000032 ], [ -66.882293608999987, 10.549124909000057 ], [ -66.882199515999957, 10.549187730000028 ], [ -66.882112377999988, 10.549222655000051 ], [ -66.882006646999969, 10.549261078000029 ], [ -66.881912532999934, 10.549291359000051 ] ] ] } },
{ "type": "Feature", "properties": { "Shape_Leng": 0.00330336365996, "Shape_Area": 5.0568755274999996e-07, "Confidence": "Likely", "Type": "Landslide", "SubtypeLS": "Debris Flow", "SubtypeLQ": null, "SubtypeGR": null, "Comments": "And rock fall", "Source": "B140001100B5C810 - RadiantEarth - 06/29/2026", "Access": "Har", "Impact": null, "ID": 252, "Longitude": -66.878407047699994, "Latitude": 10.5568135175 }, "geometry": { "type": "Polygon", "coordinates": [ [ [ -66.878390712999987, 10.557102354000051 ], [ -66.878293154999938, 10.55712668700005 ], [ -66.878185004999978, 10.557095522000054 ], [ -66.878090826999937, 10.557032830000026 ], [ -66.877944348999961, 10.556966687000056 ], [ -66.877859490999981, 10.556936528000051 ], [ -66.877773460999947, 10.556893587000047 ], [ -66.877681620999965, 10.556851812000048 ], [ -66.877665332999982, 10.556825094000033 ], [ -66.877678100999958, 10.556803004000074 ], [ -66.877724573999956, 10.556783215000053 ], [ -66.877776857999947, 10.556762260000028 ], [ -66.877834952999933, 10.55674362600007 ], [ -66.877888397999982, 10.556722670000056 ], [ -66.877968563999957, 10.556688913000073 ], [ -66.878042177999987, 10.556657530000052 ], [ -66.878142842999978, 10.556621388000053 ], [ -66.878271809999944, 10.556573651000065 ], [ -66.878334550999966, 10.556549202000042 ], [ -66.878434454999933, 10.556488701000035 ], [ -66.878498367999953, 10.556479360000026 ], [ -66.878559976999952, 10.556500237000023 ], [ -66.878603009999949, 10.556549018000055 ], [ -66.878669281999976, 10.556589649000045 ], [ -66.878765774999977, 10.556638394000061 ], [ -66.878888995999944, 10.55668479600007 ], [ -66.879034300999933, 10.556735832000072 ], [ -66.879133116999981, 10.556782250000026 ], [ -66.879149414999972, 10.556822915000055 ], [ -66.879105293999942, 10.556883378000066 ], [ -66.879025126999977, 10.55691481100007 ], [ -66.87894842999998, 10.55692416100004 ], [ -66.878877537999983, 10.556924210000034 ], [ -66.878812466999932, 10.556938200000047 ], [ -66.878597511999942, 10.557005753000055 ], [ -66.878537108999978, 10.557047632000035 ], [ -66.878479022999954, 10.557081375000053 ], [ -66.878390712999987, 10.557102354000051 ] ] ] } },
{ "type": "Feature", "properties": { "Shape_Leng": 0.0017158235257299999, "Shape_Area": 1.31807647203e-07, "Confidence": "Likely", "Type": "Landslide", "SubtypeLS": "Debris Flow", "SubtypeLQ": null, "SubtypeGR": null, "Comments": null, "Source": "B140001100B5C810 - RadiantEarth - 06/29/2026", "Access": "Hard", "Impact": null, "ID": 253, "Longitude": -66.8812562305, "Latitude": 10.558266292000001 }, "geometry": { "type": "Polygon", "coordinates": [ [ [ -66.880925142999956, 10.558113953000031 ], [ -66.880965087999982, 10.558108478000065 ], [ -66.881050440999957, 10.558117499000048 ], [ -66.881183003999979, 10.558122856000068 ], [ -66.881330124999977, 10.558173600000032 ], [ -66.881439107999938, 10.558217106000029 ], [ -66.881553556999961, 10.558287847000031 ], [ -66.881597193999937, 10.558369532000029 ], [ -66.881597234999958, 10.558429456000056 ], [ -66.881570009999962, 10.558449450000069 ], [ -66.881428352999933, 10.558422308000047 ], [ -66.881252185999983, 10.558384296000042 ], [ -66.881134120999945, 10.558335348000071 ], [ -66.881028751999963, 10.558266416000038 ], [ -66.880921581999985, 10.558217461000027 ], [ -66.88086162999997, 10.558177552000075 ], [ -66.880865868999933, 10.558156555000039 ], [ -66.88089114099995, 10.558131993000075 ], [ -66.880925142999956, 10.558113953000031 ] ] ] } },
{ "type": "Feature", "properties": { "Shape_Leng": 0.0040997451772500004, "Shape_Area": 6.0903080195299999e-07, "Confidence": "Likely", "Type": "Landslide", "SubtypeLS": "Debris Flow", "SubtypeLQ": null, "SubtypeGR": null, "Comments": "Partly obstructed by clouds towards the toe", "Source": "B140001100B5C810 - RadiantEarth - 06/29/2026", "Access": "Hard", "Impact": null, "ID": 254, "Longitude": -66.880790968100001, "Latitude": 10.558748533 }, "geometry": { "type": "Polygon", "coordinates": [ [ [ -66.881751836999968, 10.558797974000072 ], [ -66.881753741999944, 10.558811770000034 ], [ -66.881749178999939, 10.558821218000048 ], [ -66.88173943299995, 10.558826404000058 ], [ -66.881720848999976, 10.558826416000045 ], [ -66.881702824999934, 10.558821614000067 ], [ -66.881650159999936, 10.558816203000049 ], [ -66.881568430999948, 10.558794468000031 ], [ -66.881481248999933, 10.55876547400004 ], [ -66.881394067999963, 10.558738295000069 ], [ -66.881326883999975, 10.558743789000061 ], [ -66.881285136999963, 10.558771056000069 ], [ -66.881250658999988, 10.558805581000058 ], [ -66.881201654999984, 10.558841932000064 ], [ -66.88116354899995, 10.558881908000046 ], [ -66.881149047999941, 10.55892005100003 ], [ -66.881169054999987, 10.55896725100007 ], [ -66.881229008999981, 10.559010791000048 ], [ -66.881267150999975, 10.55902347600005 ], [ -66.881296229999975, 10.559059773000058 ], [ -66.881285353999942, 10.55908701900006 ], [ -66.881256306999944, 10.559097934000022 ], [ -66.881170942999972, 10.559072570000069 ], [ -66.881105552999941, 10.559045377000075 ], [ -66.881002047999971, 10.559045448000063 ], [ -66.880860403999975, 10.559038281000028 ], [ -66.88071330799994, 10.559023855000021 ], [ -66.880499014999941, 10.558996764000028 ], [ -66.880297432999953, 10.558969663000028 ], [ -66.880272006999974, 10.55896423300004 ], [ -66.880204808999963, 10.558947936000038 ], [ -66.880172109999933, 10.558929800000044 ], [ -66.880146665999973, 10.558897131000037 ], [ -66.880139364999934, 10.558842660000039 ], [ -66.880139319999955, 10.558777288000044 ], [ -66.880144734999988, 10.55873007200006 ], [ -66.880168298999934, 10.558668315000034 ], [ -66.880222726999932, 10.558597459000055 ], [ -66.880260845999942, 10.558575642000051 ], [ -66.880347985999947, 10.558542897000052 ], [ -66.880467811999949, 10.558510129000069 ], [ -66.880598529999986, 10.558473721000041 ], [ -66.880711086999952, 10.558433695000076 ], [ -66.880843650999964, 10.55843905200004 ], [ -66.880990751999946, 10.558460742000022 ], [ -66.881132412999932, 10.558493330000033 ], [ -66.88130132799995, 10.558549507000066 ], [ -66.88139216999997, 10.558618448000061 ], [ -66.88149027999998, 10.558694648000028 ], [ -66.88159563499994, 10.558745421000026 ], [ -66.881751836999968, 10.558797974000072 ] ] ] } },
{ "type": "Feature", "properties": { "Shape_Leng": 0.0026060283957800002, "Shape_Area": 1.16276964204e-07, "Confidence": "Likely", "Type": "Landslide", "SubtypeLS": "Debris Flow", "SubtypeLQ": null, "SubtypeGR": null, "Comments": "Partly obstructed by clouds towards the toe", "Source": "B140001100B5C810 - RadiantEarth - 06/29/2026", "Access": "Hard", "Impact": null, "ID": 255, "Longitude": -66.880549825100005, "Latitude": 10.5594861492 }, "geometry": { "type": "Polygon", "coordinates": [ [ [ -66.880019870999945, 10.559360268000034 ], [ -66.880350375999967, 10.559381832000042 ], [ -66.88053559399998, 10.559378074000051 ], [ -66.880651834999981, 10.559414312000058 ], [ -66.880699074999939, 10.559454229000039 ], [ -66.880793532999974, 10.559501377000061 ], [ -66.880962452999938, 10.559563001000072 ], [ -66.881091405999939, 10.559601047000058 ], [ -66.881129569999985, 10.559644602000049 ], [ -66.881109616999936, 10.559677301000022 ], [ -66.881060595999941, 10.559688230000063 ], [ -66.88097341799994, 10.559664683000051 ], [ -66.880853531999946, 10.559610289000034 ], [ -66.880731842999978, 10.559574055000041 ], [ -66.880641032999961, 10.559550510000065 ], [ -66.88046123099997, 10.559507052000072 ], [ -66.880355890999965, 10.559479886000076 ], [ -66.880159746999936, 10.559438255000032 ], [ -66.880079844999955, 10.559432862000051 ], [ -66.879965436999953, 10.559422045000076 ], [ -66.879905492999967, 10.55939303200006 ], [ -66.87990548199997, 10.559376689000032 ], [ -66.879936336999947, 10.559354878000022 ], [ -66.879959936999967, 10.559345782000037 ], [ -66.880019870999945, 10.559360268000034 ] ] ] } },
{ "type": "Feature", "properties": { "Shape_Leng": 0.00101080021205, "Shape_Area": 4.87134563164e-08, "Confidence": "Likely", "Type": "Landslide", "SubtypeLS": "Debris Flow", "SubtypeLQ": null, "SubtypeGR": null, "Comments": null, "Source": "B140001100B5C810 - RadiantEarth - 06/29/2026", "Access": "Hard", "Impact": null, "ID": 256, "Longitude": -66.884232232700001, "Latitude": 10.5558025348 }, "geometry": { "type": "Polygon", "coordinates": [ [ [ -66.884279225999933, 10.55568087100005 ], [ -66.884312900999987, 10.555633862000036 ], [ -66.884343527999988, 10.555610348000073 ], [ -66.884361912999964, 10.555609314000037 ], [ -66.884371124999973, 10.555636886000059 ], [ -66.884370140999977, 10.555692044000068 ], [ -66.884357919999957, 10.555744146000052 ], [ -66.884342638999954, 10.555803399000069 ], [ -66.884321216999979, 10.555845293000061 ], [ -66.884272213999964, 10.555883120000033 ], [ -66.884227282999973, 10.555900515000076 ], [ -66.884177247999958, 10.555921999000077 ], [ -66.884144574999937, 10.555941429000029 ], [ -66.884113943999978, 10.555958814000064 ], [ -66.884085342999981, 10.555956791000028 ], [ -66.884067965999975, 10.55593841700005 ], [ -66.884067951999953, 10.555919010000025 ], [ -66.884080190999953, 10.555892444000051 ], [ -66.88409854799994, 10.555849531000035 ], [ -66.884109765999938, 10.555823988000043 ], [ -66.884125063999988, 10.555790270000045 ], [ -66.884156707999978, 10.555759605000048 ], [ -66.884172025999987, 10.555754488000048 ], [ -66.88419653699998, 10.555750385000067 ], [ -66.884226152999986, 10.555741172000069 ], [ -66.884248613999944, 10.555726856000035 ], [ -66.884279225999933, 10.55568087100005 ] ] ] } },
{ "type": "Feature", "properties": { "Shape_Leng": 0.00155166829996, "Shape_Area": 1.08617051705e-07, "Confidence": "Likely", "Type": "Landslide", "SubtypeLS": "Debris Flow", "SubtypeLQ": null, "SubtypeGR": null, "Comments": null, "Source": "B140001100B5C810 - RadiantEarth - 06/29/2026", "Access": "Hard", "Impact": null, "ID": 257, "Longitude": -66.883978268800007, "Latitude": 10.5552252542 }, "geometry": { "type": "Polygon", "coordinates": [ [ [ -66.884140910999974, 10.555065041000034 ], [ -66.88417360699998, 10.555080340000075 ], [ -66.884177703999967, 10.555096680000077 ], [ -66.884186918999944, 10.555129360000024 ], [ -66.884186937999971, 10.555156939000028 ], [ -66.884176748999948, 10.555193717000066 ], [ -66.884171658999946, 10.555218235000041 ], [ -66.884147158999951, 10.555239702000051 ], [ -66.884113465999974, 10.555261175000055 ], [ -66.884076708999942, 10.555282650000038 ], [ -66.884048115999974, 10.555291863000036 ], [ -66.883992962999969, 10.555299051000077 ], [ -66.883984799999951, 10.555311314000051 ], [ -66.883990940999979, 10.555329695000069 ], [ -66.884014433999937, 10.555329679000067 ], [ -66.884030774999985, 10.555326604000072 ], [ -66.88406142599996, 10.555337818000055 ], [ -66.884079832999987, 10.555369470000073 ], [ -66.884085980999942, 10.555397045000063 ], [ -66.884081912999989, 10.555423605000044 ], [ -66.884039027999961, 10.555445084000041 ], [ -66.883978768999953, 10.555454318000045 ], [ -66.883916453999973, 10.555443125000068 ], [ -66.883865363999973, 10.555415582000023 ], [ -66.883850024999958, 10.555391078000071 ], [ -66.883843881999951, 10.555369632000065 ], [ -66.883845902999951, 10.555337966000025 ], [ -66.883855070999971, 10.555301188000044 ], [ -66.883858111999984, 10.555267479000065 ], [ -66.883858091999969, 10.555237857000066 ], [ -66.883843767999963, 10.555203138000024 ], [ -66.883831502999953, 10.555191911000065 ], [ -66.883806981999953, 10.555181713000025 ], [ -66.883779392999941, 10.555167432000076 ], [ -66.883769165999979, 10.555149053000036 ], [ -66.883772209999961, 10.555118408000055 ], [ -66.883803850999982, 10.555084679000061 ], [ -66.88383345799997, 10.555063209000025 ], [ -66.88385898699994, 10.555052977000059 ], [ -66.883900861999962, 10.555047841000032 ], [ -66.883925377999958, 10.555050889000029 ], [ -66.88397237199996, 10.555062092000071 ], [ -66.884027538999987, 10.555075333000048 ], [ -66.884079630999963, 10.555074276000028 ], [ -66.884121505999985, 10.555069140000057 ], [ -66.884140910999974, 10.555065041000034 ] ] ] } },
{ "type": "Feature", "properties": { "Shape_Leng": 0.00044584684312200002, "Shape_Area": 9.3158992669099993e-09, "Confidence": "Likely", "Type": "Landslide", "SubtypeLS": "Debris Flow", "SubtypeLQ": null, "SubtypeGR": null, "Comments": null, "Source": "B140001100B5C810 - RadiantEarth - 06/29/2026", "Access": "Hard", "Impact": null, "ID": 258, "Longitude": -66.884238395300002, "Latitude": 10.555498634899999 }, "geometry": { "type": "Polygon", "coordinates": [ [ [ -66.884256618999984, 10.555468889000053 ], [ -66.884289250999984, 10.555466356000068 ], [ -66.884316862999981, 10.555464664000056 ], [ -66.884330668999951, 10.555464655000037 ], [ -66.884343224999952, 10.55547092200004 ], [ -66.884344484999986, 10.555477615000029 ], [ -66.884333614999946, 10.555488919000027 ], [ -66.88430935699995, 10.555501487000072 ], [ -66.884285937999948, 10.555516146000059 ], [ -66.884268370999962, 10.55552368900004 ], [ -66.884234487999947, 10.555531243000075 ], [ -66.884206458999984, 10.555535446000022 ], [ -66.884182611999961, 10.555535462000023 ], [ -66.884160014999964, 10.555530039000075 ], [ -66.884149966999985, 10.555519168000046 ], [ -66.884147868999946, 10.555509965000056 ], [ -66.884149951999973, 10.555497412000022 ], [ -66.884157893999941, 10.555486529000063 ], [ -66.884186755999963, 10.55547856000004 ], [ -66.884256618999984, 10.555468889000053 ] ] ] } },
{ "type": "Feature", "properties": { "Shape_Leng": 0.0024992360054000001, "Shape_Area": 3.1686028514000001e-07, "Confidence": "Likely", "Type": "Landslide", "SubtypeLS": "Slide", "SubtypeLQ": null, "SubtypeGR": null, "Comments": "Possible reactivation", "Source": "20260626_123541_ssc5_u0001_visual - Planet", "Access": "Hard", "Impact": null, "ID": 259, "Longitude": -66.887019258199999, "Latitude": 10.5569265748 }, "geometry": { "type": "Polygon", "coordinates": [ [ [ -66.887300635999964, 10.557185416000038 ], [ -66.887168866999957, 10.557179378000058 ], [ -66.887066715999936, 10.557169233000025 ], [ -66.886948192999967, 10.55711517900005 ], [ -66.886876666999967, 10.557077435000053 ], [ -66.886833747999958, 10.557050907000075 ], [ -66.886775513999964, 10.557032561000028 ], [ -66.886723418999964, 10.557029532000058 ], [ -66.886698910999939, 10.557038742000032 ], [ -66.886628443999939, 10.557057176000058 ], [ -66.88658963599994, 10.557066395000049 ], [ -66.886554912999941, 10.55707459100006 ], [ -66.88653448499997, 10.557074605000025 ], [ -66.886497708999968, 10.55706850100006 ], [ -66.886475216999941, 10.557038895000062 ], [ -66.88647008199996, 10.556998041000043 ], [ -66.886496596999962, 10.556936737000058 ], [ -66.886528236999936, 10.556900965000068 ], [ -66.886586442999942, 10.556878454000071 ], [ -66.886668138999937, 10.556850819000033 ], [ -66.886735538999972, 10.556829323000045 ], [ -66.886796808999975, 10.556805788000077 ], [ -66.886868281999966, 10.556765903000041 ], [ -66.886922393999953, 10.556731137000043 ], [ -66.88696628699995, 10.556689228000039 ], [ -66.886992828999951, 10.556666739000036 ], [ -66.887032652999949, 10.556649347000075 ], [ -66.887066352999966, 10.556639110000049 ], [ -66.887115377999976, 10.556632947000026 ], [ -66.887167475999945, 10.556640062000042 ], [ -66.887217531999966, 10.556649220000054 ], [ -66.887259421999943, 10.556664513000044 ], [ -66.887299269999971, 10.556682872000067 ], [ -66.887339132999955, 10.556722680000064 ], [ -66.887345296999968, 10.556774769000072 ], [ -66.887354539999933, 10.55684728500006 ], [ -66.887352532999955, 10.556899379000072 ], [ -66.88735257899998, 10.556966794000061 ], [ -66.887351595999974, 10.557022973000073 ], [ -66.887361834999979, 10.557058716000029 ], [ -66.887373087999947, 10.557084245000055 ], [ -66.88738944499994, 10.557104662000029 ], [ -66.88739865499997, 10.557129170000053 ], [ -66.887400712999977, 10.557151640000029 ], [ -66.887394593999943, 10.557165945000065 ], [ -66.887376221999943, 10.557185364000077 ], [ -66.887360903999934, 10.55719150300007 ], [ -66.887340477999942, 10.557194582000022 ], [ -66.887300635999964, 10.557185416000038 ] ] ] } },
{ "type": "Feature", "properties": { "Shape_Leng": 0.0049707428600100001, "Shape_Area": 5.9198689093300001e-07, "Confidence": "Likely", "Type": "Landslide", "SubtypeLS": "Debris Flow", "SubtypeLQ": null, "SubtypeGR": null, "Comments": null, "Source": "B140001100B5C810 - RadiantEarth - 06/29/2026", "Access": "Hard", "Impact": null, "ID": 260, "Longitude": -66.902415211499999, "Latitude": 10.565914194399999 }, "geometry": { "type": "Polygon", "coordinates": [ [ [ -66.902920193999933, 10.564990461000036 ], [ -66.902962527999932, 10.564903151000067 ], [ -66.903024875999961, 10.564910590000068 ], [ -66.903039919999969, 10.565030279000041 ], [ -66.903010126999959, 10.565222317000064 ], [ -66.902950401999988, 10.565404400000034 ], [ -66.902895650999938, 10.565566530000069 ], [ -66.902801016999945, 10.56575362500007 ], [ -66.902604220999933, 10.56605799600004 ], [ -66.902579370999945, 10.566185193000024 ], [ -66.902489657999979, 10.566275029000053 ], [ -66.902355041999954, 10.566342452000072 ], [ -66.902222892999987, 10.566369974000054 ], [ -66.902018444999953, 10.566424976000064 ], [ -66.901908774999981, 10.566504850000058 ], [ -66.901756718999934, 10.56659472900003 ], [ -66.901659498999948, 10.566647164000074 ], [ -66.901532333999967, 10.56666969500003 ], [ -66.901504871999975, 10.566624826000066 ], [ -66.901517295999952, 10.566559981000069 ], [ -66.901607012999932, 10.566475132000051 ], [ -66.901699235999956, 10.566410232000067 ], [ -66.901816393999979, 10.566340327000034 ], [ -66.901913587999957, 10.566250486000058 ], [ -66.901975881999988, 10.566178125000022 ], [ -66.902130416999967, 10.566065801000036 ], [ -66.902242572999967, 10.565975950000052 ], [ -66.902327291999939, 10.565876143000025 ], [ -66.902414495999949, 10.565763865000065 ], [ -66.902551544999938, 10.565609159000076 ], [ -66.902641235999965, 10.565486905000057 ], [ -66.902735863999965, 10.565292329000044 ], [ -66.902920193999933, 10.564990461000036 ] ] ] } },
{ "type": "Feature", "properties": { "Shape_Leng": 0.00120467588347, "Shape_Area": 5.3597708664599998e-08, "Confidence": "Likely", "Type": "Landslide", "SubtypeLS": "Debris Flow", "SubtypeLQ": null, "SubtypeGR": null, "Comments": "Reactivation - obstructed by clouds", "Source": "B1600011017A8610 - RadiantEarth - 06/26/2026", "Access": "Hard", "Impact": null, "ID": 261, "Longitude": -66.873854449500001, "Latitude": 10.5612232308 }, "geometry": { "type": "Polygon", "coordinates": [ [ [ -66.873881243999961, 10.561290550000024 ], [ -66.873865225999964, 10.561331210000048 ], [ -66.873821412999973, 10.561397562000025 ], [ -66.873798961999967, 10.56141576300007 ], [ -66.873765809999952, 10.561428622000051 ], [ -66.873727286999952, 10.561409394000066 ], [ -66.873717641999974, 10.561383727000077 ], [ -66.873717608999982, 10.561335590000056 ], [ -66.873723987999938, 10.561278891000029 ], [ -66.873739993999948, 10.561220046000074 ], [ -66.873744255999952, 10.561196509000069 ], [ -66.873753866999948, 10.561171899000044 ], [ -66.873768842999937, 10.561171889000036 ], [ -66.873773135999954, 10.561193280000055 ], [ -66.873776365999959, 10.561223230000053 ], [ -66.873795624999957, 10.561228565000022 ], [ -66.873807385999953, 10.56122 ], [ -66.873821266999983, 10.561183620000065 ], [ -66.873845828999947, 10.561123699000063 ], [ -66.873885372999951, 10.561071256000048 ], [ -66.873935629999949, 10.561042339000039 ], [ -66.873971994999977, 10.561035896000021 ], [ -66.873999810999976, 10.561040156000047 ], [ -66.87402549899997, 10.56106260200005 ], [ -66.874042634999967, 10.561091473000033 ], [ -66.874035161999984, 10.561113942000077 ], [ -66.873980631999984, 10.561151419000055 ], [ -66.87394213999994, 10.561177119000035 ], [ -66.873897246999945, 10.561228496000069 ], [ -66.873888551999983, 10.561262212000031 ], [ -66.873881243999961, 10.561290550000024 ] ] ] } },
{ "type": "Feature", "properties": { "Shape_Leng": 0.00065388373636999998, "Shape_Area": 1.912527571e-08, "Confidence": "Likely", "Type": "Landslide", "SubtypeLS": "Debris Flow", "SubtypeLQ": null, "SubtypeGR": null, "Comments": null, "Source": "B1600011017A8610 - RadiantEarth - 06/26/2026", "Access": "Hard", "Impact": null, "ID": 262, "Longitude": -66.878007836699993, "Latitude": 10.559255990300001 }, "geometry": { "type": "Polygon", "coordinates": [ [ [ -66.878148470999975, 10.559246479000024 ], [ -66.878157507999958, 10.55926332100006 ], [ -66.87815090099997, 10.559279572000037 ], [ -66.87813767199998, 10.559293421000064 ], [ -66.878119625999943, 10.559300653000037 ], [ -66.878084124999987, 10.559301279000067 ], [ -66.878076303999933, 10.559303090000071 ], [ -66.878051630999948, 10.55929949700004 ], [ -66.877998676999937, 10.559294117000036 ], [ -66.877943313999936, 10.559286935000046 ], [ -66.877888545999951, 10.559268921000069 ], [ -66.877868671999977, 10.559243662000029 ], [ -66.877867455999933, 10.559225612000034 ], [ -66.877883689999976, 10.559206948000053 ], [ -66.877912570999968, 10.559205123000027 ], [ -66.877979367999956, 10.559214704000055 ], [ -66.878067228999953, 10.559230289000027 ], [ -66.878148470999975, 10.559246479000024 ] ] ] } },
{ "type": "Feature", "properties": { "Shape_Leng": 0.0051228908717699997, "Shape_Area": 6.5744800453600003e-07, "Confidence": "Likely", "Type": "Landslide", "SubtypeLS": "Debris Flow", "SubtypeLQ": null, "SubtypeGR": null, "Comments": null, "Source": "B1600011017A8610 - RadiantEarth - 06/26/2026", "Access": "Hard", "Impact": null, "ID": 263, "Longitude": -66.857493886900002, "Latitude": 10.552572612400001 }, "geometry": { "type": "Polygon", "coordinates": [ [ [ -66.856523460999938, 10.553011928000046 ], [ -66.856385574999933, 10.553062791000059 ], [ -66.856284401999972, 10.553071867000028 ], [ -66.856204693999985, 10.553059468000072 ], [ -66.856189722999943, 10.553019628000072 ], [ -66.856212083999935, 10.552939913000046 ], [ -66.856299208999985, 10.55287260700004 ], [ -66.856443618999947, 10.55280526100006 ], [ -66.856607951999933, 10.552735411000072 ], [ -66.856769801999974, 10.552675525000041 ], [ -66.85697149799995, 10.55261063100005 ], [ -66.857160717999932, 10.552513367000074 ], [ -66.857330029999957, 10.552438532000053 ], [ -66.857452028999944, 10.552378674000067 ], [ -66.857696051999937, 10.552293826000039 ], [ -66.857845442999974, 10.552226477000033 ], [ -66.858012293999934, 10.552196475000073 ], [ -66.858184143999949, 10.552191376000053 ], [ -66.858248912999954, 10.552211256000021 ], [ -66.858368495999969, 10.552258496000036 ], [ -66.858473167999932, 10.552355559000034 ], [ -66.858495632999961, 10.552427772000044 ], [ -66.858445891999963, 10.552532412000062 ], [ -66.858294011999988, 10.552602253000032 ], [ -66.858092295999938, 10.55263726000004 ], [ -66.857793427999979, 10.552647427000068 ], [ -66.857474638999975, 10.552662589000022 ], [ -66.857143445999952, 10.552749988000073 ], [ -66.85683716799997, 10.552849823000031 ], [ -66.856523460999938, 10.553011928000046 ] ] ] } },
{ "type": "Feature", "properties": { "Shape_Leng": 0.036567256401899999, "Shape_Area": 4.7697726487699999e-06, "Confidence": "Likely", "Type": "Landslide", "SubtypeLS": "Debris Flow", "SubtypeLQ": null, "SubtypeGR": null, "Comments": "Downhill visualization obstructed by clouds", "Source": "B1600011017A8610 - RadiantEarth - 06/26/2026, Sentinel-2 L2A - 07/07/2026,\r\n and B140001100B5C810 - RadiantEarth - 06/29/2026", "Access": "Hard", "Impact": "Watershed towards Caraballeda", "ID": 264, "Longitude": -66.847829692999994, "Latitude": 10.547096095000001 }, "geometry": { "type": "Polygon", "coordinates": [ [ [ -66.846147511999959, 10.54988452300006 ], [ -66.846061404999944, 10.549917709000056 ], [ -66.845862011999941, 10.550227608000057 ], [ -66.845685678999985, 10.550545520000071 ], [ -66.845504263999942, 10.550807949000045 ], [ -66.845388372999935, 10.550994667000055 ], [ -66.845292668999946, 10.551196505000064 ], [ -66.845227223999984, 10.551388234000058 ], [ -66.845151718999944, 10.551620324000055 ], [ -66.845071109999935, 10.55176666400007 ], [ -66.844940078999969, 10.551943305000066 ], [ -66.844824152999934, 10.552079580000054 ], [ -66.844662848999974, 10.552246153000056 ], [ -66.844562031999942, 10.552347108000049 ], [ -66.844430914999975, 10.552397641000027 ], [ -66.844345095999984, 10.552301858000021 ], [ -66.844380326999953, 10.55218581500003 ], [ -66.84448112299998, 10.552054594000026 ], [ -66.844576912999969, 10.551978864000034 ], [ -66.844692862999977, 10.551877898000043 ], [ -66.844788617999939, 10.551751725000031 ], [ -66.84480369299996, 10.551665961000026 ], [ -66.84483381299998, 10.551454079000052 ], [ -66.844904295999982, 10.551252259000023 ], [ -66.845020168999952, 10.551040318000048 ], [ -66.84508061799994, 10.550919214000032 ], [ -66.845191426999975, 10.550677011000062 ], [ -66.84523166799994, 10.550510521000035 ], [ -66.845281930999988, 10.550248183000065 ], [ -66.84534731399998, 10.54996565600004 ], [ -66.845362328999954, 10.549794140000074 ], [ -66.845412640999939, 10.549602421000031 ], [ -66.845553825999957, 10.54952161600005 ], [ -66.845619446999933, 10.549587147000068 ], [ -66.845629590999977, 10.549667849000059 ], [ -66.845664979999981, 10.549783844000046 ], [ -66.845725566999988, 10.549864511000067 ], [ -66.845774295999945, 10.549902446000033 ], [ -66.845829443999946, 10.549809654000057 ], [ -66.845926518999988, 10.549668246000067 ], [ -66.845955167999932, 10.549579888000039 ], [ -66.845963921999953, 10.549462834000053 ], [ -66.845955034999974, 10.549385544000074 ], [ -66.845943933999934, 10.549299422000047 ], [ -66.84594167399996, 10.549224336000066 ], [ -66.845943831999932, 10.549151456000061 ], [ -66.845970306999959, 10.54911168600006 ], [ -66.846005642999955, 10.549113870000042 ], [ -66.846045407999952, 10.549131510000052 ], [ -66.846069722999971, 10.549164620000056 ], [ -66.846089642999971, 10.549228652000068 ], [ -66.84609852799997, 10.549303733000045 ], [ -66.846109600999966, 10.549347895000039 ], [ -66.846140515999934, 10.549343457000077 ], [ -66.846161177999988, 10.549281882000059 ], [ -66.846181844999933, 10.54922665600003 ], [ -66.84621629999998, 10.549150717000032 ], [ -66.846243845999936, 10.549064431000033 ], [ -66.846274843999936, 10.548978142000067 ], [ -66.846323086999973, 10.548881489000053 ], [ -66.846392046999938, 10.548802075000026 ], [ -66.846447227999988, 10.548757178000074 ], [ -66.846505023999953, 10.548648163000053 ], [ -66.846515623999949, 10.548620344000028 ], [ -66.846575301999962, 10.548478338000052 ], [ -66.846657396999944, 10.548338806000061 ], [ -66.846737019999978, 10.548226674000034 ], [ -66.846841533999964, 10.548092109000038 ], [ -66.84694854199995, 10.547962523000024 ], [ -66.847038142999963, 10.547872799000061 ], [ -66.847147613999937, 10.54770336200005 ], [ -66.847252134999962, 10.547578759000032 ], [ -66.847369125999933, 10.547479054000064 ], [ -66.847498537999968, 10.547332019000066 ], [ -66.847580650999987, 10.547219885000061 ], [ -66.847742382999968, 10.546988146000047 ], [ -66.847797102999948, 10.546881012000028 ], [ -66.847849339999982, 10.546783842000025 ], [ -66.847909049999942, 10.54668915700006 ], [ -66.847968727999955, 10.546547151000027 ], [ -66.848006004999945, 10.546427576000042 ], [ -66.848048268999946, 10.546315469000035 ], [ -66.848145313999964, 10.546185890000061 ], [ -66.848227454999972, 10.546113606000063 ], [ -66.848357211999939, 10.546033728000054 ], [ -66.848493490999942, 10.545913596000048 ], [ -66.848602255999936, 10.545837350000056 ], [ -66.848743673999934, 10.545773777000022 ], [ -66.848917756999981, 10.545739199000025 ], [ -66.849024734999944, 10.545701039000051 ], [ -66.849119021999968, 10.545670143000052 ], [ -66.849274965999939, 10.545631951000075 ], [ -66.849315180999952, 10.545622825000066 ], [ -66.84942728599998, 10.545597388000033 ], [ -66.849521572999947, 10.545566492000034 ], [ -66.849652114999969, 10.545510180000065 ], [ -66.849673199999984, 10.545498112000075 ], [ -66.849824374999969, 10.545461095000064 ], [ -66.849905993999982, 10.545470107000028 ], [ -66.849978553999961, 10.545493634000024 ], [ -66.85004749999996, 10.54553530000004 ], [ -66.850074741999947, 10.545589690000043 ], [ -66.850051233999977, 10.545691268000041 ], [ -66.850045829999942, 10.545743867000056 ], [ -66.850024104999989, 10.545800104000023 ], [ -66.850013247999982, 10.54583638400004 ], [ -66.849986084999955, 10.545896252000034 ], [ -66.849888183999951, 10.545947100000035 ], [ -66.849788449999949, 10.545968932000051 ], [ -66.849561533999974, 10.54598756300004 ], [ -66.849402871999985, 10.546030178000024 ], [ -66.849213061999933, 10.546106820000034 ], [ -66.849045892999982, 10.546140940000043 ], [ -66.848901359999957, 10.546126870000023 ], [ -66.848790813999983, 10.546084439000026 ], [ -66.848680294999951, 10.546081681000032 ], [ -66.84855848899997, 10.54614977500006 ], [ -66.848439507999956, 10.546203698000056 ], [ -66.848257482999941, 10.546317816000055 ], [ -66.848026084999958, 10.546654209000053 ], [ -66.847909179999988, 10.546878445000061 ], [ -66.847891081999933, 10.546907426000075 ], [ -66.847889420999934, 10.54692205200007 ], [ -66.84789485999994, 10.546933331000048 ], [ -66.847906979999948, 10.546935830000052 ], [ -66.84794081299998, 10.546916167000063 ], [ -66.847954027999947, 10.546903320000069 ], [ -66.848133280999946, 10.546798591000027 ], [ -66.848327492999942, 10.546716268000068 ], [ -66.848474406999969, 10.546668845000056 ], [ -66.848716244999935, 10.546593861000076 ], [ -66.848907662999977, 10.546504167000023 ], [ -66.84908695699994, 10.546459213000048 ], [ -66.849283669999977, 10.54639183200004 ], [ -66.849482874999978, 10.546326939000039 ], [ -66.849589943999945, 10.546287016000065 ], [ -66.849694539999973, 10.546272001000034 ], [ -66.849716977999947, 10.546304363000047 ], [ -66.84965473799997, 10.546341765000022 ], [ -66.849482925999951, 10.546401658000036 ], [ -66.849258851999934, 10.546521361000032 ], [ -66.848989955999969, 10.546653548000052 ], [ -66.848765887999946, 10.546783214000072 ], [ -66.848559251999973, 10.546907887000032 ], [ -66.848340155999949, 10.547022606000041 ], [ -66.848228142999972, 10.547117326000034 ], [ -66.847983470999964, 10.547273406000045 ], [ -66.847844855999938, 10.547364359000028 ], [ -66.847688696999967, 10.547440978000054 ], [ -66.847578760999966, 10.547514377000027 ], [ -66.847454479999953, 10.547589380000034 ], [ -66.847401908999984, 10.547634048000077 ], [ -66.847357306999982, 10.547677117000035 ], [ -66.847352543999932, 10.547705812000061 ], [ -66.84739082599998, 10.547744042000033 ], [ -66.84741635599994, 10.547780686000067 ], [ -66.847392475999982, 10.547825335000027 ], [ -66.847319157999948, 10.547833355000023 ], [ -66.847213981999971, 10.547874871000033 ], [ -66.847056290999944, 10.54804234900007 ], [ -66.846874742999944, 10.548286355000073 ], [ -66.846739699999944, 10.548503131000075 ], [ -66.846672529999978, 10.548615255000072 ], [ -66.846632730999943, 10.548690001000068 ], [ -66.846580502999984, 10.548799624000026 ], [ -66.846584685999971, 10.548820204000037 ], [ -66.846589027999983, 10.548847442000067 ], [ -66.84659570499997, 10.54889855600004 ], [ -66.846650979999936, 10.548991687000068 ], [ -66.846768332999943, 10.549033015000077 ], [ -66.846844245999932, 10.549029512000061 ], [ -66.846951212999954, 10.549022538000031 ], [ -66.847280339999941, 10.548896197000033 ], [ -66.84738, 10.548834548000059 ], [ -66.847456179999938, 10.548743592000051 ], [ -66.847573408999949, 10.548646743000063 ], [ -66.847746295999968, 10.548464815000045 ], [ -66.847828346999961, 10.548382652000043 ], [ -66.847889866999935, 10.548294638000073 ], [ -66.847974847999978, 10.548209540000073 ], [ -66.848030479999977, 10.548086342000033 ], [ -66.848048011999936, 10.547995425000067 ], [ -66.848056748999966, 10.547907447000057 ], [ -66.84808013199995, 10.547796 ], [ -66.848118167999985, 10.547672813000077 ], [ -66.848150357999941, 10.547576022000044 ], [ -66.84823236699998, 10.547432279000077 ], [ -66.848285097999963, 10.547356 ], [ -66.848370098999965, 10.547300226000061 ], [ -66.848504946999981, 10.547238554000046 ], [ -66.84858410399994, 10.547212108000053 ], [ -66.848686715999975, 10.547179781000068 ], [ -66.848821585999985, 10.54715036500005 ], [ -66.848927145999937, 10.547141495000062 ], [ -66.849050288999933, 10.547115019000046 ], [ -66.849196896999956, 10.547097325000038 ], [ -66.849311273999945, 10.547117773000025 ], [ -66.849375816999952, 10.547161715000072 ], [ -66.849364133999984, 10.547229168000058 ], [ -66.849276199999963, 10.547284944000069 ], [ -66.849188255999934, 10.547326058000067 ], [ -66.849059260999979, 10.547370132000026 ], [ -66.848880402999953, 10.547396646000038 ], [ -66.848722070999941, 10.547423146000028 ], [ -66.848546147999969, 10.547452590000034 ], [ -66.848443543999963, 10.54749664700006 ], [ -66.84837029199997, 10.547581736000041 ], [ -66.848341078999965, 10.547743038000021 ], [ -66.848270803999981, 10.547892639000054 ], [ -66.848229833999937, 10.548015827000029 ], [ -66.848165399999971, 10.548130235000031 ], [ -66.848107072999937, 10.54825672000004 ], [ -66.848050847999957, 10.548369363000063 ], [ -66.84800962199995, 10.548459474000026 ], [ -66.847972138999978, 10.548534569000026 ], [ -66.848004418999949, 10.548570205000033 ], [ -66.848054287999958, 10.548596562000057 ], [ -66.848159829999986, 10.548561301000063 ], [ -66.848224318999939, 10.548526068000058 ], [ -66.848365027999932, 10.548458527000037 ], [ -66.848502819999965, 10.548414447000027 ], [ -66.848620083999947, 10.548367448000022 ], [ -66.848766673999933, 10.548323362000076 ], [ -66.848863406999953, 10.548270512000045 ], [ -66.848963067999932, 10.548211796000032 ], [ -66.849103772999968, 10.548138390000076 ], [ -66.849250339999969, 10.54806204700003 ], [ -66.849294313999962, 10.548044422000032 ], [ -66.849329532999946, 10.548088384000039 ], [ -66.849323720999962, 10.548164631000077 ], [ -66.849268046999953, 10.548226249000038 ], [ -66.849197705999984, 10.548279080000043 ], [ -66.849024768999982, 10.548387698000056 ], [ -66.848910453999963, 10.54845815300007 ], [ -66.84874924199994, 10.548560898000062 ], [ -66.848637860999986, 10.548634284000059 ], [ -66.848485424999978, 10.548704766000071 ], [ -66.848321250999959, 10.548763526000073 ], [ -66.84821571699996, 10.548810517000049 ], [ -66.848054446999981, 10.548828222000054 ], [ -66.847987017999969, 10.548851727000056 ], [ -66.848036892999971, 10.548886882000033 ], [ -66.848092609999981, 10.548889776000067 ], [ -66.848206977999951, 10.548895562000041 ], [ -66.848318408999944, 10.548895486000049 ], [ -66.848503157999971, 10.548907089000068 ], [ -66.848555974999954, 10.548956904000022 ], [ -66.848523772999954, 10.54903610100007 ], [ -66.848383055999932, 10.549091913000041 ], [ -66.848195404999956, 10.549124297000049 ], [ -66.847541482999986, 10.54931199300006 ], [ -66.847365503999981, 10.549322466000035 ], [ -66.847099803999981, 10.549329549000049 ], [ -66.846697110999969, 10.549438039000052 ], [ -66.846551377999958, 10.549473474000024 ], [ -66.846467459999985, 10.54947794800006 ], [ -66.846357040999976, 10.549484649000021 ], [ -66.846264319999932, 10.549533299000075 ], [ -66.846184849999986, 10.549584148000065 ], [ -66.846131887999945, 10.549643812000056 ], [ -66.846116197999947, 10.549750384000049 ], [ -66.846097225999983, 10.549785675000066 ], [ -66.846087294999961, 10.549813724000046 ], [ -66.846092734999957, 10.549831812000036 ], [ -66.846111740999959, 10.549847177000061 ], [ -66.846148827999968, 10.549845342000026 ], [ -66.846194050999941, 10.549836266000057 ], [ -66.846274544999972, 10.54981631000004 ], [ -66.846331525999972, 10.549804511000048 ], [ -66.846366799999942, 10.54979725000004 ], [ -66.846387592999974, 10.54977914400007 ], [ -66.846394820999933, 10.549767380000048 ], [ -66.846402944999966, 10.549741141000027 ], [ -66.846415598999954, 10.549726659000044 ], [ -66.846441832999972, 10.549728451000021 ], [ -66.846449981999967, 10.549739300000056 ], [ -66.846444566999935, 10.549758300000065 ], [ -66.846443678999947, 10.549782724000067 ], [ -66.846451830999968, 10.549798097000064 ], [ -66.84647717699994, 10.549823408000066 ], [ -66.846481715999971, 10.549846924000065 ], [ -66.846476299999949, 10.549864114000059 ], [ -66.846449168999982, 10.549874083000077 ], [ -66.846389470999952, 10.54987955200005 ], [ -66.846336099999974, 10.549878684000021 ], [ -66.846215964999942, 10.54987122600005 ], [ -66.846147511999959, 10.54988452300006 ] ] ] } },
{ "type": "Feature", "properties": { "Shape_Leng": 0.0034176313973000002, "Shape_Area": 4.7690931096600003e-07, "Confidence": "Likely", "Type": "Landslide", "SubtypeLS": "Debris Flow", "SubtypeLQ": null, "SubtypeGR": null, "Comments": null, "Source": "B1600011017A8610 - RadiantEarth - 06/26/2026", "Access": "Hard", "Impact": null, "ID": 265, "Longitude": -66.8512861488, "Latitude": 10.548690479899999 }, "geometry": { "type": "Polygon", "coordinates": [ [ [ -66.851103934999969, 10.548527680000063 ], [ -66.851178163999975, 10.548442916000056 ], [ -66.851238065999951, 10.548371194000026 ], [ -66.85130057899994, 10.548305987000049 ], [ -66.85139307999998, 10.548257702000058 ], [ -66.851443896999967, 10.548242027000072 ], [ -66.851526003999936, 10.548241971000039 ], [ -66.851588567999954, 10.548251051000022 ], [ -66.851671994999947, 10.548274453000033 ], [ -66.851764567999965, 10.548331735000033 ], [ -66.851769826999941, 10.548399502000052 ], [ -66.851733366999952, 10.548446445000025 ], [ -66.851694312999939, 10.548511636000057 ], [ -66.851686528999949, 10.548563773000069 ], [ -66.851668325999981, 10.54862634400007 ], [ -66.851644903999954, 10.548681098000031 ], [ -66.851600616999974, 10.548716317000071 ], [ -66.851553705999947, 10.548726775000034 ], [ -66.851496363999956, 10.548730724000052 ], [ -66.851448155999947, 10.548751610000068 ], [ -66.851445583999975, 10.548802440000031 ], [ -66.85146384799998, 10.54882849300003 ], [ -66.851487328999951, 10.54885975600007 ], [ -66.851539500999934, 10.548919672000068 ], [ -66.851549948999946, 10.548950943000023 ], [ -66.851531729999977, 10.548990054000058 ], [ -66.851461369999981, 10.549016168000037 ], [ -66.851422271999979, 10.549016195000036 ], [ -66.851367522999965, 10.549000593000073 ], [ -66.851289312999938, 10.548982401000046 ], [ -66.851241087999938, 10.54897722100003 ], [ -66.851139431999968, 10.548978594000062 ], [ -66.851050866999969, 10.549063368000077 ], [ -66.850988352999934, 10.549127272000021 ], [ -66.850928449999969, 10.549197690000028 ], [ -66.850890678999974, 10.549232905000054 ], [ -66.850846394999962, 10.549274641000068 ], [ -66.850812517999941, 10.549286393000045 ], [ -66.850777321999942, 10.549275991000059 ], [ -66.850772083999971, 10.549239503000024 ], [ -66.850788981999983, 10.54917432700006 ], [ -66.850826728999948, 10.549103923000075 ], [ -66.850874902999976, 10.54903351300004 ], [ -66.850890505999985, 10.548981371000025 ], [ -66.85089306499998, 10.548910991000071 ], [ -66.850894327999981, 10.548852342000032 ], [ -66.850900817999957, 10.548814543000049 ], [ -66.850909916999967, 10.548779348000039 ], [ -66.850920315999986, 10.548738939000032 ], [ -66.850933313999974, 10.548688102000028 ], [ -66.85096065099998, 10.54864116400006 ], [ -66.850999727999977, 10.548609859000067 ], [ -66.851053001999958, 10.548567846000026 ], [ -66.851103934999969, 10.548527680000063 ] ] ] } },
{ "type": "Feature", "properties": { "Shape_Leng": 0.0031562437136100001, "Shape_Area": 2.3758913975500001e-07, "Confidence": "Likely", "Type": "Landslide", "SubtypeLS": "Debris Flow", "SubtypeLQ": null, "SubtypeGR": null, "Comments": null, "Source": "B1600011017A8610 - RadiantEarth - 06/26/2026", "Access": "Hard", "Impact": null, "ID": 266, "Longitude": -66.840456085699998, "Latitude": 10.545292100299999 }, "geometry": { "type": "Polygon", "coordinates": [ [ [ -66.840494733999947, 10.545035781000024 ], [ -66.84053142199997, 10.545082593000075 ], [ -66.840574243999981, 10.54516809200004 ], [ -66.840610992999984, 10.545304505000047 ], [ -66.84065585899998, 10.545400184000073 ], [ -66.840710928999954, 10.545528439000066 ], [ -66.840751720999947, 10.545622085000048 ], [ -66.840784402999986, 10.545768682000073 ], [ -66.840790583999933, 10.545872534000068 ], [ -66.840782475999958, 10.545927522000056 ], [ -66.840729541999963, 10.545945886000027 ], [ -66.840662322999947, 10.545919459000061 ], [ -66.840631756999983, 10.545888934000061 ], [ -66.840599098999974, 10.545778991000077 ], [ -66.84059293699994, 10.545701613000062 ], [ -66.840564379999932, 10.545632395000041 ], [ -66.840503171999956, 10.545461381000052 ], [ -66.840466421999963, 10.545322931000044 ], [ -66.840417468999988, 10.545206891000021 ], [ -66.840329856999972, 10.545137714000077 ], [ -66.840221874999941, 10.545060405000072 ], [ -66.840079256999957, 10.544956647000049 ], [ -66.840014040999961, 10.544881345000022 ], [ -66.839977339999962, 10.544814169000063 ], [ -66.839989484999933, 10.544706233000056 ], [ -66.840097440999955, 10.544746886000041 ], [ -66.840219696999952, 10.544852695000031 ], [ -66.840348051999968, 10.544944244000021 ], [ -66.840494733999947, 10.545035781000024 ] ] ] } },
{ "type": "Feature", "properties": { "Shape_Leng": 0.00093966893605199997, "Shape_Area": 3.5773702422699998e-08, "Confidence": "Likely", "Type": "Landslide", "SubtypeLS": "Debris Flow", "SubtypeLQ": null, "SubtypeGR": null, "Comments": null, "Source": "B1600011017A8610 - RadiantEarth - 06/26/2026", "Access": "Hard", "Impact": null, "ID": 267, "Longitude": -66.806630776800006, "Latitude": 10.5519716405 }, "geometry": { "type": "Polygon", "coordinates": [ [ [ -66.806713720999937, 10.552083768000045 ], [ -66.80662508599994, 10.552024430000074 ], [ -66.806555589999959, 10.551981187000024 ], [ -66.806508250999968, 10.551951016000032 ], [ -66.806478027999958, 10.551920834000043 ], [ -66.806462901999964, 10.55188460100004 ], [ -66.806473954999944, 10.551854391000063 ], [ -66.806502136999939, 10.551843297000062 ], [ -66.806549458999939, 10.551849306000065 ], [ -66.806622980999975, 10.551891539000053 ], [ -66.806685442999935, 10.55195391500007 ], [ -66.80672776199998, 10.552005231000066 ], [ -66.806795241999964, 10.552045455000041 ], [ -66.806825470999968, 10.552083691000064 ], [ -66.80681642899998, 10.552110880000043 ], [ -66.806780183999933, 10.552108891000046 ], [ -66.806713720999937, 10.552083768000045 ] ] ] } },
{ "type": "Feature", "properties": { "Shape_Leng": 0.00180266866384, "Shape_Area": 1.6500830065500001e-07, "Confidence": "Possible", "Type": "Landslide", "SubtypeLS": "Debris Flow", "SubtypeLQ": null, "SubtypeGR": null, "Comments": null, "Source": "B1600011017A8610 - RadiantEarth - 06/26/2026", "Access": "Hard", "Impact": null, "ID": 268, "Longitude": -66.806547364500005, "Latitude": 10.5509661168 }, "geometry": { "type": "Polygon", "coordinates": [ [ [ -66.80638989199997, 10.550752803000023 ], [ -66.806470124999976, 10.550763759000063 ], [ -66.806559823999976, 10.550814036000077 ], [ -66.806651107999983, 10.550881615000037 ], [ -66.806773863999979, 10.550964903000022 ], [ -66.806877736999979, 10.551040339000053 ], [ -66.80690608499998, 10.551087511000048 ], [ -66.806909262999966, 10.551134701000024 ], [ -66.806863666999959, 10.551167766000049 ], [ -66.80677243699995, 10.551178840000034 ], [ -66.806689064999944, 10.551178897000057 ], [ -66.806566339999961, 10.551141228000063 ], [ -66.806495522999967, 10.551097231000028 ], [ -66.80644671899995, 10.55104063400006 ], [ -66.806390049999948, 10.550984043000028 ], [ -66.806320815999982, 10.550955775000034 ], [ -66.806248439999933, 10.550933802000031 ], [ -66.806202807999966, 10.550914956000042 ], [ -66.806172884999967, 10.550863066000034 ], [ -66.806188579999969, 10.550811144000022 ], [ -66.80624361699995, 10.550782791000074 ], [ -66.806282929999952, 10.550762314000053 ], [ -66.80633011499998, 10.550752844000044 ], [ -66.80638989199997, 10.550752803000023 ] ] ] } },
{ "type": "Feature", "properties": { "Shape_Leng": 0.00081550161257299997, "Shape_Area": 4.0426450075700002e-08, "Confidence": "Likely", "Type": "Landslide", "SubtypeLS": "Debris Flow", "SubtypeLQ": null, "SubtypeGR": null, "Comments": null, "Source": "B140001100B5C810 - RadiantEarth - 06/29/2026", "Access": "Hard", "Impact": null, "ID": 269, "Longitude": -66.846900629399997, "Latitude": 10.541189191699999 }, "geometry": { "type": "Polygon", "coordinates": [ [ [ -66.846995924999987, 10.54129920500003 ], [ -66.846964302999936, 10.541344446000039 ], [ -66.846920595999961, 10.541352013000051 ], [ -66.846888923999984, 10.541324903000032 ], [ -66.846855717999972, 10.541258604000063 ], [ -66.846830055999988, 10.541204358000073 ], [ -66.846807404999936, 10.541144082000073 ], [ -66.84680132699998, 10.54107173500006 ], [ -66.846819385999936, 10.541031025000052 ], [ -66.84688420699996, 10.541040025000029 ], [ -66.84693247499996, 10.541089733000035 ], [ -66.846968690999972, 10.54115 ], [ -66.84699285399995, 10.541216305000034 ], [ -66.846995924999987, 10.54129920500003 ] ] ] } },
{ "type": "Feature", "properties": { "Shape_Leng": 0.00062379675324300001, "Shape_Area": 1.99059286764e-08, "Confidence": "Likely", "Type": "Landslide", "SubtypeLS": "Debris Flow", "SubtypeLQ": null, "SubtypeGR": null, "Comments": null, "Source": "B140001100B5C810 - RadiantEarth - 06/29/2026", "Access": "Hard", "Impact": null, "ID": 270, "Longitude": -66.846754562599997, "Latitude": 10.5414199939 }, "geometry": { "type": "Polygon", "coordinates": [ [ [ -66.84684228499998, 10.541453056000023 ], [ -66.846855867999977, 10.54147867100005 ], [ -66.846833286999981, 10.541519384000026 ], [ -66.846801641999946, 10.541532971000038 ], [ -66.84677600699996, 10.541516408000064 ], [ -66.846766937999973, 10.541480239000066 ], [ -66.846711135999954, 10.541433551000068 ], [ -66.846656834999976, 10.541379325000037 ], [ -66.846643251999978, 10.541353710000067 ], [ -66.846665842999982, 10.541326563000041 ], [ -66.846706535999942, 10.541320506000034 ], [ -66.846753285999966, 10.541353635000064 ], [ -66.846798534999948, 10.54139731600003 ], [ -66.84684228499998, 10.541453056000023 ] ] ] } },
{ "type": "Feature", "properties": { "Shape_Leng": 0.0027096775776000001, "Shape_Area": 2.5902414292800002e-07, "Confidence": "Questionable", "Type": "Landslide", "SubtypeLS": "Debris Flow", "SubtypeLQ": null, "SubtypeGR": null, "Comments": "Partly reactivated - visible bedrock", "Source": "B140001100B5C810 - RadiantEarth - 06/29/2026", "Access": "Hard", "Impact": null, "ID": 271, "Longitude": -66.857006250599994, "Latitude": 10.5450948927 }, "geometry": { "type": "Polygon", "coordinates": [ [ [ -66.856715486999974, 10.545470743000067 ], [ -66.856675183999982, 10.545483023000031 ], [ -66.856640062999986, 10.545474566000053 ], [ -66.856645690999983, 10.54543119300007 ], [ -66.856662626999935, 10.545380269000077 ], [ -66.856673915999977, 10.545344434000071 ], [ -66.856690847999971, 10.545287853000048 ], [ -66.85670777699994, 10.545227501000056 ], [ -66.856726594999941, 10.545170918000053 ], [ -66.856766146999973, 10.545103008000069 ], [ -66.856822661999956, 10.545023772000036 ], [ -66.856899914999985, 10.544938865000063 ], [ -66.856962086999943, 10.544859626000061 ], [ -66.857080838999934, 10.544795433000047 ], [ -66.857178858999987, 10.544746339000028 ], [ -66.857235414999934, 10.544727444000046 ], [ -66.857312758999967, 10.544774532000076 ], [ -66.857335401999933, 10.544797144000029 ], [ -66.857352391999939, 10.544825417000027 ], [ -66.857386401999975, 10.544925333000037 ], [ -66.857375115999957, 10.544964939000067 ], [ -66.857341188999953, 10.544987590000062 ], [ -66.857295941999951, 10.544998935000024 ], [ -66.85721676199995, 10.545023502000049 ], [ -66.857154554999966, 10.545051830000034 ], [ -66.857086708999987, 10.545106560000022 ], [ -66.857026398999949, 10.545151857000064 ], [ -66.857035855999982, 10.545193334000032 ], [ -66.857058490999975, 10.545204633000026 ], [ -66.857088657999952, 10.545198955000046 ], [ -66.857115052999973, 10.545193280000035 ], [ -66.857165944999963, 10.545163075000062 ], [ -66.857194213999946, 10.545140428000025 ], [ -66.857228154999973, 10.545140405000041 ], [ -66.85724139499996, 10.545198850000077 ], [ -66.857216904999973, 10.545232809000026 ], [ -66.857145283999955, 10.545281885000065 ], [ -66.857077423999954, 10.54531587300005 ], [ -66.856986939999956, 10.545355533000077 ], [ -66.856894570999941, 10.545395195000026 ], [ -66.856798418999972, 10.545417889000021 ], [ -66.856715486999974, 10.545470743000067 ] ] ] } },
{ "type": "Feature", "properties": { "Shape_Leng": 0.00091322470852700001, "Shape_Area": 3.8082875704100003e-08, "Confidence": "Likely", "Type": "Landslide", "SubtypeLS": "Debris Flow", "SubtypeLQ": null, "SubtypeGR": null, "Comments": null, "Source": "B140001100B5C810 - RadiantEarth - 06/29/2026", "Access": "From trail", "Impact": null, "ID": 272, "Longitude": -66.862342190700005, "Latitude": 10.5492519275 }, "geometry": { "type": "Polygon", "coordinates": [ [ [ -66.862317301999951, 10.549398645000053 ], [ -66.862302973999988, 10.549409036000043 ], [ -66.862288149999983, 10.549417944000027 ], [ -66.862265419999972, 10.549429328000031 ], [ -66.862240708999934, 10.549435277000043 ], [ -66.862218463999966, 10.549434304000044 ], [ -66.86220807899997, 10.549428379000062 ], [ -66.862206094999976, 10.549417505000065 ], [ -66.862211031999948, 10.549409099000059 ], [ -66.862219925999966, 10.549403161000043 ], [ -66.862228818999938, 10.549397223000028 ], [ -66.862239193999983, 10.549389307000069 ], [ -66.862253517999989, 10.549373479000053 ], [ -66.862260920999972, 10.54935666800003 ], [ -66.862266839999961, 10.549337386000047 ], [ -66.862268308999944, 10.549316624000028 ], [ -66.862271755999984, 10.54929783700004 ], [ -66.862274703999958, 10.549271143000055 ], [ -66.862276171999952, 10.549249886000041 ], [ -66.862276152999982, 10.549222205000035 ], [ -66.862276136999981, 10.549198478000051 ], [ -66.862283533999971, 10.549173263000057 ], [ -66.862299833999941, 10.54915545700004 ], [ -66.862326512999971, 10.54913467700004 ], [ -66.862347264999983, 10.549121317000072 ], [ -66.862379389999944, 10.54911388000005 ], [ -66.86241102799994, 10.549117813000066 ], [ -66.862431793999974, 10.549125213000025 ], [ -66.862461466999946, 10.549146449000034 ], [ -66.86246988399995, 10.549165721000065 ], [ -66.862468417999935, 10.549190932000045 ], [ -66.862456570999939, 10.549214172000063 ], [ -66.862437303999968, 10.549230992000048 ], [ -66.862409640999942, 10.549257210000064 ], [ -66.862387412999965, 10.549281446000066 ], [ -66.862365186999966, 10.549307660000068 ], [ -66.862344449999966, 10.549341781000066 ], [ -66.862317301999951, 10.549398645000053 ] ] ] } },
{ "type": "Feature", "properties": { "Shape_Leng": 0.0046907238426299996, "Shape_Area": 2.8355847929000001e-07, "Confidence": "Likely", "Type": "Landslide", "SubtypeLS": "Debris Flow", "SubtypeLQ": null, "SubtypeGR": null, "Comments": null, "Source": "B140001100B5C810 - RadiantEarth - 06/29/2026", "Access": "Hard", "Impact": "Watershed towards Caraballeda", "ID": 273, "Longitude": -66.849347714499999, "Latitude": 10.5667872986 }, "geometry": { "type": "Polygon", "coordinates": [ [ [ -66.84922955899998, 10.566923068000051 ], [ -66.849144149999972, 10.566973214000029 ], [ -66.849090788999945, 10.567027981000024 ], [ -66.849079983999957, 10.567039574000034 ], [ -66.849033310999971, 10.567059063000045 ], [ -66.849021542999935, 10.56706448400007 ], [ -66.848932074999937, 10.567061749000061 ], [ -66.848826007999946, 10.567061822000028 ], [ -66.848699323999938, 10.567073694000044 ], [ -66.848575608999965, 10.567117973000052 ], [ -66.848513766999986, 10.567162210000049 ], [ -66.848460785999976, 10.56723885100007 ], [ -66.848393038999973, 10.567265414000076 ], [ -66.848357658999987, 10.567230083000027 ], [ -66.84835762199998, 10.567177049000065 ], [ -66.848392923999938, 10.567097474000036 ], [ -66.84847241999995, 10.56701786900004 ], [ -66.848593193999989, 10.566982430000053 ], [ -66.848781727999949, 10.566938107000055 ], [ -66.848946697999963, 10.566902638000045 ], [ -66.849082205999935, 10.566870135000045 ], [ -66.849264827999946, 10.56679635200004 ], [ -66.849364949999938, 10.566719679000073 ], [ -66.849470986999961, 10.566675412000052 ], [ -66.849603516999935, 10.566595771000038 ], [ -66.849741936999976, 10.566513179000026 ], [ -66.849847963999935, 10.566454180000051 ], [ -66.849971695999955, 10.566433471000039 ], [ -66.850095418999956, 10.566400977000058 ], [ -66.850239787999953, 10.566400878000024 ], [ -66.850395958999968, 10.566424341000072 ], [ -66.850431350999941, 10.56647735100006 ], [ -66.850345940999944, 10.566524551000043 ], [ -66.850257548999934, 10.566521665000039 ], [ -66.850068986999986, 10.566524740000034 ], [ -66.849971767999932, 10.566539538000029 ], [ -66.849877530999947, 10.566604422000069 ], [ -66.849786242999983, 10.566675196000062 ], [ -66.849724386999981, 10.566698809000059 ], [ -66.849618348999968, 10.566743076000023 ], [ -66.849497588999952, 10.566799139000068 ], [ -66.849426886999936, 10.566813919000026 ], [ -66.849326748999943, 10.566867022000054 ], [ -66.84922955899998, 10.566923068000051 ] ] ] } },
{ "type": "Feature", "properties": { "Shape_Leng": 0.0027223930811799998, "Shape_Area": 1.70205054124e-07, "Confidence": "Likely", "Type": "Landslide", "SubtypeLS": "Debris Flow", "SubtypeLQ": null, "SubtypeGR": null, "Comments": "Visible bedrock", "Source": "B140001100B5C810 - RadiantEarth - 06/29/2026", "Access": "Hard", "Impact": "Watershed towards Caraballeda", "ID": 274, "Longitude": -66.850257988500005, "Latitude": 10.5672245422 }, "geometry": { "type": "Polygon", "coordinates": [ [ [ -66.850589225999954, 10.567106420000073 ], [ -66.850638705999984, 10.567092575000061 ], [ -66.850706616999958, 10.567104038000025 ], [ -66.85071469199994, 10.567131654000036 ], [ -66.850699764999945, 10.567182304000028 ], [ -66.85066295699994, 10.567213404000029 ], [ -66.850627293999935, 10.567235295000046 ], [ -66.850589332999959, 10.56726294300006 ], [ -66.850544452999941, 10.567269879000037 ], [ -66.850504167999986, 10.567265303000056 ], [ -66.850430528999937, 10.567292975000043 ], [ -66.850361491999934, 10.567318343000068 ], [ -66.850333883999951, 10.567339078000032 ], [ -66.850278664999962, 10.567373643000053 ], [ -66.850221123999972, 10.567380588000049 ], [ -66.850144012999976, 10.567379490000064 ], [ -66.85004848799997, 10.567380706000051 ], [ -66.850007059999939, 10.567386489000057 ], [ -66.849936863999972, 10.567400348000035 ], [ -66.84989197699997, 10.567398077000064 ], [ -66.849857448999956, 10.567396949000056 ], [ -66.849830966999946, 10.567380855000067 ], [ -66.849813683999969, 10.567352094000057 ], [ -66.849819410999942, 10.567311808000056 ], [ -66.849829751999948, 10.567286481000053 ], [ -66.849860797999952, 10.567245028000059 ], [ -66.849905662999959, 10.567215073000057 ], [ -66.849957435999954, 10.567189718000066 ], [ -66.850013822999983, 10.567179321000026 ], [ -66.85005180099995, 10.56717584200004 ], [ -66.850110504999975, 10.567187311000055 ], [ -66.850161150999952, 10.567196484000021 ], [ -66.850193879999949, 10.567198445000031 ], [ -66.850243833999969, 10.567172816000038 ], [ -66.850282528999969, 10.567146564000041 ], [ -66.850308735999988, 10.567120321000061 ], [ -66.850348670999949, 10.567080332000046 ], [ -66.85037611599995, 10.567037853000045 ], [ -66.850397327999985, 10.567011614000023 ], [ -66.850417291999975, 10.566986624000037 ], [ -66.850443490999965, 10.566949141000066 ], [ -66.850468435999971, 10.566902918000039 ], [ -66.850510871999973, 10.566869171000064 ], [ -66.850544590999959, 10.566870397000059 ], [ -66.85055084399994, 10.566884130000062 ], [ -66.850535884999942, 10.566922853000051 ], [ -66.850505949999956, 10.566975324000055 ], [ -66.850483501999975, 10.567020296000067 ], [ -66.850447827999972, 10.567082312000025 ], [ -66.850429408999958, 10.567101207000064 ], [ -66.850404699999956, 10.567126849000033 ], [ -66.850386283999967, 10.567152038000074 ], [ -66.850381069999969, 10.567178203000026 ], [ -66.850380907999977, 10.567179016000068 ], [ -66.85039799499998, 10.56718305000004 ], [ -66.850424969999949, 10.567184830000031 ], [ -66.850453288999972, 10.567178966000029 ], [ -66.850487447999967, 10.567165905000024 ], [ -66.850515310999981, 10.567151050000064 ], [ -66.850559312999962, 10.567121402000055 ], [ -66.850589225999954, 10.567106420000073 ] ] ] } },
{ "type": "Feature", "properties": { "Shape_Leng": 0.0054355787576099998, "Shape_Area": 2.64414617929e-07, "Confidence": "Likely", "Type": "Landslide", "SubtypeLS": "Debris Flow", "SubtypeLQ": null, "SubtypeGR": null, "Comments": null, "Source": "B140001100B5C810 - RadiantEarth - 06/29/2026", "Access": "Hard", "Impact": "Watershed towards Caraballeda", "ID": 275, "Longitude": -66.849210632199998, "Latitude": 10.5677554281 }, "geometry": { "type": "Polygon", "coordinates": [ [ [ -66.849509243999933, 10.568036559000063 ], [ -66.849438960999976, 10.568011597000066 ], [ -66.849380579999945, 10.567977099000075 ], [ -66.849306719999959, 10.567947376000063 ], [ -66.84922809699998, 10.567918847000044 ], [ -66.849180444999945, 10.567898633000027 ], [ -66.849137559999974, 10.567883180000024 ], [ -66.849116122999988, 10.56788438600006 ], [ -66.849116141999957, 10.567911778000052 ], [ -66.849128071999985, 10.567941544000064 ], [ -66.849148348999961, 10.567986786000063 ], [ -66.849159086999975, 10.56801536200004 ], [ -66.849106697999957, 10.568034453000053 ], [ -66.849060247999944, 10.568029721000073 ], [ -66.849030459999938, 10.568009495000069 ], [ -66.848988751999968, 10.567973795000057 ], [ -66.848955374999946, 10.567929752000055 ], [ -66.848913652999954, 10.567873806000023 ], [ -66.84888028499995, 10.567844054000034 ], [ -66.848831439999969, 10.567820269000038 ], [ -66.848777832999986, 10.567801250000059 ], [ -66.848726614999975, 10.567790567000031 ], [ -66.848669436999955, 10.567773932000023 ], [ -66.84863846199994, 10.567758471000047 ], [ -66.84856340999994, 10.567727557000069 ], [ -66.848483588999954, 10.567688310000051 ], [ -66.848402585999963, 10.567663356000025 ], [ -66.848323975999961, 10.567652691000035 ], [ -66.848288241999967, 10.567645570000025 ], [ -66.848266796999951, 10.567633675000025 ], [ -66.848263209999971, 10.567613431000041 ], [ -66.848276299999952, 10.567597939000052 ], [ -66.848295349999944, 10.567590781000035 ], [ -66.848329887999967, 10.567590757000062 ], [ -66.848366810999948, 10.567595495000035 ], [ -66.848456143999954, 10.567612108000048 ], [ -66.848533571999951, 10.567634683000051 ], [ -66.848587184999985, 10.567663229000061 ], [ -66.848667000999967, 10.567694140000071 ], [ -66.848734905999947, 10.567723867000041 ], [ -66.848820676999935, 10.567755964000071 ], [ -66.848894529999939, 10.567776160000051 ], [ -66.849010058999966, 10.567784418000031 ], [ -66.849066026999935, 10.567773661000047 ], [ -66.849117227999955, 10.567758143000049 ], [ -66.849155328999984, 10.567743825000036 ], [ -66.849176741999941, 10.567709273000048 ], [ -66.849198147999971, 10.567662811000048 ], [ -66.849223119999976, 10.567608009000026 ], [ -66.849248091999982, 10.567552017000025 ], [ -66.84928853599996, 10.567480532000047 ], [ -66.84931946599994, 10.567429299000025 ], [ -66.849356344999933, 10.567369726000038 ], [ -66.849387271999944, 10.567314921000047 ], [ -66.849415833999956, 10.567283936000024 ], [ -66.849437272999978, 10.56728630300006 ], [ -66.849463485999934, 10.567304150000041 ], [ -66.849462319999986, 10.567339880000077 ], [ -66.84944209799994, 10.567375622000043 ], [ -66.849423064999939, 10.567407791000051 ], [ -66.849395698999956, 10.567447112000025 ], [ -66.849367145999963, 10.567490006000071 ], [ -66.849330262999956, 10.567543624000052 ], [ -66.849292196999954, 10.567609153000035 ], [ -66.849274363999939, 10.567655613000056 ], [ -66.849269624999977, 10.567691345000071 ], [ -66.849285111999961, 10.567698480000047 ], [ -66.849305353999966, 10.567691320000051 ], [ -66.849327956999957, 10.56765557600005 ], [ -66.849362467999981, 10.567615060000037 ], [ -66.849387447999959, 10.567572168000027 ], [ -66.849420770999984, 10.567536416000053 ], [ -66.849474334999968, 10.56749469600004 ], [ -66.849508859999958, 10.567475617000071 ], [ -66.849558857999966, 10.567443427000057 ], [ -66.849612424999975, 10.567404089000036 ], [ -66.849656472999982, 10.567379048000021 ], [ -66.84969934999998, 10.567382592000058 ], [ -66.84970532899996, 10.567418316000044 ], [ -66.849687488999962, 10.567454058000067 ], [ -66.849626779999937, 10.567496974000051 ], [ -66.849591070999963, 10.567526772000065 ], [ -66.849549409999952, 10.567558957000074 ], [ -66.849501797999949, 10.567598291000024 ], [ -66.849448234999954, 10.567641202000061 ], [ -66.849412528999949, 10.567675765000047 ], [ -66.849363749999952, 10.567748447000042 ], [ -66.849353064999946, 10.567798474000028 ], [ -66.849376908999943, 10.567834187000074 ], [ -66.84940907899994, 10.567854411000042 ], [ -66.849463875999959, 10.567873429000031 ], [ -66.849524631999941, 10.567898397000022 ], [ -66.849594909999951, 10.567915023000069 ], [ -66.849655659999939, 10.567930464000028 ], [ -66.849741419999987, 10.567947078000032 ], [ -66.849753357999987, 10.567987563000031 ], [ -66.849746228999948, 10.568012578000037 ], [ -66.84969622999995, 10.568043577000026 ], [ -66.849623589999965, 10.568055536000031 ], [ -66.849564035999947, 10.568047240000055 ], [ -66.849509243999933, 10.568036559000063 ] ] ] } },
{ "type": "Feature", "properties": { "Shape_Leng": 0.0027726556038500001, "Shape_Area": 1.15824126176e-07, "Confidence": "Likely", "Type": "Landslide", "SubtypeLS": "Debris Flow", "SubtypeLQ": null, "SubtypeGR": null, "Comments": null, "Source": "B140001100B5C810 - RadiantEarth - 06/29/2026", "Access": "Hard", "Impact": "Watershed towards Caraballeda", "ID": 276, "Longitude": -66.847293976200007, "Latitude": 10.5686190477 }, "geometry": { "type": "Polygon", "coordinates": [ [ [ -66.847691998999949, 10.568706305000035 ], [ -66.847652905999951, 10.568684001000065 ], [ -66.847602647999963, 10.568663566000055 ], [ -66.847528203999957, 10.568650591000051 ], [ -66.847450040999945, 10.568641340000056 ], [ -66.847399799999948, 10.568645096000068 ], [ -66.847349571999985, 10.568667461000075 ], [ -66.84729002399996, 10.568667502000039 ], [ -66.847262103999981, 10.568658217000063 ], [ -66.847209994999957, 10.568650809000076 ], [ -66.847144857999979, 10.568641549000063 ], [ -66.847027628999967, 10.568650934000061 ], [ -66.846921562999967, 10.568656589000057 ], [ -66.846830388999933, 10.568669678000049 ], [ -66.846720606999952, 10.568684640000072 ], [ -66.846597789999976, 10.568684724000036 ], [ -66.846562432999974, 10.568684748000067 ], [ -66.846530779999966, 10.568658718000052 ], [ -66.846545643999946, 10.568625212000029 ], [ -66.84659215299996, 10.568606571000032 ], [ -66.846713111999975, 10.568608349000044 ], [ -66.846826620999934, 10.568602689000045 ], [ -66.846938269999953, 10.568597030000035 ], [ -66.847105742999986, 10.568589471000053 ], [ -66.847195062999958, 10.568585688000042 ], [ -66.847316004999982, 10.568563275000031 ], [ -66.847438816999954, 10.568555747000062 ], [ -66.847580236999988, 10.568546346000062 ], [ -66.84766768999998, 10.568533260000038 ], [ -66.847751420999941, 10.568522038000026 ], [ -66.847796090999964, 10.568535033000046 ], [ -66.847824038999988, 10.568585258000041 ], [ -66.847824086999935, 10.568655971000055 ], [ -66.847775739999975, 10.568708109000056 ], [ -66.847691998999949, 10.568706305000035 ] ] ] } },
{ "type": "Feature", "properties": { "Shape_Leng": 0.0020966491572300002, "Shape_Area": 6.4325327473699996e-08, "Confidence": "Likely", "Type": "Landslide", "SubtypeLS": "Debris Flow", "SubtypeLQ": null, "SubtypeGR": null, "Comments": null, "Source": "B140001100B5C810 - RadiantEarth - 06/29/2026", "Access": "Hard", "Impact": "Watershed towards Caraballeda", "ID": 277, "Longitude": -66.846984711600001, "Latitude": 10.5678954883 }, "geometry": { "type": "Polygon", "coordinates": [ [ [ -66.846614081999974, 10.568127864000076 ], [ -66.846593846999951, 10.568144552000035 ], [ -66.846567648999951, 10.568149333000065 ], [ -66.846529530999987, 10.568138641000075 ], [ -66.846524754999962, 10.568120780000072 ], [ -66.846539037999946, 10.568108860000052 ], [ -66.846572373999948, 10.568092164000063 ], [ -66.846611664999955, 10.568076655000027 ], [ -66.846654515999944, 10.568042087000038 ], [ -66.846703324999964, 10.568012280000062 ], [ -66.846739038999942, 10.567990818000055 ], [ -66.846785474999933, 10.567974113000048 ], [ -66.846828336999977, 10.567956219000052 ], [ -66.846872388999941, 10.567937134000033 ], [ -66.846906914999977, 10.567919246000031 ], [ -66.846939050999936, 10.567890641000076 ], [ -66.846979523999948, 10.567862030000072 ], [ -66.847018797999965, 10.567820319000077 ], [ -66.847049737999953, 10.567784569000025 ], [ -66.84708544199998, 10.567748816000062 ], [ -66.847106854999936, 10.56771307200006 ], [ -66.847140181999976, 10.567683276000025 ], [ -66.847165166999957, 10.567647530000045 ], [ -66.847179444999938, 10.567627274000074 ], [ -66.847200876999977, 10.567620113000032 ], [ -66.847229460999984, 10.567620094000063 ], [ -66.847236622999958, 10.56764509900006 ], [ -66.847235448999982, 10.567668919000027 ], [ -66.847214030999965, 10.567697517000056 ], [ -66.847192611999958, 10.567723732000047 ], [ -66.847165233999988, 10.56774518800006 ], [ -66.847133090999932, 10.567763075000073 ], [ -66.84711404799998, 10.567780952000021 ], [ -66.847097390999977, 10.567805974000066 ], [ -66.847106929999939, 10.567822641000021 ], [ -66.847124803999975, 10.567836920000047 ], [ -66.847149823999985, 10.56785119400007 ], [ -66.847176033999972, 10.567863086000045 ], [ -66.847197479999977, 10.567876172000069 ], [ -66.847221308999963, 10.567890447000025 ], [ -66.847222516999977, 10.567915457000026 ], [ -66.847215380999955, 10.567929753000044 ], [ -66.847196327999939, 10.567933339000035 ], [ -66.847171317999937, 10.567933356000026 ], [ -66.847139157999948, 10.567927423000071 ], [ -66.84710105399995, 10.567936977000045 ], [ -66.847057000999939, 10.56795487200003 ], [ -66.847040333999985, 10.567965602000072 ], [ -66.847004615999936, 10.567981109000073 ], [ -66.846960552999974, 10.567984712000055 ], [ -66.846926014999951, 10.567984735000039 ], [ -66.84690815099998, 10.567984748000072 ], [ -66.846871230999966, 10.567984773000035 ], [ -66.846829553999953, 10.567994329000044 ], [ -66.846785497999974, 10.568008651000071 ], [ -66.846747395999955, 10.568020587000035 ], [ -66.846710492999932, 10.568045622000056 ], [ -66.846664071999953, 10.56808376500004 ], [ -66.846614081999974, 10.568127864000076 ] ] ] } },
{ "type": "Feature", "properties": { "Shape_Leng": 0.00052847685833599999, "Shape_Area": 1.6137132137099998e-08, "Confidence": "Likely", "Type": "Landslide", "SubtypeLS": "Debris Flow", "SubtypeLQ": null, "SubtypeGR": null, "Comments": null, "Source": "B140001100B5C810 - RadiantEarth - 06/29/2026", "Access": "Hard", "Impact": "Watershed towards Caraballeda", "ID": 278, "Longitude": -66.846855246700002, "Latitude": 10.566866940900001 }, "geometry": { "type": "Polygon", "coordinates": [ [ [ -66.846864448999952, 10.566915798000025 ], [ -66.846818387999974, 10.566932090000023 ], [ -66.846779095999977, 10.566937537000058 ], [ -66.846761473999948, 10.566928064000024 ], [ -66.846757386999968, 10.566896900000074 ], [ -66.846773626999948, 10.56686707800003 ], [ -66.846811549999984, 10.566839951000077 ], [ -66.846868444999984, 10.566815521000024 ], [ -66.846900952999988, 10.56679517300006 ], [ -66.846944313999984, 10.566795144000025 ], [ -66.84695652399995, 10.566815461000033 ], [ -66.846945699999935, 10.566839859000027 ], [ -66.846919981999974, 10.56688052800007 ], [ -66.846864448999952, 10.566915798000025 ] ] ] } },
{ "type": "Feature", "properties": { "Shape_Leng": 0.0025506073256600001, "Shape_Area": 2.0858473654600001e-07, "Confidence": "Likely", "Type": "Landslide", "SubtypeLS": "Debris Flow", "SubtypeLQ": null, "SubtypeGR": null, "Comments": null, "Source": "B140001100B5C810 - RadiantEarth - 06/29/2026", "Access": "Hard", "Impact": "Watershed towards Caraballeda", "ID": 279, "Longitude": -66.845948374200006, "Latitude": 10.566927653700001 }, "geometry": { "type": "Polygon", "coordinates": [ [ [ -66.84578062099996, 10.567471687000022 ], [ -66.845734002999961, 10.567414552000059 ], [ -66.845714898999972, 10.567344696000021 ], [ -66.845714820999945, 10.567230364000068 ], [ -66.845754977999945, 10.567126590000044 ], [ -66.845809926999948, 10.566980461000071 ], [ -66.845854316999976, 10.56687456800006 ], [ -66.845905050999988, 10.566758084000071 ], [ -66.845932518999973, 10.566675491000069 ], [ -66.845951495999941, 10.566561146000026 ], [ -66.845970504999968, 10.566493381000043 ], [ -66.846012784999971, 10.566398075000052 ], [ -66.846031826999933, 10.566379007000023 ], [ -66.846057236999968, 10.566383224000049 ], [ -66.846065727999985, 10.566414977000022 ], [ -66.846057289999976, 10.566459445000021 ], [ -66.846044617999951, 10.566506034000042 ], [ -66.846040409999944, 10.566544147000059 ], [ -66.846059480999941, 10.566567424000027 ], [ -66.846082765999938, 10.566561056000069 ], [ -66.846114504999946, 10.566531393000048 ], [ -66.846146267999984, 10.566537723000067 ], [ -66.846161117999941, 10.566580058000056 ], [ -66.846173847999978, 10.566618160000075 ], [ -66.846171764999951, 10.566668976000074 ], [ -66.846152741999958, 10.566715569000053 ], [ -66.846140072999958, 10.566766392000034 ], [ -66.846142233999956, 10.566829908000045 ], [ -66.846146515999976, 10.566899775000024 ], [ -66.846129599999983, 10.566931545000045 ], [ -66.846070366999982, 10.56700569000003 ], [ -66.846019593999983, 10.567065008000043 ], [ -66.845977287999972, 10.567122203000054 ], [ -66.845924410999942, 10.567202696000038 ], [ -66.845882117999963, 10.567278946000044 ], [ -66.845854642999939, 10.567350952000027 ], [ -66.845822931999976, 10.567420843000036 ], [ -66.84578062099996, 10.567471687000022 ] ] ] } },
{ "type": "Feature", "properties": { "Shape_Leng": 0.0025473813945600002, "Shape_Area": 3.9142460219900003e-07, "Confidence": "Possible", "Type": "Landslide", "SubtypeLS": "Debris Flow", "SubtypeLQ": null, "SubtypeGR": null, "Comments": "Distorted image towards the east", "Source": "B140001100B5C810 - RadiantEarth - 06/29/2026", "Access": "Hard", "Impact": "Watershed towards Caraballeda", "ID": 280, "Longitude": -66.845943443400003, "Latitude": 10.569541428400001 }, "geometry": { "type": "Polygon", "coordinates": [ [ [ -66.84552383099998, 10.569684403000053 ], [ -66.845487825999953, 10.569667489000039 ], [ -66.845485684999971, 10.569633614000054 ], [ -66.845536470999946, 10.569591234000029 ], [ -66.845557590999988, 10.569514998000045 ], [ -66.845530034999967, 10.569468437000069 ], [ -66.845513074999985, 10.569436690000032 ], [ -66.845504548999941, 10.569354123000039 ], [ -66.845589197999971, 10.569292664000045 ], [ -66.845760702999939, 10.569303133000062 ], [ -66.845919494999976, 10.569298790000062 ], [ -66.846033825999939, 10.569296594000036 ], [ -66.846173557999975, 10.569285912000055 ], [ -66.846266715999946, 10.569283731000041 ], [ -66.846311212999979, 10.569334515000037 ], [ -66.846362058999944, 10.569381060000069 ], [ -66.846376936999945, 10.569463623000047 ], [ -66.846351579999975, 10.569537744000058 ], [ -66.846281762999979, 10.569614014000024 ], [ -66.846262741999965, 10.569664841000076 ], [ -66.846275480999964, 10.569715647000066 ], [ -66.846267059999946, 10.569785522000075 ], [ -66.846212040999944, 10.569830022000076 ], [ -66.846178177999946, 10.569849101000045 ], [ -66.846101961999977, 10.569857622000029 ], [ -66.846008796999968, 10.569849217000069 ], [ -66.845913493999944, 10.569811171000026 ], [ -66.845722897999963, 10.569749901000023 ], [ -66.84560006199996, 10.569699171000025 ], [ -66.84552383099998, 10.569684403000053 ] ] ] } },
{ "type": "Feature", "properties": { "Shape_Leng": 0.0014551221608, "Shape_Area": 7.58309841823e-08, "Confidence": "Likely", "Type": "Landslide", "SubtypeLS": "Debris Flow", "SubtypeLQ": null, "SubtypeGR": null, "Comments": "Image is distorted", "Source": "B140001100B5C810 - RadiantEarth - 06/29/2026", "Access": "Hard", "Impact": "Watershed towards Caraballeda", "ID": 281, "Longitude": -66.845421237699995, "Latitude": 10.5705403059 }, "geometry": { "type": "Polygon", "coordinates": [ [ [ -66.845355112999982, 10.570652107000058 ], [ -66.845270437999943, 10.570675455000071 ], [ -66.845189991999973, 10.570690331000037 ], [ -66.845149763999984, 10.570690359000025 ], [ -66.84512009599996, 10.57065226800006 ], [ -66.845120074999954, 10.570620509000037 ], [ -66.845158161999962, 10.570586607000052 ], [ -66.845234357999971, 10.570548444000053 ], [ -66.84530420699997, 10.570518755000023 ], [ -66.845397348999938, 10.570493284000065 ], [ -66.84548201299998, 10.570455115000073 ], [ -66.845602656999972, 10.570395749000056 ], [ -66.845685204999938, 10.570359699000051 ], [ -66.845733919999986, 10.570385073000068 ], [ -66.845733945999939, 10.570423184000049 ], [ -66.845704328999943, 10.570459197000048 ], [ -66.845609087999946, 10.570512194000059 ], [ -66.845488456999988, 10.570588498000063 ], [ -66.845355112999982, 10.570652107000058 ] ] ] } },
{ "type": "Feature", "properties": { "Shape_Leng": 0.00163920320967, "Shape_Area": 1.1766663971200001e-07, "Confidence": "Possible", "Type": "Landslide", "SubtypeLS": "Debris Flow", "SubtypeLQ": null, "SubtypeGR": null, "Comments": "Visible bedrock", "Source": "B140001100B5C810 - RadiantEarth - 06/29/2026", "Access": "Hard", "Impact": "Watershed towards Caraballeda", "ID": 282, "Longitude": -66.845758370900001, "Latitude": 10.5708573379 }, "geometry": { "type": "Polygon", "coordinates": [ [ [ -66.845745004999969, 10.571113404000073 ], [ -66.845692091999979, 10.571140964000051 ], [ -66.845647629999974, 10.571140995000064 ], [ -66.845615861999988, 10.571128313000031 ], [ -66.84559255299996, 10.571100805000071 ], [ -66.845603110999946, 10.571058452000045 ], [ -66.845628481999938, 10.571005503000038 ], [ -66.845628463999958, 10.570980096000028 ], [ -66.845622091999985, 10.570950459000073 ], [ -66.845598774999985, 10.570910247000029 ], [ -66.845577581999976, 10.570880619000036 ], [ -66.845552152999971, 10.570848878000049 ], [ -66.845554242999981, 10.570808649000071 ], [ -66.845577498999944, 10.570759936000059 ], [ -66.845621946999984, 10.570738732000052 ], [ -66.845693916999949, 10.570713276000049 ], [ -66.845763777999935, 10.570700525000063 ], [ -66.845882323999945, 10.570670802000052 ], [ -66.845967005999967, 10.570658040000069 ], [ -66.846062277999977, 10.57065162300006 ], [ -66.846068641999977, 10.570668557000033 ], [ -66.846049620999963, 10.570719384000029 ], [ -66.845984012999963, 10.570759657000053 ], [ -66.845928988999958, 10.570795688000032 ], [ -66.845884552999962, 10.570833829000037 ], [ -66.845833782999932, 10.570899499000063 ], [ -66.845795720999945, 10.570969395000077 ], [ -66.845764022999958, 10.571058342000072 ], [ -66.845745004999969, 10.571113404000073 ] ] ] } },
{ "type": "Feature", "properties": { "Shape_Leng": 0.0061524884891900004, "Shape_Area": 7.0959817716699996e-07, "Confidence": "Possible", "Type": "Landslide", "SubtypeLS": "Debris Flow", "SubtypeLQ": null, "SubtypeGR": null, "Comments": null, "Source": "B140001100B5C810 - RadiantEarth - 06/29/2026", "Access": "Hard", "Impact": "Watershed towards Caraballeda", "ID": 283, "Longitude": -66.846147735000002, "Latitude": 10.57209215 }, "geometry": { "type": "Polygon", "coordinates": [ [ [ -66.846445160999963, 10.572857946000056 ], [ -66.846335923999959, 10.572762083000043 ], [ -66.846236620999946, 10.572679445000063 ], [ -66.846186951999982, 10.572613314000023 ], [ -66.84609095899998, 10.572533983000028 ], [ -66.846051230999933, 10.572491003000039 ], [ -66.845978384999967, 10.572395115000063 ], [ -66.845968445999972, 10.572375272000045 ], [ -66.845931992999965, 10.572282667000025 ], [ -66.845912077999969, 10.572186742000042 ], [ -66.845921965999935, 10.572133804000032 ], [ -66.845958297999971, 10.572047765000036 ], [ -66.845981420999976, 10.57199812600004 ], [ -66.845991290999962, 10.571918721000031 ], [ -66.845991209999966, 10.57179962500004 ], [ -66.845997816999954, 10.571786388000021 ], [ -66.846020928999963, 10.571720208000045 ], [ -66.846070509999947, 10.571657318000064 ], [ -66.846130030999973, 10.57161757800003 ], [ -66.84617962699997, 10.571577845000036 ], [ -66.846239140999955, 10.571528181000076 ], [ -66.846285423999973, 10.571481834000053 ], [ -66.84635816399998, 10.571422237000036 ], [ -66.846414369999934, 10.571372575000055 ], [ -66.846473876999937, 10.571312986000066 ], [ -66.846546643999943, 10.571293087000072 ], [ -66.846612819999962, 10.571309583000073 ], [ -66.846672394999985, 10.571349240000075 ], [ -66.846672431999934, 10.571402172000035 ], [ -66.846655928999951, 10.571458423000024 ], [ -66.84663612099996, 10.571517985000071 ], [ -66.846593160999987, 10.571587487000045 ], [ -66.846553502999939, 10.571647062000068 ], [ -66.846497285999988, 10.571680183000069 ], [ -66.846398045999933, 10.571690175000072 ], [ -66.846318655999937, 10.571700154000041 ], [ -66.846245906999968, 10.571746519000044 ], [ -66.846179784999947, 10.571809421000069 ], [ -66.846169900999939, 10.571868976000076 ], [ -66.846209624999972, 10.571905339000068 ], [ -66.846259247999967, 10.57190530500003 ], [ -66.846285709999961, 10.571898670000053 ], [ -66.846388234999949, 10.571855593000066 ], [ -66.846464303999937, 10.571825767000064 ], [ -66.846566837999944, 10.571795923000025 ], [ -66.846662758999969, 10.571769392000022 ], [ -66.84676200499996, 10.571769324000059 ], [ -66.846824894999941, 10.571818904000054 ], [ -66.846854702999963, 10.571868507000033 ], [ -66.846851426999933, 10.571914824000032 ], [ -66.846791887999984, 10.571928098000058 ], [ -66.846712496999942, 10.571938077000027 ], [ -66.846646332999967, 10.571938122000063 ], [ -66.846547083999951, 10.57193488200005 ], [ -66.846408160999943, 10.571968059000028 ], [ -66.846318870999937, 10.572014436000075 ], [ -66.846279208999988, 10.572067394000044 ], [ -66.846335493999959, 10.572133520000023 ], [ -66.846388433999948, 10.572146717000066 ], [ -66.846464529999935, 10.572156589000031 ], [ -66.846553863999986, 10.57217306900003 ], [ -66.846616755999946, 10.572225958000047 ], [ -66.846636657999966, 10.572302033000028 ], [ -66.846683008999946, 10.572354933000042 ], [ -66.846735960999979, 10.572384671000066 ], [ -66.846752526999978, 10.572421050000059 ], [ -66.846732711999948, 10.572470687000077 ], [ -66.846606994999945, 10.57246415700007 ], [ -66.846534219999967, 10.572474131000035 ], [ -66.846474712999964, 10.572533720000024 ], [ -66.846514470999978, 10.572619707000058 ], [ -66.846577353999976, 10.572659362000024 ], [ -66.84668654099994, 10.572682445000055 ], [ -66.84676264899997, 10.572708859000045 ], [ -66.84675275799998, 10.572758489000023 ], [ -66.846683318999965, 10.572808160000022 ], [ -66.846574170999986, 10.572841317000041 ], [ -66.846445160999963, 10.572857946000056 ] ] ] } },
{ "type": "Feature", "properties": { "Shape_Leng": 0.0020858503974800001, "Shape_Area": 9.2698664631399998e-08, "Confidence": "Likely", "Type": "Landslide", "SubtypeLS": "Debris Flow", "SubtypeLQ": null, "SubtypeGR": null, "Comments": null, "Source": "B140001100B5C810 - RadiantEarth - 06/29/2026", "Access": "Hard", "Impact": "Watershed towards Caraballeda", "ID": 284, "Longitude": -66.852084977000004, "Latitude": 10.583749089 }, "geometry": { "type": "Polygon", "coordinates": [ [ [ -66.852414111999963, 10.583853703000045 ], [ -66.852334435999978, 10.583818187000077 ], [ -66.852275118999955, 10.583784325000067 ], [ -66.852192410999976, 10.583781073000068 ], [ -66.852106405999962, 10.583794365000074 ], [ -66.852043556999945, 10.583804333000046 ], [ -66.851974110999947, 10.583844079000073 ], [ -66.851874905999978, 10.58390369500006 ], [ -66.851769080999986, 10.583960008000076 ], [ -66.851676470999962, 10.583989845000076 ], [ -66.851646696999978, 10.583989865000035 ], [ -66.851626822999947, 10.583953489000066 ], [ -66.851676409999982, 10.583900523000068 ], [ -66.851739240999962, 10.583864089000031 ], [ -66.851845069999968, 10.583814394000058 ], [ -66.851937670999973, 10.583771323000065 ], [ -66.852013725999939, 10.583721648000051 ], [ -66.852136105999932, 10.583685174000038 ], [ -66.852215502999968, 10.583685119000052 ], [ -66.852384239999935, 10.583711469000036 ], [ -66.852463659999955, 10.583744497000055 ], [ -66.852543088999937, 10.583790758000021 ], [ -66.852543129999958, 10.583850306000045 ], [ -66.852500143999976, 10.583880109000063 ], [ -66.852414111999963, 10.583853703000045 ] ] ] } },
{ "type": "Feature", "properties": { "Shape_Leng": 0.000789807526284, "Shape_Area": 2.9376446727699999e-08, "Confidence": "Likely", "Type": "Landslide", "SubtypeLS": "Debris Flow", "SubtypeLQ": null, "SubtypeGR": null, "Comments": null, "Source": "B140001100B5C810 - RadiantEarth - 06/29/2026", "Access": "Hard", "Impact": "Watershed towards Caraballeda", "ID": 285, "Longitude": -66.849290631299993, "Latitude": 10.5843428042 }, "geometry": { "type": "Polygon", "coordinates": [ [ [ -66.84928537199994, 10.584391673000027 ], [ -66.849226818999966, 10.584407685000031 ], [ -66.849170038999944, 10.584421922000047 ], [ -66.849143414999958, 10.584416616000055 ], [ -66.849127424999949, 10.584390007000025 ], [ -66.849132723999958, 10.584352735000039 ], [ -66.849157555999966, 10.584333197000035 ], [ -66.849226749999957, 10.58430652900006 ], [ -66.849306598999988, 10.584290503000034 ], [ -66.849381123999933, 10.584274479000044 ], [ -66.849430810999934, 10.584269121000034 ], [ -66.849460989999955, 10.584283298000059 ], [ -66.849461004999966, 10.584304594000059 ], [ -66.849450375999936, 10.584332996000057 ], [ -66.849393606999968, 10.584363204000056 ], [ -66.849343927999939, 10.584379210000066 ], [ -66.84928537199994, 10.584391673000027 ] ] ] } },
{ "type": "Feature", "properties": { "Shape_Leng": 0.0010851039657100001, "Shape_Area": 3.8876939308599998e-08, "Confidence": "Likely", "Type": "Landslide", "SubtypeLS": "Debris Flow", "SubtypeLQ": null, "SubtypeGR": null, "Comments": null, "Source": "B140001100B5C810 - RadiantEarth - 06/29/2026", "Access": "Hard", "Impact": "Watershed towards Caraballeda", "ID": 286, "Longitude": -66.850205358899998, "Latitude": 10.584633461 }, "geometry": { "type": "Polygon", "coordinates": [ [ [ -66.850366347999966, 10.584687303000067 ], [ -66.850165811999943, 10.584689215000026 ], [ -66.850116109999988, 10.584673277000036 ], [ -66.850073501999987, 10.584650235000026 ], [ -66.850014926999961, 10.58463430300003 ], [ -66.849982975999978, 10.584623677000025 ], [ -66.849963439999954, 10.584602395000047 ], [ -66.849982943999976, 10.58457753600004 ], [ -66.850052152999979, 10.584572164000065 ], [ -66.850100059999988, 10.584559709000075 ], [ -66.850132003999988, 10.584559687000024 ], [ -66.850192354999933, 10.584577392000028 ], [ -66.850243837999983, 10.584602202000042 ], [ -66.850325484999985, 10.584619893000024 ], [ -66.850400026999978, 10.584628716000054 ], [ -66.850453277999975, 10.584644651000076 ], [ -66.850467489999971, 10.584665937000068 ], [ -66.850462179999965, 10.584687237000026 ], [ -66.850410718999967, 10.584692596000025 ], [ -66.850366347999966, 10.584687303000067 ] ] ] } },
{ "type": "Feature", "properties": { "Shape_Leng": 0.00181482934382, "Shape_Area": 4.82463269002e-08, "Confidence": "Likely", "Type": "Landslide", "SubtypeLS": "Debris Flow", "SubtypeLQ": null, "SubtypeGR": null, "Comments": null, "Source": "B140001100B5C810 - RadiantEarth - 06/29/2026", "Access": "Hard", "Impact": "Watershed towards Caraballeda", "ID": 287, "Longitude": -66.850549451999996, "Latitude": 10.585088189 }, "geometry": { "type": "Polygon", "coordinates": [ [ [ -66.850443668999958, 10.585332804000075 ], [ -66.850420036999935, 10.585343042000034 ], [ -66.850389378999978, 10.585354563000067 ], [ -66.85036510499998, 10.585359690000075 ], [ -66.850352964999956, 10.585357782000074 ], [ -66.850342096999952, 10.585348206000049 ], [ -66.85033761699998, 10.585336710000036 ], [ -66.850341440999955, 10.585322013000052 ], [ -66.850351653999951, 10.585309867000035 ], [ -66.850376563999987, 10.585300267000036 ], [ -66.850404667999953, 10.58529066400007 ], [ -66.85044107899995, 10.585282973000062 ], [ -66.85047045999994, 10.585271453000075 ], [ -66.850496647999933, 10.585261852000031 ], [ -66.85051963799998, 10.585249058000045 ], [ -66.850537520999978, 10.58523946300005 ], [ -66.85056242099995, 10.585215807000054 ], [ -66.85057581999996, 10.585190881000074 ], [ -66.850578997999946, 10.585165963000065 ], [ -66.850571958999979, 10.585150635000048 ], [ -66.850552780999976, 10.585133398000039 ], [ -66.850533606999988, 10.585122550000051 ], [ -66.850513796999962, 10.585114897000039 ], [ -66.850481213999956, 10.585114919000034 ], [ -66.850449280999953, 10.585131552000064 ], [ -66.850431399999934, 10.585143064000022 ], [ -66.850402659999986, 10.585156501000029 ], [ -66.850386065999942, 10.585181428000055 ], [ -66.85037394699998, 10.58521018600004 ], [ -66.85035288399996, 10.585239589000025 ], [ -66.850328624999975, 10.585265800000059 ], [ -66.850306916999955, 10.585286898000049 ], [ -66.850280095999949, 10.585304805000021 ], [ -66.850257112999941, 10.585329098000045 ], [ -66.850242419999972, 10.585331025000073 ], [ -66.850243684999953, 10.585311857000022 ], [ -66.850251971999967, 10.585285658000032 ], [ -66.850258986999961, 10.585265848000063 ], [ -66.850278131999971, 10.585235168000054 ], [ -66.850291532999961, 10.585212159000037 ], [ -66.850326647999964, 10.585178275000032 ], [ -66.850351542999988, 10.585147591000066 ], [ -66.850386026999956, 10.585124568000026 ], [ -66.850429452999947, 10.585097705000067 ], [ -66.850466494999978, 10.585078513000042 ], [ -66.850512475999949, 10.585052927000049 ], [ -66.850556552999933, 10.585043313000028 ], [ -66.850588496999933, 10.58504393000004 ], [ -66.850619810999945, 10.58505668600003 ], [ -66.850646660999985, 10.585081584000022 ], [ -66.850651794999976, 10.585114803000067 ], [ -66.850647984999966, 10.585149305000073 ], [ -66.850637146999986, 10.585183173000075 ], [ -66.850637164999966, 10.585208089000048 ], [ -66.850628878999942, 10.585236845000054 ], [ -66.850608448999935, 10.585258581000062 ], [ -66.850558632999935, 10.585282892000066 ], [ -66.850497316999963, 10.585306573000025 ], [ -66.850443668999958, 10.585332804000075 ] ] ] } },
{ "type": "Feature", "properties": { "Shape_Leng": 0.0015832590990099999, "Shape_Area": 1.09639009022e-07, "Confidence": "Likely", "Type": "Landslide", "SubtypeLS": "Debris Flow", "SubtypeLQ": null, "SubtypeGR": null, "Comments": null, "Source": "B140001100B5C810 - RadiantEarth - 06/29/2026", "Access": "Hard", "Impact": "Watershed towards Caraballeda", "ID": 288, "Longitude": -66.849759911299998, "Latitude": 10.585251276 }, "geometry": { "type": "Polygon", "coordinates": [ [ [ -66.849853929999938, 10.585361034000073 ], [ -66.849819858999979, 10.585364465000055 ], [ -66.849785779999934, 10.585356538000042 ], [ -66.849734664999971, 10.585349758000064 ], [ -66.84968354199998, 10.585332756000071 ], [ -66.849631293999948, 10.585329385000023 ], [ -66.849600627999962, 10.585329406000028 ], [ -66.84957677899996, 10.585333965000075 ], [ -66.84955066699996, 10.585349884000038 ], [ -66.849513202999958, 10.585374897000065 ], [ -66.84948596299995, 10.58540217500007 ], [ -66.849457578999989, 10.585418095000023 ], [ -66.849421229999962, 10.585412441000074 ], [ -66.849397360999944, 10.585387470000057 ], [ -66.849389385999984, 10.585351130000049 ], [ -66.849396186999968, 10.585330682000063 ], [ -66.84943478699995, 10.585306804000027 ], [ -66.849468850999983, 10.58529315100003 ], [ -66.849506320999978, 10.585276088000057 ], [ -66.84955400399997, 10.585247661000039 ], [ -66.849590328999966, 10.58521810600007 ], [ -66.849641419999955, 10.585189676000027 ], [ -66.849683425999956, 10.585162388000072 ], [ -66.849723156999971, 10.58513169500003 ], [ -66.849760626999966, 10.585114632000057 ], [ -66.849823087999937, 10.585104367000042 ], [ -66.849867381999957, 10.585102065000058 ], [ -66.849930992999987, 10.585111108000035 ], [ -66.849986655999942, 10.585124699000062 ], [ -66.850020743999949, 10.58514625600003 ], [ -66.850043491999941, 10.585192808000045 ], [ -66.850041249999947, 10.585237105000033 ], [ -66.850020833999963, 10.585278007000056 ], [ -66.849983372999986, 10.585306428000024 ], [ -66.849924327999986, 10.585330320000025 ], [ -66.849853929999938, 10.585361034000073 ] ] ] } },
{ "type": "Feature", "properties": { "Shape_Leng": 0.0027105530177400001, "Shape_Area": 2.2009501305900001e-07, "Confidence": "Likely", "Type": "Landslide", "SubtypeLS": "Debris Flow", "SubtypeLQ": null, "SubtypeGR": null, "Comments": null, "Source": "B140001100B5C810 - RadiantEarth - 06/29/2026", "Access": "Hard", "Impact": "Watershed towards Caraballeda", "ID": 289, "Longitude": -66.850836106499997, "Latitude": 10.590503723699999 }, "geometry": { "type": "Polygon", "coordinates": [ [ [ -66.85089974999994, 10.590248142000064 ], [ -66.850974604999976, 10.590227814000059 ], [ -66.851035432999936, 10.590223093000077 ], [ -66.851121220999971, 10.590224594000063 ], [ -66.851194542999963, 10.590243261000069 ], [ -66.851246037999942, 10.590275981000048 ], [ -66.851246062999962, 10.590313415000026 ], [ -66.851210217999949, 10.590355553000052 ], [ -66.851200883999979, 10.590391434000026 ], [ -66.851189997999938, 10.590439795000066 ], [ -66.851172858999973, 10.590466322000054 ], [ -66.85112141999997, 10.590514710000036 ], [ -66.851082450999968, 10.590552172000059 ], [ -66.851012283999978, 10.59058497500007 ], [ -66.850943662999953, 10.590597500000058 ], [ -66.850857891999965, 10.590620955000077 ], [ -66.850789281999937, 10.590650638000056 ], [ -66.850722236999957, 10.590686558000073 ], [ -66.850652056999934, 10.590700644000037 ], [ -66.85056317599998, 10.590738140000042 ], [ -66.850461842999948, 10.59081463800004 ], [ -66.850424424999972, 10.590838060000067 ], [ -66.850380769999958, 10.590864606000025 ], [ -66.850362088999987, 10.590917651000041 ], [ -66.850335596999969, 10.590953544000058 ], [ -66.850298176999956, 10.590973846000054 ], [ -66.85026854399996, 10.590978546000031 ], [ -66.850237338999932, 10.590964529000075 ], [ -66.850231079999958, 10.590934898000057 ], [ -66.850246664999986, 10.590916170000071 ], [ -66.850268489999962, 10.590898998000057 ], [ -66.850298102999943, 10.590866222000045 ], [ -66.850330831999941, 10.590828765000026 ], [ -66.850358877999952, 10.590785073000063 ], [ -66.850404085999969, 10.590747607000026 ], [ -66.850452415999939, 10.590714819000027 ], [ -66.850503863999961, 10.590678909000076 ], [ -66.850564668999937, 10.59064143300003 ], [ -66.850616117999948, 10.590607083000066 ], [ -66.850651974999948, 10.590580542000055 ], [ -66.85066287099994, 10.590547780000065 ], [ -66.850667526999985, 10.590515021000044 ], [ -66.850667507999958, 10.590486945000066 ], [ -66.850672163999945, 10.590452627000047 ], [ -66.850693974999956, 10.590415178000057 ], [ -66.850732930999982, 10.590359 ], [ -66.850775021999937, 10.590326216000051 ], [ -66.850829587999954, 10.590288744000077 ], [ -66.850867010999934, 10.590271561000066 ], [ -66.85089974999994, 10.590248142000064 ] ] ] } },
{ "type": "Feature", "properties": { "Shape_Leng": 0.00120085734714, "Shape_Area": 9.8007367939300001e-08, "Confidence": "Likely", "Type": "Landslide", "SubtypeLS": "Debris Flow", "SubtypeLQ": null, "SubtypeGR": null, "Comments": null, "Source": "B140001100B5C810 - RadiantEarth - 06/29/2026", "Access": "Hard", "Impact": "Watershed towards Caraballeda", "ID": 290, "Longitude": -66.848865762399996, "Latitude": 10.592332562 }, "geometry": { "type": "Polygon", "coordinates": [ [ [ -66.849021651999976, 10.592325480000056 ], [ -66.848985827999968, 10.592398813000045 ], [ -66.848951560999978, 10.59246902600006 ], [ -66.848890762999986, 10.592517421000025 ], [ -66.848840866999979, 10.59254085200007 ], [ -66.848764434999964, 10.59253622500006 ], [ -66.848742586999947, 10.592520642000068 ], [ -66.848712929999976, 10.592489467000064 ], [ -66.848695748999944, 10.592455164000057 ], [ -66.848700400999974, 10.592414606000034 ], [ -66.848728440999935, 10.592361555000025 ], [ -66.848756486999946, 10.59231942200006 ], [ -66.848768917999962, 10.592249224000057 ], [ -66.848768863999965, 10.59217123600007 ], [ -66.84879379399996, 10.592132224000068 ], [ -66.848867096999982, 10.592124375000026 ], [ -66.848946661999946, 10.592147717000046 ], [ -66.848995032999937, 10.592174200000045 ], [ -66.849026250999941, 10.592208494000033 ], [ -66.849032528999942, 10.592264641000043 ], [ -66.849021651999976, 10.592325480000056 ] ] ] } },
{ "type": "Feature", "properties": { "Shape_Leng": 0.00078712761496899997, "Shape_Area": 3.8967058596599999e-08, "Confidence": "Likely", "Type": "Landslide", "SubtypeLS": "Debris Flow", "SubtypeLQ": null, "SubtypeGR": null, "Comments": null, "Source": "B140001100B5C810 - RadiantEarth - 06/29/2026", "Access": "Hard", "Impact": "Watershed towards Caraballeda", "ID": 291, "Longitude": -66.8481040092, "Latitude": 10.594923684799999 }, "geometry": { "type": "Polygon", "coordinates": [ [ [ -66.848144742999978, 10.594990847000076 ], [ -66.848037523999949, 10.595012854000061 ], [ -66.847971711999946, 10.594998277000059 ], [ -66.847949748999952, 10.594956860000025 ], [ -66.847971642999937, 10.594898354000065 ], [ -66.848049599999968, 10.594851995000056 ], [ -66.848100779999982, 10.594851960000028 ], [ -66.848190943999953, 10.594837275000032 ], [ -66.84824944199994, 10.594846984000071 ], [ -66.84824948499994, 10.594910349000031 ], [ -66.848227587999986, 10.594963982000024 ], [ -66.848144742999978, 10.594990847000076 ] ] ] } },
{ "type": "Feature", "properties": { "Shape_Leng": 0.000940889991912, "Shape_Area": 3.4111391784800003e-08, "Confidence": "Likely", "Type": "Landslide", "SubtypeLS": "Debris Flow", "SubtypeLQ": null, "SubtypeGR": null, "Comments": null, "Source": "B140001100B5C810 - RadiantEarth - 06/29/2026", "Access": "Hard", "Impact": "Watershed towards Caraballeda", "ID": 292, "Longitude": -66.848135755900003, "Latitude": 10.5953010557 }, "geometry": { "type": "Polygon", "coordinates": [ [ [ -66.848273448999976, 10.595311388000027 ], [ -66.848184556999968, 10.595333286000027 ], [ -66.848100348999935, 10.595361420000074 ], [ -66.848044203999962, 10.59537081700006 ], [ -66.84800209399998, 10.595377085000052 ], [ -66.847955296999942, 10.59537087800004 ], [ -66.847931881999955, 10.59534437800005 ], [ -66.847936540999967, 10.595314739000059 ], [ -66.847953682999957, 10.595291330000066 ], [ -66.848014507999949, 10.595283490000043 ], [ -66.848075335999965, 10.59527876900006 ], [ -66.848154869999973, 10.59525843800003 ], [ -66.848215682999978, 10.595231880000028 ], [ -66.848282744999949, 10.595220916000073 ], [ -66.848343583999963, 10.59523179200005 ], [ -66.848343598999975, 10.595253629000069 ], [ -66.848328024999944, 10.59528795500006 ], [ -66.848273448999976, 10.595311388000027 ] ] ] } },
{ "type": "Feature", "properties": { "Shape_Leng": 0.00069500592004900004, "Shape_Area": 2.2565235112699999e-08, "Confidence": "Likely", "Type": "Landslide", "SubtypeLS": "Debris Flow", "SubtypeLQ": null, "SubtypeGR": null, "Comments": null, "Source": "B140001100B5C810 - RadiantEarth - 06/29/2026", "Access": "Hard", "Impact": null, "ID": 293, "Longitude": -66.837859386000005, "Latitude": 10.5921303069 }, "geometry": { "type": "Polygon", "coordinates": [ [ [ -66.837797457999955, 10.592034472000023 ], [ -66.837855391999938, 10.592073913000036 ], [ -66.837898401999951, 10.592101082000056 ], [ -66.837965998999948, 10.592158943000072 ], [ -66.837977428999977, 10.592194907000021 ], [ -66.837980081999945, 10.592224736000048 ], [ -66.837966055999971, 10.592243170000074 ], [ -66.837945002999959, 10.592248449000067 ], [ -66.837918663999972, 10.59222214600004 ], [ -66.837895835999973, 10.592197595000073 ], [ -66.837869500999943, 10.592177433000074 ], [ -66.837821226999949, 10.592150268000069 ], [ -66.837777342999971, 10.592127486000038 ], [ -66.837747498999988, 10.592108205000045 ], [ -66.837737834999984, 10.592089787000077 ], [ -66.837732551999977, 10.592061714000067 ], [ -66.837739560999978, 10.592047672000035 ], [ -66.837748327999975, 10.592038015000071 ], [ -66.837769380999987, 10.592031859000031 ], [ -66.837797457999955, 10.592034472000023 ] ] ] } },
{ "type": "Feature", "properties": { "Shape_Leng": 0.00056123552338000003, "Shape_Area": 1.7595852532299999e-08, "Confidence": "Likely", "Type": "Landslide", "SubtypeLS": "Debris Flow", "SubtypeLQ": null, "SubtypeGR": null, "Comments": null, "Source": "B140001100B5C810 - RadiantEarth - 06/29/2026", "Access": "Hard", "Impact": null, "ID": 294, "Longitude": -66.8336362796, "Latitude": 10.591948874 }, "geometry": { "type": "Polygon", "coordinates": [ [ [ -66.833570288999965, 10.592031225000028 ], [ -66.833550112999944, 10.592036503000031 ], [ -66.833542214999966, 10.592033876000073 ], [ -66.833534314999952, 10.592028618000029 ], [ -66.833534304999944, 10.59201282500004 ], [ -66.833541309999987, 10.591993518000038 ], [ -66.833552699999984, 10.591969821000021 ], [ -66.833568475999982, 10.591946122000024 ], [ -66.833588635999945, 10.591917155000033 ], [ -66.833601787999953, 10.591903985000044 ], [ -66.833622833999982, 10.591888178000033 ], [ -66.833652657999949, 10.591878506000057 ], [ -66.833700037999961, 10.591882861000045 ], [ -66.833726371999944, 10.591901268000072 ], [ -66.83373867399996, 10.591928458000041 ], [ -66.833729045999974, 10.59196180400005 ], [ -66.833679046999976, 10.591978508000068 ], [ -66.833636062999972, 10.591989066000053 ], [ -66.833594840999979, 10.592010151000068 ], [ -66.833570288999965, 10.592031225000028 ] ] ] } },
{ "type": "Feature", "properties": { "Shape_Leng": 0.0020799531874600001, "Shape_Area": 2.27385098276e-07, "Confidence": "Likely", "Type": "Landslide", "SubtypeLS": "Debris Flow", "SubtypeLQ": null, "SubtypeGR": null, "Comments": "Partially obstructed by clouds", "Source": "B140001100B5C810 - RadiantEarth - 06/29/2026", "Access": "Hard", "Impact": null, "ID": 295, "Longitude": -66.827369993900007, "Latitude": 10.5906267871 }, "geometry": { "type": "Polygon", "coordinates": [ [ [ -66.827571412999987, 10.59087216100005 ], [ -66.827564583999958, 10.59090918000004 ], [ -66.827555002999986, 10.59093112100004 ], [ -66.827515280999933, 10.590980500000057 ], [ -66.827460458999951, 10.591001101000074 ], [ -66.827382311999941, 10.590991558000042 ], [ -66.82733019899996, 10.590964176000057 ], [ -66.827283548999958, 10.590905260000056 ], [ -66.827250611999943, 10.59085318800004 ], [ -66.827234121999936, 10.59079562200003 ], [ -66.827234072999943, 10.590724336000051 ], [ -66.82723950899998, 10.590655788000049 ], [ -66.827242214999956, 10.590602321000063 ], [ -66.827229836999948, 10.590544752000028 ], [ -66.827217478999955, 10.590515972000048 ], [ -66.827163971999937, 10.59045431900006 ], [ -66.827094004999935, 10.590378968000039 ], [ -66.827056960999982, 10.590335124000035 ], [ -66.827050075999978, 10.590289890000065 ], [ -66.827078840999945, 10.590255598000056 ], [ -66.827147388999947, 10.590261034000036 ], [ -66.827192636999939, 10.590273342000046 ], [ -66.827288621999969, 10.590306177000059 ], [ -66.827383255999962, 10.59036780200006 ], [ -66.827473780999981, 10.590436285000067 ], [ -66.827554691999978, 10.590477356000065 ], [ -66.827597222999941, 10.59052667900005 ], [ -66.827595899999949, 10.590596595000022 ], [ -66.827587737999977, 10.590688451000062 ], [ -66.827576839999949, 10.590789904000076 ], [ -66.827571412999987, 10.59087216100005 ] ] ] } },
{ "type": "Feature", "properties": { "Shape_Leng": 0.0017336798590500001, "Shape_Area": 1.79407192382e-07, "Confidence": "Likely", "Type": "Landslide", "SubtypeLS": "Debris Flow", "SubtypeLQ": null, "SubtypeGR": null, "Comments": null, "Source": "B140001100B5C810 - RadiantEarth - 06/29/2026", "Access": "Hard", "Impact": null, "ID": 296, "Longitude": -66.823950106699996, "Latitude": 10.5930008326 }, "geometry": { "type": "Polygon", "coordinates": [ [ [ -66.824010053999984, 10.593184550000046 ], [ -66.82390858399998, 10.593150347000062 ], [ -66.823816712999985, 10.593118880000077 ], [ -66.82373032199996, 10.593081925000035 ], [ -66.82369055199996, 10.59306138900007 ], [ -66.823631579999983, 10.593027157000051 ], [ -66.823606887999972, 10.593003869000029 ], [ -66.823575333999941, 10.592969618000041 ], [ -66.823561607999977, 10.59294495100005 ], [ -66.823561588999951, 10.592916163000041 ], [ -66.823573909999936, 10.59289147800007 ], [ -66.823636957999952, 10.592872243000045 ], [ -66.823661633999961, 10.592872226000054 ], [ -66.82373017499998, 10.592868066000051 ], [ -66.823800086999938, 10.592862535000052 ], [ -66.82387, 10.592859745000055 ], [ -66.823957728999972, 10.592847347000031 ], [ -66.82401391999997, 10.592825374000029 ], [ -66.82409206799997, 10.592834917000062 ], [ -66.824182573999963, 10.592875981000077 ], [ -66.824220995999951, 10.592929420000075 ], [ -66.824253946999988, 10.593002054000067 ], [ -66.824269063999964, 10.593056880000063 ], [ -66.824248539999985, 10.593114471000035 ], [ -66.824207448999971, 10.593166593000035 ], [ -66.824141661999988, 10.593188572000031 ], [ -66.824075858999947, 10.593188617000067 ], [ -66.824010053999984, 10.593184550000046 ] ] ] } },
{ "type": "Feature", "properties": { "Shape_Leng": 0.0023151683176400001, "Shape_Area": 2.23336739385e-07, "Confidence": "Likely", "Type": "Landslide", "SubtypeLS": "Debris Flow", "SubtypeLQ": null, "SubtypeGR": null, "Comments": null, "Source": "B140001100B5C810 - RadiantEarth - 06/29/2026", "Access": "Hard", "Impact": null, "ID": 297, "Longitude": -66.824429721300007, "Latitude": 10.597409324399999 }, "geometry": { "type": "Polygon", "coordinates": [ [ [ -66.824127284999975, 10.597342379000054 ], [ -66.824262221999959, 10.597327293000035 ], [ -66.824414264999973, 10.597269354000048 ], [ -66.82450420899994, 10.597239304000027 ], [ -66.824626294999973, 10.597226368000065 ], [ -66.824737682999967, 10.597230576000072 ], [ -66.824879068999962, 10.597249757000043 ], [ -66.824960492999935, 10.597290400000077 ], [ -66.824973387999933, 10.597352510000064 ], [ -66.824896316999968, 10.597412539000061 ], [ -66.824787085999958, 10.59742975000006 ], [ -66.824716398999954, 10.597429798000064 ], [ -66.824577172999966, 10.597436320000043 ], [ -66.824500094999962, 10.597487781000041 ], [ -66.824467986999935, 10.597519933000058 ], [ -66.824420888999953, 10.597558522000043 ], [ -66.824326648999943, 10.597571438000045 ], [ -66.824266691999981, 10.597599325000033 ], [ -66.824228146999985, 10.597616488000028 ], [ -66.824159612999949, 10.597631529000068 ], [ -66.824063217999935, 10.597625169000025 ], [ -66.824009648999947, 10.597597359000076 ], [ -66.823973204999959, 10.597554544000047 ], [ -66.823964596999986, 10.597496716000023 ], [ -66.823990268999978, 10.597449574000052 ], [ -66.824056631999952, 10.597391694000066 ], [ -66.824127284999975, 10.597342379000054 ] ] ] } },
{ "type": "Feature", "properties": { "Shape_Leng": 0.0016541070825200001, "Shape_Area": 5.9129499070400002e-08, "Confidence": "Likely", "Type": "Landslide", "SubtypeLS": "Debris Flow", "SubtypeLQ": null, "SubtypeGR": null, "Comments": null, "Source": "B140001100B5C810 - RadiantEarth - 06/29/2026", "Access": "Hard", "Impact": null, "ID": 298, "Longitude": -66.824271599699998, "Latitude": 10.5977607235 }, "geometry": { "type": "Polygon", "coordinates": [ [ [ -66.824000913999953, 10.597855178000032 ], [ -66.823951561999934, 10.59785521200007 ], [ -66.823909061999984, 10.597851129000048 ], [ -66.823881634999964, 10.597837439000045 ], [ -66.823873394999964, 10.597816881000028 ], [ -66.823881600999982, 10.597788087000026 ], [ -66.823933689999933, 10.597781196000028 ], [ -66.823984412999948, 10.597781162000047 ], [ -66.824057065999966, 10.597775628000022 ], [ -66.824136566999982, 10.59775912300006 ], [ -66.824221542999965, 10.597731647000046 ], [ -66.824328457999968, 10.597711011000058 ], [ -66.824423034999938, 10.597689012000046 ], [ -66.824527202999946, 10.59766015200006 ], [ -66.824609449999969, 10.59765187000005 ], [ -66.824642362999953, 10.597668298000031 ], [ -66.824641017999966, 10.597706684000059 ], [ -66.824575240999934, 10.597743743000024 ], [ -66.824447761999977, 10.597764394000023 ], [ -66.824313436999944, 10.597796016000075 ], [ -66.824151693999966, 10.597829028000035 ], [ -66.824000913999953, 10.597855178000032 ] ] ] } },
{ "type": "Feature", "properties": { "Shape_Leng": 0.0019255074458600001, "Shape_Area": 5.8888208520200002e-08, "Confidence": "Likely", "Type": "Landslide", "SubtypeLS": "Debris Flow", "SubtypeLQ": null, "SubtypeGR": null, "Comments": null, "Source": "B140001100B5C810 - RadiantEarth - 06/29/2026", "Access": "Hard", "Impact": null, "ID": 299, "Longitude": -66.824212892600002, "Latitude": 10.5979243091 }, "geometry": { "type": "Polygon", "coordinates": [ [ [ -66.823822802999985, 10.598007469000038 ], [ -66.82379812399995, 10.59800337300004 ], [ -66.823789891999979, 10.597993783000049 ], [ -66.823791249999942, 10.597974589000046 ], [ -66.823803569999939, 10.597948534000068 ], [ -66.823836463999953, 10.597937544000047 ], [ -66.823848797999972, 10.597932052000033 ], [ -66.82389815099998, 10.597933390000037 ], [ -66.823935164999966, 10.597933364000028 ], [ -66.823984522999979, 10.597941556000023 ], [ -66.824046212999974, 10.59794151400007 ], [ -66.824114756999961, 10.597940096000059 ], [ -66.82415724599997, 10.597927729000048 ], [ -66.824235375999933, 10.597912595000025 ], [ -66.824291567999978, 10.597891993000076 ], [ -66.824345020999942, 10.59787413500004 ], [ -66.824375158999942, 10.597842584000034 ], [ -66.824428593999983, 10.597800050000046 ], [ -66.824490270999945, 10.597780815000021 ], [ -66.824546471999952, 10.597772551000048 ], [ -66.824617745999944, 10.597754681000026 ], [ -66.824646543999961, 10.59776837000004 ], [ -66.824649293999983, 10.597779335000041 ], [ -66.824613666999937, 10.59780403600007 ], [ -66.824562956999955, 10.59782189200007 ], [ -66.824509498999987, 10.597832896000057 ], [ -66.824468383999942, 10.597849375000067 ], [ -66.824439609999956, 10.597871329000043 ], [ -66.824403985999936, 10.597898771000075 ], [ -66.824353282999937, 10.597927594000055 ], [ -66.824312169999985, 10.597948186000053 ], [ -66.824275170999954, 10.597970145000033 ], [ -66.824250517999985, 10.598003064000068 ], [ -66.82423545499995, 10.598027750000028 ], [ -66.824201200999937, 10.598055191000071 ], [ -66.824173783999981, 10.598055210000041 ], [ -66.824143607999986, 10.598031926000033 ], [ -66.824102468999968, 10.59801413200006 ], [ -66.824066814999981, 10.597997706000058 ], [ -66.824021573999971, 10.597994995000022 ], [ -66.823992783999984, 10.597993644000042 ], [ -66.823935204999941, 10.597990942000024 ], [ -66.823892705999981, 10.597989600000062 ], [ -66.823861178999948, 10.597993734000056 ], [ -66.823822802999985, 10.598007469000038 ] ] ] } },
{ "type": "Feature", "properties": { "Shape_Leng": 0.00257435513625, "Shape_Area": 2.04715300916e-07, "Confidence": "Likely", "Type": "Landslide", "SubtypeLS": "Debris Flow", "SubtypeLQ": null, "SubtypeGR": null, "Comments": null, "Source": "B140001100B5C810 - RadiantEarth - 06/29/2026", "Access": "Hard", "Impact": null, "ID": 300, "Longitude": -66.866313005600006, "Latitude": 10.5809146621 }, "geometry": { "type": "Polygon", "coordinates": [ [ [ -66.865983825999933, 10.580848037000067 ], [ -66.866108041999951, 10.580817964000062 ], [ -66.866227988999981, 10.580809314000021 ], [ -66.866324358999975, 10.580779259000053 ], [ -66.866442147999976, 10.580747048000035 ], [ -66.866529930999945, 10.580689154000027 ], [ -66.86662628199997, 10.580631253000035 ], [ -66.866696957999977, 10.580616211000063 ], [ -66.866735542999947, 10.580656883000074 ], [ -66.866712004999954, 10.58069331300004 ], [ -66.866660618999958, 10.580725479000023 ], [ -66.86660281099995, 10.580764074000058 ], [ -66.866538573999946, 10.58079839100003 ], [ -66.866474333999975, 10.580828423000071 ], [ -66.866461503999972, 10.580860562000055 ], [ -66.866480787999933, 10.580869117000077 ], [ -66.866542908999975, 10.580873358000076 ], [ -66.86661573799995, 10.580873308000037 ], [ -66.866677855999967, 10.580873266000026 ], [ -66.866722842999934, 10.58087966100004 ], [ -66.866750710999952, 10.580911772000036 ], [ -66.866710034999983, 10.580943930000046 ], [ -66.866615800999966, 10.580965415000037 ], [ -66.866519436999965, 10.581004037000071 ], [ -66.866410228999939, 10.581055521000053 ], [ -66.86634597799997, 10.58106841700004 ], [ -66.866260312999941, 10.581092037000076 ], [ -66.866178930999979, 10.581113513000048 ], [ -66.866093263999971, 10.581132850000074 ], [ -66.866050426999948, 10.58113716400004 ], [ -66.866005443999939, 10.581137194000064 ], [ -66.865977559999976, 10.581081521000044 ], [ -66.865953947999969, 10.581008709000059 ], [ -66.865945341999975, 10.580953022000074 ], [ -66.86594744699994, 10.580899470000077 ], [ -66.865983825999933, 10.580848037000067 ] ] ] } },
{ "type": "Feature", "properties": { "Shape_Leng": 0.0027047876986000001, "Shape_Area": 3.07698686744e-07, "Confidence": "Likely", "Type": "Landslide", "SubtypeLS": "Debris Flow", "SubtypeLQ": null, "SubtypeGR": null, "Comments": "Partly reactivated", "Source": "B140001100B5C810 - RadiantEarth - 06/29/2026 and 20260627_112621_ssc2_u0002_visual - Planet", "Access": "Hard", "Impact": "Watershed towards Macuto", "ID": 301, "Longitude": -66.9059823507, "Latitude": 10.596197801600001 }, "geometry": { "type": "Polygon", "coordinates": [ [ [ -66.906423953999933, 10.595835975000057 ], [ -66.906443250999985, 10.595900538000024 ], [ -66.906428231999939, 10.59594843900004 ], [ -66.906391333999977, 10.596015511000076 ], [ -66.906350329999952, 10.596081217000062 ], [ -66.906303862999948, 10.596161979000044 ], [ -66.906256006999968, 10.596211270000026 ], [ -66.906190293999941, 10.596271930000057 ], [ -66.906132987999968, 10.596309235000035 ], [ -66.90609171899996, 10.596371231000035 ], [ -66.906014108999955, 10.596472056000039 ], [ -66.90595039599998, 10.596497991000035 ], [ -66.905944140999964, 10.596497213000021 ], [ -66.905804655999987, 10.59648523900006 ], [ -66.905692449999947, 10.596477106000066 ], [ -66.905618549999986, 10.596459369000058 ], [ -66.905544633999966, 10.596418370000038 ], [ -66.905504939999958, 10.596399241000029 ], [ -66.90542690999996, 10.59634593100003 ], [ -66.905394053999942, 10.59632132400003 ], [ -66.905398135999974, 10.596287114000063 ], [ -66.905425484999967, 10.596262466000042 ], [ -66.905515784999977, 10.59625145800004 ], [ -66.90558966499998, 10.596239093000065 ], [ -66.905648497999948, 10.596233579000057 ], [ -66.905695283999933, 10.596219345000065 ], [ -66.905778908999935, 10.596189414000037 ], [ -66.905885147999982, 10.596139004000065 ], [ -66.906009601999983, 10.596048612000061 ], [ -66.906071136999969, 10.595992469000066 ], [ -66.906108054999947, 10.595955500000059 ], [ -66.906165478999981, 10.595889782000029 ], [ -66.906217439999978, 10.595840488000022 ], [ -66.906258466999986, 10.595807621000063 ], [ -66.906292659999963, 10.595787073000054 ], [ -66.906315916999972, 10.595781584000065 ], [ -66.906349847999934, 10.595778419000055 ], [ -66.906423953999933, 10.595835975000057 ] ] ] } },
{ "type": "Feature", "properties": { "Shape_Leng": 0.0080337017987799995, "Shape_Area": 5.77794692112e-07, "Confidence": "Likely", "Type": "Landslide", "SubtypeLS": "Debris Flow", "SubtypeLQ": null, "SubtypeGR": null, "Comments": null, "Source": "B140001100B5C810 - RadiantEarth - 06/29/2026 and 20260627_112621_ssc2_u0002_visual - Planet", "Access": "Hard", "Impact": null, "ID": 302, "Longitude": -66.905272579300004, "Latitude": 10.5907372505 }, "geometry": { "type": "Polygon", "coordinates": [ [ [ -66.904804501999934, 10.590346286000056 ], [ -66.90482796699996, 10.59026930400006 ], [ -66.90485571499994, 10.59020300800006 ], [ -66.904906987999937, 10.590147386000069 ], [ -66.904975365999974, 10.590093890000048 ], [ -66.905039482999939, 10.590061776000027 ], [ -66.905090790999964, 10.590057465000029 ], [ -66.905099367999981, 10.590093805000038 ], [ -66.90506802799996, 10.590120640000066 ], [ -66.905041696999945, 10.590172949000021 ], [ -66.904981867999936, 10.590222163000021 ], [ -66.904943410999977, 10.590260673000046 ], [ -66.904945565999981, 10.590286327000058 ], [ -66.904990467999937, 10.590292710000028 ], [ -66.90511657899998, 10.590249864000043 ], [ -66.905232013999978, 10.590228406000051 ], [ -66.905355980999957, 10.590177010000048 ], [ -66.905456447999939, 10.590151285000047 ], [ -66.905526986999973, 10.590131995000036 ], [ -66.905625319999956, 10.590112686000055 ], [ -66.90569585999998, 10.590093396000043 ], [ -66.905777086999933, 10.590069823000022 ], [ -66.905809151999961, 10.590063387000043 ], [ -66.905847641999969, 10.590074050000055 ], [ -66.905849797999963, 10.590099705000057 ], [ -66.905815607999955, 10.590125384000032 ], [ -66.905695904999959, 10.590159673000073 ], [ -66.905580485999963, 10.590204649000043 ], [ -66.905490713999939, 10.590236780000055 ], [ -66.905373145999988, 10.590266792000023 ], [ -66.905270540999936, 10.590292518000069 ], [ -66.905182903999957, 10.590320372000065 ], [ -66.905071751999969, 10.590352517000042 ], [ -66.904969145999985, 10.590376105000075 ], [ -66.904926412999941, 10.590414618000068 ], [ -66.904917901999966, 10.590474487000051 ], [ -66.904924345999973, 10.590519380000046 ], [ -66.904969260999962, 10.590545004000035 ], [ -66.905093265999938, 10.590549195000051 ], [ -66.905253621999975, 10.590561913000045 ], [ -66.905420384999957, 10.59056393700007 ], [ -66.905567877999943, 10.590525353000032 ], [ -66.905706817999942, 10.590484636000042 ], [ -66.905847911999956, 10.59046743600004 ], [ -66.905937692999942, 10.590448133000052 ], [ -66.906010357999946, 10.590409600000044 ], [ -66.906059530999983, 10.590409566000062 ], [ -66.906068108999932, 10.590448043000038 ], [ -66.905991159999985, 10.590473752000037 ], [ -66.905907800999955, 10.590505878000045 ], [ -66.905867196999964, 10.590531562000024 ], [ -66.905847963999975, 10.590544403000024 ], [ -66.905847975999961, 10.590561506000029 ], [ -66.905811666999966, 10.590614980000055 ], [ -66.905713332999937, 10.590632151000023 ], [ -66.905623539999965, 10.590634351000062 ], [ -66.905484583999964, 10.590651550000075 ], [ -66.905375552999942, 10.590660176000029 ], [ -66.905311422999944, 10.590673048000042 ], [ -66.905292198999973, 10.590698717000066 ], [ -66.905290100999935, 10.590756443000032 ], [ -66.905322204999948, 10.59080773200003 ], [ -66.905362848999971, 10.590839774000074 ], [ -66.905401352999945, 10.590869679000036 ], [ -66.905491150999978, 10.59087603200004 ], [ -66.905580936999968, 10.590863142000046 ], [ -66.905675007999946, 10.590863078000041 ], [ -66.905758405999961, 10.590888676000077 ], [ -66.905792631999986, 10.590916446000051 ], [ -66.905796932999976, 10.590952789000028 ], [ -66.905709280999986, 10.590959263000059 ], [ -66.905591692999963, 10.590959343000065 ], [ -66.905533973999979, 10.590967935000037 ], [ -66.90543777299996, 10.590978690000043 ], [ -66.905412139999953, 10.591012915000022 ], [ -66.905407894999939, 10.591057816000045 ], [ -66.905380114999957, 10.591077076000033 ], [ -66.905337363999934, 10.591089933000035 ], [ -66.905335247999972, 10.591122004000056 ], [ -66.905382294999981, 10.591139076000047 ], [ -66.905450709999968, 10.591139029000033 ], [ -66.905510569999933, 10.591134712000041 ], [ -66.905587540999989, 10.591141073000074 ], [ -66.90559826599997, 10.591192377000027 ], [ -66.905594014999963, 10.591228725000065 ], [ -66.905561981999938, 10.591282196000066 ], [ -66.90543373099996, 10.59132076800006 ], [ -66.90530974099994, 10.591337956000075 ], [ -66.905264843999987, 10.591337987000031 ], [ -66.905164355999943, 10.59133378000007 ], [ -66.905119439999964, 10.591306017000022 ], [ -66.905027451999956, 10.591224837000027 ], [ -66.904997483999978, 10.591171409000026 ], [ -66.904969638999944, 10.591096599000025 ], [ -66.904969610999956, 10.591055978000043 ], [ -66.904982417999975, 10.591026038000052 ], [ -66.90501659399996, 10.590978979000056 ], [ -66.905022971999983, 10.590927663000059 ], [ -66.905014380999944, 10.590869944000076 ], [ -66.904990836999957, 10.590831477000052 ], [ -66.904965145999938, 10.590780183000049 ], [ -66.90493945299994, 10.590724614000067 ], [ -66.904894509999963, 10.590658368000049 ], [ -66.904875237999988, 10.590613484000073 ], [ -66.904847404999941, 10.590555778000066 ], [ -66.904823861999944, 10.590519448000066 ], [ -66.904802459999985, 10.590487394000036 ], [ -66.90478318199996, 10.590433958000062 ], [ -66.904778870999962, 10.590382649000048 ], [ -66.904778867999937, 10.590378374000068 ], [ -66.904804501999934, 10.590346286000056 ] ] ] } },
{ "type": "Feature", "properties": { "Shape_Leng": 0.0021052774572399998, "Shape_Area": 1.9947161095499999e-07, "Confidence": "Likely", "Type": "Landslide", "SubtypeLS": "Debris Flow", "SubtypeLQ": null, "SubtypeGR": null, "Comments": null, "Source": "B140001100B5C810 - RadiantEarth - 06/29/2026 and 20260627_112621_ssc2_u0002_visual - Planet", "Access": "Hard", "Impact": null, "ID": 303, "Longitude": -66.904640957699996, "Latitude": 10.586328074500001 }, "geometry": { "type": "Polygon", "coordinates": [ [ [ -66.90421938999998, 10.58647084100005 ], [ -66.904153700999984, 10.586456291000047 ], [ -66.904122063999978, 10.586434420000046 ], [ -66.904136638999944, 10.586405220000074 ], [ -66.904195010999956, 10.586393017000034 ], [ -66.904260668999939, 10.586363782000035 ], [ -66.904340917999946, 10.58632723900007 ], [ -66.904452788999947, 10.586290674000054 ], [ -66.904516007999973, 10.586251711000045 ], [ -66.904613283999936, 10.586215156000037 ], [ -66.904705676999981, 10.586151847000053 ], [ -66.904781048999951, 10.586098280000044 ], [ -66.904883199999972, 10.58607631700005 ], [ -66.904956192999975, 10.586100592000037 ], [ -66.904997574999982, 10.586144349000051 ], [ -66.905012213999953, 10.586207585000068 ], [ -66.904992793999952, 10.586265979000075 ], [ -66.904939317999947, 10.586324397000055 ], [ -66.904876103999982, 10.586370658000021 ], [ -66.904817747999971, 10.586407186000031 ], [ -66.904742397999939, 10.586492376000024 ], [ -66.90464269499995, 10.586536230000036 ], [ -66.904533217999983, 10.586516844000073 ], [ -66.904431030999945, 10.586487724000051 ], [ -66.904297235999934, 10.586478086000056 ], [ -66.90421938999998, 10.58647084100005 ] ] ] } },
{ "type": "Feature", "properties": { "Shape_Leng": 0.00348208354923, "Shape_Area": 3.8766093187300002e-07, "Confidence": "Likely", "Type": "Landslide", "SubtypeLS": "Debris Flow", "SubtypeLQ": null, "SubtypeGR": null, "Comments": null, "Source": "B140001100B5C810 - RadiantEarth - 06/29/2026", "Access": "Hard", "Impact": null, "ID": 304, "Longitude": -66.8979995137, "Latitude": 10.5941424917 }, "geometry": { "type": "Polygon", "coordinates": [ [ [ -66.897912198999961, 10.594539756000074 ], [ -66.897885540999937, 10.594463758000074 ], [ -66.89786649499996, 10.594402957000057 ], [ -66.897820853999974, 10.59435737900003 ], [ -66.897748632999935, 10.59434982700003 ], [ -66.897684015999971, 10.594346070000029 ], [ -66.897638398999959, 10.594334699000058 ], [ -66.897604177999938, 10.594315718000075 ], [ -66.897592736999968, 10.594258714000034 ], [ -66.897626904999981, 10.594201678000047 ], [ -66.897672483999941, 10.594156037000062 ], [ -66.897759844999939, 10.594072359000052 ], [ -66.897820621999983, 10.594019105000029 ], [ -66.897854763999987, 10.593924061000052 ], [ -66.897907913999973, 10.593832805000034 ], [ -66.897957245999976, 10.593718746000036 ], [ -66.897991393999973, 10.593631304000041 ], [ -66.898048327999959, 10.59351724000004 ], [ -66.898116679999987, 10.59342597400007 ], [ -66.898185047999959, 10.593357512000068 ], [ -66.898261053999988, 10.593342257000074 ], [ -66.898295277999978, 10.593365038000059 ], [ -66.898276304999968, 10.593410661000064 ], [ -66.898219325999946, 10.59346011100007 ], [ -66.898158559999956, 10.593528567000021 ], [ -66.898124406999955, 10.593608408000023 ], [ -66.898135863999983, 10.593688218000068 ], [ -66.898139703999959, 10.593745227000056 ], [ -66.898094145999949, 10.593821275000039 ], [ -66.898059987999943, 10.593893514000058 ], [ -66.898079067999959, 10.59400372500005 ], [ -66.898124718999952, 10.594064507000041 ], [ -66.898185576999936, 10.594129079000027 ], [ -66.898242635999964, 10.594197455000028 ], [ -66.898261696999953, 10.594281060000071 ], [ -66.898252833999948, 10.594357101000071 ], [ -66.898252869999965, 10.594408476000069 ], [ -66.898251351999988, 10.594466080000075 ], [ -66.898243599999944, 10.594512789000021 ], [ -66.898215604999962, 10.594553286000064 ], [ -66.898176717999945, 10.594601574000023 ], [ -66.898125369999946, 10.594642086000022 ], [ -66.898094244999982, 10.594657676000054 ], [ -66.898036660999935, 10.594684181000048 ], [ -66.898008637999965, 10.594684200000074 ], [ -66.897972805999984, 10.594648418000077 ], [ -66.897930746999975, 10.594611083000075 ], [ -66.897912198999961, 10.594539756000074 ] ] ] } },
{ "type": "Feature", "properties": { "Shape_Leng": 0.000662994809903, "Shape_Area": 1.5255889009599999e-08, "Confidence": "Likely", "Type": "Landslide", "SubtypeLS": "Debris Flow", "SubtypeLQ": null, "SubtypeGR": null, "Comments": null, "Source": "B140001100B5C810 - RadiantEarth - 06/29/2026", "Access": "Hard", "Impact": null, "ID": 305, "Longitude": -66.915280251799999, "Latitude": 10.584890848600001 }, "geometry": { "type": "Polygon", "coordinates": [ [ [ -66.915404638999973, 10.584963384000048 ], [ -66.915372336999951, 10.584973609000031 ], [ -66.915350221999972, 10.58496002000004 ], [ -66.915328109999962, 10.584951533000037 ], [ -66.915302592999979, 10.584936246000041 ], [ -66.91525666299998, 10.584910771000068 ], [ -66.915224338999963, 10.584888687000046 ], [ -66.915197122999984, 10.584876802000053 ], [ -66.915169901999946, 10.584856415000047 ], [ -66.915144380999948, 10.584836027000051 ], [ -66.915139266999972, 10.584817326000064 ], [ -66.915142660999948, 10.58480712100004 ], [ -66.915157962999956, 10.584803709000028 ], [ -66.91518177599994, 10.584813896000071 ], [ -66.915207290999945, 10.584825782000053 ], [ -66.915241309999942, 10.584839362000025 ], [ -66.915285537999978, 10.58486313800006 ], [ -66.915321261999964, 10.584883519000073 ], [ -66.915358682999965, 10.584900498000025 ], [ -66.915397802999962, 10.584914075000029 ], [ -66.915408025999966, 10.584942976000036 ], [ -66.915404638999973, 10.584963384000048 ] ] ] } },
{ "type": "Feature", "properties": { "Shape_Leng": 0.0015271646197200001, "Shape_Area": 5.3887982203000002e-08, "Confidence": "Likely", "Type": "Landslide", "SubtypeLS": "Debris Flow", "SubtypeLQ": null, "SubtypeGR": null, "Comments": null, "Source": "B140001100B5C810 - RadiantEarth - 06/29/2026", "Access": "Hard", "Impact": null, "ID": 306, "Longitude": -66.919936166799999, "Latitude": 10.5888210768 }, "geometry": { "type": "Polygon", "coordinates": [ [ [ -66.919629371999974, 10.588980733000028 ], [ -66.919584640999972, 10.588956687000064 ], [ -66.919612145999963, 10.588939470000071 ], [ -66.919639654999969, 10.588929133000022 ], [ -66.919680919999962, 10.588915346000022 ], [ -66.919729059999952, 10.588894676000052 ], [ -66.919784073999949, 10.588867122000067 ], [ -66.919866584999966, 10.588812033000067 ], [ -66.919925033999959, 10.588777597000046 ], [ -66.919980045999978, 10.58874660400005 ], [ -66.920059126999945, 10.588705275000052 ], [ -66.920151966999981, 10.588663937000035 ], [ -66.920213861999969, 10.588639817000058 ], [ -66.920251698999948, 10.588643231000049 ], [ -66.920244843999967, 10.588677631000053 ], [ -66.920200155999964, 10.588715497000067 ], [ -66.920045438999978, 10.58880847100005 ], [ -66.919959492999965, 10.588870442000029 ], [ -66.919839148999984, 10.58892899600005 ], [ -66.919766939999988, 10.588960002000022 ], [ -66.919629371999974, 10.588980733000028 ] ] ] } },
{ "type": "Feature", "properties": { "Shape_Leng": 0.0012500336825199999, "Shape_Area": 5.99962073553e-08, "Confidence": "Likely", "Type": "Landslide", "SubtypeLS": "Debris Flow", "SubtypeLQ": null, "SubtypeGR": null, "Comments": null, "Source": "B040001100075510 - RadiantEarth - 06/26/2026", "Access": "Hard", "Impact": null, "ID": 307, "Longitude": -66.920122282199998, "Latitude": 10.587584743200001 }, "geometry": { "type": "Polygon", "coordinates": [ [ [ -66.920216237999966, 10.587443120000046 ], [ -66.920209910999972, 10.58746493700005 ], [ -66.920225560999938, 10.587483122000037 ], [ -66.92024228799994, 10.587496341000076 ], [ -66.92024889399994, 10.587519362000023 ], [ -66.920239371999969, 10.587554082000054 ], [ -66.920212868999954, 10.587591518000067 ], [ -66.92018453299994, 10.587618962000022 ], [ -66.920146109999962, 10.587654216000033 ], [ -66.920137694999937, 10.587681979000024 ], [ -66.920136173999936, 10.587714833000064 ], [ -66.920108499999969, 10.587763212000027 ], [ -66.920074155999941, 10.587792553000043 ], [ -66.920036838999977, 10.587820849000025 ], [ -66.920001896999963, 10.587825272000032 ], [ -66.919976317999954, 10.587804937000044 ], [ -66.919961997999962, 10.587765852000075 ], [ -66.919983472999945, 10.587731323000071 ], [ -66.920016174999944, 10.587680037000041 ], [ -66.920049003999964, 10.587620783000034 ], [ -66.920083004999981, 10.587550586000077 ], [ -66.920104008999942, 10.587483172000077 ], [ -66.920131179999942, 10.587403900000027 ], [ -66.92015803399994, 10.587344549000022 ], [ -66.920194337999988, 10.587317233000022 ], [ -66.920222921999937, 10.587336619000041 ], [ -66.920241416999943, 10.58736381600005 ], [ -66.920240843999977, 10.587399674000039 ], [ -66.920216237999966, 10.587443120000046 ] ] ] } },
{ "type": "Feature", "properties": { "Shape_Leng": 0.00090522893663599999, "Shape_Area": 5.0198202947700003e-08, "Confidence": "Likely", "Type": "Landslide", "SubtypeLS": "Debris Flow", "SubtypeLQ": null, "SubtypeGR": null, "Comments": null, "Source": "B140001100B5C810 - RadiantEarth - 06/29/2026", "Access": "Hard", "Impact": null, "ID": 308, "Longitude": -66.918792738099995, "Latitude": 10.580992437000001 }, "geometry": { "type": "Polygon", "coordinates": [ [ [ -66.918922714999951, 10.581042331000049 ], [ -66.918851510999957, 10.581082053000046 ], [ -66.918785692999961, 10.581085705000021 ], [ -66.91872888599994, 10.581082137000067 ], [ -66.918696418999957, 10.581071339000061 ], [ -66.918673867999985, 10.581057830000077 ], [ -66.918641388999959, 10.581028999000068 ], [ -66.918623330999935, 10.580993847000059 ], [ -66.918623311999966, 10.580965895000077 ], [ -66.918632307999985, 10.580936134000069 ], [ -66.918670158999987, 10.580908157000067 ], [ -66.918728762999933, 10.580902707000064 ], [ -66.91878827499994, 10.58090717500005 ], [ -66.918832462999944, 10.580917063000072 ], [ -66.918893785999956, 10.580932349000022 ], [ -66.91893977899997, 10.58094403900003 ], [ -66.918996597999978, 10.580964738000034 ], [ -66.918998414999976, 10.580985475000034 ], [ -66.918970482999953, 10.581014347000064 ], [ -66.918922714999951, 10.581042331000049 ] ] ] } },
{ "type": "Feature", "properties": { "Shape_Leng": 0.00060225251768300004, "Shape_Area": 1.8988284278399999e-08, "Confidence": "Likely", "Type": "Landslide", "SubtypeLS": "Debris Flow", "SubtypeLQ": null, "SubtypeGR": null, "Comments": null, "Source": "B040001100075510 - RadiantEarth - 06/26/2026", "Access": "Hard", "Impact": null, "ID": 309, "Longitude": -66.919580462400006, "Latitude": 10.5886969822 }, "geometry": { "type": "Polygon", "coordinates": [ [ [ -66.919660634999957, 10.588668923000057 ], [ -66.919688792999978, 10.588677953000058 ], [ -66.919712930999935, 10.588690001000032 ], [ -66.919710936999934, 10.588714133000053 ], [ -66.919695866999973, 10.588731235000068 ], [ -66.919652642999949, 10.588744335000058 ], [ -66.919613433999984, 10.588747378000051 ], [ -66.919579245999955, 10.588742375000038 ], [ -66.919523939999976, 10.588731353000071 ], [ -66.919488742999988, 10.588720317000025 ], [ -66.919463598999982, 10.588709275000042 ], [ -66.919450516999973, 10.588692192000053 ], [ -66.919451513999945, 10.588679120000052 ], [ -66.919460551999975, 10.588664033000043 ], [ -66.91947461999996, 10.588651958000071 ], [ -66.919535946999986, 10.588646889000074 ], [ -66.919660634999957, 10.588668923000057 ] ] ] } },
{ "type": "Feature", "properties": { "Shape_Leng": 0.00308009350061, "Shape_Area": 3.8771090355400001e-07, "Confidence": "Likely", "Type": "Landslide", "SubtypeLS": "Debris Flow", "SubtypeLQ": null, "SubtypeGR": null, "Comments": null, "Source": "B140001100B5C710 - RadiantEarth - 06/29/2026 and Sentinel-2 L2A - 07/07/2026", "Access": null, "Impact": null, "ID": 310, "Longitude": -66.842306023999996, "Latitude": 10.561543387 }, "geometry": { "type": "Polygon", "coordinates": [ [ [ -66.84228939999997, 10.561365747000025 ], [ -66.842314261999945, 10.56144172200004 ], [ -66.842320749999942, 10.561486914000056 ], [ -66.842298183999958, 10.561535355000046 ], [ -66.842246576999969, 10.56160318600007 ], [ -66.842080948999978, 10.561654344000033 ], [ -66.841666309999937, 10.56159989300005 ], [ -66.841366674999961, 10.561606091000044 ], [ -66.841204872999981, 10.561612194000077 ], [ -66.841043038999942, 10.561570356000061 ], [ -66.84096507199996, 10.561480517000064 ], [ -66.840941038999972, 10.561390642000049 ], [ -66.84104285899997, 10.561306673000047 ], [ -66.84127056799997, 10.561282546000029 ], [ -66.841522281999971, 10.561306345000048 ], [ -66.841821933999938, 10.561324118000073 ], [ -66.842037681999955, 10.56133595600005 ], [ -66.84228939999997, 10.561365747000025 ] ] ] } },
{ "type": "Feature", "properties": { "Shape_Leng": 0.0047110781622200001, "Shape_Area": 4.7047487286299999e-07, "Confidence": "Likely", "Type": "Landslide", "SubtypeLS": "Debris Flow", "SubtypeLQ": null, "SubtypeGR": null, "Comments": "Image is distorted", "Source": "B140001100B5C710 - RadiantEarth - 06/29/2026", "Access": "Hard", "Impact": null, "ID": 311, "Longitude": -66.845953964299994, "Latitude": 10.563353495699999 }, "geometry": { "type": "Polygon", "coordinates": [ [ [ -66.84585302499994, 10.563526207000052 ], [ -66.845693188999974, 10.563573810000037 ], [ -66.845113172999959, 10.563631806000046 ], [ -66.84502155399997, 10.563662415000067 ], [ -66.844921173999978, 10.563645029000043 ], [ -66.844877502999964, 10.563597057000038 ], [ -66.844903643999942, 10.563535945000069 ], [ -66.84498651499996, 10.563474795000047 ], [ -66.845087734999936, 10.563444877000052 ], [ -66.845558247999975, 10.563311270000042 ], [ -66.845710091999933, 10.563300695000066 ], [ -66.846003655999937, 10.563280250000048 ], [ -66.846189366999965, 10.563184238000076 ], [ -66.846369108999966, 10.563124187000028 ], [ -66.846751091999977, 10.563040400000034 ], [ -66.846966451999947, 10.563030889000061 ], [ -66.847075021999956, 10.563068569000052 ], [ -66.847086567999952, 10.563126092000061 ], [ -66.847029073999977, 10.563179827000056 ], [ -66.846921695999981, 10.563199078000025 ], [ -66.846733785999959, 10.563233725000032 ], [ -66.846467329999939, 10.563343390000057 ], [ -66.846271868999963, 10.563399381000067 ], [ -66.84609594899996, 10.563441394000051 ], [ -66.845931206999978, 10.563494571000035 ], [ -66.84585302499994, 10.563526207000052 ] ] ] } },
{ "type": "Feature", "properties": { "Shape_Leng": 0.0066215183039299999, "Shape_Area": 1.29682610324e-06, "Confidence": "Likely", "Type": "Landslide", "SubtypeLS": "Debris Flow", "SubtypeLQ": null, "SubtypeGR": null, "Comments": "Partially clouded", "Source": "B140001100B5C710 and B140001100B5C810 - RadiantEarth - 06/29/2026. Sentinel-2 L2A - 07/07/2026", "Access": null, "Impact": null, "ID": 312, "Longitude": -66.844211484300004, "Latitude": 10.563035300599999 }, "geometry": { "type": "Polygon", "coordinates": [ [ [ -66.844707083999936, 10.563261159000035 ], [ -66.844702794999932, 10.563370258000077 ], [ -66.844633027999976, 10.563448854000058 ], [ -66.844545753999967, 10.563453278000054 ], [ -66.844454050999957, 10.563361701000076 ], [ -66.84442781499996, 10.563283170000034 ], [ -66.844378528999982, 10.563199381000061 ], [ -66.844317424999986, 10.563135660000057 ], [ -66.844156301999988, 10.563082075000068 ], [ -66.843972145999942, 10.562997822000057 ], [ -66.843818685999963, 10.562932726000042 ], [ -66.843606658999988, 10.562864607000051 ], [ -66.843308006999962, 10.562643402000049 ], [ -66.843146502999957, 10.562517405000051 ], [ -66.842990025999939, 10.562366183000051 ], [ -66.842818401999978, 10.56219479400005 ], [ -66.842772902999968, 10.562048540000035 ], [ -66.842838367999946, 10.561887078000041 ], [ -66.843100619999973, 10.561811233000071 ], [ -66.843191417999947, 10.561811171000045 ], [ -66.843504257999939, 10.561947153000062 ], [ -66.843771747999938, 10.562153787000057 ], [ -66.843968627999971, 10.562375601000042 ], [ -66.844160497999951, 10.562647863000052 ], [ -66.844300568999984, 10.562776557000063 ], [ -66.844438059999959, 10.56282926800003 ], [ -66.844574269999953, 10.562849352000057 ], [ -66.844725598999958, 10.562849248000077 ], [ -66.844871879999971, 10.562844104000021 ], [ -66.845063577999952, 10.562864150000053 ], [ -66.845174558999986, 10.562874162000071 ], [ -66.845275472999958, 10.562914448000072 ], [ -66.845305780999979, 10.562974958000041 ], [ -66.845265480999956, 10.56305569500006 ], [ -66.845134353999981, 10.563091095000061 ], [ -66.845038511999974, 10.563091161000045 ], [ -66.844952758999966, 10.563091219000057 ], [ -66.844831694999982, 10.563091302000032 ], [ -66.844766118999985, 10.563091347000068 ], [ -66.844695498999954, 10.563091396000061 ], [ -66.844645906999972, 10.563139014000058 ], [ -66.844707083999936, 10.563261159000035 ] ] ] } },
{ "type": "Feature", "properties": { "Shape_Leng": 0.00273478302791, "Shape_Area": 1.5130006969899999e-07, "Confidence": "Likely", "Type": "Landslide", "SubtypeLS": "Debris Flow", "SubtypeLQ": null, "SubtypeGR": null, "Comments": null, "Source": "B140001100B5C710 and B140001100B5C810 - RadiantEarth - 06/29/2026", "Access": null, "Impact": null, "ID": 313, "Longitude": -66.846678257799994, "Latitude": 10.5641560367 }, "geometry": { "type": "Polygon", "coordinates": [ [ [ -66.847040435999986, 10.56418085100006 ], [ -66.846923155999946, 10.564208859000075 ], [ -66.846850564999954, 10.564242423000053 ], [ -66.846817060999967, 10.564256410000041 ], [ -66.846741649999956, 10.564250876000074 ], [ -66.846682986999951, 10.564231367000048 ], [ -66.846571261999941, 10.564214686000071 ], [ -66.846473500999934, 10.564197996000075 ], [ -66.846398095999973, 10.564200840000069 ], [ -66.846286395999982, 10.564220467000041 ], [ -66.84619424899995, 10.564245666000033 ], [ -66.846118872999966, 10.56429040300003 ], [ -66.846054652999953, 10.564312789000041 ], [ -66.846018322999953, 10.564279300000067 ], [ -66.846029459999954, 10.564229021000074 ], [ -66.84605458599998, 10.564215040000022 ], [ -66.846132754999985, 10.564170301000047 ], [ -66.846222108999939, 10.564145104000033 ], [ -66.846300288999942, 10.564117122000027 ], [ -66.846400815999971, 10.564094710000063 ], [ -66.846532065999952, 10.564075071000048 ], [ -66.846627024999975, 10.564077798000028 ], [ -66.846724779999988, 10.564086110000062 ], [ -66.846847679999939, 10.564108369000053 ], [ -66.847037570999987, 10.564074724000022 ], [ -66.847129709999933, 10.564038354000047 ], [ -66.84720230299996, 10.564007583000034 ], [ -66.847258185999976, 10.564046645000076 ], [ -66.84726380099994, 10.564088534000064 ], [ -66.847258244999978, 10.564133223000056 ], [ -66.847213586999942, 10.56417235300006 ], [ -66.847140974999945, 10.564175196000065 ], [ -66.847040435999986, 10.56418085100006 ] ] ] } },
{ "type": "Feature", "properties": { "Shape_Leng": 0.0066460120423800003, "Shape_Area": 4.1350184445199998e-07, "Confidence": "Likely", "Type": "Landslide", "SubtypeLS": "Debris Flow", "SubtypeLQ": null, "SubtypeGR": null, "Comments": null, "Source": "B140001100B5C710 and B140001100B5C810 - RadiantEarth - 06/29/2026", "Access": null, "Impact": null, "ID": 314, "Longitude": -66.848257180700003, "Latitude": 10.5645739684 }, "geometry": { "type": "Polygon", "coordinates": [ [ [ -66.84921507599995, 10.563506810000035 ], [ -66.848857374999966, 10.563699063000058 ], [ -66.848735267999984, 10.563816969000072 ], [ -66.848691692999978, 10.563908639000033 ], [ -66.848582692999969, 10.564048356000058 ], [ -66.848526040999957, 10.564161854000076 ], [ -66.848421410999947, 10.564310296000031 ], [ -66.848360398999944, 10.564428160000034 ], [ -66.848299388999976, 10.564550389000033 ], [ -66.848242763999963, 10.564703162000058 ], [ -66.848181777999969, 10.564860301000067 ], [ -66.848125140999969, 10.564995618000069 ], [ -66.848068509999962, 10.565139663000025 ], [ -66.848038028999952, 10.56523568800003 ], [ -66.847963930999981, 10.565362289000063 ], [ -66.847863625999935, 10.565453998000066 ], [ -66.847780769999986, 10.565536967000071 ], [ -66.847658645999957, 10.565628691000029 ], [ -66.847488519999956, 10.565720448000036 ], [ -66.847383841999942, 10.565799068000047 ], [ -66.847292207999942, 10.565807858000028 ], [ -66.847257285999945, 10.565790427000024 ], [ -66.847248497999942, 10.56570315700003 ], [ -66.847357557999942, 10.56565071600005 ], [ -66.847444794999944, 10.565593927000066 ], [ -66.847697788999938, 10.565436656000031 ], [ -66.847780656999987, 10.56537114200006 ], [ -66.847867863999966, 10.565270715000054 ], [ -66.847941982999942, 10.565174660000025 ], [ -66.848011639999982, 10.564934602000051 ], [ -66.848255630999972, 10.564375866000034 ], [ -66.848537165999971, 10.563839099000063 ], [ -66.848645992999934, 10.56370217500006 ], [ -66.848793936999982, 10.563590360000035 ], [ -66.848978191999947, 10.563484105000043 ], [ -66.84914291299998, 10.563400207000029 ], [ -66.849232269999959, 10.563380596000059 ], [ -66.849274175999938, 10.563400117000072 ], [ -66.849276141999951, 10.563467493000076 ], [ -66.84921507599995, 10.563506810000035 ] ] ] } },
{ "type": "Feature", "properties": { "Shape_Leng": 0.0010544225914600001, "Shape_Area": 4.51411696629e-08, "Confidence": "Likely", "Type": "Landslide", "SubtypeLS": "Debris Flow", "SubtypeLQ": null, "SubtypeGR": null, "Comments": null, "Source": "B140001100B5C710 and B140001100B5C810 - RadiantEarth - 06/29/2026", "Access": null, "Impact": null, "ID": 315, "Longitude": -66.848473195400004, "Latitude": 10.565105599000001 }, "geometry": { "type": "Polygon", "coordinates": [ [ [ -66.848504894999962, 10.565143728000066 ], [ -66.848365285999932, 10.565191825000056 ], [ -66.848291106999966, 10.56520060400004 ], [ -66.848256195999966, 10.565200628000071 ], [ -66.848243083999932, 10.565170090000038 ], [ -66.848269239999979, 10.565130798000041 ], [ -66.848343394999972, 10.565087109000046 ], [ -66.848435004999942, 10.565043408000065 ], [ -66.848574634999977, 10.565025857000023 ], [ -66.848635725999941, 10.565021451000064 ], [ -66.848705570999982, 10.56505631400006 ], [ -66.848701239999968, 10.565104319000056 ], [ -66.848657609999975, 10.565117440000051 ], [ -66.84860088399995, 10.565121843000043 ], [ -66.848504894999962, 10.565143728000066 ] ] ] } },
{ "type": "Feature", "properties": { "Shape_Leng": 0.0045055128905999997, "Shape_Area": 2.3358984029399999e-07, "Confidence": "Likely", "Type": "Landslide", "SubtypeLS": "Debris Flow", "SubtypeLQ": null, "SubtypeGR": null, "Comments": "Partially reactivated", "Source": "B140001100B5C710 and B140001100B5C810 - RadiantEarth - 06/29/2026", "Access": null, "Impact": null, "ID": 316, "Longitude": -66.847394883999996, "Latitude": 10.562880074400001 }, "geometry": { "type": "Polygon", "coordinates": [ [ [ -66.847955751999962, 10.563104979000059 ], [ -66.847846792999974, 10.563049197000055 ], [ -66.847746229999984, 10.563018544000045 ], [ -66.847645669999963, 10.562993478000067 ], [ -66.847559070999978, 10.562962816000038 ], [ -66.847458499999959, 10.562920992000045 ], [ -66.847383075999971, 10.56289590800003 ], [ -66.84727133399997, 10.562854092000066 ], [ -66.847156809999944, 10.56282903500005 ], [ -66.847053445999961, 10.562787213000036 ], [ -66.846930548999978, 10.562770540000031 ], [ -66.846880277999958, 10.562770574000069 ], [ -66.846793701999957, 10.562773426000035 ], [ -66.846735065999951, 10.562793017000047 ], [ -66.846668060999946, 10.562826577000067 ], [ -66.846609429999944, 10.56285454500005 ], [ -66.846559179999986, 10.562885301000051 ], [ -66.846517307999989, 10.562916051000059 ], [ -66.846489402999964, 10.562949584000023 ], [ -66.846427982999955, 10.562983140000028 ], [ -66.846344218999945, 10.56301391900007 ], [ -66.846305122999979, 10.563019531000066 ], [ -66.846285561999935, 10.563002788000063 ], [ -66.846285536999972, 10.562966481000046 ], [ -66.846313434999956, 10.562921776000053 ], [ -66.846366469999964, 10.562879847000033 ], [ -66.846458594999945, 10.562823927000068 ], [ -66.846539549999989, 10.562768015000074 ], [ -66.846670785999947, 10.562728825000022 ], [ -66.846732213999985, 10.562706440000056 ], [ -66.846824369999979, 10.562695206000058 ], [ -66.846919325999977, 10.562695141000063 ], [ -66.847053395999978, 10.56271459900006 ], [ -66.847109262999936, 10.562728525000068 ], [ -66.847260104999975, 10.562770314000034 ], [ -66.847343906999981, 10.562795392000055 ], [ -66.847491975999958, 10.562865112000054 ], [ -66.84761769399995, 10.562923676000025 ], [ -66.847709876999943, 10.562951541000075 ], [ -66.847776891999956, 10.562931945000059 ], [ -66.847829918999935, 10.562878845000057 ], [ -66.847857806999968, 10.562820176000059 ], [ -66.847896866999974, 10.562761500000022 ], [ -66.847947095999984, 10.562700023000048 ], [ -66.848008528999969, 10.562686016000043 ], [ -66.848061602999962, 10.56269994400003 ], [ -66.848083977999977, 10.562747407000074 ], [ -66.84808402799996, 10.56282002100005 ], [ -66.848078487999942, 10.562887053000054 ], [ -66.848072941999988, 10.56294570700004 ], [ -66.84808137999994, 10.563032279000026 ], [ -66.848098182999934, 10.563099296000075 ], [ -66.848089846999983, 10.563160744000072 ], [ -66.848056347999943, 10.563183110000068 ], [ -66.848006057999953, 10.563155216000041 ], [ -66.847955751999962, 10.563104979000059 ] ] ] } },
{ "type": "Feature", "properties": { "Shape_Leng": 0.0066483175845899996, "Shape_Area": 2.8164889317599999e-07, "Confidence": "Likely", "Type": "Landslide", "SubtypeLS": "Debris Flow", "SubtypeLQ": null, "SubtypeGR": null, "Comments": null, "Source": "B140001100B5C710 and B140001100B5C810 - RadiantEarth - 06/29/2026", "Access": null, "Impact": null, "ID": 317, "Longitude": -66.847074543999994, "Latitude": 10.562035406 }, "geometry": { "type": "Polygon", "coordinates": [ [ [ -66.846751973999972, 10.562034469000025 ], [ -66.846700117999944, 10.562004118000061 ], [ -66.84653975599997, 10.561997132000045 ], [ -66.846410636999963, 10.562019818000067 ], [ -66.846226626999965, 10.56202963000004 ], [ -66.846103953999943, 10.562036170000056 ], [ -66.846036153999933, 10.56202976000003 ], [ -66.845929585999954, 10.561981408000065 ], [ -66.845900505999964, 10.56194591600007 ], [ -66.84593598899994, 10.561903923000045 ], [ -66.846039273999963, 10.561871568000072 ], [ -66.846184556999958, 10.561881154000048 ], [ -66.846307245999981, 10.561897212000076 ], [ -66.84645252599995, 10.561903569000037 ], [ -66.846676832999947, 10.561934425000061 ], [ -66.846723304999955, 10.561932605000038 ], [ -66.846784101999958, 10.561968312000033 ], [ -66.846846681999978, 10.561998655000025 ], [ -66.846927115999961, 10.561998600000038 ], [ -66.847025416999941, 10.561987809000073 ], [ -66.847098688999949, 10.561969884000064 ], [ -66.84717016999997, 10.561946599000066 ], [ -66.847254158999988, 10.561917942000036 ], [ -66.847350664999965, 10.561896427000022 ], [ -66.847443600999952, 10.561882064000031 ], [ -66.847536538999975, 10.561871276000034 ], [ -66.847622332999947, 10.561867643000028 ], [ -66.847677734999934, 10.56185688000005 ], [ -66.847749221999948, 10.561842532000071 ], [ -66.847802850999983, 10.561851432000026 ], [ -66.847804650999933, 10.561869305000073 ], [ -66.847792150999965, 10.561887188000071 ], [ -66.847747476999984, 10.561903305000044 ], [ -66.847695648999945, 10.561914065000053 ], [ -66.847624161999988, 10.561928414000022 ], [ -66.847547315999975, 10.56194812800004 ], [ -66.847482978999949, 10.561962471000072 ], [ -66.84738826499995, 10.561991135000028 ], [ -66.847354313999972, 10.562005457000055 ], [ -66.847348971999963, 10.56203406000003 ], [ -66.847377584999947, 10.562055489000045 ], [ -66.847436585999958, 10.562078685000074 ], [ -66.847493793999945, 10.562094733000038 ], [ -66.847597481999969, 10.562119686000074 ], [ -66.847667195999975, 10.562126788000057 ], [ -66.847758338999938, 10.562105276000068 ], [ -66.847853047999934, 10.562069463000057 ], [ -66.847987068999942, 10.562017536000042 ], [ -66.848110364999968, 10.561965616000066 ], [ -66.84818183699997, 10.561928032000026 ], [ -66.848258665999936, 10.561885081000071 ], [ -66.848289057999978, 10.561893997000027 ], [ -66.848287286999948, 10.561917235000067 ], [ -66.848256917999947, 10.561942280000039 ], [ -66.848217606999981, 10.561960181000074 ], [ -66.848171155999978, 10.561992386000043 ], [ -66.84799961899995, 10.562072937000039 ], [ -66.847892397999942, 10.562108759000068 ], [ -66.847817334999945, 10.562121323000042 ], [ -66.847758362999969, 10.562139237000054 ], [ -66.847749432999933, 10.562149968000028 ], [ -66.847760163999965, 10.562158898000064 ], [ -66.847797707999973, 10.562171384000067 ], [ -66.847835246999978, 10.562176720000025 ], [ -66.847874572999956, 10.562180268000077 ], [ -66.847935354999947, 10.562194526000042 ], [ -66.847990774999971, 10.562208787000031 ], [ -66.848028323999984, 10.562228423000022 ], [ -66.848026550999975, 10.562249874000031 ], [ -66.848010470999952, 10.562258822000047 ], [ -66.847974721999947, 10.562258846000077 ], [ -66.847928241999966, 10.562248153000041 ], [ -66.847858517999953, 10.562226752000072 ], [ -66.84779952699995, 10.562217855000029 ], [ -66.847717293999949, 10.562200038000071 ], [ -66.847692261999953, 10.562189330000024 ], [ -66.847667239999964, 10.562191135000035 ], [ -66.847656527999959, 10.562209016000054 ], [ -66.847652958999959, 10.56221795600004 ], [ -66.847615418999965, 10.562212619000036 ], [ -66.84752961099997, 10.562194804000058 ], [ -66.847379435999983, 10.562148434000051 ], [ -66.847297189999949, 10.562112742000068 ], [ -66.847213167999939, 10.562093138000023 ], [ -66.847116648999986, 10.562094991000038 ], [ -66.847007615999985, 10.56209506600004 ], [ -66.846921815999963, 10.562089762000028 ], [ -66.846902150999938, 10.562084414000026 ], [ -66.846825275999947, 10.56206123000004 ], [ -66.846751973999972, 10.562034469000025 ] ] ] } },
{ "type": "Feature", "properties": { "Shape_Leng": 0.00168726000389, "Shape_Area": 1.09531195162e-07, "Confidence": "Likely", "Type": "Landslide", "SubtypeLS": "Debris Flow", "SubtypeLQ": null, "SubtypeGR": null, "Comments": "Image distorted", "Source": "B140001100B5C710 and B140001100B5C810 - RadiantEarth - 06/29/2026", "Access": null, "Impact": null, "ID": 318, "Longitude": -66.845656470199998, "Latitude": 10.5621394097 }, "geometry": { "type": "Polygon", "coordinates": [ [ [ -66.84564198399994, 10.562031654000066 ], [ -66.845756395999956, 10.562056600000062 ], [ -66.845897628999978, 10.562095826000075 ], [ -66.845969153999988, 10.562136888000055 ], [ -66.846049622999942, 10.562188668000033 ], [ -66.846037137999986, 10.562228 ], [ -66.846006762999934, 10.562244107000026 ], [ -66.845903094999983, 10.562247753000065 ], [ -66.845815495999943, 10.562224577000052 ], [ -66.845711822999988, 10.562221073000046 ], [ -66.845656410999936, 10.562217536000048 ], [ -66.845558093999955, 10.562205091000067 ], [ -66.845495533999951, 10.562205134000067 ], [ -66.845424033999961, 10.562199821000036 ], [ -66.845357885999988, 10.562180205000061 ], [ -66.845295309999983, 10.562157011000068 ], [ -66.845273845999941, 10.562133789000029 ], [ -66.845272038999951, 10.562105192000047 ], [ -66.845288108999966, 10.562081944000056 ], [ -66.845338148999986, 10.562069398000062 ], [ -66.845466823999971, 10.562042499000029 ], [ -66.84564198399994, 10.562031654000066 ] ] ] } },
{ "type": "Feature", "properties": { "Shape_Leng": 0.0037507200865300001, "Shape_Area": 2.09915747606e-07, "Confidence": "Likely", "Type": "Landslide", "SubtypeLS": "Debris Flow", "SubtypeLQ": null, "SubtypeGR": null, "Comments": "Image distorted", "Source": "B140001100B5C710 and B140001100B5C810 - RadiantEarth - 06/29/2026", "Access": null, "Impact": null, "ID": 319, "Longitude": -66.845412236800001, "Latitude": 10.562410982499999 }, "geometry": { "type": "Polygon", "coordinates": [ [ [ -66.845958540999959, 10.562299550000034 ], [ -66.845999644999949, 10.562290585000028 ], [ -66.846053258999973, 10.562278036000066 ], [ -66.846085437999989, 10.562285164000059 ], [ -66.846094396999945, 10.562317331000031 ], [ -66.846060453999939, 10.562344166000059 ], [ -66.845956789999946, 10.562353174000066 ], [ -66.845871000999978, 10.562363957000059 ], [ -66.845804874999942, 10.562376515000039 ], [ -66.845753049999985, 10.562390849000053 ], [ -66.845742333999965, 10.562403369000037 ], [ -66.845751292999978, 10.562435536000066 ], [ -66.845794190999982, 10.562435507000032 ], [ -66.845821002999969, 10.562435488000062 ], [ -66.845921096999973, 10.562433632000022 ], [ -66.84599258999998, 10.562428221000062 ], [ -66.846005100999946, 10.562426425000069 ], [ -66.846033708999983, 10.562440705000029 ], [ -66.846039080999958, 10.562455001000046 ], [ -66.846042673999932, 10.562481809000076 ], [ -66.846006945999989, 10.562510433000057 ], [ -66.84593545599995, 10.562521206000042 ], [ -66.845835355999952, 10.562514125000064 ], [ -66.845751342999961, 10.562508820000062 ], [ -66.845665543999985, 10.562503517000039 ], [ -66.845620852999957, 10.562496398000064 ], [ -66.845535044999963, 10.56247858200004 ], [ -66.845381309999937, 10.562453664000031 ], [ -66.845331261999945, 10.56245369800007 ], [ -66.845250833999955, 10.562462690000075 ], [ -66.845184710999945, 10.56247882200006 ], [ -66.84513646399995, 10.562498517000051 ], [ -66.845118592999938, 10.562503891000063 ], [ -66.844972039999959, 10.562525441000048 ], [ -66.844829048999941, 10.562529114000029 ], [ -66.844736104999981, 10.562532752000038 ], [ -66.844661030999987, 10.562529229000063 ], [ -66.844635994999976, 10.562511372000074 ], [ -66.844648483999947, 10.56247740200007 ], [ -66.844764644999941, 10.562446936000072 ], [ -66.844798603999948, 10.562443338000037 ], [ -66.844855792999965, 10.562430787000039 ], [ -66.844920118999937, 10.562400357000058 ], [ -66.844941541999958, 10.562362806000067 ], [ -66.844964756999957, 10.562330617000043 ], [ -66.844987987999957, 10.562323451000054 ], [ -66.845055904999981, 10.562316255000042 ], [ -66.845148859999938, 10.562328704000038 ], [ -66.845238234999954, 10.562335792000056 ], [ -66.845307951999985, 10.562346469000033 ], [ -66.845358000999965, 10.562348222000026 ], [ -66.845422348999932, 10.562349965000067 ], [ -66.845488462999981, 10.562319534000039 ], [ -66.845529556999963, 10.562294482000027 ], [ -66.845602829999962, 10.562278345000038 ], [ -66.845706500999938, 10.562280061000024 ], [ -66.84579765999996, 10.562279999000054 ], [ -66.845958540999959, 10.562299550000034 ] ] ] } },
{ "type": "Feature", "properties": { "Shape_Leng": 0.0025913515767100001, "Shape_Area": 2.4316593614899998e-07, "Confidence": "Likely", "Type": "Landslide", "SubtypeLS": "Debris Flow", "SubtypeLQ": null, "SubtypeGR": null, "Comments": "Image distorted", "Source": "B140001100B5C710 and B140001100B5C810 - RadiantEarth - 06/29/2026", "Access": null, "Impact": null, "ID": 320, "Longitude": -66.845681399, "Latitude": 10.564700682 }, "geometry": { "type": "Polygon", "coordinates": [ [ [ -66.845799930999988, 10.564393285000051 ], [ -66.845831259999954, 10.564541563000034 ], [ -66.84581193799994, 10.564612600000032 ], [ -66.845757128999935, 10.564719173000071 ], [ -66.845699064999963, 10.564787009000042 ], [ -66.845589371999949, 10.564890391000063 ], [ -66.845521646999941, 10.564993745000038 ], [ -66.845357070999967, 10.565205376000051 ], [ -66.845322633999956, 10.565292003000025 ], [ -66.845301349999943, 10.565327356000068 ], [ -66.845254617999956, 10.565378115000044 ], [ -66.845215640999982, 10.565400829000055 ], [ -66.845184966999966, 10.565365916000076 ], [ -66.845230439999966, 10.565260810000041 ], [ -66.845265696999945, 10.565176575000066 ], [ -66.845282779999934, 10.565117275000034 ], [ -66.845288658999948, 10.565056472000038 ], [ -66.84531124199998, 10.56498593300006 ], [ -66.845340212999986, 10.564914542000054 ], [ -66.845398809999949, 10.564761387000033 ], [ -66.845408433999978, 10.564670987000056 ], [ -66.845434195999985, 10.564577347000068 ], [ -66.845485787999962, 10.564486917000067 ], [ -66.845540625999945, 10.564422313000023 ], [ -66.845598716999973, 10.564393218000021 ], [ -66.845689083999957, 10.564354415000025 ], [ -66.845790912999973, 10.564360887000021 ], [ -66.845799930999988, 10.564393285000051 ] ] ] } },
{ "type": "Feature", "properties": { "Shape_Leng": 0.0029839710839799998, "Shape_Area": 4.8214264885400003e-07, "Confidence": "Likely", "Type": "Landslide", "SubtypeLS": "Debris Flow", "SubtypeLQ": null, "SubtypeGR": null, "Comments": "Image distorted", "Source": "B140001100B5C710 - RadiantEarth - 06/29/2026 and Sentinel-2 L2A - 07/07/2026", "Access": null, "Impact": null, "ID": 321, "Longitude": -66.841430054699998, "Latitude": 10.563173147500001 }, "geometry": { "type": "Polygon", "coordinates": [ [ [ -66.841977069999984, 10.563754062000044 ], [ -66.841919515999962, 10.563663073000043 ], [ -66.841840309999952, 10.563520907000054 ], [ -66.84181112899995, 10.563336910000032 ], [ -66.841804592999949, 10.563220694000051 ], [ -66.841786544999934, 10.563018132000025 ], [ -66.841779799999983, 10.562962241000037 ], [ -66.841784805999964, 10.562906750000025 ], [ -66.841875520999963, 10.562785624000071 ], [ -66.841946098999983, 10.562725044000047 ], [ -66.842036889999974, 10.562714893000077 ], [ -66.842112595999936, 10.562775373000022 ], [ -66.842180005999978, 10.562861920000046 ], [ -66.842183278999983, 10.562866122000059 ], [ -66.842183374999934, 10.563007363000054 ], [ -66.842183478999971, 10.563158692000059 ], [ -66.842218871999933, 10.563279731000023 ], [ -66.842244137999955, 10.563345290000029 ], [ -66.842309772999954, 10.563430998000058 ], [ -66.842336602999978, 10.563460768000027 ], [ -66.842400639999937, 10.563531822000073 ], [ -66.842420882999988, 10.563627650000058 ], [ -66.842425981999952, 10.563708356000063 ], [ -66.842400846999965, 10.563834481000072 ], [ -66.842305046999968, 10.56389507800003 ], [ -66.842153727999971, 10.563910315000044 ], [ -66.842037663999974, 10.563844818000064 ], [ -66.841977069999984, 10.563754062000044 ] ] ] } },
{ "type": "Feature", "properties": { "Shape_Leng": 0.00060014079737299997, "Shape_Area": 2.00861210552e-08, "Confidence": "Likely", "Type": "Landslide", "SubtypeLS": "Debris Flow", "SubtypeLQ": null, "SubtypeGR": null, "Comments": null, "Source": "B140001100B5C710 - RadiantEarth - 06/29/2026", "Access": null, "Impact": null, "ID": 322, "Longitude": -66.840736086199996, "Latitude": 10.565406302 }, "geometry": { "type": "Polygon", "coordinates": [ [ [ -66.840693089999945, 10.565329258000077 ], [ -66.840730642999972, 10.565354256000035 ], [ -66.840771768999957, 10.56537746500004 ], [ -66.840823617999945, 10.565397091000023 ], [ -66.840841508999972, 10.56542210200007 ], [ -66.840843329999984, 10.565470361000052 ], [ -66.840775420999933, 10.565490070000067 ], [ -66.840753966999955, 10.565482935000034 ], [ -66.840709254999979, 10.565443642000048 ], [ -66.840678852999986, 10.56542042600006 ], [ -66.840648449999946, 10.565395423000041 ], [ -66.840626989999976, 10.565379351000047 ], [ -66.840623400999959, 10.565359692000072 ], [ -66.840625173999968, 10.565338242000053 ], [ -66.840639464999981, 10.565325720000033 ], [ -66.840655547999972, 10.565320347000068 ], [ -66.840693089999945, 10.565329258000077 ] ] ] } },
{ "type": "Feature", "properties": { "Shape_Leng": 0.0012314920671800001, "Shape_Area": 3.75002811309e-08, "Confidence": "Possible", "Type": "Landslide", "SubtypeLS": "Debris Flow", "SubtypeLQ": null, "SubtypeGR": null, "Comments": null, "Source": "B140001100B5C710 - RadiantEarth - 06/29/2026 and Sentinel-2 L2A - 07/07/2026", "Access": null, "Impact": null, "ID": 323, "Longitude": -66.840112334599993, "Latitude": 10.5612830011 }, "geometry": { "type": "Polygon", "coordinates": [ [ [ -66.840261732999977, 10.56162549000004 ], [ -66.840246614999955, 10.561627680000072 ], [ -66.840231435999954, 10.561618872000054 ], [ -66.840222155999982, 10.561598123000067 ], [ -66.840212376999943, 10.561425469000028 ], [ -66.840181350999956, 10.561299726000072 ], [ -66.840184539999939, 10.56110112600004 ], [ -66.840226917999985, 10.561042069000052 ], [ -66.840264095999942, 10.561077093000051 ], [ -66.840279905999978, 10.561147305000077 ], [ -66.840266524999947, 10.561246873000073 ], [ -66.840263037999932, 10.561395202000028 ], [ -66.840261458999976, 10.561527913000077 ], [ -66.840261732999977, 10.56162549000004 ] ] ] } },
{ "type": "Feature", "properties": { "Shape_Leng": 0.0048815325060999996, "Shape_Area": 9.4259817153200003e-07, "Confidence": "Likely", "Type": "Landslide", "SubtypeLS": "Debris Flow", "SubtypeLQ": null, "SubtypeGR": null, "Comments": null, "Source": "B140001100B5C710 and B140001100B5C810 - RadiantEarth - 06/29/2026", "Access": null, "Impact": null, "ID": 324, "Longitude": -66.843338724000006, "Latitude": 10.5782431052 }, "geometry": { "type": "Polygon", "coordinates": [ [ [ -66.84402529099998, 10.577749536000056 ], [ -66.84372725999998, 10.578154586000039 ], [ -66.843599610999945, 10.578442327000062 ], [ -66.843503901999952, 10.578698085000042 ], [ -66.843397486999947, 10.57887927400003 ], [ -66.843280382999978, 10.579007200000035 ], [ -66.843173843999978, 10.579007273000059 ], [ -66.843077944999948, 10.578986031000056 ], [ -66.843077820999952, 10.578804916000024 ], [ -66.843077725999933, 10.578666416000033 ], [ -66.843077630999971, 10.578527916000041 ], [ -66.843045647999986, 10.578495976000056 ], [ -66.842949755999939, 10.578485388000047 ], [ -66.842832657999963, 10.578623968000045 ], [ -66.842694252999934, 10.578762563000055 ], [ -66.842630300999986, 10.578719991000071 ], [ -66.842630234999945, 10.578624107000053 ], [ -66.842640757999959, 10.578432330000055 ], [ -66.842779125999982, 10.578240466000068 ], [ -66.843034701999954, 10.578069830000061 ], [ -66.843215692999934, 10.577888590000043 ], [ -66.843492546999983, 10.577675323000051 ], [ -66.843652274999954, 10.577558022000062 ], [ -66.84382272199997, 10.577536597000062 ], [ -66.844025210999973, 10.577632343000062 ], [ -66.84402529099998, 10.577749536000056 ] ] ] } },
{ "type": "Feature", "properties": { "Shape_Leng": 0.0018685426186, "Shape_Area": 8.1789122313999995e-08, "Confidence": "Likely", "Type": "Landslide", "SubtypeLS": "Debris Flow", "SubtypeLQ": null, "SubtypeGR": null, "Comments": null, "Source": "B140001100B5C710 - RadiantEarth - 06/29/2026 and Sentinel-2 L2A - 07/07/2026", "Access": null, "Impact": null, "ID": 325, "Longitude": -66.839489096199998, "Latitude": 10.569658933199999 }, "geometry": { "type": "Polygon", "coordinates": [ [ [ -66.839409749999959, 10.569381308000061 ], [ -66.839309035999975, 10.569478919000062 ], [ -66.839225382999985, 10.569596865000051 ], [ -66.839200377999987, 10.569673097000077 ], [ -66.839189073999933, 10.569726594000031 ], [ -66.83918863699995, 10.569760674000065 ], [ -66.839201945999946, 10.569812252000077 ], [ -66.839225201999966, 10.569872339000028 ], [ -66.839198714999952, 10.569889880000062 ], [ -66.839140983999982, 10.569903668000052 ], [ -66.839100271999939, 10.569897558000036 ], [ -66.839059996999936, 10.569857369000033 ], [ -66.83907269599996, 10.56978209600004 ], [ -66.839118473999974, 10.569654724000031 ], [ -66.839177035999967, 10.569532545000072 ], [ -66.839239393999947, 10.569419355000036 ], [ -66.839343861999964, 10.569290500000022 ], [ -66.839419921999934, 10.569154575000027 ], [ -66.839443572999983, 10.569140350000055 ], [ -66.839486204999957, 10.569171072000074 ], [ -66.839482973999964, 10.56924870000006 ], [ -66.839459365999971, 10.569303157000036 ], [ -66.839409749999959, 10.569381308000061 ] ] ] } },
{ "type": "Feature", "properties": { "Shape_Leng": 0.00053062760850999997, "Shape_Area": 1.7935954820100001e-08, "Confidence": "Likely", "Type": "Landslide", "SubtypeLS": "Debris Flow", "SubtypeLQ": null, "SubtypeGR": null, "Comments": null, "Source": "B140001100B5C710 and B140001100B5C810 - RadiantEarth - 06/29/2026", "Access": null, "Impact": null, "ID": 326, "Longitude": -66.838964034699998, "Latitude": 10.569386506500001 }, "geometry": { "type": "Polygon", "coordinates": [ [ [ -66.838933643999951, 10.569473255000048 ], [ -66.838886159999959, 10.569464909000033 ], [ -66.838877765999939, 10.569442572000071 ], [ -66.838877750999984, 10.569420230000048 ], [ -66.838894490999962, 10.569395083000074 ], [ -66.838930760999972, 10.569341994000069 ], [ -66.838950297999986, 10.569322430000057 ], [ -66.839020102999939, 10.56930004000003 ], [ -66.839048042999934, 10.569316778000029 ], [ -66.839053651999961, 10.569350288000066 ], [ -66.839017380999962, 10.569403377000071 ], [ -66.838981100999945, 10.569442502000072 ], [ -66.838933643999951, 10.569473255000048 ] ] ] } },
{ "type": "Feature", "properties": { "Shape_Leng": 0.0018422079620299999, "Shape_Area": 7.4029639850199999e-08, "Confidence": "Likely", "Type": "Landslide", "SubtypeLS": "Debris Flow", "SubtypeLQ": null, "SubtypeGR": null, "Comments": null, "Source": "B140001100B5C710 - RadiantEarth - 06/29/2026", "Access": null, "Impact": null, "ID": 327, "Longitude": -66.840937152500004, "Latitude": 10.5739105878 }, "geometry": { "type": "Polygon", "coordinates": [ [ [ -66.840673605999939, 10.574090554000065 ], [ -66.840586476999988, 10.574082326000052 ], [ -66.84055608999995, 10.574080559000038 ], [ -66.840538312999968, 10.574068827000076 ], [ -66.840542657999947, 10.574042642000052 ], [ -66.840608088999943, 10.574003322000067 ], [ -66.840699695999945, 10.573955258000069 ], [ -66.840778217999969, 10.573915930000055 ], [ -66.840869830999964, 10.573876592000033 ], [ -66.841013797999949, 10.573819764000064 ], [ -66.841135960999964, 10.573784770000032 ], [ -66.841288670999973, 10.573749755000051 ], [ -66.841354124999953, 10.573745346000067 ], [ -66.841367236999986, 10.573775884000042 ], [ -66.841327989999968, 10.573815185000058 ], [ -66.841258189999962, 10.573845780000056 ], [ -66.841153472999963, 10.573867671000073 ], [ -66.841031309999948, 10.573902665000048 ], [ -66.840922244999945, 10.573946378000073 ], [ -66.840821909999988, 10.573994448000064 ], [ -66.84073903899997, 10.574055599000076 ], [ -66.840673605999939, 10.574090554000065 ] ] ] } },
{ "type": "Feature", "properties": { "Shape_Leng": 0.00369772979087, "Shape_Area": 5.2538966718600005e-07, "Confidence": "Likely", "Type": "Landslide", "SubtypeLS": "Debris Flow", "SubtypeLQ": null, "SubtypeGR": null, "Comments": null, "Source": "B140001100B5C710 and B140001100B5C810 - RadiantEarth - 06/29/2026. Sentinel-2 L2A - 07/07/2026", "Access": null, "Impact": null, "ID": 328, "Longitude": -66.8366698751, "Latitude": 10.562617661299999 }, "geometry": { "type": "Polygon", "coordinates": [ [ [ -66.836841308999965, 10.562799161000044 ], [ -66.836708922999946, 10.56270805500003 ], [ -66.836599050999951, 10.562607643000035 ], [ -66.836594403999982, 10.562525816000061 ], [ -66.836664516999974, 10.562446180000052 ], [ -66.836760357999935, 10.562446114000068 ], [ -66.836815845999979, 10.562446076000072 ], [ -66.836846062999939, 10.562375435000035 ], [ -66.836790520999955, 10.562294765000047 ], [ -66.836740032999955, 10.562229223000031 ], [ -66.836679479999987, 10.562198999000032 ], [ -66.836659223999959, 10.562082993000047 ], [ -66.836719613999946, 10.561876135000034 ], [ -66.836749775999976, 10.561724785000024 ], [ -66.836785016999954, 10.561623875000066 ], [ -66.83690102199995, 10.561603618000049 ], [ -66.836981751999986, 10.561633829000073 ], [ -66.837057491999985, 10.561744752000038 ], [ -66.83709289899997, 10.56188596800007 ], [ -66.837103163999984, 10.562143221000042 ], [ -66.837108283999953, 10.562254192000069 ], [ -66.837118527999962, 10.562481179000031 ], [ -66.837164130999952, 10.56277876200005 ], [ -66.837179391999939, 10.562965391000034 ], [ -66.837098768999965, 10.563091554000039 ], [ -66.837028138999983, 10.563076470000055 ], [ -66.836962524999933, 10.563021027000048 ], [ -66.836881725999945, 10.562889931000029 ], [ -66.836841308999965, 10.562799161000044 ] ] ] } },
{ "type": "Feature", "properties": { "Shape_Leng": 0.0023028236314699998, "Shape_Area": 2.5387985393199998e-07, "Confidence": "Likely", "Type": "Landslide", "SubtypeLS": "Debris Flow", "SubtypeLQ": null, "SubtypeGR": null, "Comments": null, "Source": "B140001100B5C710 and B140001100B5C810 - RadiantEarth - 06/29/2026", "Access": null, "Impact": null, "ID": 329, "Longitude": -66.829750086999994, "Latitude": 10.55438113 }, "geometry": { "type": "Polygon", "coordinates": [ [ [ -66.829602470999987, 10.554788243000075 ], [ -66.829515236999953, 10.554849396000066 ], [ -66.829467231999956, 10.554845065000052 ], [ -66.829441039999949, 10.554831992000061 ], [ -66.829441009999982, 10.554788353000049 ], [ -66.829449719999957, 10.554762165000056 ], [ -66.82949770099998, 10.55473158500007 ], [ -66.829536938999979, 10.554679192000037 ], [ -66.829554334999955, 10.554591904000063 ], [ -66.829580457999953, 10.554504610000038 ], [ -66.829589104999968, 10.554386781000062 ], [ -66.829606490999936, 10.55428640100007 ], [ -66.829671852999979, 10.554146714000069 ], [ -66.829689233999943, 10.554037607000055 ], [ -66.829763361999937, 10.553954643000054 ], [ -66.829894278999973, 10.553958918000035 ], [ -66.82994666899998, 10.553993792000028 ], [ -66.829972896999948, 10.554059232000043 ], [ -66.829972958999974, 10.554150872000037 ], [ -66.829959954999936, 10.55427743100006 ], [ -66.829929529999959, 10.554456369000036 ], [ -66.829881602999933, 10.554565497000056 ], [ -66.82982057199996, 10.55465717900006 ], [ -66.829698441999938, 10.554740175000063 ], [ -66.829602470999987, 10.554788243000075 ] ] ] } },
{ "type": "Feature", "properties": { "Shape_Leng": 0.0017996472494, "Shape_Area": 1.4599228170699999e-07, "Confidence": "Likely", "Type": "Landslide", "SubtypeLS": "Debris Flow", "SubtypeLQ": null, "SubtypeGR": null, "Comments": null, "Source": "B140001100B5C710 and B140001100B5C810 - RadiantEarth - 06/29/2026", "Access": null, "Impact": null, "ID": 330, "Longitude": -66.826765136000006, "Latitude": 10.5487747333 }, "geometry": { "type": "Polygon", "coordinates": [ [ [ -66.826687938999953, 10.549143459000049 ], [ -66.826622481999948, 10.549143504000028 ], [ -66.82659192899996, 10.549134797000022 ], [ -66.82657880499994, 10.549086804000069 ], [ -66.826578765999955, 10.549030074000029 ], [ -66.826609240999971, 10.548925322000059 ], [ -66.826657176999959, 10.548829285000068 ], [ -66.826705094999966, 10.548707065000031 ], [ -66.826713720999976, 10.54855869000005 ], [ -66.826752917999954, 10.548445204000075 ], [ -66.826796519999959, 10.548392808000074 ], [ -66.826857616999973, 10.548397130000069 ], [ -66.82691873999994, 10.548440726000024 ], [ -66.826936257999932, 10.548532354000031 ], [ -66.82691886799995, 10.548628370000074 ], [ -66.826884058999951, 10.548776764000024 ], [ -66.826818715999934, 10.54894263400007 ], [ -66.826779533999968, 10.549077939000028 ], [ -66.826687938999953, 10.549143459000049 ] ] ] } },
{ "type": "Feature", "properties": { "Shape_Leng": 0.0022267904325600002, "Shape_Area": 1.12410242836e-07, "Confidence": "Likely", "Type": "Landslide", "SubtypeLS": "Debris Flow", "SubtypeLQ": null, "SubtypeGR": null, "Comments": null, "Source": "B140001100B5C710 - RadiantEarth - 06/29/2026", "Access": null, "Impact": null, "ID": 331, "Longitude": -66.808907063999996, "Latitude": 10.5506738376 }, "geometry": { "type": "Polygon", "coordinates": [ [ [ -66.808840861999954, 10.550512830000059 ], [ -66.809006782999973, 10.550652358000036 ], [ -66.809107227999959, 10.55076574900005 ], [ -66.809207676999961, 10.550883503000023 ], [ -66.809312467999973, 10.550970708000023 ], [ -66.809347407999951, 10.551014322000071 ], [ -66.809316885999976, 10.551049253000031 ], [ -66.809242697999935, 10.551044940000054 ], [ -66.809199035999939, 10.551010060000067 ], [ -66.809120435999944, 10.550935929000048 ], [ -66.809081128999935, 10.550887953000029 ], [ -66.80903307899996, 10.550818165000067 ], [ -66.808993765999958, 10.550761463000072 ], [ -66.808919541999956, 10.550704784000061 ], [ -66.808827859999951, 10.550643753000031 ], [ -66.808710000999952, 10.55059146800005 ], [ -66.808605236999938, 10.550543538000056 ], [ -66.808509184999934, 10.55047378200004 ], [ -66.808496060999971, 10.55042578900003 ], [ -66.808522219999986, 10.550390861000039 ], [ -66.808587676999935, 10.550390816000061 ], [ -66.808674964999966, 10.550408212000036 ], [ -66.808753540999987, 10.550447432000055 ], [ -66.808840861999954, 10.550512830000059 ] ] ] } },
{ "type": "Feature", "properties": { "Shape_Leng": 0.0019607523399799999, "Shape_Area": 1.7118601472100001e-07, "Confidence": "Likely", "Type": "Landslide", "SubtypeLS": "Debris Flow", "SubtypeLQ": null, "SubtypeGR": null, "Comments": null, "Source": "B140001100B5C710 - RadiantEarth - 06/29/2026", "Access": null, "Impact": null, "ID": 332, "Longitude": -66.805619833600005, "Latitude": 10.551838224400001 }, "geometry": { "type": "Polygon", "coordinates": [ [ [ -66.805861292999964, 10.551854562000074 ], [ -66.805953028999966, 10.551994142000069 ], [ -66.805931248999968, 10.552050886000075 ], [ -66.80590508399996, 10.552077087000043 ], [ -66.805835280999986, 10.552103318000036 ], [ -66.805791642999964, 10.55210334800006 ], [ -66.80570000299997, 10.552103411000076 ], [ -66.805660709999984, 10.552077255000029 ], [ -66.805621408999968, 10.552038007000021 ], [ -66.805577734999986, 10.551985671000068 ], [ -66.805499099999963, 10.551859174000072 ], [ -66.805433591999986, 10.551785034000034 ], [ -66.805350630999953, 10.551715270000045 ], [ -66.805276404999972, 10.551654227000029 ], [ -66.805223987999966, 10.551580078000029 ], [ -66.80522831899998, 10.551532073000033 ], [ -66.805280681999989, 10.551527674000056 ], [ -66.805359244999977, 10.551549439000041 ], [ -66.805464015999974, 10.551606097000047 ], [ -66.805555694999953, 10.551662764000071 ], [ -66.805782696999984, 10.55178479500006 ], [ -66.805861292999964, 10.551854562000074 ] ] ] } },
{ "type": "Feature", "properties": { "Shape_Leng": 0.0010434243028400001, "Shape_Area": 7.4429159130199994e-08, "Confidence": "Likely", "Type": "Landslide", "SubtypeLS": "Debris Flow", "SubtypeLQ": null, "SubtypeGR": null, "Comments": null, "Source": "B140001100B5C710 - RadiantEarth - 06/29/2026", "Access": null, "Impact": null, "ID": 333, "Longitude": -66.804972315300006, "Latitude": 10.5518472151 }, "geometry": { "type": "Polygon", "coordinates": [ [ [ -66.805128243999945, 10.551959796000062 ], [ -66.805089017999933, 10.552029644000072 ], [ -66.80505846799997, 10.552025301000072 ], [ -66.804984267999941, 10.552003533000061 ], [ -66.804944969999951, 10.551968649000059 ], [ -66.804875106999987, 10.551907604000064 ], [ -66.804822695999974, 10.55184218200003 ], [ -66.804800825999962, 10.551768012000025 ], [ -66.804813884999987, 10.551720001000035 ], [ -66.804857501999948, 10.551689425000063 ], [ -66.804922949999934, 10.551676289000056 ], [ -66.804988431999959, 10.551711154000031 ], [ -66.805023353999957, 10.551728586000024 ], [ -66.805075758999976, 10.551785279000057 ], [ -66.80512818699998, 10.551876884000023 ], [ -66.805128243999945, 10.551959796000062 ] ] ] } },
{ "type": "Feature", "properties": { "Shape_Leng": 0.0010351081394700001, "Shape_Area": 4.7199123179600003e-08, "Confidence": "Likely", "Type": "Landslide", "SubtypeLS": "Debris Flow", "SubtypeLQ": null, "SubtypeGR": null, "Comments": null, "Source": "B140001100B5C710 - RadiantEarth - 06/29/2026", "Access": null, "Impact": null, "ID": 334, "Longitude": -66.804621681399993, "Latitude": 10.5520354548 }, "geometry": { "type": "Polygon", "coordinates": [ [ [ -66.804774914999939, 10.552165138000021 ], [ -66.804780206999965, 10.55221453200005 ], [ -66.804758774999982, 10.55223957100003 ], [ -66.804751624999938, 10.552239576000034 ], [ -66.804730172999939, 10.552234228000032 ], [ -66.804721227999948, 10.552223510000033 ], [ -66.804691996999964, 10.552156467000032 ], [ -66.804661428999964, 10.552125941000043 ], [ -66.804600308999966, 10.552086708000047 ], [ -66.804539191999936, 10.552051840000047 ], [ -66.804508623999936, 10.552021314000058 ], [ -66.804456221999942, 10.551968984000041 ], [ -66.804447455999934, 10.551912260000051 ], [ -66.804473626999936, 10.551894787000037 ], [ -66.804578363999951, 10.551903443000072 ], [ -66.804635111999971, 10.551929587000075 ], [ -66.804683158999978, 10.551995012000077 ], [ -66.80473557199997, 10.552064797000071 ], [ -66.804774914999939, 10.552165138000021 ] ] ] } },
{ "type": "Feature", "properties": { "Shape_Leng": 0.00055100830825699997, "Shape_Area": 1.7179428472300001e-08, "Confidence": "Likely", "Type": "Landslide", "SubtypeLS": "Debris Flow", "SubtypeLQ": null, "SubtypeGR": null, "Comments": null, "Source": "B140001100B5C710 - RadiantEarth - 06/29/2026", "Access": null, "Impact": null, "ID": 335, "Longitude": -66.803177785599999, "Latitude": 10.5547355711 }, "geometry": { "type": "Polygon", "coordinates": [ [ [ -66.803228269999977, 10.554810147000069 ], [ -66.803214326999978, 10.55484087800005 ], [ -66.803197571999988, 10.554843682000069 ], [ -66.803175232999934, 10.554849283000067 ], [ -66.803155670999956, 10.554832539000074 ], [ -66.803144482999983, 10.55480741100007 ], [ -66.803141662999963, 10.554768313000068 ], [ -66.803127656999948, 10.554706880000026 ], [ -66.803133203999948, 10.554651020000051 ], [ -66.803147148999983, 10.554623082000035 ], [ -66.803175073999967, 10.554617477000022 ], [ -66.803208616999939, 10.55465934700004 ], [ -66.803219825999975, 10.554715196000075 ], [ -66.803228269999977, 10.554810147000069 ] ] ] } },
{ "type": "Feature", "properties": { "Shape_Leng": 0.00056081265607199995, "Shape_Area": 2.1032868719499999e-08, "Confidence": "Likely", "Type": "Landslide", "SubtypeLS": "Debris Flow", "SubtypeLQ": null, "SubtypeGR": null, "Comments": null, "Source": "B140001100B5C710 - RadiantEarth - 06/29/2026", "Access": null, "Impact": null, "ID": 336, "Longitude": -66.801090002699993, "Latitude": 10.5557067212 }, "geometry": { "type": "Polygon", "coordinates": [ [ [ -66.801120497999932, 10.555759063000039 ], [ -66.801041966999946, 10.555785299000036 ], [ -66.801015783999958, 10.555785317000073 ], [ -66.800993940999945, 10.555750422000074 ], [ -66.800989552999965, 10.555715514000042 ], [ -66.801024439999935, 10.555680580000057 ], [ -66.801059329999987, 10.555650009000033 ], [ -66.801076775999945, 10.555636906000075 ], [ -66.801133504999939, 10.555636867000032 ], [ -66.801181509999935, 10.555641198000046 ], [ -66.801194628999951, 10.555680463000044 ], [ -66.801168478999955, 10.555728483000053 ], [ -66.801120497999932, 10.555759063000039 ] ] ] } },
{ "type": "Feature", "properties": { "Shape_Leng": 0.00096831151798199998, "Shape_Area": 3.0532995432899998e-08, "Confidence": "Likely", "Type": "Landslide", "SubtypeLS": "Debris Flow", "SubtypeLQ": null, "SubtypeGR": null, "Comments": null, "Source": "B140001100B5C710 - RadiantEarth - 06/29/2026", "Access": null, "Impact": null, "ID": 337, "Longitude": -66.801655855500002, "Latitude": 10.556017913 }, "geometry": { "type": "Polygon", "coordinates": [ [ [ -66.801746119999962, 10.556051184000069 ], [ -66.801572990999944, 10.556090403000042 ], [ -66.801497591999976, 10.556101626000043 ], [ -66.801464075999945, 10.556098856000062 ], [ -66.80143893199994, 10.55608770200007 ], [ -66.801438920999942, 10.556070945000045 ], [ -66.801461242999949, 10.55604020800007 ], [ -66.801517091999983, 10.556028998000045 ], [ -66.801584113999979, 10.556020574000058 ], [ -66.801662298999986, 10.555998178000038 ], [ -66.801712546999966, 10.555964629000073 ], [ -66.801748830999941, 10.555931090000058 ], [ -66.801787897999986, 10.555883585000061 ], [ -66.801815827999974, 10.555886359000056 ], [ -66.801827016999937, 10.55591148700006 ], [ -66.801818670999978, 10.555958971000052 ], [ -66.801785190999965, 10.556009265000057 ], [ -66.801746119999962, 10.556051184000069 ] ] ] } },
{ "type": "Feature", "properties": { "Shape_Leng": 0.0022432664595699999, "Shape_Area": 1.4388976518699999e-07, "Confidence": "Likely", "Type": "Landslide", "SubtypeLS": "Debris Flow", "SubtypeLQ": null, "SubtypeGR": null, "Comments": null, "Source": "B140001100B5C710 - RadiantEarth - 06/29/2026", "Access": null, "Impact": null, "ID": 338, "Longitude": -66.802777422899993, "Latitude": 10.5617743008 }, "geometry": { "type": "Polygon", "coordinates": [ [ [ -66.802554469999961, 10.561907223000048 ], [ -66.802462299999945, 10.561898908000046 ], [ -66.802423205999958, 10.561907313000063 ], [ -66.802395292999961, 10.561929675000044 ], [ -66.802370168999971, 10.561946449000061 ], [ -66.802328296999974, 10.561977199000069 ], [ -66.802305954999952, 10.56197721500007 ], [ -66.80230034799996, 10.561946497000065 ], [ -66.802317081999945, 10.561912972000073 ], [ -66.802353373999949, 10.561890604000041 ], [ -66.802411996999979, 10.561851464000028 ], [ -66.802470609999943, 10.561798360000068 ], [ -66.802532034999956, 10.561773182000024 ], [ -66.802607422999984, 10.561745202000054 ], [ -66.802666052999939, 10.561717234000071 ], [ -66.802727482999956, 10.56169764200007 ], [ -66.802769353999963, 10.561666892000062 ], [ -66.802802835999955, 10.561619390000033 ], [ -66.802847493999934, 10.561580260000028 ], [ -66.802900550999937, 10.561569052000038 ], [ -66.802911738999967, 10.561594180000043 ], [ -66.802920144999973, 10.56163327400003 ], [ -66.802948087999937, 10.561655598000073 ], [ -66.802970430999949, 10.561655582000071 ], [ -66.803009517999953, 10.561636006000072 ], [ -66.803073735999988, 10.561610826000049 ], [ -66.803112813999974, 10.561580078000077 ], [ -66.803179817999933, 10.561543725000035 ], [ -66.80320495899997, 10.561552087000052 ], [ -66.803202179999971, 10.561571638000032 ], [ -66.803174271999978, 10.561602379000021 ], [ -66.803124031999971, 10.561647099000027 ], [ -66.803101709999964, 10.561677835000069 ], [ -66.80308219799997, 10.561733706000041 ], [ -66.803051503999939, 10.561772826000038 ], [ -66.802992880999966, 10.56181196600005 ], [ -66.802937042999986, 10.561839933000044 ], [ -66.802875621999988, 10.561870696000028 ], [ -66.802811408999958, 10.561904254000069 ], [ -66.802755573999946, 10.561935014000028 ], [ -66.802730439999948, 10.56193782400004 ], [ -66.802663403999986, 10.561926699000026 ], [ -66.802624292999951, 10.561909968000066 ], [ -66.802554469999961, 10.561907223000048 ] ] ] } },
{ "type": "Feature", "properties": { "Shape_Leng": 0.000898640369612, "Shape_Area": 3.8227641472299997e-08, "Confidence": "Likely", "Type": "Landslide", "SubtypeLS": "Debris Flow", "SubtypeLQ": null, "SubtypeGR": null, "Comments": "Cloud covers toe", "Source": "B140001100B5C710 - RadiantEarth - 06/29/2026", "Access": null, "Impact": null, "ID": 339, "Longitude": -66.803196135999997, "Latitude": 10.565561471300001 }, "geometry": { "type": "Polygon", "coordinates": [ [ [ -66.803341779999982, 10.565587652000033 ], [ -66.803143512999952, 10.565624094000043 ], [ -66.803087664999964, 10.565638097000033 ], [ -66.80302342799996, 10.565635348000058 ], [ -66.803009446999965, 10.565610222000032 ], [ -66.803006632999939, 10.565579503000038 ], [ -66.803054078999935, 10.565531992000047 ], [ -66.803115511999977, 10.565517985000042 ], [ -66.803190908999966, 10.565503970000066 ], [ -66.803310990999933, 10.56548992300003 ], [ -66.803386407999938, 10.565503836000062 ], [ -66.803394810999976, 10.565540137000028 ], [ -66.803375281999934, 10.565570872000023 ], [ -66.803341779999982, 10.565587652000033 ] ] ] } },
{ "type": "Feature", "properties": { "Shape_Leng": 0.0015346755646600001, "Shape_Area": 9.0097397548800005e-08, "Confidence": "Likely", "Type": "Landslide", "SubtypeLS": "Debris Flow", "SubtypeLQ": null, "SubtypeGR": null, "Comments": null, "Source": "B140001100B5C710 - RadiantEarth - 06/29/2026", "Access": null, "Impact": null, "ID": 340, "Longitude": -66.803024908799998, "Latitude": 10.5663911388 }, "geometry": { "type": "Polygon", "coordinates": [ [ [ -66.803241913999955, 10.566576387000055 ], [ -66.802931805999947, 10.566425785000035 ], [ -66.802775346999965, 10.566339314000061 ], [ -66.802741811999965, 10.566308616000072 ], [ -66.802727820999962, 10.566269526000042 ], [ -66.802747337999961, 10.566222034000077 ], [ -66.80277246199995, 10.566205260000061 ], [ -66.802836699999943, 10.566208009000036 ], [ -66.802875802999949, 10.566213568000023 ], [ -66.802940061999948, 10.566247038000029 ], [ -66.803015498999969, 10.566291672000034 ], [ -66.803071382999974, 10.566330733000029 ], [ -66.80314403899996, 10.566392126000039 ], [ -66.803239029999986, 10.566442332000065 ], [ -66.803336828999988, 10.566514879000067 ], [ -66.803353619999939, 10.566565139000033 ], [ -66.803339672999982, 10.566590284000029 ], [ -66.803300580999974, 10.566601482000067 ], [ -66.803241913999955, 10.566576387000055 ] ] ] } },
{ "type": "Feature", "properties": { "Shape_Leng": 0.00155121478248, "Shape_Area": 1.1327878635000001e-07, "Confidence": "Likely", "Type": "Landslide", "SubtypeLS": "Debris Flow", "SubtypeLQ": null, "SubtypeGR": null, "Comments": "Reactivation", "Source": "B140001100B5C710 - RadiantEarth - 06/29/2026\r\n\r\n", "Access": null, "Impact": null, "ID": 341, "Longitude": -66.803546325599996, "Latitude": 10.566854241 }, "geometry": { "type": "Polygon", "coordinates": [ [ [ -66.803671346999977, 10.56690967000003 ], [ -66.803567700999963, 10.566945489000034 ], [ -66.803442609999934, 10.566986685000074 ], [ -66.803324669999938, 10.567029664000074 ], [ -66.803263901999969, 10.567036856000072 ], [ -66.803246017999982, 10.567022568000027 ], [ -66.803249570999981, 10.566990392000037 ], [ -66.803279937999946, 10.56696177300006 ], [ -66.80330851399998, 10.566929580000021 ], [ -66.803303138999979, 10.566909922000036 ], [ -66.803290612999945, 10.566890269000055 ], [ -66.803295954999953, 10.566859879000049 ], [ -66.803317382999978, 10.566829478000045 ], [ -66.803360253999983, 10.566790126000058 ], [ -66.803435310999987, 10.566768625000066 ], [ -66.803546100999938, 10.56672565100007 ], [ -66.803644401999975, 10.566714859000058 ], [ -66.803762366999933, 10.566707629000064 ], [ -66.803796334999959, 10.566718330000072 ], [ -66.803798135999955, 10.566737991000025 ], [ -66.803794575999973, 10.566759442000034 ], [ -66.803821396999979, 10.56677372300004 ], [ -66.803848223999978, 10.566796941000064 ], [ -66.803862548999973, 10.566834467000035 ], [ -66.803848268999957, 10.566863076000061 ], [ -66.803801810999971, 10.566884556000048 ], [ -66.80371602699995, 10.566902489000029 ], [ -66.803671346999977, 10.56690967000003 ] ] ] } },
{ "type": "Feature", "properties": { "Shape_Leng": 0.00122129768653, "Shape_Area": 4.6095322542100001e-08, "Confidence": "Likely", "Type": "Landslide", "SubtypeLS": "Debris Flow", "SubtypeLQ": null, "SubtypeGR": null, "Comments": null, "Source": "B140001100B5C710 - RadiantEarth - 06/29/2026", "Access": null, "Impact": null, "ID": 342, "Longitude": -66.800277988999994, "Latitude": 10.5826150176 }, "geometry": { "type": "Polygon", "coordinates": [ [ [ -66.800459111999942, 10.582510591000073 ], [ -66.800479547999942, 10.582531 ], [ -66.800476423999953, 10.582556138000029 ], [ -66.800463871999966, 10.582579711000051 ], [ -66.80044974599997, 10.582598572000052 ], [ -66.800435605999951, 10.582597011000075 ], [ -66.800399471999981, 10.58259389400007 ], [ -66.800357055999939, 10.582595494000032 ], [ -66.800330359999975, 10.582609651000041 ], [ -66.800330371999962, 10.582628502000034 ], [ -66.800339813999983, 10.582652061000033 ], [ -66.800366529999962, 10.582664610000052 ], [ -66.800394814999947, 10.582675588000029 ], [ -66.800415247999979, 10.582691283000031 ], [ -66.800427829999933, 10.582711697000036 ], [ -66.800418415999957, 10.582728985000074 ], [ -66.800401135999948, 10.582730567000056 ], [ -66.800379134999957, 10.582719586000053 ], [ -66.800353986999937, 10.582700751000061 ], [ -66.800324123999985, 10.582680349000043 ], [ -66.800272278999955, 10.582675671000061 ], [ -66.800218874999985, 10.58268984700004 ], [ -66.800185889999966, 10.58269772400007 ], [ -66.800138765999975, 10.582705611000051 ], [ -66.800104205999958, 10.582707206000066 ], [ -66.800085345999946, 10.582694651000054 ], [ -66.800079055999959, 10.582686801000023 ], [ -66.800079041999936, 10.582666378000056 ], [ -66.800085305999971, 10.582636525000055 ], [ -66.800110424999957, 10.582612943000072 ], [ -66.800151251999978, 10.582586209000056 ], [ -66.80019836799994, 10.582565754000029 ], [ -66.800284753999961, 10.582540559000051 ], [ -66.800364854999941, 10.582513798000036 ], [ -66.800459111999942, 10.582510591000073 ] ] ] } },
{ "type": "Feature", "properties": { "Shape_Leng": 0.000412384067671, "Shape_Area": 9.3934017033799997e-09, "Confidence": "Likely", "Type": "Landslide", "SubtypeLS": "Debris Flow", "SubtypeLQ": null, "SubtypeGR": null, "Comments": null, "Source": "B140001100B5C710 - RadiantEarth - 06/29/2026", "Access": null, "Impact": null, "ID": 343, "Longitude": -66.800167942499996, "Latitude": 10.582841763 }, "geometry": { "type": "Polygon", "coordinates": [ [ [ -66.800126122999984, 10.582881962000044 ], [ -66.800086846999989, 10.582879534000028 ], [ -66.800086834999945, 10.582862352000063 ], [ -66.800099086999978, 10.582830433000026 ], [ -66.800111352999977, 10.582820606000041 ], [ -66.800175163999938, 10.582805834000055 ], [ -66.800224254999932, 10.582803346000048 ], [ -66.800256176999937, 10.582820507000065 ], [ -66.800248829999987, 10.582845058000032 ], [ -66.800219385999981, 10.582862261000059 ], [ -66.800185025999951, 10.582869648000042 ], [ -66.800126122999984, 10.582881962000044 ] ] ] } },
{ "type": "Feature", "properties": { "Shape_Leng": 0.00053808784729800002, "Shape_Area": 1.3026672134100001e-08, "Confidence": "Likely", "Type": "Landslide", "SubtypeLS": "Debris Flow", "SubtypeLQ": null, "SubtypeGR": null, "Comments": null, "Source": "B140001100B5C710 - RadiantEarth - 06/29/2026", "Access": null, "Impact": null, "ID": 344, "Longitude": -66.801344752299997, "Latitude": 10.583759175300001 }, "geometry": { "type": "Polygon", "coordinates": [ [ [ -66.801395815999967, 10.583816313000057 ], [ -66.801383562999945, 10.583845777000022 ], [ -66.801368840999942, 10.583855606000043 ], [ -66.80133447299994, 10.583850720000044 ], [ -66.801309917999959, 10.583838464000053 ], [ -66.801307444999964, 10.583811464000064 ], [ -66.801307421999979, 10.583777099000031 ], [ -66.801307387999941, 10.583728006000058 ], [ -66.801317175999941, 10.583683816000075 ], [ -66.801336786999968, 10.583644528000036 ], [ -66.801363780999964, 10.583634691000043 ], [ -66.80137605699997, 10.583639592000054 ], [ -66.801368706999938, 10.583659234000038 ], [ -66.801361364999934, 10.58369115000005 ], [ -66.801368761999981, 10.583740237000029 ], [ -66.801376149999953, 10.583774597000058 ], [ -66.801395815999967, 10.583816313000057 ] ] ] } },
{ "type": "Feature", "properties": { "Shape_Leng": 0.00156865024968, "Shape_Area": 9.2370200508299995e-08, "Confidence": "Possible", "Type": "Landslide", "SubtypeLS": "Debris Flow", "SubtypeLQ": null, "SubtypeGR": null, "Comments": null, "Source": "B140001100B5C710 - RadiantEarth - 06/29/2026", "Access": null, "Impact": null, "ID": 345, "Longitude": -66.805157479499996, "Latitude": 10.546057983400001 }, "geometry": { "type": "Polygon", "coordinates": [ [ [ -66.805323674999954, 10.546092319000024 ], [ -66.80519258299995, 10.546092409000039 ], [ -66.805098964999956, 10.546120564000034 ], [ -66.805014735999976, 10.546186168000077 ], [ -66.80493054599998, 10.546307954000042 ], [ -66.804865, 10.546307999000021 ], [ -66.804864948999978, 10.546233089000054 ], [ -66.804892988999939, 10.546158160000061 ], [ -66.805052075999981, 10.546017595000023 ], [ -66.805117583999959, 10.545961368000064 ], [ -66.805248624999933, 10.545886368000026 ], [ -66.80538908699998, 10.545895636000068 ], [ -66.805445320999979, 10.54597050700005 ], [ -66.805417273999979, 10.546036072000049 ], [ -66.805323674999954, 10.546092319000024 ] ] ] } },
{ "type": "Feature", "properties": { "Shape_Leng": 0.0076257471035700002, "Shape_Area": 6.9465710407e-07, "Confidence": "Likely", "Type": "Landslide", "SubtypeLS": "Debris Flow", "SubtypeLQ": null, "SubtypeGR": null, "Comments": null, "Source": "B140001100B5C710 - RadiantEarth - 06/29/2026", "Access": null, "Impact": null, "ID": 346, "Longitude": -66.803527361099995, "Latitude": 10.5454897157 }, "geometry": { "type": "Polygon", "coordinates": [ [ [ -66.803657661999978, 10.544425966000063 ], [ -66.803615793999938, 10.544545850000077 ], [ -66.803603873999975, 10.544641743000057 ], [ -66.803615941999965, 10.544761591000054 ], [ -66.803640007999945, 10.544899408000049 ], [ -66.803658022999969, 10.544953331000045 ], [ -66.803705993999984, 10.544995248000021 ], [ -66.803789949999953, 10.545079089000069 ], [ -66.80386797999995, 10.545258820000072 ], [ -66.803921980999974, 10.545354667000026 ], [ -66.803982014999974, 10.545510439000054 ], [ -66.804084011999976, 10.545684160000064 ], [ -66.804132052999933, 10.54582795400006 ], [ -66.804054178999934, 10.545875950000038 ], [ -66.804000206999945, 10.545822051000073 ], [ -66.803922214999943, 10.545696256000042 ], [ -66.803874210999936, 10.545606397000029 ], [ -66.803802194999946, 10.545456627000021 ], [ -66.803724218999946, 10.545354803000066 ], [ -66.803664216999948, 10.545246974000065 ], [ -66.803592327999979, 10.545282980000025 ], [ -66.803586392999932, 10.545366883000042 ], [ -66.803586466999946, 10.545474753000065 ], [ -66.803604542999949, 10.545618568000066 ], [ -66.803568717999951, 10.545810361000065 ], [ -66.803502932999947, 10.546008169000061 ], [ -66.803491024999971, 10.546122040000057 ], [ -66.803497095999944, 10.546235899000067 ], [ -66.803479219999986, 10.546385731000044 ], [ -66.803431326999942, 10.546457677000035 ], [ -66.803323538999962, 10.546577607000074 ], [ -66.803251694999972, 10.546679533000031 ], [ -66.803095956999982, 10.546787510000058 ], [ -66.80307198099996, 10.546781534000047 ], [ -66.802994050999985, 10.546745631000022 ], [ -66.80297600199998, 10.546643765000056 ], [ -66.803017906999969, 10.546577816000024 ], [ -66.803077776999942, 10.546493876000056 ], [ -66.803203535999955, 10.546361948000026 ], [ -66.803293352999958, 10.546254017000024 ], [ -66.803323238999951, 10.546140133000051 ], [ -66.803347091999967, 10.545966326000041 ], [ -66.803382887999987, 10.545732582000028 ], [ -66.80339474699997, 10.545546798000032 ], [ -66.803412564999974, 10.545313067000052 ], [ -66.803424443999972, 10.545157246000031 ], [ -66.803430325999955, 10.544995437000068 ], [ -66.803430230999936, 10.544857602000036 ], [ -66.803436096999974, 10.544671822000055 ], [ -66.803459973999963, 10.544533971000021 ], [ -66.803489826999964, 10.544372145000068 ], [ -66.80353164099995, 10.544174355000052 ], [ -66.803585480999971, 10.54403648400006 ], [ -66.803669363999973, 10.544012455000029 ], [ -66.80370536199996, 10.544072358000051 ], [ -66.803699434999942, 10.544168247000073 ], [ -66.803681537999978, 10.544288115000029 ], [ -66.803657661999978, 10.544425966000063 ] ] ] } },
{ "type": "Feature", "properties": { "Shape_Leng": 0.00073151475094500003, "Shape_Area": 3.64739335549e-08, "Confidence": "Likely", "Type": "Landslide", "SubtypeLS": "Debris Flow", "SubtypeLQ": null, "SubtypeGR": null, "Comments": null, "Source": "B140001100B5C710 - RadiantEarth - 06/29/2026", "Access": null, "Impact": null, "ID": 347, "Longitude": -66.806347257799999, "Latitude": 10.547082467899999 }, "geometry": { "type": "Polygon", "coordinates": [ [ [ -66.806313155999987, 10.547179633000042 ], [ -66.806263245999958, 10.547106794000058 ], [ -66.80623636699994, 10.547060788000067 ], [ -66.80621333299996, 10.547030121000034 ], [ -66.806213319999983, 10.547010944000021 ], [ -66.806259333999947, 10.546995571000025 ], [ -66.806316859999981, 10.546987861000048 ], [ -66.806393569999955, 10.546991643000069 ], [ -66.806431939999982, 10.547014630000035 ], [ -66.80646265699994, 10.547064469000077 ], [ -66.806447354999932, 10.547122010000066 ], [ -66.806409045999942, 10.547187238000049 ], [ -66.806355365999934, 10.547210287000041 ], [ -66.806313155999987, 10.547179633000042 ] ] ] } },
{ "type": "Feature", "properties": { "Shape_Leng": 0.0065846615795399997, "Shape_Area": 6.7786996352100001e-07, "Confidence": "Likely", "Type": "Landslide", "SubtypeLS": "Debris Flow", "SubtypeLQ": null, "SubtypeGR": null, "Comments": null, "Source": "B140001100B5C710 - RadiantEarth - 06/29/2026", "Access": null, "Impact": null, "ID": 348, "Longitude": -66.797978268999998, "Latitude": 10.547781525 }, "geometry": { "type": "Polygon", "coordinates": [ [ [ -66.798316972999942, 10.547798614000044 ], [ -66.798314597999934, 10.54779915000006 ], [ -66.798221953999985, 10.547789630000068 ], [ -66.798160877999976, 10.54779419700003 ], [ -66.798104343999967, 10.547825906000071 ], [ -66.798056868999936, 10.547871183000041 ], [ -66.798000344999934, 10.547916466000061 ], [ -66.797952879999968, 10.54797757800003 ], [ -66.797909958999981, 10.548065833000067 ], [ -66.797867035999957, 10.548151826000037 ], [ -66.797774395999966, 10.548312506000059 ], [ -66.79774503799996, 10.548387179000031 ], [ -66.797729236999942, 10.548436958000025 ], [ -66.797736060999966, 10.548491246000026 ], [ -66.79775194299998, 10.548559101000023 ], [ -66.797761056999946, 10.548654108000051 ], [ -66.797776941999985, 10.548726487000067 ], [ -66.797795091999944, 10.548803390000046 ], [ -66.797792891999961, 10.548893879000047 ], [ -66.797792209999955, 10.54890328700003 ], [ -66.797786168999949, 10.548986634000073 ], [ -66.797765891999973, 10.549108807000039 ], [ -66.797738804999938, 10.549194789000069 ], [ -66.797693640999967, 10.549312455000063 ], [ -66.797652987999982, 10.549409758000024 ], [ -66.79758521399998, 10.54954327400003 ], [ -66.797549093999976, 10.549654147000069 ], [ -66.797515242999964, 10.549774067000044 ], [ -66.797470067999939, 10.549873634000051 ], [ -66.797438435999936, 10.54993021100006 ], [ -66.797399986999949, 10.549943811000048 ], [ -66.797361520999971, 10.549930264000068 ], [ -66.797320778999961, 10.549898621000068 ], [ -66.797295875999964, 10.549871492000022 ], [ -66.797293581999952, 10.549823987000025 ], [ -66.797300332999953, 10.549771952000071 ], [ -66.797318394999934, 10.549719909000032 ], [ -66.797374718999947, 10.549382802000025 ], [ -66.797460531999945, 10.549163309000051 ], [ -66.797507951999933, 10.549036593000039 ], [ -66.797602788999939, 10.548780899000064 ], [ -66.797625345999961, 10.548685871000032 ], [ -66.797625297999957, 10.548615743000028 ], [ -66.797609411999986, 10.548541101000069 ], [ -66.797577676999936, 10.548448373000042 ], [ -66.797579870999982, 10.548348834000024 ], [ -66.797600151999973, 10.548233448000076 ], [ -66.797631747999958, 10.54812484100006 ], [ -66.797674674999939, 10.548043372000052 ], [ -66.797715333999975, 10.547955118000061 ], [ -66.797776333999934, 10.547839704000069 ], [ -66.797859962999951, 10.547733323000045 ], [ -66.797943606999979, 10.547649564000039 ], [ -66.798038560999942, 10.547563536000041 ], [ -66.798151617999963, 10.547486543000048 ], [ -66.798257885999988, 10.547405031000039 ], [ -66.798337032999939, 10.547361995000074 ], [ -66.798407173999976, 10.547380045000068 ], [ -66.798416259999954, 10.547434331000034 ], [ -66.798404973999936, 10.54747053400007 ], [ -66.798373331999983, 10.547513538000032 ], [ -66.798364321999941, 10.54757009900004 ], [ -66.798382427999968, 10.547581398000034 ], [ -66.798466119999944, 10.547567767000032 ], [ -66.798556601999962, 10.547558656000035 ], [ -66.798642566999945, 10.547560860000033 ], [ -66.798662954999941, 10.547601565000036 ], [ -66.798629059999939, 10.547658144000025 ], [ -66.798540882999987, 10.547728332000077 ], [ -66.79846852299994, 10.547773626000037 ], [ -66.798389361999966, 10.547796302000052 ], [ -66.798316972999942, 10.547798614000044 ] ] ] } },
{ "type": "Feature", "properties": { "Shape_Leng": 0.00243545535183, "Shape_Area": 2.6894521810599998e-07, "Confidence": "Likely", "Type": "Landslide", "SubtypeLS": "Debris Flow", "SubtypeLQ": null, "SubtypeGR": null, "Comments": null, "Source": "B140001100B5C710 - RadiantEarth - 06/29/2026", "Access": null, "Impact": null, "ID": 349, "Longitude": -66.799007531300006, "Latitude": 10.548499854799999 }, "geometry": { "type": "Polygon", "coordinates": [ [ [ -66.799175282999954, 10.548429181000074 ], [ -66.799153451999985, 10.548810280000055 ], [ -66.799131462999981, 10.54895941500007 ], [ -66.799081812999987, 10.54904229300007 ], [ -66.799059735999947, 10.549064400000077 ], [ -66.798987929999953, 10.549053403000073 ], [ -66.798943723999969, 10.549020296000037 ], [ -66.798938139999962, 10.548931932000073 ], [ -66.798932571999956, 10.548865661000036 ], [ -66.798926991999963, 10.548782820000042 ], [ -66.798915877999946, 10.548683415000028 ], [ -66.798899248999987, 10.548595059000036 ], [ -66.798832920999985, 10.548517783000023 ], [ -66.798816298999952, 10.548440473000028 ], [ -66.798827279999955, 10.548346575000039 ], [ -66.798838265999962, 10.548258200000021 ], [ -66.79884371299994, 10.548147737000022 ], [ -66.798882305999939, 10.548048298000026 ], [ -66.79893197399997, 10.547993034000058 ], [ -66.798987195999985, 10.547981950000064 ], [ -66.799047967999968, 10.548009523000076 ], [ -66.799086688999978, 10.548097864000056 ], [ -66.799103310999953, 10.54817517400005 ], [ -66.799142042999961, 10.548280084000055 ], [ -66.799175282999954, 10.548429181000074 ] ] ] } },
{ "type": "Feature", "properties": { "Shape_Leng": 0.00081126357124600005, "Shape_Area": 3.3798886850800001e-08, "Confidence": "Likely", "Type": "Landslide", "SubtypeLS": "Debris Flow", "SubtypeLQ": null, "SubtypeGR": null, "Comments": null, "Source": "B140001100B5C710 - RadiantEarth - 06/29/2026", "Access": null, "Impact": null, "ID": 350, "Longitude": -66.795188303900005, "Latitude": 10.5501945609 }, "geometry": { "type": "Polygon", "coordinates": [ [ [ -66.795226215999946, 10.550243910000063 ], [ -66.79520589599997, 10.550302742000042 ], [ -66.795185563999951, 10.550343475000034 ], [ -66.795160687999953, 10.550354803000062 ], [ -66.795124484999974, 10.550343517000044 ], [ -66.795095063999952, 10.550325440000051 ], [ -66.795088265999937, 10.550309609000067 ], [ -66.795085986999936, 10.550284726000029 ], [ -66.795097280999983, 10.55025983400003 ], [ -66.795113103999938, 10.550241726000024 ], [ -66.795149252999977, 10.550173835000066 ], [ -66.795160529999976, 10.550124059000041 ], [ -66.795167273999937, 10.55006297400007 ], [ -66.795196665999981, 10.550038070000028 ], [ -66.795235124999977, 10.550040306000028 ], [ -66.79526907199994, 10.550060643000052 ], [ -66.795291719999966, 10.550099085000056 ], [ -66.79527816999996, 10.550133027000072 ], [ -66.795255572999963, 10.550169238000024 ], [ -66.795226215999946, 10.550243910000063 ] ] ] } },
{ "type": "Feature", "properties": { "Shape_Leng": 0.00046779277725999998, "Shape_Area": 1.19674152767e-08, "Confidence": "Likely", "Type": "Landslide", "SubtypeLS": "Debris Flow", "SubtypeLQ": null, "SubtypeGR": null, "Comments": null, "Source": "B140001100B5C710 - RadiantEarth - 06/29/2026", "Access": null, "Impact": null, "ID": 351, "Longitude": -66.7926837097, "Latitude": 10.549536360799999 }, "geometry": { "type": "Polygon", "coordinates": [ [ [ -66.792728266999973, 10.549548863000041 ], [ -66.792669486999955, 10.549603196000021 ], [ -66.792628768999975, 10.549605486000075 ], [ -66.79261293199994, 10.549603235000063 ], [ -66.792606132999936, 10.549585142000069 ], [ -66.792617414999938, 10.549542152000072 ], [ -66.792664900999966, 10.549512711000034 ], [ -66.792707851999978, 10.549467437000033 ], [ -66.792739509999933, 10.549449318000029 ], [ -66.792757621999954, 10.549469665000061 ], [ -66.792744083999935, 10.549521705000075 ], [ -66.792728266999973, 10.549548863000041 ] ] ] } },
{ "type": "Feature", "properties": { "Shape_Leng": 0.0043481105561999998, "Shape_Area": 3.5545248432900002e-07, "Confidence": "Likely", "Type": "Landslide", "SubtypeLS": "Debris Flow", "SubtypeLQ": null, "SubtypeGR": null, "Comments": null, "Source": "B140001100B5C710 - RadiantEarth - 06/29/2026", "Access": null, "Impact": null, "ID": 352, "Longitude": -66.795119988699994, "Latitude": 10.5463819835 }, "geometry": { "type": "Polygon", "coordinates": [ [ [ -66.795106719999978, 10.547527086000059 ], [ -66.795035149999933, 10.54727970700003 ], [ -66.795027990999984, 10.54714892800007 ], [ -66.79501025199994, 10.547053504000075 ], [ -66.794999606999966, 10.546993421000025 ], [ -66.79500302799994, 10.546827288000031 ], [ -66.795006499999943, 10.546735384000044 ], [ -66.795009946999983, 10.546608133000063 ], [ -66.795016912999984, 10.546456136000074 ], [ -66.795016803999943, 10.546297075000041 ], [ -66.795023775999937, 10.546155682000062 ], [ -66.795027196999968, 10.545989550000058 ], [ -66.795037686999933, 10.545823412000061 ], [ -66.795051711999974, 10.545657272000028 ], [ -66.795065763999958, 10.545530013000075 ], [ -66.795108126999935, 10.545452221000062 ], [ -66.795129334999956, 10.54545220600005 ], [ -66.795196518999944, 10.545487507000075 ], [ -66.795235440999988, 10.545547570000053 ], [ -66.795253167999988, 10.545625321000045 ], [ -66.79524971099994, 10.545738434000043 ], [ -66.795242752999968, 10.545901035000043 ], [ -66.795228945999952, 10.546385297000029 ], [ -66.795218496999951, 10.54661152400007 ], [ -66.795197404999954, 10.546781204000069 ], [ -66.795135776999985, 10.547013546000073 ], [ -66.795120034999968, 10.54714928900006 ], [ -66.795129121999935, 10.547205838000025 ], [ -66.795145042999934, 10.547330248000037 ], [ -66.795163189999982, 10.547402626000064 ], [ -66.795176809999987, 10.547470483000041 ], [ -66.795172328999968, 10.547533828000041 ], [ -66.795140666999941, 10.547547423000026 ], [ -66.795106719999978, 10.547527086000059 ] ] ] } },
{ "type": "Feature", "properties": { "Shape_Leng": 0.0091424401624600003, "Shape_Area": 8.99722689263e-07, "Confidence": "Likely", "Type": "Landslide", "SubtypeLS": "Debris Flow", "SubtypeLQ": null, "SubtypeGR": null, "Comments": null, "Source": "B140001100B5C710 - RadiantEarth - 06/29/2026", "Access": null, "Impact": null, "ID": 353, "Longitude": -66.793317249099999, "Latitude": 10.545453913099999 }, "geometry": { "type": "Polygon", "coordinates": [ [ [ -66.793459912999936, 10.543922828000063 ], [ -66.793368339999972, 10.544403609000028 ], [ -66.793208074999939, 10.544904098000075 ], [ -66.793213677999972, 10.545020077000061 ], [ -66.79328553299996, 10.545102872000029 ], [ -66.793335329999934, 10.545235389000027 ], [ -66.793351385999983, 10.545453424000073 ], [ -66.793372687999977, 10.545591262000073 ], [ -66.793333864999965, 10.545676122000032 ], [ -66.793280873999947, 10.545718574000034 ], [ -66.793245557999967, 10.545764549000069 ], [ -66.79325621299995, 10.545838771000035 ], [ -66.793295161999936, 10.545937715000036 ], [ -66.793358868999974, 10.546057851000057 ], [ -66.793390760999955, 10.546174474000054 ], [ -66.793450925999934, 10.546284009000033 ], [ -66.793504003999942, 10.546368805000043 ], [ -66.793553516999964, 10.546407653000074 ], [ -66.793610085999944, 10.546428822000053 ], [ -66.793673765999984, 10.546510076000061 ], [ -66.793762220999952, 10.546637265000072 ], [ -66.793808239999976, 10.546736204000069 ], [ -66.793808294999963, 10.546817502000067 ], [ -66.79380129599997, 10.546920013000033 ], [ -66.793826123999963, 10.547043710000025 ], [ -66.793854480999983, 10.547160336000047 ], [ -66.793900492999967, 10.547248672000023 ], [ -66.793914691999987, 10.547337029000062 ], [ -66.793904143999953, 10.547418334000042 ], [ -66.793882951999933, 10.547443092000037 ], [ -66.793829960999972, 10.54748554400004 ], [ -66.793780499999968, 10.547520925000072 ], [ -66.793762852999976, 10.547559819000071 ], [ -66.79378055799998, 10.547605758000032 ], [ -66.793808880999961, 10.54767289800003 ], [ -66.793798295999977, 10.547701182000026 ], [ -66.793752352999945, 10.547711818000039 ], [ -66.793724065999982, 10.547697698000036 ], [ -66.79369223599997, 10.547672977000047 ], [ -66.793681607999986, 10.547637638000026 ], [ -66.793660341999953, 10.547552820000021 ], [ -66.793653240999959, 10.547506874000021 ], [ -66.793660290999981, 10.547478591000072 ], [ -66.793677947999981, 10.547453836000045 ], [ -66.793716816999961, 10.547436136000044 ], [ -66.793762738999988, 10.547393688000056 ], [ -66.793798039999956, 10.547326505000058 ], [ -66.793797981999944, 10.54724167300003 ], [ -66.793783781999934, 10.54715331500006 ], [ -66.79377311099995, 10.547054351000043 ], [ -66.79373063099996, 10.546962478000069 ], [ -66.79368816899995, 10.546895348000021 ], [ -66.79361741699995, 10.546810564000054 ], [ -66.79356788299998, 10.546739904000049 ], [ -66.793429903999936, 10.546556194000061 ], [ -66.79341220699996, 10.546520859000054 ], [ -66.793359113999941, 10.546414855000023 ], [ -66.793291883999984, 10.546312395000029 ], [ -66.793245857999977, 10.546202851000032 ], [ -66.793189220999977, 10.546082710000064 ], [ -66.793157364999956, 10.546019108000053 ], [ -66.793107796999948, 10.545898962000024 ], [ -66.793075923999936, 10.545810617000029 ], [ -66.792990946999964, 10.545598593000022 ], [ -66.792937802999973, 10.545418360000042 ], [ -66.792927130999942, 10.545319396000025 ], [ -66.792898787999945, 10.54522397900007 ], [ -66.792902268999967, 10.545146213000066 ], [ -66.792916354999988, 10.545068441000069 ], [ -66.792944556999942, 10.544958846000043 ], [ -66.792990440999972, 10.54485984300004 ], [ -66.793032795999977, 10.544771447000073 ], [ -66.793099838999979, 10.544601735000072 ], [ -66.793113883999979, 10.544463873000041 ], [ -66.793152660999965, 10.544311855000046 ], [ -66.793187903999979, 10.544159839000031 ], [ -66.79322312499994, 10.543976010000051 ], [ -66.793265453999936, 10.543848733000061 ], [ -66.793314856999984, 10.543728519000069 ], [ -66.793381953999983, 10.543636571000036 ], [ -66.793473835999976, 10.543608231000064 ], [ -66.793516273999956, 10.543640014000061 ], [ -66.793519854999943, 10.543707171000051 ], [ -66.793495193999945, 10.543827367000063 ], [ -66.793459912999936, 10.543922828000063 ] ] ] } },
{ "type": "Feature", "properties": { "Shape_Leng": 0.0030660813202899998, "Shape_Area": 1.1668203463e-07, "Confidence": "Likely", "Type": "Landslide", "SubtypeLS": "Debris Flow", "SubtypeLQ": null, "SubtypeGR": null, "Comments": null, "Source": "B140001100B5C710 - RadiantEarth - 06/29/2026", "Access": null, "Impact": null, "ID": 354, "Longitude": -66.802536705899996, "Latitude": 10.5429379693 }, "geometry": { "type": "Polygon", "coordinates": [ [ [ -66.802613875999953, 10.542622861000041 ], [ -66.802582101999974, 10.54267943800005 ], [ -66.802585672999953, 10.542732456000067 ], [ -66.802603372999954, 10.542771325000047 ], [ -66.802610483999956, 10.542831410000076 ], [ -66.80259289299994, 10.542951602000073 ], [ -66.802571742999987, 10.543036449000056 ], [ -66.802561193999964, 10.543117754000036 ], [ -66.802536526999972, 10.543227346000037 ], [ -66.80254010699997, 10.543294503000027 ], [ -66.802550761999953, 10.543368724000061 ], [ -66.80252252799994, 10.543432368000026 ], [ -66.802487234999944, 10.543510155000035 ], [ -66.80245193899998, 10.543584408000072 ], [ -66.802420154999936, 10.543626846000052 ], [ -66.802370703999941, 10.543676366000057 ], [ -66.802335365999966, 10.54369052900006 ], [ -66.802321217999975, 10.543676400000038 ], [ -66.802324720999934, 10.543630446000066 ], [ -66.802370628999938, 10.543566790000057 ], [ -66.802405938999982, 10.543513746000031 ], [ -66.802462404999972, 10.54338292400007 ], [ -66.80248355699996, 10.543301611000061 ], [ -66.80247998599998, 10.543248593000044 ], [ -66.802479934999951, 10.543174365000027 ], [ -66.802483418999941, 10.543100134000042 ], [ -66.802501050999979, 10.543040032000022 ], [ -66.802529260999961, 10.542941041000063 ], [ -66.802536274999966, 10.542859738000061 ], [ -66.802515012999947, 10.542781990000037 ], [ -66.802493751999975, 10.542704241000024 ], [ -66.802507824999964, 10.542608795000035 ], [ -66.802525437999975, 10.54252041500007 ], [ -66.802553657999965, 10.542435563000026 ], [ -66.80259601399996, 10.542347167000059 ], [ -66.802648992999934, 10.542287041000066 ], [ -66.802694948999942, 10.542294079000044 ], [ -66.802709128999936, 10.54235415900007 ], [ -66.802702092999937, 10.54240365000004 ], [ -66.802652645999956, 10.542460239000036 ], [ -66.802624416999947, 10.54253095200005 ], [ -66.802613875999953, 10.542622861000041 ] ] ] } },
{ "type": "Feature", "properties": { "Shape_Leng": 0.0019525379534100001, "Shape_Area": 6.6343296199900003e-08, "Confidence": "Likely", "Type": "Landslide", "SubtypeLS": "Debris Flow", "SubtypeLQ": null, "SubtypeGR": null, "Comments": null, "Source": "B140001100B5C710 - RadiantEarth - 06/29/2026", "Access": null, "Impact": null, "ID": 355, "Longitude": -66.802350646999997, "Latitude": 10.5425693883 }, "geometry": { "type": "Polygon", "coordinates": [ [ [ -66.802359162999949, 10.542308448000028 ], [ -66.802362738999932, 10.542368535000037 ], [ -66.80238757799998, 10.542509906000021 ], [ -66.802405309999983, 10.542594726000061 ], [ -66.802423050999948, 10.542693685000074 ], [ -66.802423094999938, 10.54275731000007 ], [ -66.802394855999978, 10.542813884000054 ], [ -66.802401994999968, 10.542916386000059 ], [ -66.802416194999978, 10.54300474300004 ], [ -66.802380888999949, 10.543064857000047 ], [ -66.802366752999944, 10.543068401000028 ], [ -66.802345510999942, 10.543018930000073 ], [ -66.802338372999941, 10.542919964000021 ], [ -66.802341830999978, 10.542806851000023 ], [ -66.802345294999952, 10.542704343000025 ], [ -66.802341709999951, 10.542630117000044 ], [ -66.802320430999941, 10.542527625000048 ], [ -66.802306214999987, 10.542414525000027 ], [ -66.802263725999978, 10.542308513000023 ], [ -66.802256581999984, 10.542198943000074 ], [ -66.802288354999973, 10.542142366000064 ], [ -66.802344928999958, 10.542170605000024 ], [ -66.802369705999979, 10.542220073000067 ], [ -66.802359162999949, 10.542308448000028 ] ] ] } },
{ "type": "Feature", "properties": { "Shape_Leng": 0.0019714687791899999, "Shape_Area": 6.3077628550900003e-08, "Confidence": "Likely", "Type": "Landslide", "SubtypeLS": "Debris Flow", "SubtypeLQ": null, "SubtypeGR": null, "Comments": null, "Source": "B140001100B5C710 - RadiantEarth - 06/29/2026", "Access": null, "Impact": null, "ID": 356, "Longitude": -66.800782237999996, "Latitude": 10.541566435 }, "geometry": { "type": "Polygon", "coordinates": [ [ [ -66.800897886999962, 10.541606192000074 ], [ -66.800796567999953, 10.541646800000024 ], [ -66.800767622999956, 10.541664193000031 ], [ -66.800756060999959, 10.541693158000044 ], [ -66.800750292999965, 10.541727909000031 ], [ -66.800750307999976, 10.541749626000069 ], [ -66.800750327999936, 10.541778582000063 ], [ -66.800763395999979, 10.541833590000067 ], [ -66.800769203999948, 10.541858199000046 ], [ -66.800776460999941, 10.54188425500007 ], [ -66.800776486999951, 10.541921898000055 ], [ -66.800772162999976, 10.541950857000074 ], [ -66.800759148999987, 10.541974031000052 ], [ -66.80074467999998, 10.541987071000051 ], [ -66.80072152799994, 10.542005908000021 ], [ -66.800720086999945, 10.542016044000036 ], [ -66.800724456999944, 10.54205513200003 ], [ -66.800704207999956, 10.542085550000024 ], [ -66.800686844999973, 10.542100040000037 ], [ -66.800669484999958, 10.542120321000027 ], [ -66.800660814999958, 10.542144940000071 ], [ -66.800666628999977, 10.542178235000051 ], [ -66.800666642999943, 10.542198505000044 ], [ -66.800642042999982, 10.542217343000061 ], [ -66.800618867999958, 10.542202881000037 ], [ -66.80061160799994, 10.542172482000069 ], [ -66.800615924999988, 10.542133388000025 ], [ -66.800623131999942, 10.542087053000046 ], [ -66.800653469999986, 10.541990029000033 ], [ -66.800678055999981, 10.541950921000023 ], [ -66.800704096999937, 10.541923395000026 ], [ -66.800730142999953, 10.541901660000065 ], [ -66.800728677999984, 10.54187704800006 ], [ -66.800725769999985, 10.54185822900007 ], [ -66.800706912999942, 10.541806120000047 ], [ -66.800704003999954, 10.541787301000056 ], [ -66.800695291999943, 10.541751112000043 ], [ -66.800698158999978, 10.541709123000032 ], [ -66.80070391299995, 10.541654102000052 ], [ -66.800711104999948, 10.541586050000035 ], [ -66.800732781999955, 10.541526675000057 ], [ -66.800760264999951, 10.541490461000024 ], [ -66.800792103999981, 10.54147161800006 ], [ -66.800838418999945, 10.541449869000076 ], [ -66.800854349999952, 10.541457097000034 ], [ -66.800858711999979, 10.541483155000037 ], [ -66.800850039999943, 10.541504878000069 ], [ -66.80084136399995, 10.541520810000065 ], [ -66.800829796999949, 10.541543983000054 ], [ -66.800842830999954, 10.54154976500007 ], [ -66.800871782999934, 10.541543954000076 ], [ -66.800932584999941, 10.541535225000075 ], [ -66.800952866999978, 10.541552585000034 ], [ -66.800949985999978, 10.541574304000051 ], [ -66.800938416999941, 10.541594582000073 ], [ -66.800897886999962, 10.541606192000074 ] ] ] } },
{ "type": "Feature", "properties": { "Shape_Leng": 0.0013946631358099999, "Shape_Area": 3.8806627107999998e-08, "Confidence": "Likely", "Type": "Landslide", "SubtypeLS": "Debris Flow", "SubtypeLQ": null, "SubtypeGR": null, "Comments": null, "Source": "B140001100B5C710 - RadiantEarth - 06/29/2026", "Access": null, "Impact": null, "ID": 357, "Longitude": -66.799982095600001, "Latitude": 10.541261608099999 }, "geometry": { "type": "Polygon", "coordinates": [ [ [ -66.800036111999987, 10.540994992000037 ], [ -66.800008992999949, 10.541035730000033 ], [ -66.800006755999959, 10.541071927000075 ], [ -66.800002266999968, 10.541123961000039 ], [ -66.800006831999951, 10.541182775000038 ], [ -66.800009110999952, 10.541207657000029 ], [ -66.800031772999944, 10.541266459000042 ], [ -66.800036323999961, 10.541304914000023 ], [ -66.800027307999983, 10.54135242600006 ], [ -66.800009238999962, 10.541395420000072 ], [ -66.799995724999974, 10.541481393000026 ], [ -66.799988978999977, 10.541540215000055 ], [ -66.799957330999973, 10.541574170000047 ], [ -66.799941495999974, 10.541574181000044 ], [ -66.799921119999965, 10.541551573000049 ], [ -66.799918826999942, 10.541506330000061 ], [ -66.799923335999949, 10.541483705000076 ], [ -66.799934607999944, 10.541427142000032 ], [ -66.799952666999957, 10.54137057500003 ], [ -66.799968461999981, 10.541311747000066 ], [ -66.79997067499994, 10.541239355000073 ], [ -66.799961585999938, 10.541180544000042 ], [ -66.799954758999945, 10.541121731000032 ], [ -66.799945669999943, 10.541062920000059 ], [ -66.799952417999975, 10.54100636000004 ], [ -66.799977265999985, 10.540954313000043 ], [ -66.800027023999974, 10.540938443000073 ], [ -66.800049653999963, 10.540949739000041 ], [ -66.80004966599995, 10.54096783600005 ], [ -66.800036111999987, 10.540994992000037 ] ] ] } },
{ "type": "Feature", "properties": { "Shape_Leng": 0.0040477360460699999, "Shape_Area": 2.18002175382e-07, "Confidence": "Likely", "Type": "Landslide", "SubtypeLS": "Debris Flow", "SubtypeLQ": null, "SubtypeGR": null, "Comments": "Reactivation. Image distorted", "Source": "B140001100B5C710 - RadiantEarth - 06/29/2026", "Access": null, "Impact": null, "ID": 358, "Longitude": -66.793351931299995, "Latitude": 10.5608855508 }, "geometry": { "type": "Polygon", "coordinates": [ [ [ -66.793538883999986, 10.561168538000061 ], [ -66.793397500999959, 10.56117570400005 ], [ -66.793340933999957, 10.561158070000033 ], [ -66.79330201099998, 10.561098006000066 ], [ -66.793238352999936, 10.561048564000032 ], [ -66.793118112999935, 10.560960279000028 ], [ -66.793040307999945, 10.560900243000049 ], [ -66.793004890999953, 10.56079776100006 ], [ -66.793004822999933, 10.56069879000006 ], [ -66.793029527999977, 10.560642218000055 ], [ -66.793064852999976, 10.56061038100006 ], [ -66.793149650999965, 10.560560838000072 ], [ -66.793266230999961, 10.560465321000038 ], [ -66.793312164999975, 10.560440547000042 ], [ -66.793347520999987, 10.560454661000051 ], [ -66.793340480999973, 10.56049708200004 ], [ -66.793329890999985, 10.560518298000034 ], [ -66.793287498999973, 10.560553674000062 ], [ -66.79323451099998, 10.560599661000026 ], [ -66.793199192999964, 10.560642101000042 ], [ -66.793153292999932, 10.560716361000061 ], [ -66.793135650999943, 10.560762325000042 ], [ -66.793156887999942, 10.560804726000072 ], [ -66.793209929999932, 10.560836502000029 ], [ -66.793277086999979, 10.560832922000031 ], [ -66.793308876999959, 10.560801088000062 ], [ -66.793354796999949, 10.560755105000055 ], [ -66.793379509999966, 10.560712672000022 ], [ -66.793418350999957, 10.560652555000047 ], [ -66.793453704999934, 10.560663135000027 ], [ -66.793464332999974, 10.560698475000038 ], [ -66.793453755999963, 10.560737364000033 ], [ -66.793432583999959, 10.560790399000041 ], [ -66.793390208999938, 10.560850518000052 ], [ -66.793351363999932, 10.560903565000046 ], [ -66.793351396999981, 10.560953050000023 ], [ -66.793383211999981, 10.560956563000047 ], [ -66.793446802999938, 10.560907034000024 ], [ -66.793503301999976, 10.560825697000041 ], [ -66.793549220999978, 10.560779715000024 ], [ -66.793588073999956, 10.56073727200004 ], [ -66.793619885999988, 10.560737250000045 ], [ -66.79363051699994, 10.560776124000029 ], [ -66.793619938999939, 10.560815013000024 ], [ -66.793566967999936, 10.560885743000028 ], [ -66.79353165699996, 10.560938788000044 ], [ -66.793489266999984, 10.560977699000034 ], [ -66.793429225999944, 10.561048434000043 ], [ -66.793400967999958, 10.561076730000025 ], [ -66.793411588999959, 10.561101466000025 ], [ -66.793457536999938, 10.56109790000005 ], [ -66.793517602999941, 10.561062512000035 ], [ -66.793577667999955, 10.561027124000077 ], [ -66.793669540999986, 10.560984645000076 ], [ -66.793754354999976, 10.560956309000062 ], [ -66.793803834999949, 10.560949206000032 ], [ -66.793818002999956, 10.560991612000066 ], [ -66.793803897999965, 10.56104110800004 ], [ -66.793729712999948, 10.561104783000076 ], [ -66.793676716999983, 10.56114016600003 ], [ -66.793538883999986, 10.561168538000061 ] ] ] } },
{ "type": "Feature", "properties": { "Shape_Leng": 0.0010822456873900001, "Shape_Area": 3.5045891839799997e-08, "Confidence": "Likely", "Type": "Landslide", "SubtypeLS": "Debris Flow", "SubtypeLQ": null, "SubtypeGR": null, "Comments": "Image distorted", "Source": "B140001100B5C710 - RadiantEarth - 06/29/2026", "Access": null, "Impact": null, "ID": 359, "Longitude": -66.794317588499993, "Latitude": 10.5616085589 }, "geometry": { "type": "Polygon", "coordinates": [ [ [ -66.794465260999971, 10.56158853200003 ], [ -66.79430623099995, 10.561634592000075 ], [ -66.794253227999945, 10.561659371000076 ], [ -66.794210847999977, 10.561712420000049 ], [ -66.794186133999972, 10.561754854000071 ], [ -66.794129583999961, 10.561761962000048 ], [ -66.794115442999953, 10.561758437000037 ], [ -66.794115427999941, 10.561737229000073 ], [ -66.794147198999951, 10.561677117000045 ], [ -66.794186048999961, 10.561631139000042 ], [ -66.794277902999966, 10.561560383000028 ], [ -66.794337975999952, 10.561535599000024 ], [ -66.794390990999943, 10.561528493000026 ], [ -66.794468734999953, 10.561500162000073 ], [ -66.794542958999955, 10.561493042000052 ], [ -66.794535908999933, 10.561521324000068 ], [ -66.794497060999959, 10.561570837000033 ], [ -66.794465260999971, 10.56158853200003 ] ] ] } },
{ "type": "Feature", "properties": { "Shape_Leng": 0.0021259212259100001, "Shape_Area": 1.06291779005e-07, "Confidence": "Likely", "Type": "Landslide", "SubtypeLS": "Debris Flow", "SubtypeLQ": null, "SubtypeGR": null, "Comments": null, "Source": "B140001100B5C710 - RadiantEarth - 06/29/2026", "Access": null, "Impact": null, "ID": 360, "Longitude": -66.795855658999997, "Latitude": 10.561764963 }, "geometry": { "type": "Polygon", "coordinates": [ [ [ -66.795878759999937, 10.561656278000044 ], [ -66.795942105999984, 10.561663021000072 ], [ -66.795998662999978, 10.561665245000029 ], [ -66.796041653999964, 10.561678789000041 ], [ -66.796073335999949, 10.561694602000046 ], [ -66.796075623999968, 10.561733058000073 ], [ -66.796059811999953, 10.561767002000067 ], [ -66.79603949899996, 10.561834882000028 ], [ -66.79601688799994, 10.561850733000028 ], [ -66.795960345999958, 10.561871132000022 ], [ -66.795924153999977, 10.56187568100006 ], [ -66.795876642999986, 10.561868927000035 ], [ -66.79582008999995, 10.56187122800003 ], [ -66.795792929999948, 10.561850886000059 ], [ -66.795792913999946, 10.561828264000042 ], [ -66.795752155999935, 10.561771737000072 ], [ -66.795715964999943, 10.561778549000053 ], [ -66.795679786999983, 10.561803458000043 ], [ -66.795636833999936, 10.561846469000045 ], [ -66.795623287999945, 10.56188493600007 ], [ -66.795600696999941, 10.561930195000059 ], [ -66.795550927999955, 10.561930229000041 ], [ -66.795516986999985, 10.561918942000034 ], [ -66.795462684999961, 10.561905406000051 ], [ -66.795392570999979, 10.561925813000073 ], [ -66.795320212999968, 10.561973369000043 ], [ -66.795211623999933, 10.561968919000037 ], [ -66.79519576399997, 10.561932735000028 ], [ -66.795254555999975, 10.561896499000056 ], [ -66.795347290999985, 10.561873814000023 ], [ -66.795498821999956, 10.561819417000038 ], [ -66.795618679999961, 10.561762780000038 ], [ -66.795745317999945, 10.561697089000063 ], [ -66.795824472999982, 10.561665364000021 ], [ -66.795878759999937, 10.561656278000044 ] ] ] } },
{ "type": "Feature", "properties": { "Shape_Leng": 0.0013996163746799999, "Shape_Area": 6.9644425845499994e-08, "Confidence": "Likely", "Type": "Landslide", "SubtypeLS": "Debris Flow", "SubtypeLQ": null, "SubtypeGR": null, "Comments": null, "Source": "B140001100B5C710 - RadiantEarth - 06/29/2026", "Access": null, "Impact": null, "ID": 361, "Longitude": -66.776206603800006, "Latitude": 10.5467967701 }, "geometry": { "type": "Polygon", "coordinates": [ [ [ -66.776448341999981, 10.546964681000077 ], [ -66.776380319999987, 10.546970126000076 ], [ -66.776344567999956, 10.54697298800005 ], [ -66.776284029999943, 10.546940715000062 ], [ -66.776257236999982, 10.546936808000055 ], [ -66.776204496999981, 10.54689730900003 ], [ -66.776184710999985, 10.546869319000052 ], [ -66.776133611999967, 10.546821582000064 ], [ -66.776090202999967, 10.546763992000024 ], [ -66.776031417999945, 10.546731052000041 ], [ -66.775967133999984, 10.54667179300003 ], [ -66.775919321999936, 10.546612524000068 ], [ -66.775922604999948, 10.546596049000073 ], [ -66.775950593999937, 10.546574615000054 ], [ -66.775981899999977, 10.546586124000044 ], [ -66.776064295999959, 10.546632192000061 ], [ -66.77611208899998, 10.546663458000069 ], [ -66.77618954999997, 10.546719412000073 ], [ -66.776267002999987, 10.546763836000025 ], [ -66.77634610399997, 10.546809906000021 ], [ -66.77644664099995, 10.546887259000073 ], [ -66.776464801999964, 10.54694654900004 ], [ -66.776448341999981, 10.546964681000077 ] ] ] } },
{ "type": "Feature", "properties": { "Shape_Leng": 0.0021019766033299999, "Shape_Area": 1.08551737936e-07, "Confidence": "Likely", "Type": "Landslide", "SubtypeLS": "Debris Flow", "SubtypeLQ": null, "SubtypeGR": null, "Comments": null, "Source": "B140001100B5C710 - RadiantEarth - 06/29/2026", "Access": null, "Impact": null, "ID": 362, "Longitude": -66.761281481899999, "Latitude": 10.5517801833 }, "geometry": { "type": "Polygon", "coordinates": [ [ [ -66.761313127999983, 10.551709924000022 ], [ -66.761437273999945, 10.551704441000027 ], [ -66.761529031999942, 10.551696282000023 ], [ -66.76160191699995, 10.551717823000047 ], [ -66.761623520999933, 10.551736701000038 ], [ -66.761637041999961, 10.551774476000048 ], [ -66.761623576999966, 10.551817668000069 ], [ -66.761572328999932, 10.551863585000035 ], [ -66.761558855999965, 10.55189598100003 ], [ -66.761531881999986, 10.551917591000063 ], [ -66.761456315999965, 10.551923040000077 ], [ -66.76138343599996, 10.55190959600003 ], [ -66.761324041999956, 10.55188264700007 ], [ -66.761261944999944, 10.551850303000037 ], [ -66.761178255999937, 10.551817973000027 ], [ -66.761089180999988, 10.551801841000042 ], [ -66.761024397999961, 10.55178839000007 ], [ -66.760956915999941, 10.551774942000065 ], [ -66.760875931999976, 10.551750707000053 ], [ -66.760800343999961, 10.551723770000024 ], [ -66.760743651999974, 10.55170221700007 ], [ -66.760686957999951, 10.551677966000057 ], [ -66.760681543999965, 10.551653679000026 ], [ -66.760703128999978, 10.551645568000026 ], [ -66.760757118999948, 10.551661724000041 ], [ -66.760840795999968, 10.55167786100003 ], [ -66.760892084999966, 10.551691320000032 ], [ -66.760951467999973, 10.551702075000037 ], [ -66.761075628999947, 10.551718184000038 ], [ -66.761175497999943, 10.551731610000047 ], [ -66.761218682999981, 10.551734279000073 ], [ -66.761313127999983, 10.551709924000022 ] ] ] } },
{ "type": "Feature", "properties": { "Shape_Leng": 0.00053290928457900004, "Shape_Area": 1.6895494238499999e-08, "Confidence": "Likely", "Type": "Landslide", "SubtypeLS": "Debris Flow", "SubtypeLQ": null, "SubtypeGR": null, "Comments": null, "Source": "B140001100B5C710 - RadiantEarth - 06/29/2026", "Access": null, "Impact": null, "ID": 363, "Longitude": -66.761211535599998, "Latitude": 10.551265582099999 }, "geometry": { "type": "Polygon", "coordinates": [ [ [ -66.761299355999938, 10.551305097000068 ], [ -66.761299383999983, 10.551345580000032 ], [ -66.761275098999988, 10.551353694000056 ], [ -66.761250802999939, 10.551345613000024 ], [ -66.761229198999956, 10.551326736000021 ], [ -66.761186, 10.551302475000057 ], [ -66.761131995999961, 10.551264727000046 ], [ -66.761118480999983, 10.55123504900007 ], [ -66.761137341999984, 10.551189154000042 ], [ -66.761167027999988, 10.551186435000034 ], [ -66.761210219999953, 10.551199900000029 ], [ -66.761264228999949, 10.551245744000028 ], [ -66.761299355999938, 10.551305097000068 ] ] ] } },
{ "type": "Feature", "properties": { "Shape_Leng": 0.0043762309758300002, "Shape_Area": 3.4847993615e-07, "Confidence": "Likely", "Type": "Landslide", "SubtypeLS": "Debris Flow", "SubtypeLQ": null, "SubtypeGR": null, "Comments": null, "Source": "B140001100B5C710 - RadiantEarth - 06/29/2026", "Access": null, "Impact": null, "ID": 364, "Longitude": -66.758668263299995, "Latitude": 10.5514339068 }, "geometry": { "type": "Polygon", "coordinates": [ [ [ -66.759534440999971, 10.551560003000077 ], [ -66.75926190499996, 10.55163845800007 ], [ -66.759124272999941, 10.551657445000046 ], [ -66.759043303999988, 10.55165480200003 ], [ -66.758975824999936, 10.551646751000021 ], [ -66.758905629999958, 10.551611713000057 ], [ -66.758797646999938, 10.551574002000052 ], [ -66.758735547999947, 10.551538959000027 ], [ -66.758659963999946, 10.551517419000049 ], [ -66.758568178999951, 10.551485095000032 ], [ -66.758460199999945, 10.551452782000069 ], [ -66.758341443999939, 10.55144746600007 ], [ -66.75818490599994, 10.551444874000026 ], [ -66.758106642999962, 10.551453025000058 ], [ -66.758001406999938, 10.551485484000068 ], [ -66.757958238999947, 10.551507104000052 ], [ -66.75788270299995, 10.551555737000058 ], [ -66.757817967999983, 10.551612458000022 ], [ -66.757790978999935, 10.551612477000049 ], [ -66.757753182999977, 10.551596309000047 ], [ -66.757747760999962, 10.551561227000036 ], [ -66.757769318999976, 10.551512632000026 ], [ -66.757801687999972, 10.551485620000051 ], [ -66.757842159999939, 10.551469399000041 ], [ -66.757944692999956, 10.551431544000025 ], [ -66.758012130999987, 10.551380219000066 ], [ -66.758049885999981, 10.551337010000054 ], [ -66.758049854999967, 10.551291129000049 ], [ -66.758047123999972, 10.551245249000033 ], [ -66.758060588999967, 10.551202057000069 ], [ -66.758071351999945, 10.551153469000042 ], [ -66.758155017999968, 10.551153412000076 ], [ -66.75818471499997, 10.551166886000033 ], [ -66.758289994999984, 10.551199201000031 ], [ -66.758333188999984, 10.551215365000076 ], [ -66.758457351999937, 10.551234172000022 ], [ -66.758589619999952, 10.551266469000041 ], [ -66.758697598999959, 10.55129878200006 ], [ -66.758773193999957, 10.55133651500006 ], [ -66.758851506999974, 10.551401235000071 ], [ -66.758913611999958, 10.551444375000074 ], [ -66.759018900999934, 10.551490185000034 ], [ -66.759134955999968, 10.551492804000077 ], [ -66.759224015999962, 10.551487345000055 ], [ -66.75931036999998, 10.551471092000043 ], [ -66.759367036999947, 10.551454860000035 ], [ -66.759447992999981, 10.551438611000037 ], [ -66.759510048999971, 10.551411580000035 ], [ -66.759564023999985, 10.551406145000044 ], [ -66.759650395999984, 10.551416881000023 ], [ -66.759661215999984, 10.551451960000065 ], [ -66.759647750999989, 10.55149515200003 ], [ -66.759631570999943, 10.551514055000041 ], [ -66.759593803999962, 10.551541070000042 ], [ -66.759534440999971, 10.551560003000077 ] ] ] } },
{ "type": "Feature", "properties": { "Shape_Leng": 0.0044233235666000003, "Shape_Area": 1.0264290162700001e-06, "Confidence": "Likely", "Type": "Landslide", "SubtypeLS": "Debris Flow", "SubtypeLQ": null, "SubtypeGR": null, "Comments": "Reactivation", "Source": "B140001100B5C710 - RadiantEarth - 06/29/2026", "Access": null, "Impact": null, "ID": 365, "Longitude": -66.758173323299999, "Latitude": 10.5539724891 }, "geometry": { "type": "Polygon", "coordinates": [ [ [ -66.757881879999957, 10.553555801000073 ], [ -66.758029487999977, 10.55357256800005 ], [ -66.758189761999972, 10.553610412000069 ], [ -66.758299434999969, 10.553652507000038 ], [ -66.758425962999979, 10.553677723000021 ], [ -66.758552511999937, 10.55373245800007 ], [ -66.758628444999943, 10.553770359000055 ], [ -66.75875917999997, 10.553778704000024 ], [ -66.758835080999972, 10.553770218000068 ], [ -66.758944712999948, 10.55375327400003 ], [ -66.759029096999939, 10.553816472000051 ], [ -66.759003863999965, 10.553917699000067 ], [ -66.758987032999983, 10.553972532000046 ], [ -66.758957565999935, 10.554048459000057 ], [ -66.758923878999951, 10.554120172000069 ], [ -66.758890196999971, 10.554200319000074 ], [ -66.758826984999985, 10.55426361800005 ], [ -66.758797493999964, 10.554305809000027 ], [ -66.758717421999961, 10.554381771000067 ], [ -66.758645769999987, 10.554436641000052 ], [ -66.758603622999942, 10.554470407000053 ], [ -66.758510849999936, 10.554474687000038 ], [ -66.75843912299996, 10.55441991500004 ], [ -66.758384268999976, 10.554373565000049 ], [ -66.758291473999975, 10.554344109000056 ], [ -66.758156525999937, 10.554339984000023 ], [ -66.75811013799995, 10.554340016000026 ], [ -66.758067967999978, 10.55434004500006 ], [ -66.75794568799995, 10.554361214000039 ], [ -66.757869774999961, 10.554352832000063 ], [ -66.757772744999954, 10.554298077000055 ], [ -66.757726308999963, 10.554226419000031 ], [ -66.757692531999965, 10.554167403000065 ], [ -66.757654531999947, 10.554099956000073 ], [ -66.757591235999939, 10.554040961000055 ], [ -66.757502636999959, 10.553981983000028 ], [ -66.757430915999976, 10.553935644000035 ], [ -66.757354976999977, 10.553889309000056 ], [ -66.757283254999948, 10.553842970000062 ], [ -66.757245281999985, 10.553813477000062 ], [ -66.757215730999974, 10.553767110000024 ], [ -66.757215704999965, 10.553729156000031 ], [ -66.757245200999932, 10.553695400000038 ], [ -66.757359034999979, 10.553657368000074 ], [ -66.75749816299998, 10.553606668000043 ], [ -66.757881879999957, 10.553555801000073 ] ] ] } },
{ "type": "Feature", "properties": { "Shape_Leng": 0.00344589622216, "Shape_Area": 2.1517169738899999e-07, "Confidence": "Likely", "Type": "Landslide", "SubtypeLS": "Debris Flow", "SubtypeLQ": null, "SubtypeGR": null, "Comments": null, "Source": "B140001100B5C710 - RadiantEarth - 06/29/2026", "Access": null, "Impact": null, "ID": 366, "Longitude": -66.759742157399998, "Latitude": 10.556572067399999 }, "geometry": { "type": "Polygon", "coordinates": [ [ [ -66.760258040999986, 10.556417552000028 ], [ -66.759777461999988, 10.556658253000023 ], [ -66.759600399999954, 10.556738498000072 ], [ -66.759461268999985, 10.556784981000021 ], [ -66.759296835999976, 10.556831481000074 ], [ -66.759081812999966, 10.556899101000056 ], [ -66.758951106999973, 10.556932927000048 ], [ -66.758900496999956, 10.556924528000025 ], [ -66.758900461999986, 10.556873923000069 ], [ -66.758988993999935, 10.556835909000029 ], [ -66.759085968999955, 10.556810540000072 ], [ -66.759191357999953, 10.556755647000045 ], [ -66.759309391999977, 10.556692310000074 ], [ -66.759410577999972, 10.55665850400004 ], [ -66.759511755999938, 10.556612047000044 ], [ -66.759617161999984, 10.556582456000058 ], [ -66.75976050099996, 10.556523319000064 ], [ -66.759891185999948, 10.556459974000063 ], [ -66.759979700999963, 10.55639665700005 ], [ -66.760068197999942, 10.556308038000054 ], [ -66.760165152999946, 10.556253150000032 ], [ -66.760308494999947, 10.556198231000053 ], [ -66.760409738999954, 10.556248766000067 ], [ -66.760405564999985, 10.556312024000022 ], [ -66.760338126999955, 10.556362675000059 ], [ -66.760258040999986, 10.556417552000028 ] ] ] } },
{ "type": "Feature", "properties": { "Shape_Leng": 0.00067201746141400001, "Shape_Area": 2.0599594105300001e-08, "Confidence": "Likely", "Type": "Landslide", "SubtypeLS": "Debris Flow", "SubtypeLQ": null, "SubtypeGR": null, "Comments": null, "Source": "B140001100B5C710 - RadiantEarth - 06/29/2026", "Access": null, "Impact": null, "ID": 367, "Longitude": -66.761466180499994, "Latitude": 10.555600677399999 }, "geometry": { "type": "Polygon", "coordinates": [ [ [ -66.76147769499994, 10.555553064000037 ], [ -66.761545187999957, 10.555582706000052 ], [ -66.761572200999979, 10.555617773000051 ], [ -66.761583022999957, 10.555655551000029 ], [ -66.761566848999962, 10.555685250000067 ], [ -66.761529066999969, 10.555687975000069 ], [ -66.761469665999982, 10.555652929000075 ], [ -66.761421059999975, 10.555615178000039 ], [ -66.761361659999977, 10.555580133000035 ], [ -66.76132655899994, 10.555558565000069 ], [ -66.761315746999969, 10.555534283000043 ], [ -66.761315739999986, 10.555523487000073 ], [ -66.761356224999986, 10.555526158000021 ], [ -66.76147769499994, 10.555553064000037 ] ] ] } },
{ "type": "Feature", "properties": { "Shape_Leng": 0.0025204766920200001, "Shape_Area": 1.9664596407700001e-07, "Confidence": "Likely", "Type": "Landslide", "SubtypeLS": "Debris Flow", "SubtypeLQ": null, "SubtypeGR": null, "Comments": null, "Source": "B140001100B5C710 - RadiantEarth - 06/29/2026", "Access": null, "Impact": null, "ID": 368, "Longitude": -66.761716339000003, "Latitude": 10.559559829499999 }, "geometry": { "type": "Polygon", "coordinates": [ [ [ -66.761917565999966, 10.559417607000057 ], [ -66.761941871999966, 10.559441881000055 ], [ -66.761998569999946, 10.559471530000053 ], [ -66.762020192999955, 10.559517396000047 ], [ -66.761998648999963, 10.559587583000052 ], [ -66.761925830999985, 10.559663202000024 ], [ -66.761852998999984, 10.559719929000039 ], [ -66.76177475999998, 10.559763166000039 ], [ -66.761720818999947, 10.559817181000028 ], [ -66.761674966999976, 10.559860395000044 ], [ -66.76163182099998, 10.55991440300005 ], [ -66.761594076999984, 10.559973805000027 ], [ -66.761540135999951, 10.560027820000073 ], [ -66.761483478999935, 10.560057547000042 ], [ -66.761467277999941, 10.56004676200007 ], [ -66.761464547999935, 10.560000883000043 ], [ -66.761502287999974, 10.559936083000025 ], [ -66.761542734999978, 10.559882077000054 ], [ -66.761599354999987, 10.559798372000046 ], [ -66.761634390999973, 10.559725477000029 ], [ -66.761637042999951, 10.559658002000049 ], [ -66.761628901999984, 10.559593234000033 ], [ -66.761623472999986, 10.559547356000053 ], [ -66.761596440999938, 10.559485300000063 ], [ -66.761564015999966, 10.559428645000025 ], [ -66.761523512999986, 10.559401683000033 ], [ -66.761491096999976, 10.559358523000071 ], [ -66.761485654999944, 10.559293753000077 ], [ -66.761509903999979, 10.559234360000062 ], [ -66.76158275399996, 10.559204622000038 ], [ -66.761634018999985, 10.559182996000061 ], [ -66.761655606999966, 10.559177583000064 ], [ -66.761701493999965, 10.559185648000039 ], [ -66.76172311299996, 10.559226117000037 ], [ -66.761693455999932, 10.559272019000048 ], [ -66.761674581999955, 10.559299021000072 ], [ -66.761671897999975, 10.559320614000058 ], [ -66.76167731399994, 10.559347600000024 ], [ -66.761701624999944, 10.559377271000074 ], [ -66.761728615999971, 10.559379952000029 ], [ -66.761763704999964, 10.559385325000051 ], [ -66.761796084999958, 10.559374508000076 ], [ -66.761828471999934, 10.559374485000035 ], [ -66.761874354999975, 10.559377153000071 ], [ -66.761917565999966, 10.559417607000057 ] ] ] } },
{ "type": "Feature", "properties": { "Shape_Leng": 0.00162129437496, "Shape_Area": 5.6455765249e-08, "Confidence": "Likely", "Type": "Landslide", "SubtypeLS": "Debris Flow", "SubtypeLQ": null, "SubtypeGR": null, "Comments": null, "Source": "B140001100B5C710 - RadiantEarth - 06/29/2026", "Access": null, "Impact": null, "ID": 369, "Longitude": -66.755965266800004, "Latitude": 10.5556890786 }, "geometry": { "type": "Polygon", "coordinates": [ [ [ -66.756198701999949, 10.555672733000051 ], [ -66.756274287999986, 10.555696971000032 ], [ -66.756287804999943, 10.555729349000046 ], [ -66.756287837999935, 10.555777930000033 ], [ -66.75627706299997, 10.555807625000057 ], [ -66.756239285999982, 10.555818447000036 ], [ -66.756163689999937, 10.555780714000036 ], [ -66.756082707999951, 10.555759178000073 ], [ -66.756004427999983, 10.55574303800006 ], [ -66.755861359999983, 10.555705351000029 ], [ -66.755788474999974, 10.555683810000062 ], [ -66.755688603999943, 10.55566768500006 ], [ -66.755631918999939, 10.555656928000076 ], [ -66.755586015999938, 10.555624572000056 ], [ -66.755591385999935, 10.555584085000021 ], [ -66.755618354999967, 10.555554378000068 ], [ -66.755639936999955, 10.555540869000026 ], [ -66.755680430999973, 10.555557035000049 ], [ -66.755734436999944, 10.555597481000063 ], [ -66.755756041999973, 10.555616359000055 ], [ -66.755785742999933, 10.555635231000053 ], [ -66.755828935999943, 10.555651395000041 ], [ -66.755893722999986, 10.555670243000066 ], [ -66.755961199999945, 10.555675595000025 ], [ -66.756198701999949, 10.555672733000051 ] ] ] } },
{ "type": "Feature", "properties": { "Shape_Leng": 0.000453727140973, "Shape_Area": 1.32443286694e-08, "Confidence": "Likely", "Type": "Landslide", "SubtypeLS": "Debris Flow", "SubtypeLQ": null, "SubtypeGR": null, "Comments": null, "Source": "B140001100B5C710 - RadiantEarth - 06/29/2026", "Access": null, "Impact": null, "ID": 370, "Longitude": -66.7567493122, "Latitude": 10.5579063297 }, "geometry": { "type": "Polygon", "coordinates": [ [ [ -66.756771585999957, 10.557946513000047 ], [ -66.756712303999961, 10.557955986000024 ], [ -66.756682935999947, 10.557950824000045 ], [ -66.756660472999954, 10.557938748000026 ], [ -66.756660458999988, 10.557918021000035 ], [ -66.75667253499995, 10.557897285000024 ], [ -66.756688071999974, 10.55788345600007 ], [ -66.756738146999965, 10.557859239000038 ], [ -66.756764051999937, 10.557852312000023 ], [ -66.756801038999981, 10.557849500000032 ], [ -66.756830589999936, 10.55789586800006 ], [ -66.756830615999945, 10.557933821000063 ], [ -66.756771585999957, 10.557946513000047 ] ] ] } },
{ "type": "Feature", "properties": { "Shape_Leng": 0.0039816156841100004, "Shape_Area": 1.6634755892200001e-07, "Confidence": "Likely", "Type": "Landslide", "SubtypeLS": "Debris Flow", "SubtypeLQ": null, "SubtypeGR": null, "Comments": null, "Source": "B140001100B5C710 - RadiantEarth - 06/29/2026", "Access": null, "Impact": null, "ID": 371, "Longitude": -66.753155135, "Latitude": 10.558934095 }, "geometry": { "type": "Polygon", "coordinates": [ [ [ -66.753841942999941, 10.558726818000025 ], [ -66.75370972099995, 10.558761995000054 ], [ -66.753650371999981, 10.558802519000039 ], [ -66.753596412999968, 10.558829545000037 ], [ -66.753537052999945, 10.558853876000057 ], [ -66.753499284999975, 10.558878192000066 ], [ -66.753450735999934, 10.558924107000053 ], [ -66.753402171999937, 10.558948430000044 ], [ -66.753345500999956, 10.558956566000063 ], [ -66.753278027999954, 10.558956612000031 ], [ -66.753175476999957, 10.558967478000056 ], [ -66.753056740999966, 10.558991850000041 ], [ -66.752975780999975, 10.559002701000054 ], [ -66.752897495999946, 10.558978464000063 ], [ -66.752830006999943, 10.558954220000032 ], [ -66.752770624999982, 10.558946164000076 ], [ -66.752705841999955, 10.558932714000036 ], [ -66.752595180999947, 10.558924693000051 ], [ -66.752549297999963, 10.558922025000072 ], [ -66.752498025999955, 10.558932856000069 ], [ -66.752433273999941, 10.558965287000035 ], [ -66.752395521999972, 10.559013894000032 ], [ -66.752371270999959, 10.559070588000054 ], [ -66.752341608999984, 10.559108393000031 ], [ -66.752320018999967, 10.559111106000046 ], [ -66.752298414999984, 10.559092229000044 ], [ -66.752295702999959, 10.559073338000076 ], [ -66.752301069999987, 10.559027453000056 ], [ -66.752328026999976, 10.558981553000024 ], [ -66.752357690999986, 10.558946447000039 ], [ -66.752411639999934, 10.55890322700003 ], [ -66.752457500999981, 10.558873508000033 ], [ -66.752500675999954, 10.558862683000029 ], [ -66.752584345999935, 10.558868023000059 ], [ -66.752676116999965, 10.55887875600007 ], [ -66.752762485999938, 10.558884095000053 ], [ -66.752829972999962, 10.558905640000035 ], [ -66.752921741999955, 10.558913674000053 ], [ -66.752997310999945, 10.558913622000034 ], [ -66.753116059999968, 10.558908143000053 ], [ -66.753188915999942, 10.558886501000075 ], [ -66.753223982999941, 10.558859488000053 ], [ -66.75325633999995, 10.558816284000045 ], [ -66.753283303999979, 10.558778480000058 ], [ -66.753331872999979, 10.558762254000044 ], [ -66.753393930999948, 10.558737921000045 ], [ -66.753434397999968, 10.558713603000058 ], [ -66.753499173999955, 10.558716257000071 ], [ -66.753545069999973, 10.558737817000065 ], [ -66.753590960999986, 10.558751280000024 ], [ -66.753636842999981, 10.558751249000068 ], [ -66.753696197999943, 10.558721520000063 ], [ -66.753717780999978, 10.558708011000022 ], [ -66.753755548999948, 10.55868369500007 ], [ -66.753804098999979, 10.558640479000076 ], [ -66.75386074499994, 10.558594559000028 ], [ -66.753928191999933, 10.558556728000042 ], [ -66.753982149999956, 10.558527003000052 ], [ -66.754009146999977, 10.558537780000051 ], [ -66.754014566999956, 10.55857016300007 ], [ -66.754011891999937, 10.558605251000074 ], [ -66.75398761799994, 10.558629558000064 ], [ -66.753941754999971, 10.558656578000068 ], [ -66.753890497999976, 10.558689 ], [ -66.753841942999941, 10.558726818000025 ] ] ] } },
{ "type": "Feature", "properties": { "Shape_Leng": 0.00298854004725, "Shape_Area": 1.8398254153e-07, "Confidence": "Likely", "Type": "Landslide", "SubtypeLS": "Debris Flow", "SubtypeLQ": null, "SubtypeGR": null, "Comments": "Partially reactivated", "Source": "B140001100B5C710 - RadiantEarth - 06/29/2026", "Access": null, "Impact": null, "ID": 372, "Longitude": -66.756674371200006, "Latitude": 10.5610108465 }, "geometry": { "type": "Polygon", "coordinates": [ [ [ -66.75688370499995, 10.561059835000037 ], [ -66.756814643999974, 10.561104792000037 ], [ -66.756778377999979, 10.561115181000048 ], [ -66.756754202999957, 10.56112556100004 ], [ -66.756742129999964, 10.561153206000029 ], [ -66.756747333999954, 10.561184294000043 ], [ -66.756747361999942, 10.561225750000062 ], [ -66.756737015999988, 10.561251666000032 ], [ -66.756707668999979, 10.561277596000025 ], [ -66.756685219999952, 10.561286248000044 ], [ -66.756659310999964, 10.561286266000025 ], [ -66.756621299999949, 10.561270746000048 ], [ -66.756598838999935, 10.561262125000042 ], [ -66.756572928999958, 10.561262142000032 ], [ -66.756545294999967, 10.561265616000071 ], [ -66.756491755999946, 10.561277744000051 ], [ -66.756443400999956, 10.561291595000057 ], [ -66.75637259399997, 10.561308917000076 ], [ -66.756301795999946, 10.561340057000052 ], [ -66.756287974999964, 10.561336612000048 ], [ -66.756284501999971, 10.56131070400005 ], [ -66.756325935999939, 10.561279585000023 ], [ -66.756357016999971, 10.561264018000031 ], [ -66.756395003999955, 10.561243264000041 ], [ -66.756420901999945, 10.561225973000035 ], [ -66.756434706999983, 10.561206963000075 ], [ -66.756457141999988, 10.561177584000063 ], [ -66.756507220999936, 10.561158549000027 ], [ -66.756579750999947, 10.56113431700004 ], [ -66.756581461999986, 10.561110134000046 ], [ -66.75657797599996, 10.561065226000039 ], [ -66.756564139999966, 10.561039326000071 ], [ -66.756534761999944, 10.561018619000038 ], [ -66.756488115999957, 10.561006559000077 ], [ -66.756444923999936, 10.560992771000031 ], [ -66.756408633999968, 10.560968613000057 ], [ -66.756393065999987, 10.560935805000042 ], [ -66.756393035999963, 10.56089262200004 ], [ -66.756401652999955, 10.560863252000047 ], [ -66.756427555999949, 10.560854598000049 ], [ -66.756460384999968, 10.560868394000067 ], [ -66.756500123999956, 10.560885640000038 ], [ -66.75653123099994, 10.560908074000054 ], [ -66.756564050999941, 10.560909778000052 ], [ -66.756589955999971, 10.560902851000037 ], [ -66.756653866999955, 10.560904535000077 ], [ -66.756698769999957, 10.560894140000073 ], [ -66.756707396999957, 10.560880316000066 ], [ -66.756684914999937, 10.560840603000031 ], [ -66.756671092999966, 10.560835431000044 ], [ -66.756631349999964, 10.560813003000021 ], [ -66.756639968999934, 10.560787088000041 ], [ -66.756676245999984, 10.560792245000073 ], [ -66.756741896999984, 10.560812927000029 ], [ -66.756769533999943, 10.560812909000049 ], [ -66.756769511999948, 10.560780090000037 ], [ -66.756757405999963, 10.560759370000028 ], [ -66.75672111199998, 10.560728304000065 ], [ -66.756669282999951, 10.560714521000023 ], [ -66.756645093999964, 10.560704174000023 ], [ -66.756619170999954, 10.560685191000061 ], [ -66.756624346999956, 10.560676551000029 ], [ -66.756638159999966, 10.560667905000059 ], [ -66.756695161999971, 10.560669593000057 ], [ -66.756715891999988, 10.560673034000047 ], [ -66.756760815999939, 10.560693731000072 ], [ -66.756795376999946, 10.560716162000062 ], [ -66.756817842999965, 10.560731692000047 ], [ -66.756866228999968, 10.560762750000038 ], [ -66.756923249999943, 10.560792076000041 ], [ -66.756947454999988, 10.560824878000062 ], [ -66.756940559999975, 10.560845610000058 ], [ -66.756919848999985, 10.560869807000074 ], [ -66.756919876999973, 10.560911262000047 ], [ -66.756931990999988, 10.560944072000041 ], [ -66.756944106999981, 10.560980338000036 ], [ -66.75693032199996, 10.561030439000035 ], [ -66.75688370499995, 10.561059835000037 ] ] ] } },
{ "type": "Feature", "properties": { "Shape_Leng": 0.0027539496999300001, "Shape_Area": 6.5093854919900002e-08, "Confidence": "Likely", "Type": "Landslide", "SubtypeLS": "Debris Flow", "SubtypeLQ": null, "SubtypeGR": null, "Comments": "Reactivated", "Source": "B140001100B5C710 - RadiantEarth - 06/29/2026", "Access": null, "Impact": null, "ID": 373, "Longitude": -66.755537406000002, "Latitude": 10.561964329 }, "geometry": { "type": "Polygon", "coordinates": [ [ [ -66.756070028999943, 10.561496571000021 ], [ -66.756046825999988, 10.561513169000023 ], [ -66.756042408999974, 10.561519805000046 ], [ -66.756032470999969, 10.561536394000029 ], [ -66.756025848999968, 10.561552981000034 ], [ -66.756020339999964, 10.561579516000052 ], [ -66.756015935999983, 10.561606050000023 ], [ -66.756007107999949, 10.561628166000048 ], [ -66.75599716499994, 10.561638122000033 ], [ -66.755962903999944, 10.561651411000071 ], [ -66.755939692999959, 10.561656954000057 ], [ -66.755920902999947, 10.561661389000051 ], [ -66.755892163999988, 10.561665831000028 ], [ -66.755867851999938, 10.561678008000058 ], [ -66.755842436999956, 10.561694607000049 ], [ -66.755815925999968, 10.56172336800006 ], [ -66.755794937999951, 10.561747702000048 ], [ -66.755769523999959, 10.561765407000053 ], [ -66.755741905999969, 10.561791958000072 ], [ -66.755720919999987, 10.56181850300004 ], [ -66.755691097999943, 10.561856110000065 ], [ -66.755591666999976, 10.561946827000043 ], [ -66.755539741999939, 10.561993293000057 ], [ -66.755504378999944, 10.562011004000055 ], [ -66.755431433999945, 10.56203537500005 ], [ -66.755378388999986, 10.56206194300006 ], [ -66.755335290999938, 10.562084082000069 ], [ -66.755274511999971, 10.562116182000068 ], [ -66.755214821999971, 10.562125067000068 ], [ -66.755124189999947, 10.56214944900006 ], [ -66.755074450999984, 10.562159433000033 ], [ -66.755023602999984, 10.56216610000007 ], [ -66.755001488999937, 10.562159483000073 ], [ -66.754997058999948, 10.562147325000069 ], [ -66.755008102999966, 10.562131841000053 ], [ -66.75503794499997, 10.562122977000058 ], [ -66.755089891999944, 10.562108570000021 ], [ -66.75512968399994, 10.562100805000057 ], [ -66.755183845999966, 10.562090818000058 ], [ -66.755217000999949, 10.562077530000067 ], [ -66.755236885999977, 10.562058723000064 ], [ -66.755256770999949, 10.562038811000036 ], [ -66.755291031999946, 10.562025522000056 ], [ -66.755331927999976, 10.562015544000076 ], [ -66.755393824999942, 10.562002236000069 ], [ -66.755443555999932, 10.561980093000045 ], [ -66.755492180999966, 10.561956845000054 ], [ -66.755540805999942, 10.56193249100005 ], [ -66.755592728999943, 10.561882709000031 ], [ -66.755622554999945, 10.561850630000038 ], [ -66.755651277999959, 10.561822973000062 ], [ -66.755692156999942, 10.561788675000059 ], [ -66.755730827999969, 10.561758801000053 ], [ -66.755783862999976, 10.561717862000023 ], [ -66.75581811099994, 10.561685780000062 ], [ -66.755862304999937, 10.561649269000043 ], [ -66.755898764999984, 10.561619396000026 ], [ -66.755937428999971, 10.561579573000074 ], [ -66.755966144999945, 10.561540861000026 ], [ -66.755993755999953, 10.561503256000037 ], [ -66.756014736999987, 10.561468972000057 ], [ -66.756022451999968, 10.561435803000052 ], [ -66.756039027999975, 10.561425842000062 ], [ -66.756065564999972, 10.561434668000061 ], [ -66.756076633999953, 10.561454559000026 ], [ -66.756077751999953, 10.561473351000075 ], [ -66.756070028999943, 10.561496571000021 ] ] ] } },
{ "type": "Feature", "properties": { "Shape_Leng": 0.000216107399783, "Shape_Area": 2.34314133785e-09, "Confidence": "Likely", "Type": "Landslide", "SubtypeLS": "Debris Flow", "SubtypeLQ": null, "SubtypeGR": null, "Comments": null, "Source": "B140001100B5C710 - RadiantEarth - 06/29/2026", "Access": null, "Impact": null, "ID": 374, "Longitude": -66.755915332100003, "Latitude": 10.5620011709 }, "geometry": { "type": "Polygon", "coordinates": [ [ [ -66.755936937999934, 10.562024460000032 ], [ -66.755924198999935, 10.562018809000051 ], [ -66.755918536999957, 10.562015983000038 ], [ -66.755902968999976, 10.562011041000062 ], [ -66.755886692999979, 10.562006100000076 ], [ -66.755871829999933, 10.561999035000042 ], [ -66.755865458999949, 10.561993379000057 ], [ -66.755868991999932, 10.561986302000037 ], [ -66.755887383999948, 10.561982044000047 ], [ -66.755905071999962, 10.56198273900003 ], [ -66.755914269999948, 10.561983441000052 ], [ -66.755927006999968, 10.561986262000062 ], [ -66.755944700999976, 10.561995447000072 ], [ -66.755957443999932, 10.562007466000068 ], [ -66.755955330999939, 10.562020910000058 ], [ -66.755948965999949, 10.562025160000076 ], [ -66.755936937999934, 10.562024460000032 ] ] ] } },
{ "type": "Feature", "properties": { "Shape_Leng": 0.00047376214640699999, "Shape_Area": 1.1650867632e-08, "Confidence": "Likely", "Type": "Landslide", "SubtypeLS": "Debris Flow", "SubtypeLQ": null, "SubtypeGR": null, "Comments": null, "Source": "B140001100B5C710 - RadiantEarth - 06/29/2026", "Access": null, "Impact": null, "ID": 375, "Longitude": -66.754875326100006, "Latitude": 10.561778435400001 }, "geometry": { "type": "Polygon", "coordinates": [ [ [ -66.754899561999935, 10.561833299000057 ], [ -66.754868484999974, 10.561854048000043 ], [ -66.754847762999987, 10.561862699000073 ], [ -66.75483049199994, 10.561866165000026 ], [ -66.754818397999941, 10.56186099100006 ], [ -66.754818388999979, 10.56184890000003 ], [ -66.754823554999973, 10.561824715000057 ], [ -66.754839085999947, 10.561803976000022 ], [ -66.754854610999985, 10.561772874000042 ], [ -66.754854592999948, 10.561746965000054 ], [ -66.754847659999939, 10.561712423000074 ], [ -66.754849370999978, 10.561688240000024 ], [ -66.754870094999944, 10.561683044000063 ], [ -66.754889101999936, 10.561693395000077 ], [ -66.754908114999978, 10.56171065500007 ], [ -66.754918495999959, 10.561736557000074 ], [ -66.754923695999935, 10.561762463000036 ], [ -66.754923713999972, 10.56178837300007 ], [ -66.754915091999976, 10.561810833000038 ], [ -66.754899561999935, 10.561833299000057 ] ] ] } },
{ "type": "Feature", "properties": { "Shape_Leng": 0.00030980873149399999, "Shape_Area": 3.9383434527499997e-09, "Confidence": "Likely", "Type": "Landslide", "SubtypeLS": "Debris Flow", "SubtypeLQ": null, "SubtypeGR": null, "Comments": null, "Source": "B140001100B5C710 - RadiantEarth - 06/29/2026", "Access": null, "Impact": null, "ID": 376, "Longitude": -66.754574027499999, "Latitude": 10.5621935119 }, "geometry": { "type": "Polygon", "coordinates": [ [ [ -66.754597541999942, 10.562210058000062 ], [ -66.754559551999932, 10.562225630000057 ], [ -66.754542279999953, 10.562227369000027 ], [ -66.754521549999936, 10.562223929000027 ], [ -66.754514637999932, 10.562220479000075 ], [ -66.754512899999952, 10.562204934000022 ], [ -66.754538802999946, 10.56219455300004 ], [ -66.754564709999954, 10.562191080000048 ], [ -66.754578519999939, 10.562178980000056 ], [ -66.754594052999948, 10.562159969000049 ], [ -66.754606130999946, 10.562140960000022 ], [ -66.754618221999976, 10.56214095200005 ], [ -66.754621689999965, 10.562159950000023 ], [ -66.754616520999946, 10.562178954000046 ], [ -66.754597541999942, 10.562210058000062 ] ] ] } },
{ "type": "Feature", "properties": { "Shape_Leng": 0.00210875468274, "Shape_Area": 9.4782319309500003e-08, "Confidence": "Likely", "Type": "Landslide", "SubtypeLS": "Debris Flow", "SubtypeLQ": null, "SubtypeGR": null, "Comments": null, "Source": "B140001100B5C710 - RadiantEarth - 06/29/2026", "Access": null, "Impact": null, "ID": 377, "Longitude": -66.754062291699995, "Latitude": 10.562209987799999 }, "geometry": { "type": "Polygon", "coordinates": [ [ [ -66.754467836999936, 10.56198041600004 ], [ -66.754500663999977, 10.561992484000029 ], [ -66.75450931599994, 10.562014933000057 ], [ -66.754502429999945, 10.562049484000056 ], [ -66.754454094999971, 10.562092700000051 ], [ -66.754390214999944, 10.562135926000053 ], [ -66.754331509999986, 10.562170512000023 ], [ -66.754279713999949, 10.562205094000035 ], [ -66.754224461999968, 10.56223622300007 ], [ -66.754148474999965, 10.56225700300007 ], [ -66.754075929999942, 10.562260507000076 ], [ -66.754025838999951, 10.562260542000047 ], [ -66.753984393999986, 10.562276116000021 ], [ -66.753934322999953, 10.562307242000031 ], [ -66.753870436999932, 10.562341831000026 ], [ -66.753816906999987, 10.562366050000037 ], [ -66.753742640999974, 10.56237819200004 ], [ -66.753671822999934, 10.562379968000073 ], [ -66.753614819999939, 10.562376553000036 ], [ -66.753576798999973, 10.562347214000056 ], [ -66.753569879999986, 10.562333401000046 ], [ -66.753595779999955, 10.562319565000053 ], [ -66.753645865999943, 10.562310894000063 ], [ -66.753682131999938, 10.562300505000053 ], [ -66.753714944999956, 10.562291846000051 ], [ -66.753766748999965, 10.562269356000058 ], [ -66.753806464999968, 10.562252055000044 ], [ -66.753861721999954, 10.562227835000044 ], [ -66.753927330999943, 10.562186335000035 ], [ -66.75400332199996, 10.562170737000031 ], [ -66.754089673999943, 10.562151678000021 ], [ -66.754138034999983, 10.562146463000033 ], [ -66.754189846999964, 10.562136063000025 ], [ -66.75423819599996, 10.562113575000069 ], [ -66.754467836999936, 10.56198041600004 ] ] ] } },
{ "type": "Feature", "properties": { "Shape_Leng": 0.00096535771379, "Shape_Area": 5.3925142522799998e-08, "Confidence": "Likely", "Type": "Landslide", "SubtypeLS": "Debris Flow", "SubtypeLQ": null, "SubtypeGR": null, "Comments": "Toe obstructed by clouds", "Source": "B140001100B5C710 - RadiantEarth - 06/29/2026", "Access": null, "Impact": null, "ID": 378, "Longitude": -66.752787922400003, "Latitude": 10.561536436800001 }, "geometry": { "type": "Polygon", "coordinates": [ [ [ -66.752840459999959, 10.561606705000031 ], [ -66.75274890999998, 10.561603313000035 ], [ -66.752709188999972, 10.561613704000024 ], [ -66.752672916999984, 10.561615456000027 ], [ -66.752643551999938, 10.56161374900006 ], [ -66.752626268999961, 10.561599943000033 ], [ -66.75260898099998, 10.561577499000066 ], [ -66.752598596999974, 10.561548142000049 ], [ -66.752602028999945, 10.561515321000059 ], [ -66.752621000999966, 10.561473853000052 ], [ -66.752695260999985, 10.561453074000042 ], [ -66.752729798999951, 10.561440960000027 ], [ -66.752829993999967, 10.561458164000044 ], [ -66.752912918999982, 10.561478835000059 ], [ -66.752971665999951, 10.561506432000044 ], [ -66.752992424999945, 10.561551327000075 ], [ -66.752985539999941, 10.561587605000057 ], [ -66.752951011999983, 10.561613539000064 ], [ -66.752932013999953, 10.561617006000063 ], [ -66.75289573799995, 10.56161357600007 ], [ -66.752840459999959, 10.561606705000031 ] ] ] } },
{ "type": "Feature", "properties": { "Shape_Leng": 0.00062615594109799997, "Shape_Area": 1.1467368578100001e-08, "Confidence": "Likely", "Type": "Landslide", "SubtypeLS": "Debris Flow", "SubtypeLQ": null, "SubtypeGR": null, "Comments": "Toe obstructed by clouds", "Source": "B140001100B5C710 - RadiantEarth - 06/29/2026", "Access": null, "Impact": null, "ID": 379, "Longitude": -66.753278188899998, "Latitude": 10.5620045789 }, "geometry": { "type": "Polygon", "coordinates": [ [ [ -66.753365816999974, 10.561981170000024 ], [ -66.753281198999957, 10.562010593000025 ], [ -66.753251854999974, 10.56203997700004 ], [ -66.753225961999988, 10.562064177000025 ], [ -66.753198337999947, 10.56208319600006 ], [ -66.753172434999954, 10.562091850000058 ], [ -66.753160339999965, 10.562086677000025 ], [ -66.753160326999932, 10.562067676000026 ], [ -66.753182761999938, 10.562038297000072 ], [ -66.753231103999951, 10.562005445000068 ], [ -66.753265628999941, 10.561974330000055 ], [ -66.753310519999957, 10.561946662000025 ], [ -66.753370973999949, 10.561944893000032 ], [ -66.753407250999942, 10.561950051000053 ], [ -66.753415897999957, 10.561965590000057 ], [ -66.753405543999975, 10.561979416000042 ], [ -66.753388270999949, 10.561979428000029 ], [ -66.753365816999974, 10.561981170000024 ] ] ] } },
{ "type": "Feature", "properties": { "Shape_Leng": 0.0046137131992399997, "Shape_Area": 3.4363966335999998e-07, "Confidence": "Likely", "Type": "Landslide", "SubtypeLS": "Debris Flow", "SubtypeLQ": null, "SubtypeGR": null, "Comments": null, "Source": "B140001100B5C710 - RadiantEarth - 06/29/2026", "Access": null, "Impact": null, "ID": 380, "Longitude": -66.753754091999994, "Latitude": 10.560774905000001 }, "geometry": { "type": "Polygon", "coordinates": [ [ [ -66.754642090999937, 10.560580424000023 ], [ -66.754434304999961, 10.560623749000058 ], [ -66.754299378999974, 10.560653529000035 ], [ -66.754186046999962, 10.560685994000039 ], [ -66.754102408999984, 10.560726535000072 ], [ -66.754016057999934, 10.560748185000023 ], [ -66.753959395999971, 10.560769815000072 ], [ -66.753886554999951, 10.560813048000057 ], [ -66.753824508999969, 10.56085627300007 ], [ -66.753748961999975, 10.560888712000065 ], [ -66.75365990399996, 10.560896869000032 ], [ -66.753603222999971, 10.560891510000033 ], [ -66.75349526399998, 10.560888885000054 ], [ -66.753398093999976, 10.560875457000066 ], [ -66.753368379999984, 10.560837693000053 ], [ -66.753341357999943, 10.560789131000035 ], [ -66.753322441999956, 10.560754058000043 ], [ -66.753287333999936, 10.560721695000041 ], [ -66.753152372999978, 10.560700196000028 ], [ -66.753033607999953, 10.560681385000066 ], [ -66.752898641999934, 10.560651790000065 ], [ -66.752841955999941, 10.560638334000032 ], [ -66.752755577999949, 10.560619501000076 ], [ -66.752712374999987, 10.56058984200007 ], [ -66.752696154999967, 10.560552069000039 ], [ -66.752712329999952, 10.560525068000061 ], [ -66.752766282999971, 10.560487247000026 ], [ -66.752968737999936, 10.560541086000057 ], [ -66.753074008999988, 10.560559907000027 ], [ -66.753187380999975, 10.560586818000047 ], [ -66.753362845999959, 10.560637977000056 ], [ -66.753468106999946, 10.560643303000063 ], [ -66.753511290999938, 10.560645972000032 ], [ -66.753681333999964, 10.56066204900003 ], [ -66.753832474999967, 10.560664645000031 ], [ -66.75396740399998, 10.560640262000049 ], [ -66.754069934999961, 10.560599708000041 ], [ -66.75413468499994, 10.560564578000026 ], [ -66.754180538999947, 10.560524063000059 ], [ -66.754215594999948, 10.560480856000027 ], [ -66.754258763999985, 10.560461934000045 ], [ -66.754288446999965, 10.560453817000052 ], [ -66.754347820999953, 10.560451078000028 ], [ -66.754399098999954, 10.560448343000076 ], [ -66.754450375999966, 10.560445609000055 ], [ -66.75453134199995, 10.560442855000076 ], [ -66.754598806999979, 10.560432013000025 ], [ -66.754685156999983, 10.560410363000074 ], [ -66.754790408999952, 10.560402194000062 ], [ -66.754812028999936, 10.56044266300006 ], [ -66.754798563999941, 10.560485855000024 ], [ -66.754733826999939, 10.560539877000053 ], [ -66.754642090999937, 10.560580424000023 ] ] ] } },
{ "type": "Feature", "properties": { "Shape_Leng": 0.00092633169762699997, "Shape_Area": 4.01195025412e-08, "Confidence": "Likely", "Type": "Landslide", "SubtypeLS": "Debris Flow", "SubtypeLQ": null, "SubtypeGR": null, "Comments": null, "Source": "B140001100B5C710 - RadiantEarth - 06/29/2026", "Access": null, "Impact": null, "ID": 381, "Longitude": -66.753641641499996, "Latitude": 10.563189959300001 }, "geometry": { "type": "Polygon", "coordinates": [ [ [ -66.753700991999949, 10.563257884000052 ], [ -66.753582902999938, 10.563241097000059 ], [ -66.753523840999947, 10.563207401000057 ], [ -66.753481653999984, 10.563182128000051 ], [ -66.753473198999984, 10.563152614000046 ], [ -66.753485797999986, 10.563076699000021 ], [ -66.753527971999972, 10.563080887000069 ], [ -66.753599681999958, 10.563110357000028 ], [ -66.753692476999959, 10.563139813000021 ], [ -66.753827488999946, 10.563236713000038 ], [ -66.753827529999967, 10.563295751000055 ], [ -66.753781147999973, 10.563304217000052 ], [ -66.753700991999949, 10.563257884000052 ] ] ] } },
{ "type": "Feature", "properties": { "Shape_Leng": 0.00085363364618999996, "Shape_Area": 4.7410918308e-08, "Confidence": "Likely", "Type": "Landslide", "SubtypeLS": "Debris Flow", "SubtypeLQ": null, "SubtypeGR": null, "Comments": null, "Source": "B140001100B5C710 - RadiantEarth - 06/29/2026", "Access": null, "Impact": null, "ID": 382, "Longitude": -66.754501962800006, "Latitude": 10.5649239452 }, "geometry": { "type": "Polygon", "coordinates": [ [ [ -66.75457511999997, 10.565007363000063 ], [ -66.754473922999978, 10.565024300000061 ], [ -66.75444440299998, 10.565024320000077 ], [ -66.754419083999949, 10.564999035000028 ], [ -66.754406414999949, 10.564973742000063 ], [ -66.754389540999966, 10.564965319000066 ], [ -66.754360012999939, 10.564952688000062 ], [ -66.754334701999937, 10.564940054000033 ], [ -66.75432623599994, 10.564893673000029 ], [ -66.754347306999932, 10.564872573000059 ], [ -66.754397896999933, 10.564851453000074 ], [ -66.754486443999951, 10.564834524000048 ], [ -66.754537047999975, 10.564834489000077 ], [ -66.754608746999963, 10.564847091000047 ], [ -66.75465515999997, 10.564885013000037 ], [ -66.754655211999932, 10.564960920000033 ], [ -66.754625715999964, 10.564994677000072 ], [ -66.75457511999997, 10.565007363000063 ] ] ] } },
{ "type": "Feature", "properties": { "Shape_Leng": 0.0017899507403799999, "Shape_Area": 7.3736101384499994e-08, "Confidence": "Likely", "Type": "Landslide", "SubtypeLS": "Debris Flow", "SubtypeLQ": null, "SubtypeGR": null, "Comments": "Obstructed by clouds", "Source": "B140001100B5C710 - RadiantEarth - 06/29/2026", "Access": null, "Impact": null, "ID": 383, "Longitude": -66.7539632294, "Latitude": 10.5651813945 }, "geometry": { "type": "Polygon", "coordinates": [ [ [ -66.754352685999947, 10.565347011000028 ], [ -66.754207577999978, 10.56532638300007 ], [ -66.754150563999985, 10.565307422000046 ], [ -66.754122913999936, 10.565288440000074 ], [ -66.75407798699996, 10.565262561000054 ], [ -66.754007150999939, 10.565238428000043 ], [ -66.753939767999952, 10.565212564000035 ], [ -66.753874119999978, 10.565197063000028 ], [ -66.753837837999981, 10.565184997000074 ], [ -66.753777370999956, 10.565167766000059 ], [ -66.753689263999945, 10.565147098000068 ], [ -66.753654713999936, 10.565141940000046 ], [ -66.753601149999952, 10.565116067000076 ], [ -66.753589038999962, 10.565086711000049 ], [ -66.75360629499994, 10.565062517000058 ], [ -66.753640831999974, 10.565048675000071 ], [ -66.753673649999939, 10.565046925000047 ], [ -66.753737564999938, 10.565053791000025 ], [ -66.753780750999965, 10.565058943000054 ], [ -66.753865399999938, 10.565076158000068 ], [ -66.753932775999942, 10.565091658000028 ], [ -66.753988062999952, 10.565110620000041 ], [ -66.754053729999953, 10.565153758000065 ], [ -66.754109032999963, 10.565196903000071 ], [ -66.754183331999968, 10.565233125000077 ], [ -66.754254168999978, 10.56525898600006 ], [ -66.754326735999939, 10.565288301000066 ], [ -66.754406213999971, 10.565321065000035 ], [ -66.754401048999966, 10.565345251000053 ], [ -66.754352685999947, 10.565347011000028 ] ] ] } },
{ "type": "Feature", "properties": { "Shape_Leng": 0.00118866628804, "Shape_Area": 4.7346459144199997e-08, "Confidence": "Likely", "Type": "Landslide", "SubtypeLS": "Debris Flow", "SubtypeLQ": null, "SubtypeGR": null, "Comments": "Obstructed by clouds", "Source": "B140001100B5C710 - RadiantEarth - 06/29/2026", "Access": null, "Impact": null, "ID": 384, "Longitude": -66.754065508099998, "Latitude": 10.5656377226 }, "geometry": { "type": "Polygon", "coordinates": [ [ [ -66.754156011999953, 10.56569606100004 ], [ -66.75405238999997, 10.565720315000021 ], [ -66.753974661999962, 10.565720368000029 ], [ -66.753900388999966, 10.565722146000041 ], [ -66.753858931999957, 10.565720447000047 ], [ -66.753826104999973, 10.565708378000068 ], [ -66.753813993999984, 10.56567902300003 ], [ -66.753832972999987, 10.565647918000025 ], [ -66.753867516999946, 10.565644440000028 ], [ -66.753900335999958, 10.565644417000044 ], [ -66.753969427999948, 10.56564437000003 ], [ -66.754033335999964, 10.565640872000074 ], [ -66.754074782999965, 10.565628752000066 ], [ -66.754092037999953, 10.565602831000035 ], [ -66.754081650999979, 10.565568292000023 ], [ -66.75404881999998, 10.565551041000049 ], [ -66.754033253999978, 10.565521688000047 ], [ -66.754057425999974, 10.56550612500007 ], [ -66.754098881999937, 10.565507824000065 ], [ -66.754152437999949, 10.565521606000061 ], [ -66.754190451999932, 10.565540580000061 ], [ -66.754231933999961, 10.565580280000063 ], [ -66.754252686999962, 10.565616539000075 ], [ -66.75425097599998, 10.565640723000058 ], [ -66.75422853799995, 10.565664920000074 ], [ -66.754206092999937, 10.565680481000072 ], [ -66.754156011999953, 10.56569606100004 ] ] ] } },
{ "type": "Feature", "properties": { "Shape_Leng": 0.00086456210883900002, "Shape_Area": 2.3613552275700001e-08, "Confidence": "Likely", "Type": "Landslide", "SubtypeLS": "Debris Flow", "SubtypeLQ": null, "SubtypeGR": null, "Comments": null, "Source": "B140001100B5C710 - RadiantEarth - 06/29/2026", "Access": null, "Impact": null, "ID": 385, "Longitude": -66.753379023099995, "Latitude": 10.566237345099999 }, "geometry": { "type": "Polygon", "coordinates": [ [ [ -66.753520332999983, 10.566211969000051 ], [ -66.753566533999958, 10.566224537000039 ], [ -66.753575249999983, 10.566240076000042 ], [ -66.753573392999954, 10.566252514000041 ], [ -66.753562208999938, 10.566264959000023 ], [ -66.753536099999963, 10.566276791000064 ], [ -66.753506885999968, 10.566281103000051 ], [ -66.753490015999944, 10.566278788000034 ], [ -66.753409548999969, 10.566271252000035 ], [ -66.753329083999972, 10.56626523500006 ], [ -66.753271391999988, 10.566262238000036 ], [ -66.753227362999951, 10.566257714000074 ], [ -66.753200030999949, 10.566248624000025 ], [ -66.753169653999976, 10.566228909000074 ], [ -66.753178748999972, 10.566207649000035 ], [ -66.7532, 10.56620459800007 ], [ -66.753245540999956, 10.566200012000024 ], [ -66.75333055699997, 10.566199954000069 ], [ -66.753421652999975, 10.566210518000048 ], [ -66.753520332999983, 10.566211969000051 ] ] ] } },
{ "type": "Feature", "properties": { "Shape_Leng": 0.00112070627472, "Shape_Area": 3.03938483516e-08, "Confidence": "Likely", "Type": "Landslide", "SubtypeLS": "Debris Flow", "SubtypeLQ": null, "SubtypeGR": null, "Comments": null, "Source": "B140001100B5C710 - RadiantEarth - 06/29/2026", "Access": null, "Impact": null, "ID": 386, "Longitude": -66.753894390799999, "Latitude": 10.566240159299999 }, "geometry": { "type": "Polygon", "coordinates": [ [ [ -66.753872539999975, 10.566210210000065 ], [ -66.75395300699995, 10.56621926300005 ], [ -66.753990961999932, 10.566220756000064 ], [ -66.754038023999954, 10.566220723000072 ], [ -66.754098757999941, 10.566232827000022 ], [ -66.75417923599997, 10.566257062000034 ], [ -66.754177727999945, 10.566272244000061 ], [ -66.754153444999986, 10.566282888000046 ], [ -66.754121565999981, 10.56628594600005 ], [ -66.754038057999935, 10.566270822000035 ], [ -66.754000104999932, 10.566270848000045 ], [ -66.753951529999938, 10.566278472000022 ], [ -66.753925725999977, 10.566284562000021 ], [ -66.753893846999972, 10.566287620000026 ], [ -66.753868034999982, 10.56628308300003 ], [ -66.753825519999964, 10.566272486000059 ], [ -66.753773892999959, 10.56625734000005 ], [ -66.753720763999979, 10.566248061000067 ], [ -66.753699695999956, 10.566248199000029 ], [ -66.753690146999986, 10.566250196000055 ], [ -66.753664674999982, 10.566248621000057 ], [ -66.753657509999982, 10.566245443000071 ], [ -66.753650339999979, 10.566236294000021 ], [ -66.753654706999953, 10.566220770000029 ], [ -66.753668625999978, 10.566206434000037 ], [ -66.753678965999939, 10.566196079000065 ], [ -66.753689706999978, 10.566188909000061 ], [ -66.753702834999956, 10.566182532000028 ], [ -66.753721538999969, 10.566181723000057 ], [ -66.753744224999934, 10.566183698000032 ], [ -66.753764125999965, 10.566186470000048 ], [ -66.753810286999965, 10.566196589000072 ], [ -66.753872539999975, 10.566210210000065 ] ] ] } },
{ "type": "Feature", "properties": { "Shape_Leng": 0.00202305637283, "Shape_Area": 1.5847643677e-07, "Confidence": "Likely", "Type": "Landslide", "SubtypeLS": "Debris Flow", "SubtypeLQ": null, "SubtypeGR": null, "Comments": null, "Source": "B140001100B5C710 - RadiantEarth - 06/29/2026", "Access": null, "Impact": null, "ID": 387, "Longitude": -66.753428411900003, "Latitude": 10.5673875757 }, "geometry": { "type": "Polygon", "coordinates": [ [ [ -66.753567910999948, 10.567520098000045 ], [ -66.753496732999963, 10.567496426000048 ], [ -66.753420807999987, 10.567470385000036 ], [ -66.753347269999949, 10.567465691000052 ], [ -66.753283221999936, 10.567463362000069 ], [ -66.753247639999984, 10.567463387000032 ], [ -66.753176468999982, 10.567451575000064 ], [ -66.753081564999945, 10.567420803000061 ], [ -66.753041206999967, 10.567373389000068 ], [ -66.753031677999957, 10.56731409300005 ], [ -66.753048242999967, 10.567257151000035 ], [ -66.75308380499996, 10.567228662000048 ], [ -66.753152593999971, 10.56722624300005 ], [ -66.753233244999933, 10.567226187000074 ], [ -66.753354231999936, 10.567240337000044 ], [ -66.753449137999951, 10.567273481000029 ], [ -66.753541676999987, 10.567313744000046 ], [ -66.753608116999942, 10.567344535000075 ], [ -66.753710137999974, 10.567375303000063 ], [ -66.753764710999974, 10.567396614000074 ], [ -66.75382166299994, 10.567429784000069 ], [ -66.753866755999979, 10.567462963000025 ], [ -66.75388574699997, 10.567484299000057 ], [ -66.753900003999945, 10.567519870000069 ], [ -66.75390002499995, 10.567550707000066 ], [ -66.75387869399998, 10.567576815000052 ], [ -66.753843422999978, 10.567570378000028 ], [ -66.753787458999966, 10.567560165000032 ], [ -66.753729206999935, 10.567510499000036 ], [ -66.753689021999946, 10.567512890000046 ], [ -66.753567910999948, 10.567520098000045 ] ] ] } },
{ "type": "Feature", "properties": { "Shape_Leng": 0.00313726967345, "Shape_Area": 4.2349496678500002e-07, "Confidence": "Likely", "Type": "Landslide", "SubtypeLS": "Debris Flow", "SubtypeLQ": null, "SubtypeGR": null, "Comments": null, "Source": "B140001100B5C710 - RadiantEarth - 06/29/2026", "Access": null, "Impact": null, "ID": 388, "Longitude": -66.755404294300007, "Latitude": 10.568483756599999 }, "geometry": { "type": "Polygon", "coordinates": [ [ [ -66.755228466999938, 10.568085890000077 ], [ -66.755658671999981, 10.568471061000025 ], [ -66.755773635999958, 10.568567348000045 ], [ -66.755821867999941, 10.568637737000074 ], [ -66.755870121999976, 10.568741483000053 ], [ -66.755892428999971, 10.568841540000051 ], [ -66.755896193999945, 10.568926784000041 ], [ -66.755833219999943, 10.56897871700005 ], [ -66.755762803999971, 10.568986178000046 ], [ -66.755710903999955, 10.568971388000023 ], [ -66.755595988999971, 10.568945522000035 ], [ -66.755577453999933, 10.56894182800005 ], [ -66.75549588299998, 10.568897407000065 ], [ -66.755455084999937, 10.568856665000055 ], [ -66.755414275999954, 10.568801097000062 ], [ -66.755391996999947, 10.568741810000063 ], [ -66.755362279999986, 10.568645464000042 ], [ -66.755321461999984, 10.568575071000055 ], [ -66.755265827999949, 10.568519513000069 ], [ -66.755195370999957, 10.568467672000054 ], [ -66.755136027999981, 10.568408410000075 ], [ -66.755072957999971, 10.56831950000003 ], [ -66.754998802999978, 10.568278780000071 ], [ -66.754909810999948, 10.56822324500007 ], [ -66.754824528999961, 10.568171414000062 ], [ -66.754817092999986, 10.56813806200006 ], [ -66.754831877999948, 10.568078749000051 ], [ -66.754880024999977, 10.56802682700004 ], [ -66.754939296999964, 10.567982309000058 ], [ -66.755031946999964, 10.567967420000059 ], [ -66.75507272699997, 10.567982218000054 ], [ -66.755154295999944, 10.568022932000076 ], [ -66.755228466999938, 10.568085890000077 ] ] ] } },
{ "type": "Feature", "properties": { "Shape_Leng": 0.0037943364598600001, "Shape_Area": 2.7452718862300001e-07, "Confidence": "Likely", "Type": "Landslide", "SubtypeLS": "Debris Flow", "SubtypeLQ": null, "SubtypeGR": null, "Comments": null, "Source": "B140001100B5C710 - RadiantEarth - 06/29/2026", "Access": null, "Impact": null, "ID": 389, "Longitude": -66.754417653000004, "Latitude": 10.569058016 }, "geometry": { "type": "Polygon", "coordinates": [ [ [ -66.754802957999971, 10.569146210000042 ], [ -66.754914192999934, 10.569209143000023 ], [ -66.754992079999965, 10.569286924000039 ], [ -66.755040298999972, 10.569338780000066 ], [ -66.755081106999967, 10.56939434800006 ], [ -66.755103378999934, 10.569442516000038 ], [ -66.755103403999954, 10.569479580000063 ], [ -66.755036688999951, 10.569479626000032 ], [ -66.754958811999984, 10.569416670000066 ], [ -66.754866105999952, 10.569350019000069 ], [ -66.754814198999952, 10.569324110000025 ], [ -66.754725206999979, 10.569268575000024 ], [ -66.754602852999938, 10.569205650000072 ], [ -66.754502767999952, 10.569187186000022 ], [ -66.754387851999979, 10.569161320000035 ], [ -66.754324830999963, 10.569142831000022 ], [ -66.754265510999971, 10.569116927000039 ], [ -66.754165427999965, 10.569102170000065 ], [ -66.754098712999962, 10.569102216000033 ], [ -66.754032004999942, 10.569113381000022 ], [ -66.753991265999957, 10.569157885000038 ], [ -66.75400241799997, 10.569206061000045 ], [ -66.754028387999938, 10.569243107000034 ], [ -66.754069183999945, 10.569280143000071 ], [ -66.75412481799998, 10.569335701000057 ], [ -66.754165625999974, 10.56939126900005 ], [ -66.754173053999978, 10.569413502000032 ], [ -66.754147139999986, 10.569457997000029 ], [ -66.754121199999986, 10.569465427000068 ], [ -66.753984045999971, 10.569439576000036 ], [ -66.753950682999971, 10.569432186000029 ], [ -66.75388395799996, 10.569417406000071 ], [ -66.753839462999963, 10.569391492000022 ], [ -66.753780137999968, 10.569358175000048 ], [ -66.753750468999954, 10.569332251000048 ], [ -66.75373190199997, 10.569280374000073 ], [ -66.753757818999986, 10.569239586000037 ], [ -66.753809674999957, 10.56919136700003 ], [ -66.753854128999933, 10.569157979000067 ], [ -66.753902276999952, 10.569106057000056 ], [ -66.753994900999942, 10.569054104000031 ], [ -66.754039349999971, 10.569013303000077 ], [ -66.754098626999962, 10.568976199000076 ], [ -66.754157910999936, 10.568950213000051 ], [ -66.754232030999958, 10.568939043000057 ], [ -66.754309859999978, 10.568931577000058 ], [ -66.754372871999976, 10.56893524000003 ], [ -66.754450720999955, 10.568957426000054 ], [ -66.754550833999986, 10.569016659000056 ], [ -66.75465094499998, 10.569072187000074 ], [ -66.754802957999971, 10.569146210000042 ] ] ] } },
{ "type": "Feature", "properties": { "Shape_Leng": 0.00146611988622, "Shape_Area": 6.3919715979899996e-08, "Confidence": "Possible", "Type": "Landslide", "SubtypeLS": "Debris Flow", "SubtypeLQ": null, "SubtypeGR": null, "Comments": null, "Source": "B140001100B5C710 - RadiantEarth - 06/29/2026", "Access": null, "Impact": null, "ID": 390, "Longitude": -66.753731977499996, "Latitude": 10.569767027399999 }, "geometry": { "type": "Polygon", "coordinates": [ [ [ -66.75346895399997, 10.569580772000052 ], [ -66.753594995999947, 10.569617750000077 ], [ -66.753702521999969, 10.569676978000075 ], [ -66.753780391999953, 10.56972881400003 ], [ -66.753887922999979, 10.569795456000065 ], [ -66.753947260999951, 10.569847305000053 ], [ -66.753999205999946, 10.569928810000022 ], [ -66.75399923699996, 10.569973287000039 ], [ -66.753969585999982, 10.569973307000055 ], [ -66.753895429999943, 10.569932587000039 ], [ -66.753784197999948, 10.569873361000077 ], [ -66.753691483999944, 10.569795590000069 ], [ -66.753583952999975, 10.569728949000023 ], [ -66.753506080999955, 10.569673406000049 ], [ -66.753472705999968, 10.569647485000075 ], [ -66.75343933299996, 10.569625269000028 ], [ -66.75341336799994, 10.569595636000031 ], [ -66.753413359999968, 10.569584517000067 ], [ -66.75346895399997, 10.569580772000052 ] ] ] } },
{ "type": "Feature", "properties": { "Shape_Leng": 0.00192166730901, "Shape_Area": 1.26031031468e-07, "Confidence": "Likely", "Type": "Landslide", "SubtypeLS": "Debris Flow", "SubtypeLQ": null, "SubtypeGR": null, "Comments": null, "Source": "B140001100B5C710 - RadiantEarth - 06/29/2026", "Access": null, "Impact": null, "ID": 391, "Longitude": -66.753193218000007, "Latitude": 10.5703141509 }, "geometry": { "type": "Polygon", "coordinates": [ [ [ -66.752998553999987, 10.570036981000044 ], [ -66.753061590999948, 10.570077708000042 ], [ -66.753124631999981, 10.570125848000032 ], [ -66.753235876999952, 10.570203606000064 ], [ -66.753336038999976, 10.57033326100003 ], [ -66.753395378999983, 10.570388816000047 ], [ -66.753439908999951, 10.570466620000047 ], [ -66.753462185999979, 10.570522201000074 ], [ -66.753506712999979, 10.570596298000055 ], [ -66.753499317999967, 10.570622248000063 ], [ -66.753436324999939, 10.570644529000049 ], [ -66.753399262999949, 10.570648261000031 ], [ -66.753321393999954, 10.570596425000076 ], [ -66.753284286999985, 10.570533442000055 ], [ -66.753228629999967, 10.570444526000074 ], [ -66.75318039299998, 10.570366725000042 ], [ -66.753117330999942, 10.570288934000075 ], [ -66.753069119999964, 10.570248197000069 ], [ -66.752976432999958, 10.57020749000003 ], [ -66.752898572999982, 10.570170479000069 ], [ -66.752883278999946, 10.570163842000056 ], [ -66.752842886999986, 10.570126195000057 ], [ -66.752845900999944, 10.570092794000061 ], [ -66.752859537999939, 10.57005483100005 ], [ -66.752889883999956, 10.570030520000046 ], [ -66.752924790999941, 10.570015315000035 ], [ -66.752973856999972, 10.570013859000028 ], [ -66.752998553999987, 10.570036981000044 ] ] ] } },
{ "type": "Feature", "properties": { "Shape_Leng": 0.00087180750485100003, "Shape_Area": 5.2661361279699997e-08, "Confidence": "Likely", "Type": "Landslide", "SubtypeLS": "Debris Flow", "SubtypeLQ": null, "SubtypeGR": null, "Comments": null, "Source": "B140001100B5C710 - RadiantEarth - 06/29/2026", "Access": null, "Impact": null, "ID": 392, "Longitude": -66.752716954600004, "Latitude": 10.569985041100001 }, "geometry": { "type": "Polygon", "coordinates": [ [ [ -66.752720471999965, 10.570103886000027 ], [ -66.752646923999976, 10.570084960000031 ], [ -66.752597095999988, 10.570063645000062 ], [ -66.752561494999952, 10.570035204000021 ], [ -66.752547234999952, 10.569994889000043 ], [ -66.752580419999958, 10.569959284000049 ], [ -66.752630203999956, 10.569916553000041 ], [ -66.752689485999952, 10.569885675000023 ], [ -66.752767749999975, 10.569864273000064 ], [ -66.752824678999957, 10.569861861000049 ], [ -66.752865047999933, 10.569925880000028 ], [ -66.752850837999972, 10.569959099000073 ], [ -66.752827155999967, 10.570016046000035 ], [ -66.752822427999945, 10.570039770000051 ], [ -66.752808221999942, 10.570077733000062 ], [ -66.752777400999946, 10.570101475000058 ], [ -66.752720471999965, 10.570103886000027 ] ] ] } },
{ "type": "Feature", "properties": { "Shape_Leng": 0.0047918006916300004, "Shape_Area": 9.7865549169000008e-07, "Confidence": "Likely", "Type": "Landslide", "SubtypeLS": "Debris Flow", "SubtypeLQ": null, "SubtypeGR": null, "Comments": null, "Source": "B140001100B5C710 - RadiantEarth - 06/29/2026", "Access": null, "Impact": null, "ID": 393, "Longitude": -66.754178074500004, "Latitude": 10.575458771699999 }, "geometry": { "type": "Polygon", "coordinates": [ [ [ -66.754933526999935, 10.57579168500007 ], [ -66.754885378999973, 10.575843607000024 ], [ -66.754829800999971, 10.575869590000025 ], [ -66.75474825799995, 10.575865939000039 ], [ -66.754677825999977, 10.575851162000049 ], [ -66.754588872999932, 10.575851223000029 ], [ -66.754507346999958, 10.575873517000048 ], [ -66.75444063499998, 10.575877269000046 ], [ -66.754407266999976, 10.575862467000036 ], [ -66.75434794499995, 10.575832856000034 ], [ -66.754266403999964, 10.575832912000067 ], [ -66.754207124999937, 10.575866310000038 ], [ -66.754114492999975, 10.575907144000041 ], [ -66.754021855999952, 10.575940565000053 ], [ -66.75393289699997, 10.575933213000042 ], [ -66.753855042999987, 10.575903615000072 ], [ -66.753803124999934, 10.575862880000045 ], [ -66.753769731999967, 10.575811014000067 ], [ -66.753725199999963, 10.575729504000037 ], [ -66.753673266999954, 10.575666530000035 ], [ -66.753658385999984, 10.575585 ], [ -66.753628678999974, 10.575503480000066 ], [ -66.753617523999935, 10.575451598000029 ], [ -66.753595226999948, 10.575366366000026 ], [ -66.753543278999985, 10.575281155000027 ], [ -66.753495039999962, 10.575199647000034 ], [ -66.753461641999934, 10.575140367000074 ], [ -66.753469016999986, 10.575084767000021 ], [ -66.753502323999953, 10.575010616000043 ], [ -66.75354307899994, 10.574988350000069 ], [ -66.753665376999948, 10.574969734000035 ], [ -66.75376173099994, 10.574951136000038 ], [ -66.753861805999975, 10.574954774000048 ], [ -66.753954475999933, 10.574969536000026 ], [ -66.754102748999969, 10.574995379000029 ], [ -66.754310321999981, 10.575017475000038 ], [ -66.75442153399996, 10.575047050000023 ], [ -66.754495692999967, 10.575091476000068 ], [ -66.754555042999982, 10.575161857000069 ], [ -66.754555085999982, 10.575224866000042 ], [ -66.754514368999935, 10.575302728000054 ], [ -66.754473631999986, 10.575350939000032 ], [ -66.754399554999964, 10.575425117000066 ], [ -66.754358812999953, 10.575465916000041 ], [ -66.754369966999946, 10.575517798000021 ], [ -66.754429271999982, 10.57552146300003 ], [ -66.754473743999938, 10.575514020000071 ], [ -66.754592340999977, 10.575502820000054 ], [ -66.754673880999974, 10.575502764000021 ], [ -66.754829546999986, 10.575498951000043 ], [ -66.754966672999956, 10.57548403100003 ], [ -66.755044512999973, 10.575491391000071 ], [ -66.755096442999957, 10.575550657000065 ], [ -66.755089110999961, 10.575669267000023 ], [ -66.755055796999955, 10.575732299000038 ], [ -66.755018737999933, 10.575739737000049 ], [ -66.754933526999935, 10.57579168500007 ] ] ] } },
{ "type": "Feature", "properties": { "Shape_Leng": 0.0013881762987599999, "Shape_Area": 7.2923289156500004e-08, "Confidence": "Likely", "Type": "Landslide", "SubtypeLS": "Debris Flow", "SubtypeLQ": null, "SubtypeGR": null, "Comments": null, "Source": "B140001100B5C710 - RadiantEarth - 06/29/2026", "Access": null, "Impact": null, "ID": 394, "Longitude": -66.755974500999997, "Latitude": 10.5767246606 }, "geometry": { "type": "Polygon", "coordinates": [ [ [ -66.755847077999988, 10.576474512000061 ], [ -66.755904814999951, 10.576544307000063 ], [ -66.755958003999979, 10.576623214000051 ], [ -66.756006613999944, 10.576667206000025 ], [ -66.756062827999983, 10.576729412000077 ], [ -66.756112965999932, 10.576787067000055 ], [ -66.756153991999952, 10.576840173000051 ], [ -66.756188949999967, 10.576899357000059 ], [ -66.756193527999983, 10.576934271000027 ], [ -66.756181401999982, 10.576961606000054 ], [ -66.756141931999935, 10.576964669000063 ], [ -66.756073601999958, 10.576943462000031 ], [ -66.756026505999955, 10.576894914000036 ], [ -66.755953577999946, 10.576811466000038 ], [ -66.755885194999962, 10.576714352000067 ], [ -66.755839604999949, 10.57664606700007 ], [ -66.755798581999954, 10.576597514000071 ], [ -66.755769708999935, 10.576556544000027 ], [ -66.755757548999952, 10.576535299000057 ], [ -66.755752971999982, 10.576501903000064 ], [ -66.755760547999955, 10.576480644000071 ], [ -66.75577723899994, 10.576468487000056 ], [ -66.755847077999988, 10.576474512000061 ] ] ] } },
{ "type": "Feature", "properties": { "Shape_Leng": 0.0074571858093400003, "Shape_Area": 8.11212276284e-07, "Confidence": "Likely", "Type": "Landslide", "SubtypeLS": "Debris Flow", "SubtypeLQ": null, "SubtypeGR": null, "Comments": "Reactivation", "Source": "B140001100B5C710 - RadiantEarth - 06/29/2026", "Access": null, "Impact": null, "ID": 395, "Longitude": -66.757778129000002, "Latitude": 10.577254165 }, "geometry": { "type": "Polygon", "coordinates": [ [ [ -66.758499879999988, 10.576964169000064 ], [ -66.758637054999951, 10.577019671000073 ], [ -66.758707524999977, 10.577090044000045 ], [ -66.758700162999958, 10.577164177000043 ], [ -66.758670528999971, 10.577190142000063 ], [ -66.758607540999947, 10.57721983600004 ], [ -66.758500075999962, 10.577249561000031 ], [ -66.75836665099996, 10.577257065000026 ], [ -66.758255471999973, 10.577275673000031 ], [ -66.758118352999986, 10.577301712000065 ], [ -66.75807019299998, 10.577335102000063 ], [ -66.75804057199997, 10.577379599000039 ], [ -66.758003535999933, 10.577420395000047 ], [ -66.757936843999971, 10.577453798000022 ], [ -66.75787754199996, 10.577453839000043 ], [ -66.757788582999979, 10.577446487000032 ], [ -66.75771444999998, 10.577439125000069 ], [ -66.757621787999938, 10.577435482000055 ], [ -66.757529155999976, 10.577476316000059 ], [ -66.75744395199996, 10.577539383000044 ], [ -66.757369887999971, 10.577632094000023 ], [ -66.757359147999978, 10.577645379000046 ], [ -66.757370203999983, 10.577660558000048 ], [ -66.757398674999934, 10.577670027000067 ], [ -66.757465091999961, 10.577667610000049 ], [ -66.757550487999936, 10.577667551000047 ], [ -66.757607413999949, 10.577662768000039 ], [ -66.757718895999972, 10.577653203000068 ], [ -66.757782940999959, 10.577650787000039 ], [ -66.757842250999943, 10.577662607000036 ], [ -66.757865994999975, 10.577695800000072 ], [ -66.757863638999936, 10.577719523000042 ], [ -66.757844675999934, 10.577738513000043 ], [ -66.757754538999961, 10.577743318000046 ], [ -66.757647783999971, 10.577726787000074 ], [ -66.757628806999946, 10.57772680000005 ], [ -66.757536295999955, 10.577726863000066 ], [ -66.757481737999967, 10.577726901000062 ], [ -66.757436668999958, 10.577729304000059 ], [ -66.757370260999949, 10.577743582000039 ], [ -66.757337060999987, 10.577757837000036 ], [ -66.757303857999943, 10.577767348000066 ], [ -66.757258039999954, 10.577799468000023 ], [ -66.757218082999941, 10.577861994000045 ], [ -66.757218138999974, 10.577943535000031 ], [ -66.757244131999983, 10.578013938000026 ], [ -66.757277504999934, 10.578036154000074 ], [ -66.757284927999933, 10.578050974000064 ], [ -66.757262729999979, 10.578110292000076 ], [ -66.757275681999943, 10.57818960000003 ], [ -66.757287565999945, 10.578222801000038 ], [ -66.757306569999969, 10.578263113000048 ], [ -66.757330324999941, 10.578312911000069 ], [ -66.757327980999946, 10.578353238000034 ], [ -66.757299552999939, 10.578407816000038 ], [ -66.757263985999941, 10.578429189000076 ], [ -66.75724263099994, 10.578419715000052 ], [ -66.757211762999987, 10.578374667000048 ], [ -66.757185639999932, 10.57833198700007 ], [ -66.757157131999975, 10.578267960000062 ], [ -66.757152349999956, 10.578213405000042 ], [ -66.757145195999954, 10.578158852000058 ], [ -66.757111975999976, 10.578142270000058 ], [ -66.757088259999932, 10.578149403000054 ], [ -66.757066929999951, 10.578177882000034 ], [ -66.757055100999935, 10.578222960000062 ], [ -66.757052747999978, 10.578251427000055 ], [ -66.757045662999985, 10.578296501000068 ], [ -66.757055179999952, 10.578339193000033 ], [ -66.757064699999944, 10.578384256000049 ], [ -66.757078959999944, 10.578424572000074 ], [ -66.757083722999937, 10.578453033000073 ], [ -66.757083758999954, 10.578505219000021 ], [ -66.757079035999936, 10.578536060000033 ], [ -66.757048216999976, 10.578562174000069 ], [ -66.757026867999969, 10.578562189000024 ], [ -66.756993630999943, 10.578521886000033 ], [ -66.75694852099997, 10.578462614000046 ], [ -66.756917648999945, 10.578412822000075 ], [ -66.756889139999942, 10.578348795000068 ], [ -66.75684873199998, 10.578227846000061 ], [ -66.756853428999932, 10.578159052000046 ], [ -66.756862892999948, 10.578123464000043 ], [ -66.756896036999933, 10.578028557000039 ], [ -66.756895980999957, 10.577945534000037 ], [ -66.756888816999947, 10.57787674900004 ], [ -66.756914843999937, 10.577779475000057 ], [ -66.75695985599998, 10.577696421000041 ], [ -66.75703096999996, 10.577625209000075 ], [ -66.757111583999972, 10.577570596000044 ], [ -66.757206438999958, 10.577527834000023 ], [ -66.75728943699994, 10.577492195000048 ], [ -66.757386240999949, 10.57746736100006 ], [ -66.757410528999969, 10.577443040000048 ], [ -66.757480906999945, 10.577379983000071 ], [ -66.757566102999988, 10.577305797000065 ], [ -66.757617941999968, 10.577231633000054 ], [ -66.757703122999942, 10.577135209000062 ], [ -66.757803128999967, 10.577038774000073 ], [ -66.757865501999959, 10.576991303000057 ], [ -66.757915280999953, 10.576924837000035 ], [ -66.75793897799997, 10.576889239000025 ], [ -66.757969786999979, 10.576848892000044 ], [ -66.758033798999975, 10.576799035000022 ], [ -66.758090721999963, 10.576787135000075 ], [ -66.758164252999961, 10.576782341000069 ], [ -66.758218815999953, 10.576789420000068 ], [ -66.758244932999958, 10.576824983000051 ], [ -66.758261561999973, 10.576860553000074 ], [ -66.758309023999971, 10.576888986000029 ], [ -66.758373090999953, 10.576919779000036 ], [ -66.758398478999936, 10.57693198100003 ], [ -66.758499879999988, 10.576964169000064 ] ] ] } },
{ "type": "Feature", "properties": { "Shape_Leng": 0.0023146598890099999, "Shape_Area": 1.5203382056399999e-07, "Confidence": "Likely", "Type": "Landslide", "SubtypeLS": "Debris Flow", "SubtypeLQ": null, "SubtypeGR": null, "Comments": "Partially reactivated", "Source": "B140001100B5C710 - RadiantEarth - 06/29/2026", "Access": null, "Impact": null, "ID": 396, "Longitude": -66.754233877999994, "Latitude": 10.5783384504 }, "geometry": { "type": "Polygon", "coordinates": [ [ [ -66.754381961999968, 10.578528419000065 ], [ -66.754303710999977, 10.578568798000049 ], [ -66.754277620999972, 10.578573560000052 ], [ -66.754234918999941, 10.578566473000024 ], [ -66.754225421999934, 10.578554619000045 ], [ -66.754227774999947, 10.578526152000052 ], [ -66.754237236999984, 10.578488192000066 ], [ -66.754234830999962, 10.578438380000023 ], [ -66.75421345899997, 10.578405185000065 ], [ -66.754165973999989, 10.578341171000034 ], [ -66.754137498999967, 10.578326958000048 ], [ -66.754094807999934, 10.578336476000061 ], [ -66.754052134999938, 10.578372087000048 ], [ -66.754026063999959, 10.578405314000065 ], [ -66.753990506999969, 10.578440919000059 ], [ -66.753976295999962, 10.578471766000064 ], [ -66.75392889799997, 10.578535845000033 ], [ -66.753881476999936, 10.578566715000022 ], [ -66.753867240999966, 10.578561981000064 ], [ -66.753857729999936, 10.578528778000077 ], [ -66.753862438999988, 10.578476588000058 ], [ -66.753886129999955, 10.57843387500003 ], [ -66.753912190999984, 10.578386415000068 ], [ -66.75393588299994, 10.578343701000051 ], [ -66.753985668999974, 10.578303341000037 ], [ -66.754037825999944, 10.578260608000051 ], [ -66.754080503999944, 10.578232114000059 ], [ -66.754144522999979, 10.578191744000037 ], [ -66.754206173999933, 10.578158493000046 ], [ -66.754258320999952, 10.578101527000058 ], [ -66.754324698999937, 10.578042179000022 ], [ -66.75439111299994, 10.578035017000047 ], [ -66.754393500999981, 10.578058737000049 ], [ -66.754376928999989, 10.578106190000028 ], [ -66.754362733999983, 10.578160758000024 ], [ -66.754381747999957, 10.578215303000036 ], [ -66.754396012999962, 10.578262735000067 ], [ -66.754384174999984, 10.578295952000076 ], [ -66.754391313999974, 10.578329157000042 ], [ -66.754438762999939, 10.578338612000039 ], [ -66.754500442999984, 10.578348059000064 ], [ -66.754533670999933, 10.578374129000053 ], [ -66.754536066999947, 10.578409709000027 ], [ -66.754510004999986, 10.578454796000074 ], [ -66.754448352999987, 10.578488048000054 ], [ -66.754381961999968, 10.578528419000065 ] ] ] } },
{ "type": "Feature", "properties": { "Shape_Leng": 0.0024135508485300002, "Shape_Area": 1.42743940165e-07, "Confidence": "Likely", "Type": "Landslide", "SubtypeLS": "Debris Flow", "SubtypeLQ": null, "SubtypeGR": null, "Comments": null, "Source": "B140001100B5C710 - RadiantEarth - 06/29/2026", "Access": null, "Impact": null, "ID": 397, "Longitude": -66.751205522999996, "Latitude": 10.579601374499999 }, "geometry": { "type": "Polygon", "coordinates": [ [ [ -66.751566995999951, 10.579559835000055 ], [ -66.751559909999969, 10.579604909000068 ], [ -66.751540944999988, 10.579621527000029 ], [ -66.751503, 10.579633413000067 ], [ -66.751450821999981, 10.579645309000057 ], [ -66.751422359999935, 10.579650073000039 ], [ -66.751322723999976, 10.57963828100003 ], [ -66.751246813999956, 10.579633589000025 ], [ -66.751192250999964, 10.579626510000026 ], [ -66.751135307999959, 10.579607572000043 ], [ -66.751073626999982, 10.579598126000064 ], [ -66.751035679999973, 10.579607640000063 ], [ -66.751021467999976, 10.579638487000068 ], [ -66.751033347999964, 10.579666944000053 ], [ -66.751080818999981, 10.579709609000076 ], [ -66.751140145999955, 10.579745150000065 ], [ -66.751187601999959, 10.579766466000024 ], [ -66.751277756999968, 10.579787753000062 ], [ -66.751322845999937, 10.579816188000052 ], [ -66.751337098999954, 10.579847015000041 ], [ -66.751327625999977, 10.579868370000042 ], [ -66.751265950999937, 10.579868413000042 ], [ -66.751235103999988, 10.579854201000046 ], [ -66.75118527099994, 10.57982577000007 ], [ -66.751118837999968, 10.579804467000031 ], [ -66.751031048999948, 10.579773690000025 ], [ -66.750976476999938, 10.579752378000023 ], [ -66.750886309999942, 10.579712115000063 ], [ -66.750862568999935, 10.579683666000051 ], [ -66.750857796999981, 10.579643344000033 ], [ -66.750879122999947, 10.579610120000041 ], [ -66.750924163999969, 10.579567391000069 ], [ -66.750969213999952, 10.579538895000042 ], [ -66.751021383999955, 10.579515139000023 ], [ -66.751080651999985, 10.579465284000037 ], [ -66.751151793999952, 10.579434398000046 ], [ -66.751218205999976, 10.579424864000032 ], [ -66.751298861999942, 10.579431925000051 ], [ -66.751386639999964, 10.579448470000045 ], [ -66.751457817999949, 10.57946977000006 ], [ -66.75153850099997, 10.579517156000065 ], [ -66.751566995999951, 10.579559835000055 ] ] ] } },
{ "type": "Feature", "properties": { "Shape_Leng": 0.00092497979592299996, "Shape_Area": 3.3275885098600001e-08, "Confidence": "Likely", "Type": "Landslide", "SubtypeLS": "Debris Flow", "SubtypeLQ": null, "SubtypeGR": null, "Comments": null, "Source": "B140001100B5C710 - RadiantEarth - 06/29/2026", "Access": null, "Impact": null, "ID": 398, "Longitude": -66.772466981999997, "Latitude": 10.569845624599999 }, "geometry": { "type": "Polygon", "coordinates": [ [ [ -66.772580047999952, 10.569889510000053 ], [ -66.772437343999968, 10.569891126000073 ], [ -66.772355366999932, 10.569894219000048 ], [ -66.772296156999971, 10.56989122300007 ], [ -66.772244523999973, 10.569866968000042 ], [ -66.77224451099994, 10.569847232000029 ], [ -66.772258159999978, 10.569827487000055 ], [ -66.772309772999961, 10.569821379000075 ], [ -66.772382638999943, 10.569815257000073 ], [ -66.772434254999951, 10.569813703000023 ], [ -66.772494968999979, 10.569796962000055 ], [ -66.772543540999948, 10.569784784000035 ], [ -66.772634632999939, 10.569789276000051 ], [ -66.772661977999974, 10.569816584000023 ], [ -66.772651373999963, 10.569849990000023 ], [ -66.772625584999957, 10.569878852000045 ], [ -66.772580047999952, 10.569889510000053 ] ] ] } },
{ "type": "Feature", "properties": { "Shape_Leng": 0.0039035271392499999, "Shape_Area": 4.5916482877499998e-07, "Confidence": "Likely", "Type": "Landslide", "SubtypeLS": "Debris Flow", "SubtypeLQ": null, "SubtypeGR": null, "Comments": null, "Source": "B140001100B5C710 - RadiantEarth - 06/29/2026 and Sentinel-2 L2A - 07/07/2026", "Access": null, "Impact": null, "ID": 399, "Longitude": -66.765580750599995, "Latitude": 10.5778947394 }, "geometry": { "type": "Polygon", "coordinates": [ [ [ -66.765912209999954, 10.577793046000068 ], [ -66.766004893999934, 10.577827730000024 ], [ -66.766178654999976, 10.577862358000061 ], [ -66.766323478999936, 10.577925963000041 ], [ -66.766369852999958, 10.577989634000062 ], [ -66.766369904999976, 10.578064920000031 ], [ -66.766340979999939, 10.578111270000022 ], [ -66.766248323999946, 10.578117125000063 ], [ -66.766149884999948, 10.578134566000074 ], [ -66.766086220999966, 10.578192522000052 ], [ -66.766149963999965, 10.57825039100004 ], [ -66.766260029999955, 10.578296645000023 ], [ -66.76649757399997, 10.578447055000026 ], [ -66.766549749999967, 10.57852809600007 ], [ -66.766526624999983, 10.57858602500005 ], [ -66.766422382999963, 10.578586096000038 ], [ -66.766306525999937, 10.578539846000069 ], [ -66.766115347999971, 10.578441525000073 ], [ -66.766045816999963, 10.578389452000067 ], [ -66.76597626299997, 10.578302631000042 ], [ -66.765877748999969, 10.578210039000055 ], [ -66.765750293999986, 10.578140631000053 ], [ -66.765651802999969, 10.578082786000039 ], [ -66.765323329999944, 10.57787514100005 ], [ -66.765227424999978, 10.57778440900006 ], [ -66.765227376999974, 10.577713789000029 ], [ -66.765287891999947, 10.577688526000031 ], [ -66.765393811999957, 10.577673320000031 ], [ -66.765744216999963, 10.577723666000054 ], [ -66.765912209999954, 10.577793046000068 ] ] ] } },
{ "type": "Feature", "properties": { "Shape_Leng": 0.0052737250452599997, "Shape_Area": 6.8599265983699998e-07, "Confidence": "Likely", "Type": "Landslide", "SubtypeLS": "Debris Flow", "SubtypeLQ": null, "SubtypeGR": null, "Comments": null, "Source": "B140001100B5C710 - RadiantEarth - 06/29/2026 and Sentinel-2 L2A - 07/07/2026", "Access": null, "Impact": null, "ID": 400, "Longitude": -66.765071366300006, "Latitude": 10.576969171 }, "geometry": { "type": "Polygon", "coordinates": [ [ [ -66.765585373999954, 10.577496638000071 ], [ -66.765534941999988, 10.577511806000075 ], [ -66.765408885999932, 10.577587557000072 ], [ -66.765297927999939, 10.577612854000051 ], [ -66.76521721599994, 10.577607865000061 ], [ -66.765166748999945, 10.577572589000056 ], [ -66.765121294999972, 10.577491912000028 ], [ -66.765111126999955, 10.57737589900006 ], [ -66.765095892999966, 10.57722962500003 ], [ -66.76509576899997, 10.577048030000071 ], [ -66.765100702999973, 10.576886609000042 ], [ -66.765172461999953, 10.576501164000035 ], [ -66.765265065999984, 10.576420023000026 ], [ -66.765352527999937, 10.57631642900003 ], [ -66.765463477999958, 10.576281043000051 ], [ -66.765518965999945, 10.576281005000055 ], [ -66.765574514999969, 10.576371765000033 ], [ -66.765559464999967, 10.576492838000036 ], [ -66.765498995999963, 10.576583677000031 ], [ -66.765448617999937, 10.576679554000066 ], [ -66.765438601999961, 10.576785491000066 ], [ -66.765428585999985, 10.576891428000067 ], [ -66.765453904999958, 10.577032652000071 ], [ -66.765459013999987, 10.577128490000064 ], [ -66.765484325999978, 10.577259625000067 ], [ -66.765539826999941, 10.577279764000025 ], [ -66.765615477999972, 10.577259535000053 ], [ -66.765625500999988, 10.577163686000063 ], [ -66.765655652999953, 10.576997203000076 ], [ -66.765680828999962, 10.576931610000031 ], [ -66.765741308999964, 10.57685590400007 ], [ -66.765832092999972, 10.576835665000033 ], [ -66.765897695999968, 10.576875974000075 ], [ -66.765907843999969, 10.576961720000043 ], [ -66.765887728999985, 10.577052532000039 ], [ -66.765877684999964, 10.577118115000076 ], [ -66.765918066999973, 10.577158441000051 ], [ -66.766008812999985, 10.577082715000074 ], [ -66.766104616999939, 10.577027162000036 ], [ -66.766215597999974, 10.577037174000054 ], [ -66.766256004999946, 10.577112811000063 ], [ -66.766220752999971, 10.577198589000034 ], [ -66.766064437999944, 10.577284449000047 ], [ -66.765857680999943, 10.57737034400003 ], [ -66.765721528999961, 10.577436013000067 ], [ -66.765585373999954, 10.577496638000071 ] ] ] } },
{ "type": "Feature", "properties": { "Shape_Leng": 0.00057727030604800005, "Shape_Area": 2.24037159647e-08, "Confidence": "Likely", "Type": "Landslide", "SubtypeLS": "Debris Flow", "SubtypeLQ": null, "SubtypeGR": null, "Comments": null, "Source": "B140001100B5C710 - RadiantEarth - 06/29/2026", "Access": null, "Impact": null, "ID": 401, "Longitude": -66.764720061299997, "Latitude": 10.575572649 }, "geometry": { "type": "Polygon", "coordinates": [ [ [ -66.764783837999971, 10.575609579000059 ], [ -66.764691209999967, 10.575655973000039 ], [ -66.764668056999938, 10.575673362000032 ], [ -66.764644879999935, 10.575656005000042 ], [ -66.764639064999983, 10.575621261000038 ], [ -66.764639012999965, 10.575545975000068 ], [ -66.764679523999973, 10.575505409000073 ], [ -66.764737428999979, 10.575493786000038 ], [ -66.764812726999935, 10.575511109000047 ], [ -66.764818557999945, 10.575569017000021 ], [ -66.764783837999971, 10.575609579000059 ] ] ] } },
{ "type": "Feature", "properties": { "Shape_Leng": 0.00195749808525, "Shape_Area": 1.0933531861e-07, "Confidence": "Likely", "Type": "Landslide", "SubtypeLS": "Debris Flow", "SubtypeLQ": null, "SubtypeGR": null, "Comments": null, "Source": "B140001100B5C710 - RadiantEarth - 06/29/2026", "Access": null, "Impact": null, "ID": 402, "Longitude": -66.7629034351, "Latitude": 10.576520825199999 }, "geometry": { "type": "Polygon", "coordinates": [ [ [ -66.76326716799997, 10.576537217000066 ], [ -66.763087671999983, 10.576583669000058 ], [ -66.76298344099996, 10.576601115000074 ], [ -66.762896576999935, 10.576606965000053 ], [ -66.76279812599995, 10.576607033000073 ], [ -66.762705473999972, 10.576618679000035 ], [ -66.762664938999933, 10.576624498000058 ], [ -66.762578082999937, 10.57664193100004 ], [ -66.762537527999939, 10.576618794000069 ], [ -66.762549070999967, 10.576560873000062 ], [ -66.762578002999987, 10.576526106000074 ], [ -66.762624308999932, 10.576491327000042 ], [ -66.762618481999937, 10.576439210000046 ], [ -66.762601092999944, 10.576416057000074 ], [ -66.762647382999944, 10.576358113000026 ], [ -66.76269952399997, 10.57638703300006 ], [ -66.762734314999932, 10.576450713000042 ], [ -66.762780668999937, 10.576485429000059 ], [ -66.762855962999936, 10.576496960000043 ], [ -66.762994932999959, 10.576467908000041 ], [ -66.763099158999978, 10.576444672000036 ], [ -66.763243923999937, 10.576421408000044 ], [ -66.763325012999985, 10.576438726000049 ], [ -66.763342430999955, 10.576502418000075 ], [ -66.76326716799997, 10.576537217000066 ] ] ] } },
{ "type": "Feature", "properties": { "Shape_Leng": 0.00998576794424, "Shape_Area": 2.6749594038600002e-06, "Confidence": "Likely", "Type": "Landslide", "SubtypeLS": "Debris Flow", "SubtypeLQ": null, "SubtypeGR": null, "Comments": "Partially reactivated", "Source": "B140001100B5C710 - RadiantEarth - 06/29/2026", "Access": null, "Impact": null, "ID": 403, "Longitude": -66.761811226800006, "Latitude": 10.5804753484 }, "geometry": { "type": "Polygon", "coordinates": [ [ [ -66.761300277999965, 10.579648460000044 ], [ -66.761555055999963, 10.579596164000066 ], [ -66.761832995999953, 10.579538061000051 ], [ -66.762029869999935, 10.57949738800005 ], [ -66.762296223999954, 10.579433502000029 ], [ -66.762510479999946, 10.579404399000055 ], [ -66.762672613999939, 10.579375331000051 ], [ -66.763008497999976, 10.579363519000026 ], [ -66.763159069999972, 10.579363416000035 ], [ -66.763240155999938, 10.579374943000062 ], [ -66.763298103999944, 10.57942702400004 ], [ -66.763286564999987, 10.579490736000025 ], [ -66.763217081999983, 10.579508157000021 ], [ -66.763083894999966, 10.579525622000062 ], [ -66.762852245999966, 10.579525781000029 ], [ -66.76267852899997, 10.579554856000073 ], [ -66.762510586999952, 10.579560762000028 ], [ -66.762215241999968, 10.579572547000055 ], [ -66.762064696999971, 10.579613189000042 ], [ -66.761919943999942, 10.579653826000026 ], [ -66.761809937999942, 10.579694440000026 ], [ -66.761752069999943, 10.57975818400007 ], [ -66.761757923999937, 10.579850840000063 ], [ -66.761815867999985, 10.579897130000063 ], [ -66.761937555999964, 10.580001289000052 ], [ -66.762151890999974, 10.580088011000043 ], [ -66.762302518999945, 10.580168985000057 ], [ -66.762458956999978, 10.58027891100005 ], [ -66.762603825999975, 10.580406219000054 ], [ -66.762777645999961, 10.580527716000063 ], [ -66.762905140999976, 10.580655036000053 ], [ -66.762980469999945, 10.580718688000047 ], [ -66.763026839999952, 10.580776569000022 ], [ -66.763026882999952, 10.580840272000046 ], [ -66.762945805999948, 10.580840328000022 ], [ -66.762887897999974, 10.580846159000032 ], [ -66.762829984999939, 10.580846199000064 ], [ -66.762737352999977, 10.580886801000077 ], [ -66.762673676999952, 10.580927383000073 ], [ -66.762610009999946, 10.580979548000073 ], [ -66.762569482999936, 10.580996949000053 ], [ -66.762500050999961, 10.581089657000064 ], [ -66.76242482899994, 10.581182368000043 ], [ -66.762309078999976, 10.581292481000048 ], [ -66.762216490999947, 10.581396787000074 ], [ -66.76221652299995, 10.581443116000059 ], [ -66.762245510999946, 10.581489427000065 ], [ -66.762228172999983, 10.581541560000062 ], [ -66.76218185099998, 10.581553174000021 ], [ -66.762112315999957, 10.581495309000047 ], [ -66.762036974999944, 10.581414283000072 ], [ -66.761938463999968, 10.581327482000063 ], [ -66.761868936999974, 10.581281200000035 ], [ -66.761683549999987, 10.581182876000071 ], [ -66.761631432999934, 10.581188703000066 ], [ -66.761550395999961, 10.581246671000031 ], [ -66.761515711999948, 10.581339354000022 ], [ -66.761486794999939, 10.581397286000026 ], [ -66.761440476999951, 10.581414692000067 ], [ -66.761336214999972, 10.581385807000061 ], [ -66.761243519999937, 10.581333749000066 ], [ -66.761174000999972, 10.581299049000052 ], [ -66.761092875999964, 10.581229610000037 ], [ -66.761069666999958, 10.581165922000025 ], [ -66.761081181999941, 10.581067463000068 ], [ -66.761098480999976, 10.580957418000025 ], [ -66.761052082999981, 10.580858999000043 ], [ -66.760999898999955, 10.580766375000053 ], [ -66.760959304999972, 10.580685325000047 ], [ -66.760912918999963, 10.580604280000045 ], [ -66.760878119999973, 10.58052901700006 ], [ -66.760796943999935, 10.580384292000076 ], [ -66.760762140999987, 10.580303238000056 ], [ -66.760756313999934, 10.58025112100006 ], [ -66.760767848999933, 10.58018161800004 ], [ -66.760814150999977, 10.58014104800003 ], [ -66.76087202399998, 10.580083096000067 ], [ -66.760906718999934, 10.580007786000067 ], [ -66.760912470999983, 10.579949870000064 ], [ -66.760952969999948, 10.579891930000031 ], [ -66.76101085099998, 10.579845560000024 ], [ -66.761138197999969, 10.579758604000062 ], [ -66.761300277999965, 10.579648460000044 ] ] ] } },
{ "type": "Feature", "properties": { "Shape_Leng": 0.00116913644764, "Shape_Area": 8.0156780972499997e-08, "Confidence": "Likely", "Type": "Landslide", "SubtypeLS": "Debris Flow", "SubtypeLQ": null, "SubtypeGR": null, "Comments": null, "Source": "B140001100B5C710 - RadiantEarth - 06/29/2026", "Access": null, "Impact": null, "ID": 404, "Longitude": -66.757386652600005, "Latitude": 10.5811620095 }, "geometry": { "type": "Polygon", "coordinates": [ [ [ -66.75749633099997, 10.580959885000027 ], [ -66.757502201999955, 10.581075706000036 ], [ -66.757484910999949, 10.581197334000024 ], [ -66.757467608999946, 10.581301588000031 ], [ -66.757403948999979, 10.581365335000044 ], [ -66.757293915999981, 10.581365411000036 ], [ -66.757241742999952, 10.581290160000037 ], [ -66.757270615999971, 10.581168524000077 ], [ -66.757311090999963, 10.581075837000071 ], [ -66.757363152999972, 10.580988933000071 ], [ -66.757421020999971, 10.580925189000027 ], [ -66.757444165999971, 10.580896217000031 ], [ -66.75749633099997, 10.580959885000027 ] ] ] } },
{ "type": "Feature", "properties": { "Shape_Leng": 0.0015949375440299999, "Shape_Area": 8.4079424350599997e-08, "Confidence": "Likely", "Type": "Landslide", "SubtypeLS": "Debris Flow", "SubtypeLQ": null, "SubtypeGR": null, "Comments": null, "Source": "B140001100B5C710 - RadiantEarth - 06/29/2026", "Access": null, "Impact": null, "ID": 405, "Longitude": -66.756822593699994, "Latitude": 10.579888095699999 }, "geometry": { "type": "Polygon", "coordinates": [ [ [ -66.75674519599994, 10.580097273000035 ], [ -66.756671021999978, 10.580030609000062 ], [ -66.756663570999933, 10.579975018000027 ], [ -66.756674664999935, 10.579937947000076 ], [ -66.756685760999972, 10.579904581000051 ], [ -66.756715379999946, 10.579856378000045 ], [ -66.756752415999983, 10.579815582000037 ], [ -66.756789438999988, 10.579756255000063 ], [ -66.75681164699995, 10.579711763000034 ], [ -66.756807906999938, 10.579663582000023 ], [ -66.756785648999937, 10.579633946000058 ], [ -66.756793035999976, 10.579596877000029 ], [ -66.756822689999979, 10.579600563000042 ], [ -66.756863479999936, 10.579630187000021 ], [ -66.756893128999934, 10.579626460000043 ], [ -66.756926483999962, 10.579622731000029 ], [ -66.756956162999984, 10.579663481000068 ], [ -66.75695247699997, 10.579693134000024 ], [ -66.756933990999983, 10.57975986200006 ], [ -66.756896956999981, 10.57980436400004 ], [ -66.756845107999936, 10.579863702000068 ], [ -66.756819198999949, 10.579915609000068 ], [ -66.756837761999975, 10.579960073000052 ], [ -66.756889668999975, 10.579985982000039 ], [ -66.756919319999952, 10.579985962000023 ], [ -66.756978631999971, 10.580000747000042 ], [ -66.757008298999949, 10.580022965000069 ], [ -66.756989789999977, 10.580056335000052 ], [ -66.756926798999984, 10.580082323000056 ], [ -66.756852675999937, 10.580089787000077 ], [ -66.756789671999968, 10.580097243000068 ], [ -66.75674519599994, 10.580097273000035 ] ] ] } },
{ "type": "Feature", "properties": { "Shape_Leng": 0.0010684564242599999, "Shape_Area": 3.27360754249e-08, "Confidence": "Likely", "Type": "Landslide", "SubtypeLS": "Debris Flow", "SubtypeLQ": null, "SubtypeGR": null, "Comments": null, "Source": "B140001100B5C710 - RadiantEarth - 06/29/2026", "Access": null, "Impact": null, "ID": 406, "Longitude": -66.756641561899997, "Latitude": 10.5792753059 }, "geometry": { "type": "Polygon", "coordinates": [ [ [ -66.756615, 10.579407973000059 ], [ -66.756559449999941, 10.579474726000058 ], [ -66.756548329999987, 10.57947473400003 ], [ -66.756526073999964, 10.579448804000037 ], [ -66.756526058999953, 10.579426566000052 ], [ -66.756551975999969, 10.579385778000074 ], [ -66.756574183999987, 10.579341286000044 ], [ -66.756603796999968, 10.579285670000047 ], [ -66.75662598699995, 10.57921523300007 ], [ -66.756644447999975, 10.579111442000055 ], [ -66.75664812399998, 10.57906696200007 ], [ -66.75667034199995, 10.579037296000024 ], [ -66.756696291999958, 10.579044691000036 ], [ -66.756700022999951, 10.579081752000036 ], [ -66.756681526999955, 10.579133654000032 ], [ -66.75668157299998, 10.579200370000024 ], [ -66.756703823999942, 10.579218886000035 ], [ -66.756748304999974, 10.57922626900006 ], [ -66.756748325999979, 10.579255920000037 ], [ -66.756722403999959, 10.579289295000024 ], [ -66.756681663999984, 10.579333800000029 ], [ -66.756615, 10.579407973000059 ] ] ] } },
{ "type": "Feature", "properties": { "Shape_Leng": 0.00055504011289200003, "Shape_Area": 1.7137300798e-08, "Confidence": "Likely", "Type": "Landslide", "SubtypeLS": "Debris Flow", "SubtypeLQ": null, "SubtypeGR": null, "Comments": null, "Source": "B140001100B5C710 - RadiantEarth - 06/29/2026", "Access": null, "Impact": null, "ID": 407, "Longitude": -66.755339640599999, "Latitude": 10.579427688499999 }, "geometry": { "type": "Polygon", "coordinates": [ [ [ -66.755299280999964, 10.579483002000075 ], [ -66.755243677999943, 10.579471921000049 ], [ -66.755228846999955, 10.579464518000066 ], [ -66.755225122999946, 10.57943857600003 ], [ -66.755251047999934, 10.579408907000072 ], [ -66.755284391999965, 10.579390353000065 ], [ -66.755388163999953, 10.579379162000066 ], [ -66.755443759999935, 10.57937912400007 ], [ -66.755458612999973, 10.57941988400006 ], [ -66.755436389999943, 10.579442138000047 ], [ -66.755384512999967, 10.579460705000031 ], [ -66.755299280999964, 10.579483002000075 ] ] ] } },
{ "type": "Feature", "properties": { "Shape_Leng": 0.00065414845255100005, "Shape_Area": 2.29070007845e-08, "Confidence": "Likely", "Type": "Landslide", "SubtypeLS": "Debris Flow", "SubtypeLQ": null, "SubtypeGR": null, "Comments": null, "Source": "B140001100B5C710 - RadiantEarth - 06/29/2026", "Access": null, "Impact": null, "ID": 408, "Longitude": -66.758142263400003, "Latitude": 10.5795693348 }, "geometry": { "type": "Polygon", "coordinates": [ [ [ -66.758130969999968, 10.579488476000051 ], [ -66.758193985999981, 10.579499552000073 ], [ -66.758249599999942, 10.579525458000035 ], [ -66.758257027999946, 10.579547692000062 ], [ -66.758253336999985, 10.579569932000027 ], [ -66.758208872999944, 10.579588495000053 ], [ -66.758175514999948, 10.579588518000037 ], [ -66.758156982999935, 10.579588530000024 ], [ -66.758160714999974, 10.57962559200007 ], [ -66.758168147999982, 10.579655238000043 ], [ -66.758160749999945, 10.579677481000033 ], [ -66.758149630999981, 10.579677489000062 ], [ -66.758101429999954, 10.57965157700005 ], [ -66.758064350999973, 10.579629364000027 ], [ -66.758053211999936, 10.579599721000022 ], [ -66.758056887999942, 10.579555241000037 ], [ -66.758075391999967, 10.579514458000062 ], [ -66.758130969999968, 10.579488476000051 ] ] ] } },
{ "type": "Feature", "properties": { "Shape_Leng": 0.00069321069789599998, "Shape_Area": 1.50180155362e-08, "Confidence": "Likely", "Type": "Landslide", "SubtypeLS": "Debris Flow", "SubtypeLQ": null, "SubtypeGR": null, "Comments": null, "Source": "B140001100B5C710 - RadiantEarth - 06/29/2026", "Access": null, "Impact": null, "ID": 409, "Longitude": -66.757273705000003, "Latitude": 10.5763078164 }, "geometry": { "type": "Polygon", "coordinates": [ [ [ -66.757374062999986, 10.576367766000033 ], [ -66.757276781999963, 10.576332251000053 ], [ -66.757212722999952, 10.576313318000075 ], [ -66.757143918999986, 10.576294389000054 ], [ -66.757115452999983, 10.576292036000041 ], [ -66.757108329999937, 10.576282552000066 ], [ -66.75713677899995, 10.576258812000049 ], [ -66.757174731999953, 10.576258786000039 ], [ -66.757238779999966, 10.576261114000033 ], [ -66.75729572299997, 10.576280052000072 ], [ -66.757336063999958, 10.576301373000035 ], [ -66.757376398999952, 10.576315578000049 ], [ -66.757414364999988, 10.576334529000064 ], [ -66.757421498999975, 10.576360617000034 ], [ -66.75740727699997, 10.576374859000055 ], [ -66.757374062999986, 10.576367766000033 ] ] ] } },
{ "type": "Feature", "properties": { "Shape_Leng": 0.0017038291468799999, "Shape_Area": 1.06350528813e-07, "Confidence": "Likely", "Type": "Landslide", "SubtypeLS": "Debris Flow", "SubtypeLQ": null, "SubtypeGR": null, "Comments": null, "Source": "B140001100B5C710 - RadiantEarth - 06/29/2026", "Access": null, "Impact": null, "ID": 410, "Longitude": -66.787775879400002, "Latitude": 10.5519320067 }, "geometry": { "type": "Polygon", "coordinates": [ [ [ -66.787868967999941, 10.552063960000055 ], [ -66.787921243999961, 10.552289783000049 ], [ -66.787898110999947, 10.552336128000036 ], [ -66.787869153999964, 10.552336148000052 ], [ -66.787840185999983, 10.55231879400003 ], [ -66.787805398999978, 10.552260906000072 ], [ -66.787770591999958, 10.552174061000073 ], [ -66.787741580999977, 10.552093004000028 ], [ -66.787718351999956, 10.552000360000022 ], [ -66.787683524999977, 10.55188455900003 ], [ -66.787631288999933, 10.55171664900007 ], [ -66.787625433999949, 10.551623993000021 ], [ -66.787654362999945, 10.551583434000065 ], [ -66.78771807399994, 10.551594973000022 ], [ -66.787787616999935, 10.551664420000066 ], [ -66.787834013999941, 10.551762840000038 ], [ -66.787857269999961, 10.551896022000051 ], [ -66.787868967999941, 10.552063960000055 ] ] ] } },
{ "type": "Feature", "properties": { "Shape_Leng": 0.00072228959268399995, "Shape_Area": 2.7711318036500001e-08, "Confidence": "Likely", "Type": "Landslide", "SubtypeLS": "Debris Flow", "SubtypeLQ": null, "SubtypeGR": null, "Comments": "Partially reactivated. Obstructed by clouds", "Source": "B140001100B5C710 - RadiantEarth - 06/29/2026", "Access": null, "Impact": null, "ID": 411, "Longitude": -66.809856923200002, "Latitude": 10.567916546099999 }, "geometry": { "type": "Polygon", "coordinates": [ [ [ -66.809892411999954, 10.567988021000076 ], [ -66.80986229399997, 10.567990957000063 ], [ -66.809852582999952, 10.56799776500003 ], [ -66.809836076999943, 10.568015265000042 ], [ -66.80983026399997, 10.568039559000056 ], [ -66.809819588999972, 10.568057055000054 ], [ -66.809802099999956, 10.56805803900005 ], [ -66.809784602999969, 10.568046392000042 ], [ -66.809771961999957, 10.568030855000075 ], [ -66.809772920999933, 10.56801239300006 ], [ -66.809780665999938, 10.567972552000072 ], [ -66.809789393999949, 10.56794728400007 ], [ -66.80980200099998, 10.567912298000067 ], [ -66.809811690999936, 10.567874398000072 ], [ -66.809822345999976, 10.567827754000064 ], [ -66.809832038999957, 10.56779276900005 ], [ -66.809838835999983, 10.567786935000072 ], [ -66.80984854899998, 10.56778304200003 ], [ -66.809862151999937, 10.567783033000069 ], [ -66.809878669999932, 10.567783993000035 ], [ -66.809897140999965, 10.567799526000044 ], [ -66.809905894999986, 10.567813123000064 ], [ -66.809908821999954, 10.567830610000044 ], [ -66.80991077699997, 10.567848097000024 ], [ -66.809918558999982, 10.567861694000044 ], [ -66.809928275999937, 10.56786265900007 ], [ -66.809942854999974, 10.567870422000055 ], [ -66.809949667999945, 10.567887906000067 ], [ -66.809946772999979, 10.567916085000036 ], [ -66.809936101999938, 10.567940383000064 ], [ -66.809918628999981, 10.567964685000049 ], [ -66.809892411999954, 10.567988021000076 ] ] ] } },
{ "type": "Feature", "properties": { "Shape_Leng": 0.0024974854422400001, "Shape_Area": 1.53857392942e-07, "Confidence": "Likely", "Type": "Landslide", "SubtypeLS": "Debris Flow", "SubtypeLQ": null, "SubtypeGR": null, "Comments": null, "Source": "B140001100B5C710 - RadiantEarth - 06/29/2026", "Access": null, "Impact": null, "ID": 412, "Longitude": -66.803034654000001, "Latitude": 10.577155548 }, "geometry": { "type": "Polygon", "coordinates": [ [ [ -66.803742545999967, 10.577123366000023 ], [ -66.803435570999966, 10.577065664000031 ], [ -66.803308163999986, 10.577065751000021 ], [ -66.80322132699996, 10.577112141000043 ], [ -66.803122931999951, 10.577193286000067 ], [ -66.803053463999959, 10.577233872000022 ], [ -66.802949249999983, 10.577274482000064 ], [ -66.802862412999957, 10.57732087100004 ], [ -66.80281608699994, 10.577326694000021 ], [ -66.802781335999953, 10.577320927000073 ], [ -66.80275815899995, 10.577303569000037 ], [ -66.80276970999995, 10.577257231000033 ], [ -66.802816011999937, 10.577216661000023 ], [ -66.802908619999982, 10.577141311000048 ], [ -66.802989665999974, 10.577094926000029 ], [ -66.803093867999962, 10.577036942000063 ], [ -66.803215440999963, 10.576973155000076 ], [ -66.803365988999985, 10.576938305000056 ], [ -66.803522351999959, 10.57693819800005 ], [ -66.803586059999986, 10.576943945000039 ], [ -66.803742434999947, 10.576961212000072 ], [ -66.803858311999988, 10.577036418000034 ], [ -66.803864137999938, 10.577088536000076 ], [ -66.803806245999965, 10.577117532000045 ], [ -66.803742545999967, 10.577123366000023 ] ] ] } },
{ "type": "Feature", "properties": { "Shape_Leng": 0.00080304256979500004, "Shape_Area": 2.5430506229300001e-08, "Confidence": "Likely", "Type": "Landslide", "SubtypeLS": "Debris Flow", "SubtypeLQ": null, "SubtypeGR": null, "Comments": null, "Source": "B140001100B5C710 - RadiantEarth - 06/29/2026", "Access": null, "Impact": null, "ID": 413, "Longitude": -66.775568701799997, "Latitude": 10.542272193200001 }, "geometry": { "type": "Polygon", "coordinates": [ [ [ -66.775658546999978, 10.542318096000031 ], [ -66.775608729999988, 10.542313386000046 ], [ -66.775587375999976, 10.542306284000063 ], [ -66.775568392999958, 10.54229680900005 ], [ -66.775539927999944, 10.542296828000076 ], [ -66.775504349999949, 10.542301597000062 ], [ -66.77542845399995, 10.542318253000076 ], [ -66.775397616999953, 10.542318275000071 ], [ -66.775385744999937, 10.542301678000058 ], [ -66.77538810599998, 10.542285072000027 ], [ -66.775416547999953, 10.542251843000031 ], [ -66.775454490999948, 10.542235212000037 ], [ -66.77551379099998, 10.542232800000022 ], [ -66.775582576999966, 10.542225636000069 ], [ -66.775665599999968, 10.542225579000046 ], [ -66.77573203999998, 10.542256371000065 ], [ -66.775743922999936, 10.542289572000072 ], [ -66.775729701999978, 10.542306187000065 ], [ -66.775658546999978, 10.542318096000031 ] ] ] } },
{ "type": "Feature", "properties": { "Shape_Leng": 0.0074041307325, "Shape_Area": 6.0098225939699996e-07, "Confidence": "Likely", "Type": "Landslide", "SubtypeLS": "Debris Flow", "SubtypeLQ": null, "SubtypeGR": null, "Comments": null, "Source": "B140001100B5C710 - RadiantEarth - 06/29/2026", "Access": null, "Impact": null, "ID": 414, "Longitude": -66.76726797000001, "Latitude": 10.560503733599999 }, "geometry": { "type": "Polygon", "coordinates": [ [ [ -66.768699604999938, 10.560334008000041 ], [ -66.768277144999956, 10.560434370000053 ], [ -66.768165972999952, 10.560464097000022 ], [ -66.768036287999962, 10.560519782000028 ], [ -66.767847271999983, 10.560534737000069 ], [ -66.767762021999943, 10.560531089000051 ], [ -66.767691592999938, 10.560520018000034 ], [ -66.767580393999935, 10.560508975000062 ], [ -66.767513688999941, 10.560523846000024 ], [ -66.767484065999952, 10.560564637000027 ], [ -66.767498921999959, 10.560609103000047 ], [ -66.767532314999983, 10.560660970000072 ], [ -66.767569395999942, 10.560686889000067 ], [ -66.767654668999967, 10.560723895000024 ], [ -66.767706578999935, 10.56075351000004 ], [ -66.767717735999952, 10.560809099000039 ], [ -66.767684387999964, 10.560823947000074 ], [ -66.767543506999971, 10.560768448000033 ], [ -66.767473047999943, 10.560712900000055 ], [ -66.767421112999955, 10.560646220000024 ], [ -66.767332120999981, 10.560590685000022 ], [ -66.767239453999935, 10.560579630000063 ], [ -66.76708382299995, 10.560635332000061 ], [ -66.766987466999979, 10.560650224000028 ], [ -66.766820697999947, 10.560676283000021 ], [ -66.766716951999967, 10.560724537000056 ], [ -66.766602063999983, 10.560739441000067 ], [ -66.766487164999944, 10.560739520000027 ], [ -66.766398211999956, 10.560739581000064 ], [ -66.766264781999951, 10.560739672000068 ], [ -66.766179547999968, 10.560758263000025 ], [ -66.766105409999966, 10.560743488000071 ], [ -66.766079456999933, 10.560732386000041 ], [ -66.766060914999969, 10.560717573000034 ], [ -66.766027546999965, 10.560702771000024 ], [ -66.765946019999944, 10.56072135900007 ], [ -66.765879316999985, 10.560739936000061 ], [ -66.765827411999965, 10.560717733000047 ], [ -66.765838500999962, 10.560673249000047 ], [ -66.765882944999987, 10.560625036000033 ], [ -66.765931099999932, 10.560584232000053 ], [ -66.765997786999947, 10.56054341600003 ], [ -66.76606077799994, 10.560517428000026 ], [ -66.766268350999951, 10.560539524000035 ], [ -66.766390659999956, 10.560535734000041 ], [ -66.766524068999956, 10.56050599200006 ], [ -66.76668340599997, 10.560450287000037 ], [ -66.766813104999983, 10.560413134000044 ], [ -66.766905746999953, 10.560387126000023 ], [ -66.767087316999948, 10.560323993000054 ], [ -66.767187401999934, 10.560342456000058 ], [ -66.767172603999938, 10.560383237000053 ], [ -66.76712073799996, 10.560416630000077 ], [ -66.767068875999939, 10.560457436000036 ], [ -66.767094838999981, 10.56048336300006 ], [ -66.767176371999938, 10.560472187000073 ], [ -66.767276430999971, 10.56045358700004 ], [ -66.767432066999959, 10.560405297000045 ], [ -66.767561762999946, 10.560364438000022 ], [ -66.767710007999938, 10.560349511000027 ], [ -66.767828622999957, 10.560364255000025 ], [ -66.767899051999962, 10.560375326000042 ], [ -66.768010243999981, 10.56037525000005 ], [ -66.768154769999967, 10.560341794000067 ], [ -66.768302989999938, 10.560289803000046 ], [ -66.768403034999949, 10.560248964000039 ], [ -66.768532709999988, 10.560178453000049 ], [ -66.76865498799998, 10.560130187000027 ], [ -66.768781007999962, 10.560133807000057 ], [ -66.768832927999938, 10.560178248000057 ], [ -66.768836682999961, 10.560248667000053 ], [ -66.768784838999977, 10.560315417000027 ], [ -66.768699604999938, 10.560334008000041 ] ] ] } },
{ "type": "Feature", "properties": { "Shape_Leng": 0.0033154297757300001, "Shape_Area": 2.47981375109e-07, "Confidence": "Likely", "Type": "Landslide", "SubtypeLS": "Debris Flow", "SubtypeLQ": null, "SubtypeGR": null, "Comments": null, "Source": "B140001100B5C710 - RadiantEarth - 06/29/2026", "Access": null, "Impact": null, "ID": 415, "Longitude": -66.724569053699994, "Latitude": 10.568821225600001 }, "geometry": { "type": "Polygon", "coordinates": [ [ [ -66.725187139999946, 10.569005367000045 ], [ -66.72482550999996, 10.568946979000032 ], [ -66.724616993999973, 10.568901516000039 ], [ -66.72428469099998, 10.568856137000068 ], [ -66.724092482999936, 10.568839981000053 ], [ -66.723910038999975, 10.568810788000064 ], [ -66.723799251999935, 10.568768515000045 ], [ -66.723776419999979, 10.568726182000034 ], [ -66.723779637999939, 10.56866754400005 ], [ -66.723835006999934, 10.568654476000063 ], [ -66.723877355999946, 10.568654447000029 ], [ -66.724046762999933, 10.568673876000048 ], [ -66.724222677999933, 10.568683528000065 ], [ -66.724424671999941, 10.568719223000073 ], [ -66.724636434999979, 10.568748396000046 ], [ -66.724828644999945, 10.568767810000054 ], [ -66.725037148999945, 10.568796986000052 ], [ -66.725183755999979, 10.568819688000076 ], [ -66.725343434999957, 10.568904276000069 ], [ -66.725320666999949, 10.568956412000034 ], [ -66.725258793999956, 10.568985773000065 ], [ -66.725187139999946, 10.569005367000045 ] ] ] } },
{ "type": "Feature", "properties": { "Shape_Leng": 0.00082244627883700005, "Shape_Area": 3.6244544307000003e-08, "Confidence": "Likely", "Type": "Landslide", "SubtypeLS": "Debris Flow", "SubtypeLQ": null, "SubtypeGR": null, "Comments": null, "Source": "B140001100B5C710 - RadiantEarth - 06/29/2026", "Access": null, "Impact": null, "ID": 416, "Longitude": -66.723927646299998, "Latitude": 10.569175078400001 }, "geometry": { "type": "Polygon", "coordinates": [ [ [ -66.723841794999942, 10.56905189500003 ], [ -66.723903705999987, 10.569077913000058 ], [ -66.723965631999988, 10.569123477000062 ], [ -66.724014523999983, 10.569165792000035 ], [ -66.724043861999974, 10.569195090000051 ], [ -66.724060185999974, 10.569247200000063 ], [ -66.724053699999956, 10.569289553000033 ], [ -66.724021136999966, 10.569309120000071 ], [ -66.723972264999986, 10.569296124000061 ], [ -66.723926631999973, 10.569257064000055 ], [ -66.723867961999986, 10.569208240000023 ], [ -66.723838612999941, 10.569162655000071 ], [ -66.723802750999937, 10.569120331000022 ], [ -66.723783184999945, 10.569091026000024 ], [ -66.723783157999947, 10.569051935000061 ], [ -66.723796179999965, 10.569038896000052 ], [ -66.723841794999942, 10.56905189500003 ] ] ] } },
{ "type": "Feature", "properties": { "Shape_Leng": 0.00124048680555, "Shape_Area": 4.3479079290400002e-08, "Confidence": "Likely", "Type": "Landslide", "SubtypeLS": "Debris Flow", "SubtypeLQ": null, "SubtypeGR": null, "Comments": null, "Source": "B140001100B5C710 - RadiantEarth - 06/29/2026", "Access": null, "Impact": null, "ID": 417, "Longitude": -66.725587786299997, "Latitude": 10.5757464289 }, "geometry": { "type": "Polygon", "coordinates": [ [ [ -66.725638808999975, 10.575826722000045 ], [ -66.725568093999982, 10.575832108000043 ], [ -66.725512060999961, 10.575842821000037 ], [ -66.725478709999948, 10.575852184000041 ], [ -66.725462705999973, 10.575864204000027 ], [ -66.725432016999946, 10.575864225000032 ], [ -66.725409329999934, 10.57585756900005 ], [ -66.725401314999942, 10.575844231000076 ], [ -66.725405309999985, 10.575832220000052 ], [ -66.725413302999982, 10.575814868000066 ], [ -66.725430638999967, 10.575800179000055 ], [ -66.725463986999955, 10.575785479000047 ], [ -66.72551201999994, 10.575782777000029 ], [ -66.725540037999963, 10.575780090000023 ], [ -66.725548043999936, 10.57578008400003 ], [ -66.72555203099995, 10.575757398000064 ], [ -66.725549357999967, 10.575750729000049 ], [ -66.725521327999957, 10.575736070000062 ], [ -66.725513318999958, 10.57573207300004 ], [ -66.725470608999956, 10.575713422000035 ], [ -66.725438575999988, 10.575698767000063 ], [ -66.725430565999943, 10.575693435000062 ], [ -66.725429228999985, 10.575689433000036 ], [ -66.725442562999945, 10.57567608100004 ], [ -66.725475918999962, 10.575673389000031 ], [ -66.725510606999933, 10.575668028000052 ], [ -66.725546632999965, 10.575668004000022 ], [ -66.725602674999948, 10.575669300000072 ], [ -66.725652036999975, 10.575659926000071 ], [ -66.725696056999936, 10.575642550000055 ], [ -66.725733415999969, 10.575639855000077 ], [ -66.72575876999997, 10.575642507000055 ], [ -66.725769446999948, 10.575646502000041 ], [ -66.725778802999969, 10.575670513000034 ], [ -66.725768137999978, 10.575683864000041 ], [ -66.725737452999965, 10.575689222000051 ], [ -66.725716106999982, 10.575693239000032 ], [ -66.725709451999933, 10.575717261000023 ], [ -66.725713457999973, 10.575722596000048 ], [ -66.725721478999958, 10.575745273000052 ], [ -66.725709472999938, 10.57574795000005 ], [ -66.725689466999938, 10.57576130700005 ], [ -66.725690810999936, 10.575774649000039 ], [ -66.725698834999946, 10.575801330000047 ], [ -66.725690833999977, 10.575808007000035 ], [ -66.725670824999952, 10.57581736000003 ], [ -66.725638808999975, 10.575826722000045 ] ] ] } },
{ "type": "Feature", "properties": { "Shape_Leng": 0.0078311590037200007, "Shape_Area": 7.0628243137000001e-07, "Confidence": "Likely", "Type": "Landslide", "SubtypeLS": "Debris Flow", "SubtypeLQ": null, "SubtypeGR": null, "Comments": null, "Source": "B140001100B5C710 - RadiantEarth - 06/29/2026", "Access": null, "Impact": null, "ID": 418, "Longitude": -66.743968600399995, "Latitude": 10.6026817907 }, "geometry": { "type": "Polygon", "coordinates": [ [ [ -66.743801644999962, 10.603373039000076 ], [ -66.743713563999961, 10.603187417000072 ], [ -66.743677649999938, 10.603070169000034 ], [ -66.743638498999985, 10.602982242000053 ], [ -66.743615621999936, 10.602874757000052 ], [ -66.743553669999983, 10.602790103000075 ], [ -66.743462395999984, 10.602698953000072 ], [ -66.743390688999966, 10.60264036600006 ], [ -66.743367854999974, 10.602594776000046 ], [ -66.743393879999985, 10.602542637000056 ], [ -66.743416662999948, 10.602513303000023 ], [ -66.743416633999971, 10.602470955000058 ], [ -66.743468716999985, 10.602415540000038 ], [ -66.743520819999958, 10.602389444000039 ], [ -66.743589195999959, 10.602340534000064 ], [ -66.743631507999964, 10.602288384000076 ], [ -66.743693363999967, 10.602232962000073 ], [ -66.743771494999976, 10.602157985000076 ], [ -66.743859399999963, 10.602086258000043 ], [ -66.74390826399997, 10.602086224000061 ], [ -66.743908274999967, 10.602102512000044 ], [ -66.743892013999982, 10.602141614000061 ], [ -66.743833412999948, 10.602193776000036 ], [ -66.743804114999932, 10.602223114000026 ], [ -66.743735748999939, 10.602285055000038 ], [ -66.743677145999982, 10.602333958000031 ], [ -66.743608776999963, 10.602392641000051 ], [ -66.743612058999986, 10.602428472000042 ], [ -66.743673954999963, 10.602431688000024 ], [ -66.743726055999957, 10.602402334000033 ], [ -66.743768381999985, 10.602369729000031 ], [ -66.743817225999976, 10.602340377000075 ], [ -66.743908390999934, 10.602271906000055 ], [ -66.743960469999934, 10.60220997600004 ], [ -66.744012550999969, 10.602151305000064 ], [ -66.744058127999949, 10.602108925000039 ], [ -66.744119989999945, 10.602063276000024 ], [ -66.744191629999932, 10.602024137000058 ], [ -66.744220947999963, 10.602024116000052 ], [ -66.744266558999982, 10.602030600000035 ], [ -66.744289394999953, 10.60207944800004 ], [ -66.744266624999966, 10.602128327000059 ], [ -66.744211273999952, 10.602167456000075 ], [ -66.744159194999952, 10.602229386000033 ], [ -66.744077781999977, 10.602268532000039 ], [ -66.744025694999948, 10.602317432000063 ], [ -66.743944286999977, 10.602363093000065 ], [ -66.743879165999942, 10.602408744000059 ], [ -66.743817314999944, 10.602470680000067 ], [ -66.743788032999987, 10.602522822000026 ], [ -66.743820625999945, 10.60254886000007 ], [ -66.74384342899998, 10.602548844000069 ], [ -66.743889023999941, 10.602532525000072 ], [ -66.743937873999982, 10.602512946000047 ], [ -66.743980199999953, 10.602480341000046 ], [ -66.744032296999933, 10.602444473000048 ], [ -66.74408439299998, 10.602408604000061 ], [ -66.744162543999948, 10.602362944000049 ], [ -66.744266749999952, 10.602310751000061 ], [ -66.744348178999985, 10.602294408000034 ], [ -66.744436128999951, 10.602287832000059 ], [ -66.744530602999987, 10.602294283000049 ], [ -66.744608797999945, 10.602313775000027 ], [ -66.744638137999971, 10.602346330000046 ], [ -66.744621872999971, 10.602378917000067 ], [ -66.744573019999962, 10.602395239000032 ], [ -66.744481816999951, 10.602408331000049 ], [ -66.74439061399994, 10.602421424000056 ], [ -66.744257070999936, 10.602447576000031 ], [ -66.744156112999974, 10.60248673600006 ], [ -66.74409424199996, 10.602519354000037 ], [ -66.744048660999965, 10.602555219000067 ], [ -66.744032392999941, 10.602584548000038 ], [ -66.744045449999987, 10.602623630000039 ], [ -66.744071523999935, 10.602643158000035 ], [ -66.744136683999955, 10.602656143000047 ], [ -66.744166001999986, 10.602656123000031 ], [ -66.744234417999962, 10.602665849000061 ], [ -66.74430935099997, 10.602678828000023 ], [ -66.744403826999985, 10.602688536000073 ], [ -66.744462467999938, 10.602695011000037 ], [ -66.744543924999959, 10.602721016000032 ], [ -66.744550468999932, 10.60276336000004 ], [ -66.744534205999969, 10.602799204000064 ], [ -66.744498398999951, 10.602838320000046 ], [ -66.744478882999942, 10.602880681000045 ], [ -66.744495194999956, 10.602916503000074 ], [ -66.744534301999977, 10.602939280000044 ], [ -66.74456364699995, 10.602978350000058 ], [ -66.744557157999964, 10.603017446000024 ], [ -66.744508330999963, 10.603069600000026 ], [ -66.744469245999937, 10.60307940000007 ], [ -66.744426890999932, 10.603069656000059 ], [ -66.744394279999938, 10.603017557000044 ], [ -66.74435191799995, 10.602998041000035 ], [ -66.744276984999942, 10.602985062000073 ], [ -66.744224858999985, 10.602978583000038 ], [ -66.74415318399997, 10.602965601000051 ], [ -66.744061962999979, 10.602952634000076 ], [ -66.743967504999944, 10.602968986000064 ], [ -66.743892588999984, 10.602982068000074 ], [ -66.743833959999961, 10.602991881000037 ], [ -66.743811178999977, 10.603024472000072 ], [ -66.743834, 10.603050517000042 ], [ -66.743873101999952, 10.603066778000027 ], [ -66.743954540999937, 10.603066722000051 ], [ -66.744000146999952, 10.603066691000038 ], [ -66.744052267999962, 10.603066655000021 ], [ -66.74410439199994, 10.603069877000053 ], [ -66.744123945999945, 10.603082894000067 ], [ -66.744101171999944, 10.603125258000034 ], [ -66.744006739999975, 10.603180701000042 ], [ -66.743931858999986, 10.603242647000059 ], [ -66.743860240999936, 10.603314362000049 ], [ -66.743801644999962, 10.603373039000076 ] ] ] } },
{ "type": "Feature", "properties": { "Shape_Leng": 0.0024412813389400002, "Shape_Area": 3.1203141369500002e-07, "Confidence": "Likely", "Type": "Landslide", "SubtypeLS": "Debris Flow", "SubtypeLQ": null, "SubtypeGR": null, "Comments": null, "Source": "B140001100B5C710 - RadiantEarth - 06/29/2026", "Access": null, "Impact": null, "ID": 419, "Longitude": -66.741496770500007, "Latitude": 10.6031606988 }, "geometry": { "type": "Polygon", "coordinates": [ [ [ -66.741548189999946, 10.602702080000029 ], [ -66.741601714999945, 10.602891355000054 ], [ -66.741664905999983, 10.603017520000037 ], [ -66.74176207499994, 10.603143662000036 ], [ -66.741805845999977, 10.603264986000056 ], [ -66.741771939999978, 10.603371801000037 ], [ -66.741655506999962, 10.603468964000058 ], [ -66.741471071999968, 10.603503069000055 ], [ -66.741310884999962, 10.603503179000029 ], [ -66.741218645999936, 10.603488680000055 ], [ -66.741179768999984, 10.603425602000073 ], [ -66.74121852899998, 10.603318784000066 ], [ -66.741271874999939, 10.603245935000075 ], [ -66.741325210999946, 10.603158524000037 ], [ -66.741344540999933, 10.603032302000031 ], [ -66.741344467999966, 10.602925511000024 ], [ -66.74137350999996, 10.602804137000021 ], [ -66.741397720999942, 10.602716745000066 ], [ -66.74142679299996, 10.602639059000069 ], [ -66.741460751999966, 10.602609911000059 ], [ -66.741485012999988, 10.602595332000021 ], [ -66.741548189999946, 10.602702080000029 ] ] ] } },
{ "type": "Feature", "properties": { "Shape_Leng": 0.0084972870646699995, "Shape_Area": 1.46242868736e-06, "Confidence": "Likely", "Type": "Landslide", "SubtypeLS": "Debris Flow", "SubtypeLQ": null, "SubtypeGR": null, "Comments": null, "Source": "B140001100B5C710 - RadiantEarth - 06/29/2026 and Sentinel-2 L2A - 07/07/2026", "Access": null, "Impact": null, "ID": 420, "Longitude": -66.754688570799999, "Latitude": 10.5943667005 }, "geometry": { "type": "Polygon", "coordinates": [ [ [ -66.754696834999947, 10.594191618000025 ], [ -66.755148067999983, 10.594067407000068 ], [ -66.755313470999965, 10.593901777000042 ], [ -66.755407942999966, 10.593744078000043 ], [ -66.755455136999956, 10.593602174000068 ], [ -66.755455001999962, 10.593405131000054 ], [ -66.755447049999987, 10.593302674000029 ], [ -66.75537602199995, 10.593168733000027 ], [ -66.755273429999988, 10.592979642000046 ], [ -66.755194520999964, 10.592845706000048 ], [ -66.75509985399998, 10.592719663000025 ], [ -66.755091901999947, 10.592617206000057 ], [ -66.755107595999959, 10.59251473300003 ], [ -66.755170611999972, 10.592459518000055 ], [ -66.755265197999961, 10.592467334000048 ], [ -66.75533616599995, 10.592514576000042 ], [ -66.755399305999958, 10.59264064100006 ], [ -66.755470273999947, 10.592687883000053 ], [ -66.75554120399994, 10.592679952000026 ], [ -66.755588445999933, 10.592608984000037 ], [ -66.755612004999932, 10.592482860000075 ], [ -66.755627692999951, 10.592372505000071 ], [ -66.755730127999982, 10.592333027000052 ], [ -66.755816853999988, 10.592372376000071 ], [ -66.755816918999983, 10.592466957000056 ], [ -66.755769714999985, 10.592593097000076 ], [ -66.755761967999945, 10.592790145000038 ], [ -66.755833011999982, 10.592947731000038 ], [ -66.755935457999954, 10.59292401600004 ], [ -66.756014280999977, 10.592931844000077 ], [ -66.75613257699996, 10.593034225000054 ], [ -66.756132646999959, 10.593136688000072 ], [ -66.756085453999958, 10.593278591000058 ], [ -66.755990931999975, 10.59336535500006 ], [ -66.755833367999969, 10.593467925000027 ], [ -66.755880711999964, 10.593546710000055 ], [ -66.755975292999949, 10.59354664600005 ], [ -66.756069873999934, 10.593546581000055 ], [ -66.756180287999939, 10.593648968000025 ], [ -66.756259180999962, 10.593759258000034 ], [ -66.756259353999951, 10.594011473000023 ], [ -66.75621214399996, 10.594129732000056 ], [ -66.756101815999955, 10.594153452000057 ], [ -66.755904745999942, 10.59411417900003 ], [ -66.755802277999976, 10.594106367000052 ], [ -66.755557960999965, 10.594130180000036 ], [ -66.755297949999942, 10.594256466000047 ], [ -66.755076216999953, 10.594411312000034 ], [ -66.755000406999955, 10.594464456000026 ], [ -66.754932154999949, 10.594479672000034 ], [ -66.75483354499994, 10.59446457100006 ], [ -66.754689410999958, 10.594426746000067 ], [ -66.754613574999951, 10.594441967000023 ], [ -66.754499847999966, 10.594502722000072 ], [ -66.754401278999978, 10.594548297000074 ], [ -66.754264775999957, 10.594578729000034 ], [ -66.754242011999963, 10.594563576000041 ], [ -66.754257139999936, 10.594502888000022 ], [ -66.754310179999948, 10.594427006000046 ], [ -66.754401137999935, 10.594343513000069 ], [ -66.754530014999943, 10.594252409000035 ], [ -66.754696834999947, 10.594191618000025 ] ] ] } },
{ "type": "Feature", "properties": { "Shape_Leng": 0.0027160225065000002, "Shape_Area": 1.5888866769e-07, "Confidence": "Likely", "Type": "Landslide", "SubtypeLS": "Debris Flow", "SubtypeLQ": null, "SubtypeGR": null, "Comments": null, "Source": "B140001100B5C710 - RadiantEarth - 06/29/2026", "Access": null, "Impact": null, "ID": 421, "Longitude": -66.749333679399996, "Latitude": 10.5894609139 }, "geometry": { "type": "Polygon", "coordinates": [ [ [ -66.749786559999961, 10.589780728000051 ], [ -66.74961203099997, 10.589659493000056 ], [ -66.749558906999937, 10.589614022000035 ], [ -66.749422341999946, 10.589553438000053 ], [ -66.749323710999988, 10.589507998000045 ], [ -66.74918714599994, 10.589447415000052 ], [ -66.749035422999953, 10.589402011000061 ], [ -66.748853359999941, 10.589356628000075 ], [ -66.748671308999974, 10.589326414000027 ], [ -66.748633359999985, 10.589288517000057 ], [ -66.748663676999968, 10.589258157000074 ], [ -66.748747107999975, 10.589258100000052 ], [ -66.748853297999972, 10.589265612000077 ], [ -66.748989851999966, 10.589311026000075 ], [ -66.74910362199995, 10.589310949000037 ], [ -66.749247734999983, 10.589318434000063 ], [ -66.749384283999973, 10.58935626400006 ], [ -66.749551192999945, 10.589424411000039 ], [ -66.749702952999939, 10.589522908000049 ], [ -66.749801619999971, 10.58962144000003 ], [ -66.749809282999934, 10.589735204000021 ], [ -66.749786559999961, 10.589780728000051 ] ] ] } },
{ "type": "Feature", "properties": { "Shape_Leng": 0.0026793293261099999, "Shape_Area": 2.40489668254e-07, "Confidence": "Likely", "Type": "Landslide", "SubtypeLS": "Debris Flow", "SubtypeLQ": null, "SubtypeGR": null, "Comments": null, "Source": "B140001100B5C710 - RadiantEarth - 06/29/2026", "Access": null, "Impact": null, "ID": 422, "Longitude": -66.748796245899996, "Latitude": 10.5828718507 }, "geometry": { "type": "Polygon", "coordinates": [ [ [ -66.748727642999938, 10.582985627000028 ], [ -66.748386256999936, 10.582872092000059 ], [ -66.748287640999934, 10.582849405000047 ], [ -66.748242106999953, 10.582811513000024 ], [ -66.748272388999965, 10.582728062000058 ], [ -66.748317864999933, 10.582682523000074 ], [ -66.748363346999952, 10.582644568000035 ], [ -66.748416428999974, 10.582629363000024 ], [ -66.748537803999966, 10.582659618000037 ], [ -66.748735050999983, 10.582727745000057 ], [ -66.748917143999961, 10.58281863600007 ], [ -66.749319201999981, 10.582924545000026 ], [ -66.749455761999968, 10.582977544000073 ], [ -66.749440638999943, 10.583045816000038 ], [ -66.749326884999959, 10.583068648000051 ], [ -66.749243453999952, 10.583068705000073 ], [ -66.749015894999957, 10.583038522000038 ], [ -66.748727642999938, 10.582985627000028 ] ] ] } },
{ "type": "Feature", "properties": { "Shape_Leng": 0.021449988141299999, "Shape_Area": 8.9494468025999996e-06, "Confidence": "Likely", "Type": "Landslide", "SubtypeLS": "Debris Flow", "SubtypeLQ": null, "SubtypeGR": null, "Comments": null, "Source": "Sentinel-2 L2A - 07/07/2026", "Access": null, "Impact": null, "ID": 423, "Longitude": 0.0, "Latitude": 0.0 }, "geometry": { "type": "Polygon", "coordinates": [ [ [ -66.844236467999963, 10.554092102000027 ], [ -66.844478662999961, 10.554190580000068 ], [ -66.844577355999945, 10.554262254000037 ], [ -66.844663241999967, 10.554338993000044 ], [ -66.844747845999962, 10.554414587000053 ], [ -66.844887919999962, 10.554539744000067 ], [ -66.844918335999978, 10.55456692100006 ], [ -66.844928877999962, 10.554635132000044 ], [ -66.844954365999968, 10.554800055000044 ], [ -66.845017311999982, 10.555051107000054 ], [ -66.845071239999982, 10.555230423000069 ], [ -66.845134136999945, 10.555409733000033 ], [ -66.845152169999949, 10.555553203000045 ], [ -66.845116397999959, 10.555696710000063 ], [ -66.845008871999937, 10.555822331000059 ], [ -66.84491025899996, 10.555867237000029 ], [ -66.844882497999947, 10.55587431500004 ], [ -66.844677692999937, 10.555915422000055 ], [ -66.844174873999975, 10.55581393500006 ], [ -66.843618712999955, 10.555572189000031 ], [ -66.842981923999957, 10.555447078000043 ], [ -66.842659142999935, 10.555528008000067 ], [ -66.842327431999934, 10.555662750000067 ], [ -66.842157070999974, 10.555698737000057 ], [ -66.841968743999985, 10.555689899000072 ], [ -66.84177137599994, 10.555573454000069 ], [ -66.841556108999953, 10.555510828000024 ], [ -66.841358820999972, 10.555510963000074 ], [ -66.841170487999932, 10.555493157000058 ], [ -66.841035911999938, 10.555403572000046 ], [ -66.841035868999938, 10.555340799000021 ], [ -66.84119726199998, 10.555304818000025 ], [ -66.841421446999959, 10.55529569600003 ], [ -66.84160243499997, 10.555288869000037 ], [ -66.841663567999944, 10.555286563000038 ], [ -66.841744239999969, 10.555232702000069 ], [ -66.841798014999938, 10.555187827000054 ], [ -66.841824849999966, 10.555089164000037 ], [ -66.841744018999975, 10.55490986600006 ], [ -66.841412098999967, 10.554739708000056 ], [ -66.841232726999976, 10.554712928000072 ], [ -66.841092641999978, 10.554633461000037 ], [ -66.840837996999937, 10.55448900600004 ], [ -66.840497096999968, 10.55430091900007 ], [ -66.840362501999948, 10.554184432000056 ], [ -66.840227925999955, 10.554094847000044 ], [ -66.840111296999964, 10.554023186000052 ], [ -66.839922926999975, 10.553951574000052 ], [ -66.839600152999935, 10.554041471000062 ], [ -66.839187652999954, 10.554059689000042 ], [ -66.838864816999944, 10.554059910000035 ], [ -66.838658517999988, 10.553997278000054 ], [ -66.838523910999982, 10.553862855000034 ], [ -66.838721107999959, 10.553728205000027 ], [ -66.839223240999956, 10.553647152000053 ], [ -66.839689564999958, 10.553655801000048 ], [ -66.839806107999948, 10.553601915000058 ], [ -66.839922601999945, 10.55347628800007 ], [ -66.840021116999935, 10.553287899000054 ], [ -66.840074781999988, 10.553081606000035 ], [ -66.840173314999959, 10.552920121000056 ], [ -66.840189195999983, 10.552913756000066 ], [ -66.840262966999944, 10.552884189000054 ], [ -66.840281821999952, 10.55288888900003 ], [ -66.840478227999938, 10.552937848000056 ], [ -66.840783189999968, 10.553027315000065 ], [ -66.841159953999977, 10.55320641000003 ], [ -66.841554665999979, 10.55340342900007 ], [ -66.841913488999978, 10.553573568000047 ], [ -66.842142158999934, 10.553693721000059 ], [ -66.842559417999951, 10.553949768000052 ], [ -66.842685032999952, 10.554048326000043 ], [ -66.842783658999963, 10.554021356000021 ], [ -66.84295037399994, 10.553989482000077 ], [ -66.842971954999939, 10.553985356000055 ], [ -66.843142364999949, 10.554021110000065 ], [ -66.843170224999938, 10.554045454000061 ], [ -66.843285933999937, 10.55414655900006 ], [ -66.843339794999963, 10.554227231000027 ], [ -66.843429415999935, 10.554146460000027 ], [ -66.84360735599995, 10.554066241000044 ], [ -66.843168362999961, 10.553869395000049 ], [ -66.842897335999965, 10.553734113000075 ], [ -66.842700173999958, 10.553561835000039 ], [ -66.842576945999951, 10.553451083000027 ], [ -66.842392074999964, 10.553241851000053 ], [ -66.842244190999963, 10.553094170000065 ], [ -66.842330211999979, 10.552823176000061 ], [ -66.842490317999932, 10.552835382000069 ], [ -66.842638133999969, 10.552884541000026 ], [ -66.842835328999968, 10.553106080000077 ], [ -66.842921678999971, 10.553315380000072 ], [ -66.843069629999945, 10.553561582000043 ], [ -66.843254442999978, 10.553684608000026 ], [ -66.843476174999978, 10.553770662000034 ], [ -66.844021201999965, 10.554029476000039 ], [ -66.844236467999963, 10.554092102000027 ] ] ] } },
{ "type": "Feature", "properties": { "Shape_Leng": 0.0085789234932399996, "Shape_Area": 1.2947846563e-06, "Confidence": "Likely", "Type": "Landslide", "SubtypeLS": "Debris Flow", "SubtypeLQ": null, "SubtypeGR": null, "Comments": null, "Source": "Sentinel-2 L2A - 07/07/2026", "Access": null, "Impact": null, "ID": 424, "Longitude": 0.0, "Latitude": 0.0 }, "geometry": { "type": "Polygon", "coordinates": [ [ [ -66.84558313399998, 10.556306192000022 ], [ -66.845358892999968, 10.556234604000053 ], [ -66.84519731599994, 10.556001555000023 ], [ -66.845188089999965, 10.555624920000071 ], [ -66.845169859999942, 10.555194485000072 ], [ -66.845223475999944, 10.554916451000054 ], [ -66.845277139999951, 10.554710158000034 ], [ -66.845276961999957, 10.554450096000039 ], [ -66.845321597999941, 10.554154132000065 ], [ -66.845446997999943, 10.553938822000021 ], [ -66.845617241999946, 10.553732450000041 ], [ -66.845814517999941, 10.553714379000041 ], [ -66.845814578999978, 10.553804056000047 ], [ -66.845707108999989, 10.554010386000073 ], [ -66.845483070999933, 10.554234731000065 ], [ -66.845519070999956, 10.554423027000041 ], [ -66.845617726999933, 10.554440895000027 ], [ -66.845752198999946, 10.554378029000077 ], [ -66.846030177999978, 10.554350935000059 ], [ -66.846048137999958, 10.554386794000038 ], [ -66.846030281999958, 10.554503386000022 ], [ -66.845958620999966, 10.554620014000022 ], [ -66.845851082999957, 10.554727700000058 ], [ -66.845662816999948, 10.554808538000032 ], [ -66.845627001999958, 10.554889271000036 ], [ -66.845707728999969, 10.55491611900004 ], [ -66.845806360999973, 10.554898116000061 ], [ -66.845994632999975, 10.554826246000061 ], [ -66.846111138999959, 10.554718554000033 ], [ -66.846245548999946, 10.554566012000066 ], [ -66.846469660999958, 10.554449279000039 ], [ -66.846505573999934, 10.554512028000033 ], [ -66.846451865999938, 10.554655547000038 ], [ -66.846380192999959, 10.554754240000022 ], [ -66.846236814999941, 10.554906789000029 ], [ -66.846111334999932, 10.555005519000076 ], [ -66.845941016999973, 10.555104280000023 ], [ -66.845698963999951, 10.555212058000052 ], [ -66.845564516999957, 10.555310794000036 ], [ -66.845582599999943, 10.555526006000036 ], [ -66.845654506999949, 10.555768083000032 ], [ -66.845699540999988, 10.556055017000062 ], [ -66.84558313399998, 10.556306192000022 ] ] ] } },
{ "type": "Feature", "properties": { "Shape_Leng": 0.014491564751900001, "Shape_Area": 2.1359389426500001e-06, "Confidence": "Possible", "Type": "Landslide", "SubtypeLS": "Debris Flow", "SubtypeLQ": null, "SubtypeGR": null, "Comments": null, "Source": "Sentinel-2 L2A - 07/07/2026", "Access": null, "Impact": null, "ID": 425, "Longitude": 0.0, "Latitude": 0.0 }, "geometry": { "type": "Polygon", "coordinates": [ [ [ -66.845491632999938, 10.557733794000058 ], [ -66.84560959199996, 10.557751761000077 ], [ -66.84563832799995, 10.557809134000024 ], [ -66.845626958999958, 10.557969842000034 ], [ -66.845483606999949, 10.558159337000063 ], [ -66.845380357999943, 10.558245498000076 ], [ -66.845248349999963, 10.558239849000074 ], [ -66.845030201999975, 10.558159648000071 ], [ -66.844754620999936, 10.558022093000034 ], [ -66.844530725999959, 10.557930418000069 ], [ -66.844278172999964, 10.557896155000037 ], [ -66.843991203999963, 10.557890612000051 ], [ -66.843732903999978, 10.557844875000058 ], [ -66.843531992999942, 10.557793359000073 ], [ -66.843354042999977, 10.557747566000046 ], [ -66.843176100999983, 10.557713252000042 ], [ -66.842963742999984, 10.557707658000027 ], [ -66.842797283999971, 10.557679076000056 ], [ -66.842596352999976, 10.557598863000067 ], [ -66.842538893999972, 10.557501334000051 ], [ -66.842498698999975, 10.557472665000034 ], [ -66.842332258999988, 10.557472779000022 ], [ -66.842137130999959, 10.557484392000049 ], [ -66.841942029999984, 10.557536179000067 ], [ -66.84180429099996, 10.557542013000045 ], [ -66.841643573999988, 10.557519165000031 ], [ -66.84144841899996, 10.557490603000076 ], [ -66.841316414999937, 10.557490693000034 ], [ -66.841155792999984, 10.557605589000048 ], [ -66.841109952999943, 10.557714667000027 ], [ -66.840989443999945, 10.557737707000058 ], [ -66.840903349999962, 10.557732027000043 ], [ -66.840822905999971, 10.557594338000058 ], [ -66.840782612999988, 10.557422187000043 ], [ -66.840719432999947, 10.557353359000047 ], [ -66.840598848999946, 10.557267352000054 ], [ -66.840575859999944, 10.557221453000068 ], [ -66.840684831999965, 10.557112332000031 ], [ -66.840782388999969, 10.557095047000075 ], [ -66.840989046999937, 10.557158038000068 ], [ -66.841161299999953, 10.557266966000043 ], [ -66.841379440999958, 10.55733568900007 ], [ -66.841476984999986, 10.557301186000075 ], [ -66.841476925999984, 10.55721509600005 ], [ -66.841425213999969, 10.557129042000042 ], [ -66.841304605999937, 10.557008600000074 ], [ -66.841218460999983, 10.556928308000067 ], [ -66.841086382999947, 10.556819352000048 ], [ -66.840994494999961, 10.556733325000039 ], [ -66.841023139999947, 10.556658695000067 ], [ -66.841114972999947, 10.556664371000068 ], [ -66.84133314099995, 10.556773269000075 ], [ -66.841465227999947, 10.556893704000061 ], [ -66.841626029999986, 10.557042815000045 ], [ -66.841867218999937, 10.557243526000036 ], [ -66.842073915999947, 10.55736390900006 ], [ -66.842211658999986, 10.557363815000031 ], [ -66.842314942999963, 10.557329309000067 ], [ -66.842303416999982, 10.557260445000054 ], [ -66.842211520999967, 10.557162940000069 ], [ -66.842067967999981, 10.557059731000038 ], [ -66.841930145999982, 10.556945039000027 ], [ -66.841878425999937, 10.556847506000054 ], [ -66.841993164999963, 10.55677855600004 ], [ -66.842194055999983, 10.556801376000067 ], [ -66.84233181899998, 10.556829978000053 ], [ -66.842676286999961, 10.556990442000028 ], [ -66.842951898999956, 10.557173911000064 ], [ -66.843256274999987, 10.557454929000073 ], [ -66.843428574999962, 10.557632729000034 ], [ -66.843824237999968, 10.557776972000056 ], [ -66.844398737999938, 10.557790590000025 ], [ -66.844454766999945, 10.557762528000069 ], [ -66.844524720999971, 10.557608348000031 ], [ -66.844608724999944, 10.557510207000064 ], [ -66.844734727999935, 10.55735598900003 ], [ -66.844916872999988, 10.557341852000036 ], [ -66.845141093999985, 10.55738373500003 ], [ -66.845351387999983, 10.557551734000072 ], [ -66.845491632999938, 10.557733794000058 ] ] ] } },
{ "type": "Feature", "properties": { "Shape_Leng": 0.0087484212966200004, "Shape_Area": 2.56307859894e-06, "Confidence": "Likely", "Type": "Landslide", "SubtypeLS": "Debris Flow", "SubtypeLQ": null, "SubtypeGR": null, "Comments": null, "Source": "Sentinel-2 L2A - 07/07/2026", "Access": null, "Impact": null, "ID": 426, "Longitude": 0.0, "Latitude": 0.0 }, "geometry": { "type": "Polygon", "coordinates": [ [ [ -66.845307531999936, 10.56085119100004 ], [ -66.845054998999956, 10.56084562500007 ], [ -66.844951722999951, 10.560891610000056 ], [ -66.84485992499998, 10.560937587000069 ], [ -66.844791076999968, 10.560972070000048 ], [ -66.844636170999934, 10.561052526000026 ], [ -66.844521388999965, 10.56105834400006 ], [ -66.844337723999956, 10.561046992000058 ], [ -66.844222913999943, 10.561012634000065 ], [ -66.844131033999986, 10.560938086000021 ], [ -66.84414245399995, 10.560851989000071 ], [ -66.844228519999945, 10.560817494000048 ], [ -66.84444661699996, 10.560823084000049 ], [ -66.844567130999963, 10.560805784000024 ], [ -66.844653192999942, 10.560765550000042 ], [ -66.844635954999944, 10.560736865000024 ], [ -66.844578534999982, 10.560696729000028 ], [ -66.844400615999973, 10.560696851000046 ], [ -66.844205491999958, 10.560714203000032 ], [ -66.844130845999985, 10.560662600000057 ], [ -66.844102069999963, 10.560547834000033 ], [ -66.844107793999967, 10.56052487200003 ], [ -66.844239722999987, 10.560415735000049 ], [ -66.844279850999953, 10.560346836000065 ], [ -66.844262589999971, 10.560283716000072 ], [ -66.844193694999944, 10.560249327000065 ], [ -66.844119052999986, 10.56020346400004 ], [ -66.844107553999947, 10.560174775000064 ], [ -66.844130412999959, 10.560031277000064 ], [ -66.844193478999955, 10.559933666000063 ], [ -66.844325431999948, 10.559858964000057 ], [ -66.84447462199995, 10.559812948000058 ], [ -66.844606613999986, 10.559795639000072 ], [ -66.844606589999955, 10.55976120400004 ], [ -66.844549165999979, 10.559715328000038 ], [ -66.844440103999943, 10.559692446000042 ], [ -66.84431383499998, 10.559686793000026 ], [ -66.844147351999936, 10.559623775000034 ], [ -66.844066965999957, 10.559572176000074 ], [ -66.84401528099994, 10.559526297000048 ], [ -66.844038120999983, 10.559354102000043 ], [ -66.844032317999961, 10.559262277000073 ], [ -66.843934714999932, 10.559210691000033 ], [ -66.843791176999957, 10.559130439000057 ], [ -66.843831296999952, 10.55905006100005 ], [ -66.843946039999935, 10.558986850000053 ], [ -66.844135436999977, 10.558986720000064 ], [ -66.844301958999949, 10.559107132000065 ], [ -66.844520126999953, 10.559216029000027 ], [ -66.844726761999937, 10.559244584000055 ], [ -66.845111298999939, 10.559250060000068 ], [ -66.84552466599996, 10.559450652000066 ], [ -66.845731465999961, 10.559720258000027 ], [ -66.845789039999943, 10.55998422600004 ], [ -66.845737601999986, 10.560299923000059 ], [ -66.845668883999963, 10.560523803000024 ], [ -66.845651743999952, 10.560638601000051 ], [ -66.845634632999975, 10.560793574000058 ], [ -66.845600247999982, 10.560868208000045 ], [ -66.845445278999932, 10.560856836000028 ], [ -66.845307531999936, 10.56085119100004 ] ] ] } },
{ "type": "Feature", "properties": { "Shape_Leng": 0.0043742729627399999, "Shape_Area": 6.5822911659400002e-07, "Confidence": "Likely", "Type": "Landslide", "SubtypeLS": "Debris Flow", "SubtypeLQ": null, "SubtypeGR": null, "Comments": null, "Source": "Sentinel-2 L2A - 07/07/2026", "Access": null, "Impact": null, "ID": 427, "Longitude": 0.0, "Latitude": 0.0 }, "geometry": { "type": "Polygon", "coordinates": [ [ [ -66.847468398999979, 10.559309067000072 ], [ -66.847585101999982, 10.55948834000003 ], [ -66.847764607999977, 10.559712409000042 ], [ -66.847809581999968, 10.559909666000067 ], [ -66.847773784999958, 10.560017303000052 ], [ -66.84739713099998, 10.559999626000035 ], [ -66.847244649999936, 10.559954892000064 ], [ -66.846984513999985, 10.559847458000036 ], [ -66.846805074999963, 10.55972203400006 ], [ -66.846536002999983, 10.559659444000033 ], [ -66.846329727999944, 10.559632683000075 ], [ -66.846150294999973, 10.559516226000028 ], [ -66.846221949999972, 10.559390630000053 ], [ -66.846383312999933, 10.559309810000059 ], [ -66.846643374999985, 10.559309632000065 ], [ -66.846849722999934, 10.559444006000035 ], [ -66.847056046999967, 10.55954250800005 ], [ -66.847199541999942, 10.559560346000069 ], [ -66.847271263999971, 10.559533393000038 ], [ -66.847271214999978, 10.559461652000039 ], [ -66.847208385999977, 10.559380986000065 ], [ -66.847208330999933, 10.559300277000034 ], [ -66.847262112999942, 10.559264370000051 ], [ -66.847333841999955, 10.559246385000051 ], [ -66.847468398999979, 10.559309067000072 ] ] ] } },
{ "type": "Feature", "properties": { "Shape_Leng": 0.0041468787048000002, "Shape_Area": 5.5485054699399998e-07, "Confidence": "Likely", "Type": "Landslide", "SubtypeLS": "Debris Flow", "SubtypeLQ": null, "SubtypeGR": null, "Comments": null, "Source": "Sentinel-2 L2A - 07/07/2026", "Access": null, "Impact": null, "ID": 428, "Longitude": 0.0, "Latitude": 0.0 }, "geometry": { "type": "Polygon", "coordinates": [ [ [ -66.846572364999986, 10.560376832000031 ], [ -66.846366175999947, 10.560475618000055 ], [ -66.846267555999987, 10.560511556000051 ], [ -66.846151025999973, 10.560583377000057 ], [ -66.846160030999954, 10.560637177000046 ], [ -66.846222834999935, 10.560681972000054 ], [ -66.846285626999986, 10.560708832000046 ], [ -66.846330470999987, 10.560717769000064 ], [ -66.846402267999963, 10.560798429000045 ], [ -66.846384430999933, 10.560941924000076 ], [ -66.846258975999945, 10.561076524000043 ], [ -66.846079677999967, 10.561157356000024 ], [ -66.845873458999961, 10.56121130300005 ], [ -66.845712040999956, 10.56121141400007 ], [ -66.845631233999939, 10.561067987000058 ], [ -66.845693920999963, 10.56094239600003 ], [ -66.845774580999944, 10.560870600000044 ], [ -66.845783455999936, 10.560736079000037 ], [ -66.845837169999982, 10.560601527000074 ], [ -66.845944689999953, 10.560466939000037 ], [ -66.846123962999968, 10.560350236000033 ], [ -66.846267371999943, 10.560242526000025 ], [ -66.846554262999973, 10.560134718000029 ], [ -66.846823212999936, 10.560017954000045 ], [ -66.846895003999975, 10.560089646000051 ], [ -66.846877141999983, 10.56019727000006 ], [ -66.846733708999977, 10.560269110000036 ], [ -66.846572364999986, 10.560376832000031 ] ] ] } },
{ "type": "Feature", "properties": { "Shape_Leng": 0.00262062548653, "Shape_Area": 2.5339991403500002e-07, "Confidence": "Likely", "Type": "Landslide", "SubtypeLS": "Debris Flow", "SubtypeLQ": null, "SubtypeGR": null, "Comments": null, "Source": "Sentinel-2 L2A - 07/07/2026", "Access": null, "Impact": null, "ID": 429, "Longitude": 0.0, "Latitude": 0.0 }, "geometry": { "type": "Polygon", "coordinates": [ [ [ -66.846510524999985, 10.561739959000022 ], [ -66.846196674999987, 10.56176707700007 ], [ -66.846044261999964, 10.561820987000033 ], [ -66.845918726999969, 10.561839009000039 ], [ -66.845802134999985, 10.561821153000039 ], [ -66.845766233999939, 10.561776339000062 ], [ -66.845784125999955, 10.56171355400005 ], [ -66.845882745999972, 10.561677615000065 ], [ -66.845990326999981, 10.561632703000043 ], [ -66.846124816999975, 10.561596741000074 ], [ -66.846268286999987, 10.561578707000024 ], [ -66.846456527999976, 10.561461999000073 ], [ -66.846698574999948, 10.56134525300007 ], [ -66.846851024999978, 10.561345149000033 ], [ -66.846886919999974, 10.561380995000036 ], [ -66.846886975999951, 10.561461704000067 ], [ -66.846824281999943, 10.561578326000074 ], [ -66.846743634999939, 10.561668058000066 ], [ -66.846510524999985, 10.561739959000022 ] ] ] } },
{ "type": "Feature", "properties": { "Shape_Leng": 0.0061772342610299999, "Shape_Area": 1.12786125107e-06, "Confidence": "Likely", "Type": "Landslide", "SubtypeLS": "Debris Flow", "SubtypeLQ": null, "SubtypeGR": null, "Comments": null, "Source": "Sentinel-2 L2A - 07/07/2026", "Access": null, "Impact": null, "ID": 430, "Longitude": 0.0, "Latitude": 0.0 }, "geometry": { "type": "Polygon", "coordinates": [ [ [ -66.843264190999946, 10.550224343000025 ], [ -66.843662673999972, 10.550198849000026 ], [ -66.843904803999976, 10.550203727000053 ], [ -66.844116650999979, 10.550183405000041 ], [ -66.844278027999962, 10.550122762000058 ], [ -66.844399066999983, 10.550087369000039 ], [ -66.844449467999937, 10.550026803000037 ], [ -66.844383833999984, 10.549941095000065 ], [ -66.844237530999976, 10.549915973000054 ], [ -66.844197128999951, 10.549845381000068 ], [ -66.844267682999941, 10.549749491000057 ], [ -66.844464365999954, 10.549683780000066 ], [ -66.844630845999973, 10.549708887000065 ], [ -66.844928531999983, 10.54981461400007 ], [ -66.845039606999933, 10.549960823000049 ], [ -66.844999400999939, 10.550177756000039 ], [ -66.844928884999945, 10.550329133000048 ], [ -66.844908803999942, 10.550470388000065 ], [ -66.844843286999946, 10.550556186000051 ], [ -66.844686933999981, 10.550586559000067 ], [ -66.844618305999973, 10.550569087000042 ], [ -66.844591150999975, 10.550672378000058 ], [ -66.844651713999951, 10.550717735000035 ], [ -66.844747600999938, 10.550783245000048 ], [ -66.844798095999977, 10.550858875000074 ], [ -66.844752768999967, 10.550964837000038 ], [ -66.844677149999939, 10.551030465000053 ], [ -66.844591420999961, 10.551065834000042 ], [ -66.844490554999936, 10.551096169000061 ], [ -66.844359399999973, 10.551091214000053 ], [ -66.844278635999956, 10.551010560000066 ], [ -66.844248320999952, 10.55093996100004 ], [ -66.844233115999941, 10.55083404100003 ], [ -66.844202780999979, 10.550733175000062 ], [ -66.844172449999974, 10.55063735400006 ], [ -66.844147192999969, 10.55058692800003 ], [ -66.844046254999967, 10.550511333000031 ], [ -66.843955436999977, 10.550481129000048 ], [ -66.843849506999959, 10.550481202000071 ], [ -66.843743579999966, 10.550486319000072 ], [ -66.843632614999933, 10.550501528000041 ], [ -66.843521640999938, 10.550501604000033 ], [ -66.84346110599995, 10.550496601000077 ], [ -66.843370297999968, 10.55048153000007 ], [ -66.843284540999946, 10.550476544000048 ], [ -66.843229035999968, 10.550451361000057 ], [ -66.843178568999974, 10.550416085000052 ], [ -66.843168448999961, 10.550370694000037 ], [ -66.843188577999967, 10.550300059000051 ], [ -66.843208723999965, 10.550254647000031 ], [ -66.843264190999946, 10.550224343000025 ] ] ] } },
{ "type": "Feature", "properties": { "Shape_Leng": 0.0067616173849, "Shape_Area": 2.5424293928800002e-06, "Confidence": "Likely", "Type": "Landslide", "SubtypeLS": "Debris Flow", "SubtypeLQ": null, "SubtypeGR": null, "Comments": null, "Source": "Sentinel-2 L2A - 07/07/2026", "Access": null, "Impact": null, "ID": 431, "Longitude": 0.0, "Latitude": 0.0 }, "geometry": { "type": "Polygon", "coordinates": [ [ [ -66.842538220999984, 10.550852601000031 ], [ -66.842772411999988, 10.551148005000073 ], [ -66.842994287999943, 10.551443418000076 ], [ -66.843216079999934, 10.551615679000065 ], [ -66.843561057999977, 10.551837117000048 ], [ -66.843844517999969, 10.552144803000033 ], [ -66.843967787999986, 10.552317131000052 ], [ -66.843881657999987, 10.552428027000076 ], [ -66.843253497999967, 10.552305305000061 ], [ -66.84288404199998, 10.552305558000057 ], [ -66.842576203999954, 10.55236734500005 ], [ -66.842132898999978, 10.552429225000026 ], [ -66.841701815999954, 10.552355629000033 ], [ -66.841479990999972, 10.552134107000029 ], [ -66.841467548999958, 10.551949387000036 ], [ -66.841467320999982, 10.551616877000072 ], [ -66.841553350999959, 10.551358199000049 ], [ -66.841664052999988, 10.551161079000053 ], [ -66.841848619999951, 10.550926964000041 ], [ -66.842169969999986, 10.55080014400005 ], [ -66.842538220999984, 10.550852601000031 ] ] ] } },
{ "type": "Feature", "properties": { "Shape_Leng": 0.0039195648305700003, "Shape_Area": 5.8879700782100005e-07, "Confidence": "Likely", "Type": "Landslide", "SubtypeLS": "Debris Flow", "SubtypeLQ": null, "SubtypeGR": null, "Comments": null, "Source": "Sentinel-2 L2A - 07/07/2026", "Access": null, "Impact": null, "ID": 432, "Longitude": 0.0, "Latitude": 0.0 }, "geometry": { "type": "Polygon", "coordinates": [ [ [ -66.837390026999969, 10.568195940000066 ], [ -66.837268990999974, 10.568285866000053 ], [ -66.837239994999948, 10.568373051000037 ], [ -66.837214229999972, 10.568463463000057 ], [ -66.837191706999988, 10.56857324200007 ], [ -66.837165983999967, 10.568724993000046 ], [ -66.837059538999938, 10.568857428000058 ], [ -66.836971765999976, 10.568861247000029 ], [ -66.836910037999985, 10.568639616000041 ], [ -66.836909860999981, 10.568380997000077 ], [ -66.837008154999978, 10.568048419000036 ], [ -66.837168100999975, 10.567826635000074 ], [ -66.837266478999936, 10.567617209000048 ], [ -66.837438739999982, 10.567395418000046 ], [ -66.837734211999987, 10.567259748000026 ], [ -66.837832792999961, 10.567345887000045 ], [ -66.837832910999964, 10.567518300000074 ], [ -66.837709884999981, 10.567703112000061 ], [ -66.83757456099994, 10.56791256300005 ], [ -66.837390026999969, 10.568195940000066 ] ] ] } },
{ "type": "Feature", "properties": { "Shape_Leng": 0.0134149986893, "Shape_Area": 3.99689697209e-06, "Confidence": "Likely", "Type": "Landslide", "SubtypeLS": "Debris Flow", "SubtypeLQ": null, "SubtypeGR": null, "Comments": null, "Source": "Sentinel-2 L2A - 07/07/2026", "Access": null, "Impact": null, "ID": 433, "Longitude": 0.0, "Latitude": 0.0 }, "geometry": { "type": "Polygon", "coordinates": [ [ [ -66.858252653999955, 10.564850141000022 ], [ -66.858189633999984, 10.564862391000077 ], [ -66.858158051999965, 10.564818679000041 ], [ -66.858165895999946, 10.564763501000073 ], [ -66.858220980999988, 10.564637356000048 ], [ -66.858315464999976, 10.564495420000071 ], [ -66.858409921999964, 10.564314075000027 ], [ -66.858512253999947, 10.564124843000059 ], [ -66.858559447999937, 10.563982940000074 ], [ -66.858543629999986, 10.563904133000051 ], [ -66.858496198999944, 10.563699241000052 ], [ -66.858425177999948, 10.563573182000027 ], [ -66.858291139999949, 10.563502338000035 ], [ -66.858133520999957, 10.563526091000028 ], [ -66.857983827999988, 10.563612893000027 ], [ -66.857841945999951, 10.56359722600007 ], [ -66.857778826999947, 10.563502689000074 ], [ -66.857888938999963, 10.563163699000029 ], [ -66.858125207999933, 10.562895558000037 ], [ -66.858416636999948, 10.562611616000027 ], [ -66.85865292699998, 10.562375002000067 ], [ -66.858983743999943, 10.562059506000026 ], [ -66.859377651999978, 10.561799139000073 ], [ -66.859692780999978, 10.561593998000035 ], [ -66.860126243999957, 10.561546411000052 ], [ -66.860299689999977, 10.561617228000046 ], [ -66.860567825999965, 10.561845615000038 ], [ -66.860765084999969, 10.562160749000043 ], [ -66.860828397999967, 10.56253902900005 ], [ -66.860797053999988, 10.562807029000055 ], [ -66.860663312999975, 10.563169680000044 ], [ -66.860592485999973, 10.563327364000031 ], [ -66.860419260999947, 10.563579698000069 ], [ -66.860332577999941, 10.563603402000069 ], [ -66.860230049999984, 10.563508892000073 ], [ -66.860245683999949, 10.563319719000049 ], [ -66.86031651199994, 10.563162036000051 ], [ -66.860387328999934, 10.562988590000032 ], [ -66.860269021999954, 10.562870445000044 ], [ -66.860040353999977, 10.56272873000006 ], [ -66.859803875999944, 10.562689483000042 ], [ -66.859465003999958, 10.562752769000042 ], [ -66.859126175999961, 10.56287910900005 ], [ -66.858842595999988, 10.563115755000069 ], [ -66.85885058599996, 10.56327338400007 ], [ -66.858968908999941, 10.563415175000046 ], [ -66.859142301999952, 10.563407174000076 ], [ -66.859260494999944, 10.563359803000026 ], [ -66.859441704999938, 10.563257216000068 ], [ -66.859552097999938, 10.563328076000062 ], [ -66.859552188999942, 10.563462066000056 ], [ -66.859465592999982, 10.563611878000074 ], [ -66.85933960899996, 10.563793244000067 ], [ -66.859166351999988, 10.56399828800005 ], [ -66.858859190999965, 10.564329531000055 ], [ -66.858551975999944, 10.56458195700003 ], [ -66.858252653999955, 10.564850141000022 ] ] ] } },
{ "type": "Feature", "properties": { "Shape_Leng": 0.0017985370110400001, "Shape_Area": 1.7324265032000001e-07, "Confidence": "Likely", "Type": "Landslide", "SubtypeLS": "Debris Flow", "SubtypeLQ": null, "SubtypeGR": null, "Comments": null, "Source": "Sentinel-2 L2A - 07/07/2026", "Access": null, "Impact": null, "ID": 434, "Longitude": 0.0, "Latitude": 0.0 }, "geometry": { "type": "Polygon", "coordinates": [ [ [ -66.860742399999936, 10.564482723000026 ], [ -66.860661748999973, 10.564568531000077 ], [ -66.860591128999943, 10.564568580000071 ], [ -66.860555801999965, 10.564543383000057 ], [ -66.860535582999944, 10.564482865000059 ], [ -66.86053551699996, 10.564387023000052 ], [ -66.860560641999939, 10.564245765000067 ], [ -66.860631161999947, 10.564099432000035 ], [ -66.860797537999986, 10.563973210000029 ], [ -66.860948814999972, 10.563897442000041 ], [ -66.86102449699996, 10.563922611000066 ], [ -66.861024572999952, 10.56403358600005 ], [ -66.860954031999938, 10.564149654000062 ], [ -66.860878426999932, 10.564235459000031 ], [ -66.860823011999969, 10.564341427000045 ], [ -66.860742399999936, 10.564482723000026 ] ] ] } },
{ "type": "Feature", "properties": { "Shape_Leng": 0.0047749739173099997, "Shape_Area": 7.5284243440100001e-07, "Confidence": "Questionable", "Type": "Landslide", "SubtypeLS": "Debris Flow", "SubtypeLQ": null, "SubtypeGR": null, "Comments": null, "Source": "Sentinel-2 L2A - 07/07/2026", "Access": null, "Impact": null, "ID": 435, "Longitude": 0.0, "Latitude": 0.0 }, "geometry": { "type": "Polygon", "coordinates": [ [ [ -66.860016070999961, 10.564558885000054 ], [ -66.859920284999987, 10.564639660000068 ], [ -66.859920325999951, 10.564700191000043 ], [ -66.859930472999963, 10.564785938000057 ], [ -66.859965834999969, 10.564861578000034 ], [ -66.859996207999984, 10.565017931000057 ], [ -66.859956001999933, 10.565234864000047 ], [ -66.859920760999955, 10.565335774000062 ], [ -66.859799738999982, 10.565396389000057 ], [ -66.859693808999964, 10.565396461000034 ], [ -66.859567676999973, 10.565361237000047 ], [ -66.859466711999971, 10.565245287000039 ], [ -66.859527170999968, 10.565139316000057 ], [ -66.859547285999952, 10.56504850400006 ], [ -66.859461518999979, 10.565028386000051 ], [ -66.859320322999963, 10.565094058000057 ], [ -66.859209441999951, 10.565230331000066 ], [ -66.859189339999944, 10.565341319000026 ], [ -66.85909860199996, 10.56542713500005 ], [ -66.858826128999965, 10.565311302000055 ], [ -66.858826014999977, 10.565144840000073 ], [ -66.858906627999943, 10.565003544000035 ], [ -66.859057863999965, 10.564867244000027 ], [ -66.859264617999941, 10.564776305000066 ], [ -66.859395721999988, 10.564705595000021 ], [ -66.85952684199998, 10.564660106000076 ], [ -66.859637771999985, 10.56459445400003 ], [ -66.859673012999963, 10.564493544000072 ], [ -66.859718356999963, 10.564412804000028 ], [ -66.859864544999937, 10.564271463000068 ], [ -66.85999567999994, 10.564246152000067 ], [ -66.860177305999969, 10.564291426000068 ], [ -66.860177367999938, 10.564382224000042 ], [ -66.860147156999972, 10.564462953000032 ], [ -66.860016070999961, 10.564558885000054 ] ] ] } },
{ "type": "Feature", "properties": { "Shape_Leng": 0.0018702229060399999, "Shape_Area": 1.8200835198700001e-07, "Confidence": "Likely", "Type": "Landslide", "SubtypeLS": "Debris Flow", "SubtypeLQ": null, "SubtypeGR": null, "Comments": null, "Source": "Sentinel-2 L2A - 07/07/2026", "Access": null, "Impact": null, "ID": 436, "Longitude": 0.0, "Latitude": 0.0 }, "geometry": { "type": "Polygon", "coordinates": [ [ [ -66.852634325999986, 10.561754261000033 ], [ -66.85253850099997, 10.561779548000061 ], [ -66.852482992999967, 10.561749320000047 ], [ -66.852467825999952, 10.561698887000034 ], [ -66.852482892999944, 10.561603035000076 ], [ -66.852528246999952, 10.561537428000065 ], [ -66.852608903999965, 10.561461708000024 ], [ -66.85262899099996, 10.561330542000064 ], [ -66.852659118999952, 10.561128749000034 ], [ -66.852714553999988, 10.56105304700003 ], [ -66.852830573999938, 10.561052967000023 ], [ -66.852901258999964, 10.561148761000027 ], [ -66.852906406999978, 10.561300086000074 ], [ -66.852881257999968, 10.561406034000072 ], [ -66.852840996999987, 10.561542258000031 ], [ -66.85277044999998, 10.561648237000043 ], [ -66.852634325999986, 10.561754261000033 ] ] ] } },
{ "type": "Feature", "properties": { "Shape_Leng": 0.0016690464042299999, "Shape_Area": 1.41575242105e-07, "Confidence": "Likely", "Type": "Landslide", "SubtypeLS": "Debris Flow", "SubtypeLQ": null, "SubtypeGR": null, "Comments": null, "Source": "Sentinel-2 L2A - 07/07/2026", "Access": null, "Impact": null, "ID": 437, "Longitude": 0.0, "Latitude": 0.0 }, "geometry": { "type": "Polygon", "coordinates": [ [ [ -66.850874825999938, 10.56408278400005 ], [ -66.850764486999935, 10.56409074100003 ], [ -66.850772319999976, 10.56401980000004 ], [ -66.850803782999947, 10.563925198000049 ], [ -66.850851018999947, 10.563846348000027 ], [ -66.850921878999941, 10.563735955000027 ], [ -66.85100850799995, 10.563633434000053 ], [ -66.851087259999986, 10.563538799000071 ], [ -66.851158152999972, 10.563475696000069 ], [ -66.851213340999948, 10.563499304000061 ], [ -66.85125282499996, 10.563609621000069 ], [ -66.851245024999969, 10.563727852000056 ], [ -66.85113477699997, 10.563869799000031 ], [ -66.851024502999962, 10.563972337000052 ], [ -66.850874825999938, 10.56408278400005 ] ] ] } },
{ "type": "Feature", "properties": { "Shape_Leng": 0.00151329657184, "Shape_Area": 1.26047033746e-07, "Confidence": "Possible", "Type": "Landslide", "SubtypeLS": "Debris Flow", "SubtypeLQ": null, "SubtypeGR": null, "Comments": null, "Source": "Sentinel-2 L2A - 07/07/2026", "Access": null, "Impact": null, "ID": 438, "Longitude": 0.0, "Latitude": 0.0 }, "geometry": { "type": "Polygon", "coordinates": [ [ [ -66.855449422999982, 10.556405970000071 ], [ -66.855388079999955, 10.556399555000041 ], [ -66.855358988999967, 10.556347922000043 ], [ -66.855358959999933, 10.556305953000049 ], [ -66.855384742999945, 10.55624136800003 ], [ -66.855420212999945, 10.556180005000044 ], [ -66.855475041999966, 10.556102487000032 ], [ -66.855529868999952, 10.556021740000062 ], [ -66.855597612999986, 10.555947442000047 ], [ -66.855729933999953, 10.55588601200003 ], [ -66.85581063799998, 10.55587950000006 ], [ -66.855833273999963, 10.555934367000077 ], [ -66.85580430999994, 10.556066749000024 ], [ -66.855720449999978, 10.556179799000063 ], [ -66.855597855999974, 10.556302561000052 ], [ -66.855449422999982, 10.556405970000071 ] ] ] } },
{ "type": "Feature", "properties": { "Shape_Leng": 0.0059981991232600004, "Shape_Area": 8.2562829015400002e-07, "Confidence": "Possible", "Type": "Landslide", "SubtypeLS": "Debris Flow", "SubtypeLQ": null, "SubtypeGR": null, "Comments": null, "Source": "Sentinel-2 L2A - 07/07/2026", "Access": null, "Impact": null, "ID": 439, "Longitude": 0.0, "Latitude": 0.0 }, "geometry": { "type": "Polygon", "coordinates": [ [ [ -66.846070420999979, 10.569122502000027 ], [ -66.845723629999952, 10.569130621000056 ], [ -66.845187693999947, 10.569162515000073 ], [ -66.844746327999985, 10.569178581000074 ], [ -66.844312832999947, 10.569178878000059 ], [ -66.844092143999944, 10.569179029000054 ], [ -66.843855691999977, 10.569179191000046 ], [ -66.843627083999934, 10.56912417500007 ], [ -66.843532454999945, 10.569053305000068 ], [ -66.843524497999965, 10.568942966000066 ], [ -66.843563862999986, 10.568879885000058 ], [ -66.84376877699998, 10.56886398100005 ], [ -66.844036761999973, 10.56887167900004 ], [ -66.844407218999947, 10.568895071000043 ], [ -66.844872251999959, 10.568910516000074 ], [ -66.845211182999947, 10.568933929000025 ], [ -66.845565805999968, 10.568854869000063 ], [ -66.845739122999987, 10.56873652400003 ], [ -66.845928208999965, 10.568626050000034 ], [ -66.846101585999975, 10.568594404000066 ], [ -66.846227790999933, 10.568736189000049 ], [ -66.846227876999933, 10.568862297000067 ], [ -66.846172790999958, 10.568988442000034 ], [ -66.846164930999976, 10.56901997500006 ], [ -66.846070420999979, 10.569122502000027 ] ] ] } },
{ "type": "Feature", "properties": { "Shape_Leng": 0.0026221638931900001, "Shape_Area": 1.7676724976200001e-07, "Confidence": "Likely", "Type": "Landslide", "SubtypeLS": "Debris Flow", "SubtypeLQ": null, "SubtypeGR": null, "Comments": null, "Source": "Sentinel-2 L2A - 07/07/2026", "Access": null, "Impact": null, "ID": 440, "Longitude": 0.0, "Latitude": 0.0 }, "geometry": { "type": "Polygon", "coordinates": [ [ [ -66.755105172999947, 10.554453845000069 ], [ -66.754892414999972, 10.554524926000056 ], [ -66.754805698999974, 10.554501340000058 ], [ -66.754789919999951, 10.554477706000057 ], [ -66.754813505999948, 10.554390991000048 ], [ -66.754915945999983, 10.554359394000073 ], [ -66.755065650999938, 10.55428835500004 ], [ -66.755341397999985, 10.554122650000068 ], [ -66.755467440999951, 10.554027983000026 ], [ -66.755617101999974, 10.55389389100003 ], [ -66.75569586499995, 10.553815020000059 ], [ -66.755798294999977, 10.553767659000073 ], [ -66.755798327999969, 10.55381495000006 ], [ -66.755735370999957, 10.553956864000043 ], [ -66.755664499999966, 10.554051493000031 ], [ -66.755530591999957, 10.554169811000065 ], [ -66.755349408999962, 10.554311806000044 ], [ -66.755105172999947, 10.554453845000069 ] ] ] } },
{ "type": "Feature", "properties": { "Shape_Leng": 0.0034897856693200001, "Shape_Area": 1.0892716634800001e-07, "Confidence": "Likely", "Type": "Landslide", "SubtypeLS": "Debris Flow", "SubtypeLQ": null, "SubtypeGR": null, "Comments": null, "Source": "Sentinel-2 L2A - 07/07/2026", "Access": null, "Impact": null, "ID": 441, "Longitude": 0.0, "Latitude": 0.0 }, "geometry": { "type": "Polygon", "coordinates": [ [ [ -66.754792961999954, 10.552438300000063 ], [ -66.754698229999974, 10.552892918000055 ], [ -66.754659024999967, 10.552967326000044 ], [ -66.754621860999976, 10.553006608000032 ], [ -66.75456817099996, 10.553050034000023 ], [ -66.754477304999966, 10.553116213000067 ], [ -66.754409144999954, 10.553149318000067 ], [ -66.754336846999934, 10.553174162000062 ], [ -66.754254221999986, 10.553205211000034 ], [ -66.754206710999938, 10.55321970600005 ], [ -66.754171592999967, 10.553230061000022 ], [ -66.754130288999988, 10.553256949000058 ], [ -66.754091049999943, 10.553283836000048 ], [ -66.754062142999942, 10.553310716000055 ], [ -66.75402704399994, 10.553347930000029 ], [ -66.754012602999978, 10.553380999000069 ], [ -66.754012629999977, 10.553420255000049 ], [ -66.754012656999976, 10.553459512000074 ], [ -66.754018893999955, 10.553515294000022 ], [ -66.75402717999998, 10.553546281000024 ], [ -66.754018944999984, 10.553589675000069 ], [ -66.753992091999976, 10.553600025000037 ], [ -66.753979694999941, 10.553600033000066 ], [ -66.753954883999938, 10.553575256000045 ], [ -66.753925927999944, 10.553531887000076 ], [ -66.753921755999954, 10.553474038000047 ], [ -66.753925845999959, 10.553412050000077 ], [ -66.753946478999978, 10.553370713000049 ], [ -66.753987759999973, 10.553308700000059 ], [ -66.75402698399995, 10.553261152000061 ], [ -66.754091000999949, 10.553211521000037 ], [ -66.754188083999964, 10.553174264000063 ], [ -66.754266583999936, 10.553153548000068 ], [ -66.754384319999986, 10.553103880000037 ], [ -66.754477252999948, 10.55303976600004 ], [ -66.754590818999986, 10.552934314000026 ], [ -66.754646550999951, 10.552855763000025 ], [ -66.754675411999983, 10.552760700000022 ], [ -66.75469600699995, 10.552663577000033 ], [ -66.754706283999951, 10.552585056000055 ], [ -66.754702084999963, 10.552487950000057 ], [ -66.754691700999956, 10.552409443000045 ], [ -66.754691663999949, 10.552355724000051 ], [ -66.754714360999969, 10.55231025300003 ], [ -66.754766009999969, 10.552304019000076 ], [ -66.754792893999934, 10.55233912500006 ], [ -66.754801190999956, 10.552386641000055 ], [ -66.754792961999954, 10.552438300000063 ] ] ] } },
{ "type": "Feature", "properties": { "Shape_Leng": 0.0045778227192500003, "Shape_Area": 4.1551777186599999e-07, "Confidence": "Likely", "Type": "Landslide", "SubtypeLS": "Debris Flow", "SubtypeLQ": null, "SubtypeGR": null, "Comments": null, "Source": "Sentinel-2 L2A - 07/07/2026", "Access": null, "Impact": null, "ID": 442, "Longitude": 0.0, "Latitude": 0.0 }, "geometry": { "type": "Polygon", "coordinates": [ [ [ -66.751867565999987, 10.551996962000032 ], [ -66.751685994999946, 10.552032396000072 ], [ -66.751438861999986, 10.552088053000034 ], [ -66.751317839999956, 10.55214866700004 ], [ -66.751146364999954, 10.55219418400003 ], [ -66.75106565599998, 10.552194239000073 ], [ -66.751015160999941, 10.552118609000047 ], [ -66.751060517999974, 10.55205804600007 ], [ -66.751171426999974, 10.551962128000071 ], [ -66.751393324999981, 10.551886312000022 ], [ -66.751574877999985, 10.551825655000073 ], [ -66.751806881999983, 10.551775053000028 ], [ -66.751958196999965, 10.551754773000027 ], [ -66.75215996299994, 10.551744546000066 ], [ -66.752275960999953, 10.551714200000049 ], [ -66.752452483999946, 10.551673725000057 ], [ -66.752704657999971, 10.551613021000037 ], [ -66.752961882999955, 10.551562401000069 ], [ -66.753093013999944, 10.551532046000034 ], [ -66.753148521999947, 10.551562274000048 ], [ -66.753123352999978, 10.551637955000047 ], [ -66.753037633999952, 10.551688457000068 ], [ -66.752861141999972, 10.551774331000047 ], [ -66.752316435999944, 10.551890724000032 ], [ -66.752094514999953, 10.551931230000037 ], [ -66.751867565999987, 10.551996962000032 ] ] ] } },
{ "type": "Feature", "properties": { "Shape_Leng": 0.0042370787971300001, "Shape_Area": 4.2107365088800002e-07, "Confidence": "Possible", "Type": "Landslide", "SubtypeLS": "Debris Flow", "SubtypeLQ": null, "SubtypeGR": null, "Comments": null, "Source": "Sentinel-2 L2A - 07/07/2026", "Access": null, "Impact": null, "ID": 443, "Longitude": 0.0, "Latitude": 0.0 }, "geometry": { "type": "Polygon", "coordinates": [ [ [ -66.751727101999961, 10.553132027000061 ], [ -66.752018063999969, 10.552914581000039 ], [ -66.752228986999967, 10.552756951000049 ], [ -66.752402693999954, 10.552627134000033 ], [ -66.752472091999948, 10.552466419000041 ], [ -66.752568986999961, 10.552379849000033 ], [ -66.752619322999976, 10.552223441000024 ], [ -66.752642394999953, 10.552043314000059 ], [ -66.752720021999949, 10.551950979000026 ], [ -66.75280576199998, 10.551930743000071 ], [ -66.752881453999976, 10.551971046000062 ], [ -66.752906751999944, 10.552082003000066 ], [ -66.752881626999965, 10.552223261000051 ], [ -66.752765755999974, 10.55244024600006 ], [ -66.752664983999978, 10.552606777000051 ], [ -66.752478499999938, 10.552833898000074 ], [ -66.752327267999988, 10.552975243000049 ], [ -66.752135666999948, 10.553096437000022 ], [ -66.751898684999958, 10.553242885000031 ], [ -66.751797901999964, 10.553394283000046 ], [ -66.751626433999945, 10.553449888000046 ], [ -66.751586054999962, 10.553414605000057 ], [ -66.751586002999943, 10.55333894100005 ], [ -66.751621257999943, 10.553258208000045 ], [ -66.751727101999961, 10.553132027000061 ] ] ] } },
{ "type": "Feature", "properties": { "Shape_Leng": 0.00287614860837, "Shape_Area": 3.68406166359e-07, "Confidence": "Likely", "Type": "Landslide", "SubtypeLS": "Debris Flow", "SubtypeLQ": null, "SubtypeGR": null, "Comments": null, "Source": "Sentinel-2 L2A - 07/07/2026", "Access": null, "Impact": null, "ID": 444, "Longitude": 0.0, "Latitude": 0.0 }, "geometry": { "type": "Polygon", "coordinates": [ [ [ -66.751722993999977, 10.554499038000074 ], [ -66.751632234999988, 10.554554587000041 ], [ -66.751566647999937, 10.554539499000043 ], [ -66.751516184999957, 10.554509268000061 ], [ -66.751506064999944, 10.554463876000057 ], [ -66.751506019999965, 10.554398300000059 ], [ -66.751536219999934, 10.554302438000036 ], [ -66.751571488999957, 10.554241882000042 ], [ -66.751616859999956, 10.554201496000076 ], [ -66.751682401999972, 10.554151008000076 ], [ -66.75175298399995, 10.554095473000075 ], [ -66.75177817399998, 10.55405005700004 ], [ -66.751778132999959, 10.553989525000077 ], [ -66.751722631999939, 10.553969386000063 ], [ -66.751652007999951, 10.553964390000033 ], [ -66.751541018999944, 10.553944289000071 ], [ -66.751515769999969, 10.553903951000052 ], [ -66.751556075999986, 10.553833303000033 ], [ -66.751793113999952, 10.553767565000044 ], [ -66.751914152999973, 10.553732172000025 ], [ -66.752025113999935, 10.553711919000023 ], [ -66.752080614999954, 10.553732058000037 ], [ -66.752146249999953, 10.553817766000066 ], [ -66.752161506999983, 10.553999351000073 ], [ -66.752206981999961, 10.554110295000044 ], [ -66.752207057999954, 10.554221269000038 ], [ -66.752161703999946, 10.554286876000049 ], [ -66.752101192999987, 10.55431718400007 ], [ -66.751985180999952, 10.55432735200003 ], [ -66.751874243999964, 10.554382915000076 ], [ -66.751722993999977, 10.554499038000074 ] ] ] } },
{ "type": "Feature", "properties": { "Shape_Leng": 0.0050037545576800003, "Shape_Area": 6.0627923819200002e-07, "Confidence": "Likely", "Type": "Landslide", "SubtypeLS": "Debris Flow", "SubtypeLQ": null, "SubtypeGR": null, "Comments": null, "Source": "Sentinel-2 L2A - 07/07/2026", "Access": null, "Impact": null, "ID": 445, "Longitude": 0.0, "Latitude": 0.0 }, "geometry": { "type": "Polygon", "coordinates": [ [ [ -66.802161671999954, 10.548053175000064 ], [ -66.802303053999935, 10.548259895000058 ], [ -66.802454531999956, 10.548476697000069 ], [ -66.802580815999988, 10.548733870000035 ], [ -66.802686884999957, 10.548935570000026 ], [ -66.802752650999935, 10.54921296200007 ], [ -66.802747771999975, 10.549455092000073 ], [ -66.802662101999942, 10.549576214000069 ], [ -66.802536031999978, 10.549631788000056 ], [ -66.802450285999953, 10.549641935000068 ], [ -66.802364473999944, 10.549556241000062 ], [ -66.80231390299997, 10.549369636000051 ], [ -66.80230871699996, 10.549162823000074 ], [ -66.802333786999952, 10.548940856000058 ], [ -66.802283173999967, 10.548693719000028 ], [ -66.802182128999959, 10.548461750000058 ], [ -66.802076049999982, 10.548244918000023 ], [ -66.801939718999961, 10.548048283000071 ], [ -66.80172267599994, 10.547846659000072 ], [ -66.801646938999966, 10.547740781000073 ], [ -66.801636776999942, 10.547634857000048 ], [ -66.801646834999985, 10.547589451000022 ], [ -66.801692198999945, 10.547538977000045 ], [ -66.801772959999937, 10.547614587000055 ], [ -66.80196983999997, 10.54783640100004 ], [ -66.802161671999954, 10.548053175000064 ] ] ] } },
{ "type": "Feature", "properties": { "Shape_Leng": 0.0049559955834200002, "Shape_Area": 6.7740572433699997e-07, "Confidence": "Possible", "Type": "Landslide", "SubtypeLS": "Debris Flow", "SubtypeLQ": null, "SubtypeGR": null, "Comments": null, "Source": "Sentinel-2 L2A - 07/07/2026", "Access": null, "Impact": null, "ID": 446, "Longitude": 0.0, "Latitude": 0.0 }, "geometry": { "type": "Polygon", "coordinates": [ [ [ -66.794236096999953, 10.551707846000056 ], [ -66.794094279999968, 10.551786760000027 ], [ -66.793913032999967, 10.551834175000067 ], [ -66.793786924999949, 10.551834261000067 ], [ -66.793715972999962, 10.551810665000062 ], [ -66.793613429999937, 10.551692509000077 ], [ -66.793589649999944, 10.551495482000064 ], [ -66.793652616999964, 10.551369331000046 ], [ -66.793841713999939, 10.551274621000061 ], [ -66.793959934999975, 10.551266658000031 ], [ -66.794101783999963, 10.551235034000058 ], [ -66.794235767999965, 10.551227061000077 ], [ -66.794425004999937, 10.551337275000037 ], [ -66.79449594099998, 10.551337227000033 ], [ -66.794669322999937, 10.551313463000042 ], [ -66.79481128599997, 10.55144735500005 ], [ -66.794827183999985, 10.551644387000067 ], [ -66.794835183999965, 10.551817780000022 ], [ -66.794921958999964, 10.551928065000027 ], [ -66.795142668999972, 10.551959441000065 ], [ -66.795276668999975, 10.551975112000036 ], [ -66.795339814999977, 10.552109058000042 ], [ -66.795324131999962, 10.552227295000023 ], [ -66.79517440099994, 10.552258925000046 ], [ -66.794993093999949, 10.552219640000033 ], [ -66.79478015799998, 10.552030624000054 ], [ -66.794732780999936, 10.551904549000028 ], [ -66.794669656999986, 10.551802130000056 ], [ -66.794606527999974, 10.551691829000049 ], [ -66.794559188999983, 10.551620926000055 ], [ -66.794480344999954, 10.551581571000042 ], [ -66.794417279999948, 10.551565851000021 ], [ -66.794338462999974, 10.551565905000075 ], [ -66.794283317999941, 10.551605351000035 ], [ -66.794236096999953, 10.551707846000056 ] ] ] } },
{ "type": "Feature", "properties": { "Shape_Leng": 0.0034433245399299998, "Shape_Area": 3.2471292822800002e-07, "Confidence": "Possible", "Type": "Landslide", "SubtypeLS": "Debris Flow", "SubtypeLQ": null, "SubtypeGR": null, "Comments": null, "Source": "Sentinel-2 L2A - 07/07/2026", "Access": null, "Impact": null, "ID": 447, "Longitude": 0.0, "Latitude": 0.0 }, "geometry": { "type": "Polygon", "coordinates": [ [ [ -66.794418869999959, 10.563237711000056 ], [ -66.794197288999953, 10.563373330000047 ], [ -66.794086485999969, 10.563422667000054 ], [ -66.793963333999955, 10.563422751000076 ], [ -66.793889349999972, 10.563287335000041 ], [ -66.794061661999933, 10.56313943400005 ], [ -66.794332511999983, 10.563016097000059 ], [ -66.794517121999945, 10.562843557000065 ], [ -66.794640155999957, 10.562671060000071 ], [ -66.794800067999972, 10.562400016000026 ], [ -66.794861567999988, 10.56228913700005 ], [ -66.794997000999956, 10.562239784000042 ], [ -66.79503400599998, 10.56232596500007 ], [ -66.794984879999959, 10.562523042000066 ], [ -66.794849530999954, 10.562695547000033 ], [ -66.794677269999966, 10.562917339000023 ], [ -66.794578849999937, 10.563065189000042 ], [ -66.794418869999959, 10.563237711000056 ] ] ] } },
{ "type": "Feature", "properties": { "Shape_Leng": 0.0039379292665700002, "Shape_Area": 5.2587837269700003e-07, "Confidence": "Likely", "Type": "Landslide", "SubtypeLS": "Debris Flow", "SubtypeLQ": null, "SubtypeGR": null, "Comments": null, "Source": "Sentinel-2 L2A - 07/07/2026", "Access": null, "Impact": null, "ID": 448, "Longitude": 0.0, "Latitude": 0.0 }, "geometry": { "type": "Polygon", "coordinates": [ [ [ -66.791793935999976, 10.560616370000048 ], [ -66.791866848999973, 10.560632380000072 ], [ -66.791893107999954, 10.560667906000049 ], [ -66.791905832999987, 10.560711905000062 ], [ -66.791904864999935, 10.560751761000063 ], [ -66.791818708999983, 10.560825711000064 ], [ -66.791658661999975, 10.560899712000037 ], [ -66.79153557799998, 10.560998318000031 ], [ -66.791350941999951, 10.561133912000059 ], [ -66.791104747999952, 10.561294178000026 ], [ -66.790833948999932, 10.561491407000062 ], [ -66.790526143999955, 10.56160245500007 ], [ -66.790353714999981, 10.561577942000042 ], [ -66.790267415999949, 10.561442534000037 ], [ -66.790328906999946, 10.561319340000068 ], [ -66.790513558999976, 10.561208377000071 ], [ -66.790833652999936, 10.561060375000068 ], [ -66.791289171999949, 10.560850704000075 ], [ -66.791547689999959, 10.560702745000071 ], [ -66.791793935999976, 10.560616370000048 ] ] ] } },
{ "type": "Feature", "properties": { "Shape_Leng": 0.0046291887717800004, "Shape_Area": 5.2113849034000003e-07, "Confidence": "Likely", "Type": "Landslide", "SubtypeLS": "Debris Flow", "SubtypeLQ": null, "SubtypeGR": null, "Comments": null, "Source": "Sentinel-2 L2A - 07/07/2026", "Access": null, "Impact": null, "ID": 449, "Longitude": 0.0, "Latitude": 0.0 }, "geometry": { "type": "Polygon", "coordinates": [ [ [ -66.813374328999942, 10.565235556000061 ], [ -66.813642345999938, 10.56529054400005 ], [ -66.813973474999955, 10.565432189000035 ], [ -66.814131206999946, 10.565573952000022 ], [ -66.814139126999976, 10.56562911900005 ], [ -66.814076126999964, 10.565707979000024 ], [ -66.813910599999986, 10.565692329000058 ], [ -66.813571560999947, 10.565511281000056 ], [ -66.812743741999952, 10.565165052000054 ], [ -66.81249139199997, 10.56496818200003 ], [ -66.812365127999954, 10.564739698000039 ], [ -66.812388631999966, 10.564534757000047 ], [ -66.812483164999946, 10.564463756000066 ], [ -66.812640809999948, 10.564479412000026 ], [ -66.812719691999973, 10.56457393900007 ], [ -66.812759191999987, 10.564707901000077 ], [ -66.812798676999932, 10.564818218000028 ], [ -66.812822369999935, 10.564889138000069 ], [ -66.812917026999969, 10.564999417000024 ], [ -66.813374328999942, 10.565235556000061 ] ] ] } },
{ "type": "Feature", "properties": { "Shape_Leng": 0.0017086394751, "Shape_Area": 1.9658431753500001e-07, "Confidence": "Likely", "Type": "Landslide", "SubtypeLS": "Debris Flow", "SubtypeLQ": null, "SubtypeGR": null, "Comments": null, "Source": "Sentinel-2 L2A - 07/07/2026", "Access": null, "Impact": null, "ID": 450, "Longitude": 0.0, "Latitude": 0.0 }, "geometry": { "type": "Polygon", "coordinates": [ [ [ -66.81361951599996, 10.566480702000035 ], [ -66.813446133999946, 10.566504466000026 ], [ -66.813343654999983, 10.566480891000026 ], [ -66.813296326999932, 10.566425751000054 ], [ -66.813319885999988, 10.566299627000035 ], [ -66.813422266999964, 10.566181331000053 ], [ -66.813556185999971, 10.56607877700003 ], [ -66.813682255999936, 10.566023518000065 ], [ -66.81387142899996, 10.56603915200003 ], [ -66.813910901999975, 10.566133706000073 ], [ -66.813879455999938, 10.566251954000052 ], [ -66.813800708999963, 10.566354470000022 ], [ -66.81361951599996, 10.566480702000035 ] ] ] } },
{ "type": "Feature", "properties": { "Shape_Leng": 0.0035229882578, "Shape_Area": 7.2533406881199997e-07, "Confidence": "Possible", "Type": "Landslide", "SubtypeLS": "Debris Flow", "SubtypeLQ": null, "SubtypeGR": null, "Comments": null, "Source": "Sentinel-2 L2A - 07/07/2026", "Access": null, "Impact": null, "ID": 451, "Longitude": 0.0, "Latitude": 0.0 }, "geometry": { "type": "Polygon", "coordinates": [ [ [ -66.817654307999987, 10.558332660000076 ], [ -66.817506525999988, 10.558332761000031 ], [ -66.81744489099998, 10.55824659700005 ], [ -66.817407877999983, 10.558148100000039 ], [ -66.817370847999939, 10.558024974000034 ], [ -66.817407658999969, 10.557827905000067 ], [ -66.817530675999933, 10.557630778000032 ], [ -66.817629070999942, 10.557445982000047 ], [ -66.817739738999933, 10.557199602000026 ], [ -66.81788751299996, 10.557187186000021 ], [ -66.817961462999961, 10.557273341000041 ], [ -66.817961513999933, 10.55734723300003 ], [ -66.818047736999972, 10.55737180400007 ], [ -66.818084673999977, 10.557359464000058 ], [ -66.818257035999977, 10.557285454000066 ], [ -66.818380213999944, 10.557322315000022 ], [ -66.81839268899995, 10.55755629600003 ], [ -66.818355869999948, 10.557741049000072 ], [ -66.818245117999936, 10.557864277000022 ], [ -66.818060498999955, 10.558024501000034 ], [ -66.817814321999947, 10.558209398000031 ], [ -66.817654307999987, 10.558332660000076 ] ] ] } },
{ "type": "Feature", "properties": { "Shape_Leng": 0.0024161257805900001, "Shape_Area": 1.9579857372699999e-07, "Confidence": "Likely", "Type": "Landslide", "SubtypeLS": "Debris Flow", "SubtypeLQ": null, "SubtypeGR": null, "Comments": null, "Source": "Sentinel-2 L2A - 07/07/2026", "Access": null, "Impact": null, "ID": 452, "Longitude": 0.0, "Latitude": 0.0 }, "geometry": { "type": "Polygon", "coordinates": [ [ [ -66.815095242999973, 10.561979714000074 ], [ -66.81487371299994, 10.562189224000065 ], [ -66.814738278999982, 10.562238578000063 ], [ -66.81470130799994, 10.562201658000049 ], [ -66.814701265999986, 10.562140082000042 ], [ -66.814775064999935, 10.562004564000063 ], [ -66.814898157999949, 10.56191827300006 ], [ -66.815021258999934, 10.56184429700005 ], [ -66.815156649999949, 10.561733368000034 ], [ -66.815341276999959, 10.561585459000071 ], [ -66.815513622999958, 10.561486819000038 ], [ -66.815587547999939, 10.561536029000024 ], [ -66.815563017999978, 10.56168382900006 ], [ -66.815452248999975, 10.561782426000036 ], [ -66.815095242999973, 10.561979714000074 ] ] ] } },
{ "type": "Feature", "properties": { "Shape_Leng": 0.0074344974812800002, "Shape_Area": 9.3232193754300001e-07, "Confidence": "Likely", "Type": "Landslide", "SubtypeLS": "Debris Flow", "SubtypeLQ": null, "SubtypeGR": null, "Comments": null, "Source": "Sentinel-2 L2A - 07/07/2026", "Access": null, "Impact": null, "ID": 453, "Longitude": 0.0, "Latitude": 0.0 }, "geometry": { "type": "Polygon", "coordinates": [ [ [ -66.818391416999987, 10.560014412000044 ], [ -66.818226197999934, 10.56044802100007 ], [ -66.818068800999981, 10.560794925000039 ], [ -66.817982209999968, 10.560952619000034 ], [ -66.817919155999959, 10.560952662000034 ], [ -66.817824563999977, 10.560936963000074 ], [ -66.817753601999982, 10.560897603000058 ], [ -66.817721977999952, 10.56075575400007 ], [ -66.817753417999938, 10.560629624000057 ], [ -66.817776906999939, 10.560401038000066 ], [ -66.817776787999946, 10.560227640000051 ], [ -66.817768803999968, 10.560077893000027 ], [ -66.817721394999978, 10.559904527000072 ], [ -66.817721275999986, 10.559731129000056 ], [ -66.817799968999964, 10.559549795000066 ], [ -66.817949629999987, 10.55941570300007 ], [ -66.818036366999934, 10.559470816000044 ], [ -66.818075877999945, 10.559620542000062 ], [ -66.818060227999979, 10.55978606900004 ], [ -66.818013055999984, 10.559959499000058 ], [ -66.817997421999962, 10.560148672000025 ], [ -66.818068368999946, 10.560164386000054 ], [ -66.818131384999958, 10.560109171000022 ], [ -66.818194357999971, 10.559990902000038 ], [ -66.818225797999958, 10.559864773000072 ], [ -66.818288716999973, 10.559667686000068 ], [ -66.818343737999953, 10.559446960000059 ], [ -66.818406651999965, 10.559241992000068 ], [ -66.818493171999933, 10.558981836000044 ], [ -66.818587574999981, 10.558721674000026 ], [ -66.818681998999978, 10.558493039000041 ], [ -66.818815934999975, 10.558414130000074 ], [ -66.818918439999948, 10.558477113000038 ], [ -66.818934278999961, 10.558587447000036 ], [ -66.818879263999975, 10.558816055000023 ], [ -66.818721774999972, 10.559028969000053 ], [ -66.818509334999987, 10.559565073000044 ], [ -66.818391416999987, 10.560014412000044 ] ] ] } },
{ "type": "Feature", "properties": { "Shape_Leng": 0.0019655728322400001, "Shape_Area": 2.2776914969e-07, "Confidence": "Likely", "Type": "Landslide", "SubtypeLS": "Debris Flow", "SubtypeLQ": null, "SubtypeGR": null, "Comments": null, "Source": "Sentinel-2 L2A - 07/07/2026", "Access": null, "Impact": null, "ID": 454, "Longitude": 0.0, "Latitude": 0.0 }, "geometry": { "type": "Polygon", "coordinates": [ [ [ -66.816579660999935, 10.561536828000044 ], [ -66.816461423999954, 10.561521145000029 ], [ -66.816366805999962, 10.561466038000049 ], [ -66.816280047999953, 10.561379398000042 ], [ -66.816201164999939, 10.561284871000055 ], [ -66.816185331999975, 10.561182420000023 ], [ -66.816216771999962, 10.561056290000067 ], [ -66.816248239999936, 10.560969570000054 ], [ -66.816342760999987, 10.560882806000052 ], [ -66.81641370799997, 10.56089852100007 ], [ -66.816453164999984, 10.560969430000057 ], [ -66.81645320299998, 10.561024602000032 ], [ -66.816469019999943, 10.561103408000065 ], [ -66.816532073999952, 10.561103365000065 ], [ -66.816602982999939, 10.561063908000051 ], [ -66.816681799999969, 10.561063854000054 ], [ -66.81672918199996, 10.561197811000056 ], [ -66.81671352099994, 10.561347574000024 ], [ -66.816579660999935, 10.561536828000044 ] ] ] } },
{ "type": "Feature", "properties": { "Shape_Leng": 0.0011515655566900001, "Shape_Area": 8.4920242860600006e-08, "Confidence": "Likely", "Type": "Landslide", "SubtypeLS": "Debris Flow", "SubtypeLQ": null, "SubtypeGR": null, "Comments": null, "Source": "Sentinel-2 L2A - 07/07/2026", "Access": null, "Impact": null, "ID": 455, "Longitude": 0.0, "Latitude": 0.0 }, "geometry": { "type": "Polygon", "coordinates": [ [ [ -66.813534457999936, 10.557369476000076 ], [ -66.813447790999987, 10.557416826000065 ], [ -66.813408382999967, 10.557416853000063 ], [ -66.81335318899994, 10.557385364000027 ], [ -66.813337371999978, 10.55730655800005 ], [ -66.813337306999983, 10.557211977000065 ], [ -66.813337236999985, 10.557109514000047 ], [ -66.813376569999946, 10.556999143000041 ], [ -66.813479, 10.556951783000045 ], [ -66.813550010999961, 10.557062078000058 ], [ -66.81356587199997, 10.557203939000033 ], [ -66.813534457999936, 10.557369476000076 ] ] ] } },
{ "type": "Feature", "properties": { "Shape_Leng": 0.0026479186208699999, "Shape_Area": 3.6900284907000001e-07, "Confidence": "Likely", "Type": "Landslide", "SubtypeLS": "Debris Flow", "SubtypeLQ": null, "SubtypeGR": null, "Comments": null, "Source": "Sentinel-2 L2A - 07/07/2026", "Access": null, "Impact": null, "ID": 456, "Longitude": 0.0, "Latitude": 0.0 }, "geometry": { "type": "Polygon", "coordinates": [ [ [ -66.813796055999944, 10.559560419000036 ], [ -66.813733060999937, 10.559647161000044 ], [ -66.813622721999934, 10.55965511900007 ], [ -66.813559651999981, 10.559631517000071 ], [ -66.813472898999976, 10.559552759000042 ], [ -66.81340980799996, 10.559497630000067 ], [ -66.813393989999952, 10.559418823000044 ], [ -66.813401779999936, 10.559284829000035 ], [ -66.81343319399997, 10.559119291000059 ], [ -66.813488241999949, 10.55893797300007 ], [ -66.813527552999972, 10.558796075000032 ], [ -66.813661423999974, 10.558622585000023 ], [ -66.813771719999977, 10.558551574000035 ], [ -66.813874219999946, 10.558606676000068 ], [ -66.813905827999974, 10.558724880000057 ], [ -66.813882300999978, 10.558898294000073 ], [ -66.813835107999978, 10.559040198000048 ], [ -66.81378794699998, 10.559229392000077 ], [ -66.81377228599996, 10.559379156000034 ], [ -66.813796055999944, 10.559560419000036 ] ] ] } },
{ "type": "Feature", "properties": { "Shape_Leng": 0.00193026936809, "Shape_Area": 1.9245293761499999e-07, "Confidence": "Likely", "Type": "Landslide", "SubtypeLS": "Debris Flow", "SubtypeLQ": null, "SubtypeGR": null, "Comments": null, "Source": "Sentinel-2 L2A - 07/07/2026", "Access": null, "Impact": null, "ID": 457, "Longitude": 0.0, "Latitude": 0.0 }, "geometry": { "type": "Polygon", "coordinates": [ [ [ -66.814466865999975, 10.560821037000039 ], [ -66.814317161999952, 10.560892075000027 ], [ -66.814222634999965, 10.560970957000052 ], [ -66.814206920999936, 10.561041904000035 ], [ -66.814049355999941, 10.561144474000059 ], [ -66.813931108999952, 10.561113028000022 ], [ -66.813923107999983, 10.560939635000068 ], [ -66.814017585999977, 10.560789818000046 ], [ -66.814159386999961, 10.56068725800003 ], [ -66.814348483999936, 10.560592548000045 ], [ -66.814513967999972, 10.560545144000059 ], [ -66.81457706499998, 10.560608155000068 ], [ -66.814585005999959, 10.560694848000026 ], [ -66.814466865999975, 10.560821037000039 ] ] ] } },
{ "type": "Feature", "properties": { "Shape_Leng": 0.0027013696618500001, "Shape_Area": 2.6550809329200001e-07, "Confidence": "Likely", "Type": "Landslide", "SubtypeLS": "Debris Flow", "SubtypeLQ": null, "SubtypeGR": null, "Comments": null, "Source": "Sentinel-2 L2A - 07/07/2026", "Access": null, "Impact": null, "ID": 458, "Longitude": 0.0, "Latitude": 0.0 }, "geometry": { "type": "Polygon", "coordinates": [ [ [ -66.81177166599997, 10.561335196000073 ], [ -66.811275089999981, 10.561296127000048 ], [ -66.811196245999952, 10.561256772000036 ], [ -66.811204078999936, 10.561185831000046 ], [ -66.811204056999941, 10.561154305000059 ], [ -66.811330131999966, 10.561106928000072 ], [ -66.811519271999941, 10.56107527100005 ], [ -66.811669024999958, 10.561075169000048 ], [ -66.811913363999963, 10.56108288300004 ], [ -66.81217346699998, 10.561090587000024 ], [ -66.812425713999971, 10.561137704000032 ], [ -66.812441520999982, 10.561200747000044 ], [ -66.812386397999944, 10.561271721000026 ], [ -66.812213026999984, 10.561311248000038 ], [ -66.811984466999945, 10.561327168000048 ], [ -66.81177166599997, 10.561335196000073 ] ] ] } },
{ "type": "Feature", "properties": { "Shape_Leng": 0.0035427880171700001, "Shape_Area": 5.1660561470900002e-07, "Confidence": "Likely", "Type": "Landslide", "SubtypeLS": "Debris Flow", "SubtypeLQ": null, "SubtypeGR": null, "Comments": null, "Source": "Sentinel-2 L2A - 07/07/2026", "Access": null, "Impact": null, "ID": 459, "Longitude": 0.0, "Latitude": 0.0 }, "geometry": { "type": "Polygon", "coordinates": [ [ [ -66.817199209999956, 10.563443152000048 ], [ -66.817189041999939, 10.563327140000069 ], [ -66.817284817999962, 10.563231233000067 ], [ -66.817400760999988, 10.563120178000077 ], [ -66.817541887999937, 10.56295362000003 ], [ -66.817718299999967, 10.562751726000045 ], [ -66.817889688999969, 10.562580102000027 ], [ -66.818066125999962, 10.562413519000074 ], [ -66.818212410999934, 10.562413419000052 ], [ -66.81826796699994, 10.56251426700004 ], [ -66.81823273699996, 10.562630311000021 ], [ -66.818152082999973, 10.562711075000038 ], [ -66.818041170999948, 10.562801948000072 ], [ -66.817970573999958, 10.562837307000052 ], [ -66.817894957999954, 10.562907979000045 ], [ -66.817900039999984, 10.562963463000074 ], [ -66.817935357999943, 10.562973527000054 ], [ -66.817985807999946, 10.562983581000026 ], [ -66.818016148999959, 10.563094535000062 ], [ -66.818001078999941, 10.563185343000043 ], [ -66.817945656999939, 10.563281223000047 ], [ -66.817839808999963, 10.563402359000065 ], [ -66.817733957999963, 10.56351845100005 ], [ -66.817597769999963, 10.563530209000021 ], [ -66.817440102999967, 10.563483026000029 ], [ -66.817274591999933, 10.563491022000051 ], [ -66.817199209999956, 10.563443152000048 ] ] ] } },
{ "type": "Feature", "properties": { "Shape_Leng": 0.0030109202441200001, "Shape_Area": 3.8862195296599998e-07, "Confidence": "Likely", "Type": "Landslide", "SubtypeLS": "Debris Flow", "SubtypeLQ": null, "SubtypeGR": null, "Comments": null, "Source": "Sentinel-2 L2A - 07/07/2026", "Access": null, "Impact": null, "ID": 460, "Longitude": 0.0, "Latitude": 0.0 }, "geometry": { "type": "Polygon", "coordinates": [ [ [ -66.817028732999972, 10.564946473000077 ], [ -66.816948016999959, 10.564936440000054 ], [ -66.816892515999939, 10.564916301000039 ], [ -66.816847089999953, 10.564875977000042 ], [ -66.816842020999957, 10.56484067100007 ], [ -66.816852067999946, 10.564780132000067 ], [ -66.81687220799995, 10.564724631000047 ], [ -66.816922622999982, 10.564684242000055 ], [ -66.817018447999942, 10.564658955000027 ], [ -66.817154591999952, 10.564583197000047 ], [ -66.817225184999984, 10.564542794000033 ], [ -66.817290739999976, 10.564512483000044 ], [ -66.817366362999962, 10.564451900000051 ], [ -66.817401638999968, 10.564401432000068 ], [ -66.817497417999959, 10.564310569000043 ], [ -66.817578054999956, 10.564204583000048 ], [ -66.817668789999971, 10.564113724000038 ], [ -66.817799917999935, 10.564078324000036 ], [ -66.817900803999976, 10.564078255000027 ], [ -66.817941168999937, 10.564093360000072 ], [ -66.817946229999961, 10.564118578000034 ], [ -66.817941251999969, 10.564214423000067 ], [ -66.817926145999934, 10.564254788000028 ], [ -66.817850557999975, 10.564365815000031 ], [ -66.817790074999948, 10.564436476000026 ], [ -66.817699342999958, 10.56453238000006 ], [ -66.817618719999984, 10.564658543000064 ], [ -66.817553202999989, 10.56474434200004 ], [ -66.81745740599996, 10.564809983000032 ], [ -66.817341420999981, 10.564860506000059 ], [ -66.817205248999983, 10.564895909000029 ], [ -66.817028732999972, 10.564946473000077 ] ] ] } },
{ "type": "Feature", "properties": { "Shape_Leng": 0.0014964050679200001, "Shape_Area": 1.4536400085600001e-07, "Confidence": "Likely", "Type": "Landslide", "SubtypeLS": "Debris Flow", "SubtypeLQ": null, "SubtypeGR": null, "Comments": null, "Source": "Sentinel-2 L2A - 07/07/2026", "Access": null, "Impact": null, "ID": 461, "Longitude": 0.0, "Latitude": 0.0 }, "geometry": { "type": "Polygon", "coordinates": [ [ [ -66.81634347399995, 10.566066779000039 ], [ -66.81633553599994, 10.566088767000053 ], [ -66.816322315999969, 10.566092744000059 ], [ -66.816287930999977, 10.56608615500005 ], [ -66.81627337499998, 10.566071620000059 ], [ -66.816244263999977, 10.566042548000041 ], [ -66.816171929999939, 10.566011409000055 ], [ -66.816121476999967, 10.565996311000049 ], [ -66.81603570599998, 10.565971148000074 ], [ -66.815970084999947, 10.565905617000055 ], [ -66.815924623999933, 10.565814851000027 ], [ -66.815944728999966, 10.565708906000054 ], [ -66.816035460999956, 10.565613002000077 ], [ -66.816121196999973, 10.565587722000032 ], [ -66.816161554999951, 10.565592739000067 ], [ -66.816277597999942, 10.565627969000047 ], [ -66.816328102999933, 10.56571873200005 ], [ -66.816333215999975, 10.565819615000066 ], [ -66.816328220999935, 10.565890239000055 ], [ -66.816318190999937, 10.565975999000045 ], [ -66.81634347399995, 10.566066779000039 ] ] ] } },
{ "type": "Feature", "properties": { "Shape_Leng": 0.0015721307787200001, "Shape_Area": 1.30698555529e-07, "Confidence": "Likely", "Type": "Landslide", "SubtypeLS": "Debris Flow", "SubtypeLQ": null, "SubtypeGR": null, "Comments": null, "Source": "Sentinel-2 L2A - 07/07/2026", "Access": null, "Impact": null, "ID": 462, "Longitude": 0.0, "Latitude": 0.0 }, "geometry": { "type": "Polygon", "coordinates": [ [ [ -66.816752325999971, 10.566449867000074 ], [ -66.816600978999986, 10.566424749000021 ], [ -66.81650510999998, 10.566384460000052 ], [ -66.816459682999948, 10.566344137000044 ], [ -66.816469733999952, 10.566288642000075 ], [ -66.816535268999985, 10.566228066000065 ], [ -66.816636130999939, 10.566192686000022 ], [ -66.816918645999976, 10.566242936000037 ], [ -66.817024593999975, 10.566268085000047 ], [ -66.817145708999988, 10.566343667000069 ], [ -66.817130624999947, 10.566414297000051 ], [ -66.817070120999972, 10.566454693000026 ], [ -66.816903657999944, 10.566454807000071 ], [ -66.816752325999971, 10.566449867000074 ] ] ] } },
{ "type": "Feature", "properties": { "Shape_Leng": 0.00298011494809, "Shape_Area": 3.3241406435200002e-07, "Confidence": "Possible", "Type": "Landslide", "SubtypeLS": "Debris Flow", "SubtypeLQ": null, "SubtypeGR": null, "Comments": null, "Source": "Sentinel-2 L2A - 07/07/2026", "Access": null, "Impact": null, "ID": 463, "Longitude": 0.0, "Latitude": 0.0 }, "geometry": { "type": "Polygon", "coordinates": [ [ [ -66.817363329999978, 10.567387690000032 ], [ -66.817398587999946, 10.567312001000062 ], [ -66.817554895999933, 10.567216052000049 ], [ -66.817665838999972, 10.56717057700007 ], [ -66.817771776999962, 10.567180593000046 ], [ -66.817817192999939, 10.567205784000066 ], [ -66.817822284999977, 10.567276401000072 ], [ -66.817736583999988, 10.567352124000024 ], [ -66.817590347999953, 10.567422844000021 ], [ -66.817529846999946, 10.567468285000075 ], [ -66.817499618999932, 10.567523793000021 ], [ -66.817529915999955, 10.567569171000059 ], [ -66.81763080199994, 10.56756910200005 ], [ -66.817812410999977, 10.567589154000075 ], [ -66.81787802499997, 10.567644597000026 ], [ -66.817933574999984, 10.567735356000071 ], [ -66.817903380999951, 10.567841308000027 ], [ -66.817777293999939, 10.567871660000037 ], [ -66.817716762999964, 10.567871701000058 ], [ -66.817661274999978, 10.567871739000054 ], [ -66.817661302999966, 10.567912094000064 ], [ -66.81766135099997, 10.567982714000038 ], [ -66.817610942999977, 10.56803319200003 ], [ -66.817505015999984, 10.56803830900003 ], [ -66.817444459999933, 10.568003040000065 ], [ -66.817383882999934, 10.567937505000032 ], [ -66.817323282999951, 10.567836661000058 ], [ -66.81728789999994, 10.567730754000024 ], [ -66.817262594999988, 10.567609708000077 ], [ -66.817262529999937, 10.56751386600007 ], [ -66.817307869999979, 10.567428082000049 ], [ -66.817363329999978, 10.567387690000032 ] ] ] } },
{ "type": "Feature", "properties": { "Shape_Leng": 0.0028046533459100001, "Shape_Area": 2.59641268919e-07, "Confidence": "Likely", "Type": "Landslide", "SubtypeLS": "Debris Flow", "SubtypeLQ": null, "SubtypeGR": null, "Comments": null, "Source": "Sentinel-2 L2A - 07/07/2026", "Access": null, "Impact": null, "ID": 464, "Longitude": 0.0, "Latitude": 0.0 }, "geometry": { "type": "Polygon", "coordinates": [ [ [ -66.838579980999953, 10.56780696900006 ], [ -66.838620314999957, 10.567776675000061 ], [ -66.838655624999944, 10.567776651000031 ], [ -66.838685939999948, 10.567847251000046 ], [ -66.838701109999988, 10.567902728000035 ], [ -66.838706195999976, 10.567963256000041 ], [ -66.838711381999985, 10.568170069000075 ], [ -66.838741778999974, 10.568361732000028 ], [ -66.838817619999986, 10.568618940000022 ], [ -66.838878251999972, 10.568765183000039 ], [ -66.83886830199998, 10.568966963000037 ], [ -66.838802790999978, 10.569062849000034 ], [ -66.838696829999947, 10.56901752300007 ], [ -66.838550416999965, 10.568830984000044 ], [ -66.838535128999979, 10.56860400100004 ], [ -66.838545050999983, 10.568361867000021 ], [ -66.838565044999939, 10.568094505000033 ], [ -66.838579980999953, 10.56780696900006 ] ] ] } },
{ "type": "Feature", "properties": { "Shape_Leng": 0.00123333722411, "Shape_Area": 8.3536056475900001e-08, "Confidence": "Possible", "Type": "Landslide", "SubtypeLS": "Debris Flow", "SubtypeLQ": null, "SubtypeGR": null, "Comments": null, "Source": "Sentinel-2 L2A - 07/07/2026", "Access": null, "Impact": null, "ID": 465, "Longitude": 0.0, "Latitude": 0.0 }, "geometry": { "type": "Polygon", "coordinates": [ [ [ -66.840008342999965, 10.569006536000074 ], [ -66.839957950999974, 10.569082235000053 ], [ -66.839892347999978, 10.569041926000068 ], [ -66.839857023999969, 10.569021773000031 ], [ -66.839841838999973, 10.568946119000032 ], [ -66.839841793999938, 10.568880543000034 ], [ -66.839851795999948, 10.568754428000034 ], [ -66.839881964999961, 10.568613167000024 ], [ -66.839957581999954, 10.568542495000031 ], [ -66.840013085999942, 10.568567678000022 ], [ -66.840043417999937, 10.568663499000024 ], [ -66.840043513999944, 10.568804740000076 ], [ -66.840008342999965, 10.569006536000074 ] ] ] } },
{ "type": "Feature", "properties": { "Shape_Leng": 0.00110621323959, "Shape_Area": 8.1996578869799996e-08, "Confidence": "Possible", "Type": "Landslide", "SubtypeLS": "Debris Flow", "SubtypeLQ": null, "SubtypeGR": null, "Comments": null, "Source": "Sentinel-2 L2A - 07/07/2026", "Access": null, "Impact": null, "ID": 466, "Longitude": 0.0, "Latitude": 0.0 }, "geometry": { "type": "Polygon", "coordinates": [ [ [ -66.839589408999984, 10.568633544000022 ], [ -66.83952388199998, 10.568704210000021 ], [ -66.839443148999976, 10.568668955000021 ], [ -66.839397711999936, 10.568613498000047 ], [ -66.839367400999947, 10.568547943000056 ], [ -66.839352174999988, 10.568411757000035 ], [ -66.839372286999946, 10.568315902000052 ], [ -66.839463049999949, 10.568265396000072 ], [ -66.839543775999971, 10.568290563000062 ], [ -66.83957406899998, 10.568330896000077 ], [ -66.839589260999958, 10.568416639000077 ], [ -66.839589315999945, 10.568497348000051 ], [ -66.839589408999984, 10.568633544000022 ] ] ] } },
{ "type": "Feature", "properties": { "Shape_Leng": 0.0047132953529000002, "Shape_Area": 6.0679690393799999e-07, "Confidence": "Possible", "Type": "Landslide", "SubtypeLS": "Debris Flow", "SubtypeLQ": null, "SubtypeGR": null, "Comments": null, "Source": "Sentinel-2 L2A - 07/07/2026", "Access": null, "Impact": null, "ID": 467, "Longitude": 0.0, "Latitude": 0.0 }, "geometry": { "type": "Polygon", "coordinates": [ [ [ -66.836174610999933, 10.568923409000035 ], [ -66.836222959999986, 10.568977838000023 ], [ -66.836225129999946, 10.569034349000049 ], [ -66.836230221999983, 10.569104966000054 ], [ -66.836189929999932, 10.569195791000027 ], [ -66.836169793999943, 10.569256336000024 ], [ -66.836013482999988, 10.56934724100006 ], [ -66.835852088999957, 10.569382662000066 ], [ -66.835736080999936, 10.56939787400006 ], [ -66.835594839999942, 10.569397971000058 ], [ -66.835468759999969, 10.569438412000068 ], [ -66.835236807999934, 10.569564678000063 ], [ -66.835090571999956, 10.569635399000049 ], [ -66.834924116999957, 10.569645601000047 ], [ -66.834823202999985, 10.569605316000036 ], [ -66.834792905999961, 10.569559938000054 ], [ -66.834802955999976, 10.569504444000074 ], [ -66.834853357999975, 10.569443878000072 ], [ -66.834999611999933, 10.569398379000063 ], [ -66.835075248999942, 10.569357972000034 ], [ -66.835181119999959, 10.569272147000049 ], [ -66.835186136999937, 10.569231789000071 ], [ -66.835155853999936, 10.569206588000043 ], [ -66.835044892999974, 10.569226841000045 ], [ -66.834984374999976, 10.569247060000066 ], [ -66.834863363999943, 10.569322807000049 ], [ -66.834752412999933, 10.569358193000028 ], [ -66.834671683999943, 10.569327983000051 ], [ -66.834671638999964, 10.569262407000053 ], [ -66.834727070999975, 10.569181660000027 ], [ -66.834802682999964, 10.569105944000057 ], [ -66.83494890999998, 10.569020090000038 ], [ -66.835069931999953, 10.568959475000042 ], [ -66.835185946999957, 10.568954352000048 ], [ -66.835327194999934, 10.568964344000051 ], [ -66.835463431999983, 10.569024782000042 ], [ -66.83565009199998, 10.569054920000042 ], [ -66.835816561999934, 10.569064895000054 ], [ -66.835993108999958, 10.56905972900006 ], [ -66.836088915999937, 10.569009221000044 ], [ -66.836174610999933, 10.568923409000035 ] ] ] } },
{ "type": "Feature", "properties": { "Shape_Leng": 0.0036801948122300002, "Shape_Area": 5.44465792875e-07, "Confidence": "Possible", "Type": "Landslide", "SubtypeLS": "Debris Flow", "SubtypeLQ": null, "SubtypeGR": null, "Comments": null, "Source": "Sentinel-2 L2A - 07/07/2026", "Access": null, "Impact": null, "ID": 468, "Longitude": 0.0, "Latitude": 0.0 }, "geometry": { "type": "Polygon", "coordinates": [ [ [ -66.867676297999935, 10.560603314000048 ], [ -66.867581598999948, 10.560429981000027 ], [ -66.86754198999995, 10.560138384000027 ], [ -66.867518177999955, 10.559894066000027 ], [ -66.867683466999949, 10.559562920000076 ], [ -66.867856794999966, 10.559460339000054 ], [ -66.868093230999932, 10.559436532000063 ], [ -66.868258773999969, 10.559475827000028 ], [ -66.868424371999936, 10.55959394000007 ], [ -66.868440237999948, 10.559743682000033 ], [ -66.868306296999947, 10.559814709000023 ], [ -66.868069849999983, 10.559822753000049 ], [ -66.867935892999981, 10.55987013500004 ], [ -66.867841382999984, 10.559972662000064 ], [ -66.867841468999984, 10.560098770000025 ], [ -66.86787303899996, 10.560161802000039 ], [ -66.867928280999934, 10.560264227000062 ], [ -66.867959883999958, 10.560374549000073 ], [ -66.867967851999936, 10.56050065200003 ], [ -66.86793638499995, 10.560587372000043 ], [ -66.867841846999966, 10.560650491000047 ], [ -66.86777879899995, 10.560658416000024 ], [ -66.867676297999935, 10.560603314000048 ] ] ] } },
{ "type": "Feature", "properties": { "Shape_Leng": 0.0066924889827000003, "Shape_Area": 1.7734809746099999e-06, "Confidence": "Possible", "Type": "Landslide", "SubtypeLS": "Debris Flow", "SubtypeLQ": null, "SubtypeGR": null, "Comments": null, "Source": "Sentinel-2 L2A - 07/07/2026", "Access": null, "Impact": null, "ID": 469, "Longitude": 0.0, "Latitude": 0.0 }, "geometry": { "type": "Polygon", "coordinates": [ [ [ -66.867652938999981, 10.561021062000066 ], [ -66.867653019999977, 10.561139288000049 ], [ -66.867692460999933, 10.561186551000048 ], [ -66.867731874999947, 10.561194406000027 ], [ -66.867865901999949, 10.561249486000065 ], [ -66.867952617999947, 10.561273072000063 ], [ -66.868047268999987, 10.56137547000003 ], [ -66.868086763999941, 10.56150155000006 ], [ -66.868110467999941, 10.561588233000066 ], [ -66.868118451999976, 10.561737981000022 ], [ -66.868134269999985, 10.561816787000055 ], [ -66.868158011999981, 10.561958642000036 ], [ -66.868095065999967, 10.56211632000003 ], [ -66.868000539999969, 10.562195202000055 ], [ -66.867921743999943, 10.562226783000028 ], [ -66.867779904999963, 10.562274170000023 ], [ -66.867693275999954, 10.562376692000043 ], [ -66.867661829999975, 10.562494940000022 ], [ -66.867606792999936, 10.562692021000032 ], [ -66.867504438999958, 10.562849726000024 ], [ -66.867378422999934, 10.56298380100003 ], [ -66.867157836999979, 10.563133705000041 ], [ -66.867008121999959, 10.563188980000064 ], [ -66.866811061999954, 10.563165470000058 ], [ -66.866684943999985, 10.563149793000036 ], [ -66.866598158999977, 10.563023744000077 ], [ -66.866590168999949, 10.562866115000077 ], [ -66.866676732999963, 10.562669013000061 ], [ -66.866881495999962, 10.56243242000005 ], [ -66.866952355999956, 10.56232202800004 ], [ -66.867125569999985, 10.562053930000047 ], [ -66.867227886999956, 10.561841053000023 ], [ -66.867322289999947, 10.561580891000062 ], [ -66.867369482999948, 10.561438988000077 ], [ -66.867369352999958, 10.561249826000051 ], [ -66.867361357999982, 10.561084315000073 ], [ -66.867321846999971, 10.560934589000055 ], [ -66.867305969999961, 10.560769084000071 ], [ -66.867329501999961, 10.560603551000042 ], [ -66.867416211999966, 10.560619256000052 ], [ -66.867518711999935, 10.560674357000039 ], [ -66.867637034999973, 10.560816148000072 ], [ -66.867652938999981, 10.561021062000066 ] ] ] } },
{ "type": "Feature", "properties": { "Shape_Leng": 0.0018245779824199999, "Shape_Area": 1.3899718458699999e-07, "Confidence": "Possible", "Type": "Landslide", "SubtypeLS": "Debris Flow", "SubtypeLQ": null, "SubtypeGR": null, "Comments": null, "Source": "Sentinel-2 L2A - 07/07/2026", "Access": null, "Impact": null, "ID": 470, "Longitude": 0.0, "Latitude": 0.0 }, "geometry": { "type": "Polygon", "coordinates": [ [ [ -66.870977738999954, 10.559135050000066 ], [ -66.871095985999943, 10.559166496000046 ], [ -66.871159066999951, 10.559205862000056 ], [ -66.87122220699996, 10.559331926000027 ], [ -66.871230148999985, 10.559418620000031 ], [ -66.871230185999934, 10.559473792000063 ], [ -66.871151390999955, 10.559505373000036 ], [ -66.871041013999957, 10.559458158000041 ], [ -66.870851781999988, 10.559355825000068 ], [ -66.870686238999951, 10.559316530000046 ], [ -66.870552238999949, 10.559300858000029 ], [ -66.870489179999936, 10.559293020000041 ], [ -66.87048914199994, 10.559237848000066 ], [ -66.870599474999949, 10.559222009000052 ], [ -66.870804378999935, 10.559190341000033 ], [ -66.870859539999969, 10.559174540000072 ], [ -66.870977738999954, 10.559135050000066 ] ] ] } },
{ "type": "Feature", "properties": { "Shape_Leng": 0.00152382187241, "Shape_Area": 1.18403984043e-07, "Confidence": "Possible", "Type": "Landslide", "SubtypeLS": "Debris Flow", "SubtypeLQ": null, "SubtypeGR": null, "Comments": null, "Source": "Sentinel-2 L2A - 07/07/2026", "Access": null, "Impact": null, "ID": 471, "Longitude": 0.0, "Latitude": 0.0 }, "geometry": { "type": "Polygon", "coordinates": [ [ [ -66.866405854999982, 10.558436707000055 ], [ -66.866390172999957, 10.558554944000036 ], [ -66.866358645999981, 10.558554966000031 ], [ -66.866279817999953, 10.558539256000074 ], [ -66.866193091999946, 10.558499907000055 ], [ -66.86616150499998, 10.558413230000042 ], [ -66.866161386999977, 10.558239832000027 ], [ -66.86617703099995, 10.558066423000071 ], [ -66.866200573999947, 10.557916654000053 ], [ -66.866255745999979, 10.557916616000057 ], [ -66.866287299999954, 10.557956003000072 ], [ -66.866350461999957, 10.558113594000076 ], [ -66.866397854999946, 10.558263315000033 ], [ -66.866405854999982, 10.558436707000055 ] ] ] } },
{ "type": "Feature", "properties": { "Shape_Leng": 0.0022943305785899999, "Shape_Area": 2.0351090420399999e-07, "Confidence": "Possible", "Type": "Landslide", "SubtypeLS": "Debris Flow", "SubtypeLQ": null, "SubtypeGR": null, "Comments": null, "Source": "Sentinel-2 L2A - 07/07/2026", "Access": null, "Impact": null, "ID": 472, "Longitude": 0.0, "Latitude": 0.0 }, "geometry": { "type": "Polygon", "coordinates": [ [ [ -66.865691138999978, 10.562117966000073 ], [ -66.86592765599994, 10.562212385000066 ], [ -66.866085354999939, 10.562306858000056 ], [ -66.866164252999965, 10.562425030000043 ], [ -66.866180091999979, 10.562535363000052 ], [ -66.866109177999988, 10.562566939000021 ], [ -66.865951505999988, 10.562511875000041 ], [ -66.865722838999943, 10.562370160000057 ], [ -66.865565133999951, 10.562267806000023 ], [ -66.865368025999942, 10.562173360000031 ], [ -66.865320724999947, 10.562157629000069 ], [ -66.865257616999941, 10.562078855000038 ], [ -66.865249712999969, 10.562047333000066 ], [ -66.86529696599996, 10.561992129000032 ], [ -66.865375772999982, 10.561976311000024 ], [ -66.865691138999978, 10.562117966000073 ] ] ] } },
{ "type": "Feature", "properties": { "Shape_Leng": 0.00134436223718, "Shape_Area": 9.0324995945199994e-08, "Confidence": "Possible", "Type": "Landslide", "SubtypeLS": "Debris Flow", "SubtypeLQ": null, "SubtypeGR": null, "Comments": null, "Source": "Sentinel-2 L2A - 07/07/2026", "Access": null, "Impact": null, "ID": 473, "Longitude": 0.0, "Latitude": 0.0 }, "geometry": { "type": "Polygon", "coordinates": [ [ [ -66.867632402999959, 10.565560954000034 ], [ -66.867569311999944, 10.565505825000059 ], [ -66.867608687999962, 10.565458508000063 ], [ -66.867640187999939, 10.565419078000048 ], [ -66.867766235999966, 10.565332292000051 ], [ -66.868018424999946, 10.565292711000041 ], [ -66.868105133999961, 10.565308415000061 ], [ -66.868152489999943, 10.565402963000054 ], [ -66.868113096999934, 10.565426635000051 ], [ -66.867994903999943, 10.565474007000034 ], [ -66.867829419999964, 10.565521411000077 ], [ -66.867632402999959, 10.565560954000034 ] ] ] } },
{ "type": "Feature", "properties": { "Shape_Leng": 0.00142495400608, "Shape_Area": 1.14769844189e-07, "Confidence": "Possible", "Type": "Landslide", "SubtypeLS": "Debris Flow", "SubtypeLQ": null, "SubtypeGR": null, "Comments": null, "Source": "Sentinel-2 L2A - 07/07/2026", "Access": null, "Impact": null, "ID": 474, "Longitude": 0.0, "Latitude": 0.0 }, "geometry": { "type": "Polygon", "coordinates": [ [ [ -66.86686674699996, 10.563914196000042 ], [ -66.866953494999962, 10.563985073000026 ], [ -66.867063881999968, 10.564048051000043 ], [ -66.867158511999946, 10.564118922000034 ], [ -66.867166441999984, 10.564189852000027 ], [ -66.867119205999984, 10.56426870100006 ], [ -66.867016742999965, 10.564268772000048 ], [ -66.866874828999983, 10.564205815000037 ], [ -66.86674865599997, 10.564111321000041 ], [ -66.866685531999963, 10.564008901000022 ], [ -66.866653961999987, 10.563945869000065 ], [ -66.866653929999984, 10.563898579000067 ], [ -66.866709063999963, 10.56384336900004 ], [ -66.86686674699996, 10.563914196000042 ] ] ] } },
{ "type": "Feature", "properties": { "Shape_Leng": 0.00137421718335, "Shape_Area": 1.12222837711e-07, "Confidence": "Possible", "Type": "Landslide", "SubtypeLS": "Debris Flow", "SubtypeLQ": null, "SubtypeGR": null, "Comments": null, "Source": "Sentinel-2 L2A - 07/07/2026", "Access": null, "Impact": null, "ID": 475, "Longitude": 0.0, "Latitude": 0.0 }, "geometry": { "type": "Polygon", "coordinates": [ [ [ -66.868787562999955, 10.560515854000073 ], [ -66.868976777999933, 10.560594541000057 ], [ -66.869095095999967, 10.560728450000056 ], [ -66.869110939999985, 10.560846665000042 ], [ -66.869110977999981, 10.560901837000074 ], [ -66.869016407999936, 10.560917665000034 ], [ -66.868921799999953, 10.560878322000065 ], [ -66.868779847999974, 10.560760193000021 ], [ -66.868685213999981, 10.560681440000053 ], [ -66.868637874999934, 10.560610537000059 ], [ -66.868629960999954, 10.560563252000065 ], [ -66.868661459999942, 10.56052382200005 ], [ -66.868787562999955, 10.560515854000073 ] ] ] } },
{ "type": "Feature", "properties": { "Shape_Leng": 0.00160277204188, "Shape_Area": 1.11353046813e-07, "Confidence": "Possible", "Type": "Landslide", "SubtypeLS": "Debris Flow", "SubtypeLQ": null, "SubtypeGR": null, "Comments": null, "Source": "Sentinel-2 L2A - 07/07/2026", "Access": null, "Impact": null, "ID": 476, "Longitude": 0.0, "Latitude": 0.0 }, "geometry": { "type": "Polygon", "coordinates": [ [ [ -66.870324963999963, 10.56119263000005 ], [ -66.870135829999981, 10.56123216800006 ], [ -66.869986076999965, 10.561232271000051 ], [ -66.869930888999988, 10.561208663000059 ], [ -66.869954468999936, 10.561114066000073 ], [ -66.870025382999984, 10.561082491000036 ], [ -66.870175108999945, 10.561042980000025 ], [ -66.870293323999988, 10.561027135000074 ], [ -66.870379984999943, 10.560971904000041 ], [ -66.870466635999946, 10.560900909000054 ], [ -66.870576984999957, 10.560908715000039 ], [ -66.870584893999933, 10.560948118000056 ], [ -66.870569167999975, 10.561003301000028 ], [ -66.87052192699997, 10.561074269000073 ], [ -66.870474684999976, 10.561145237000062 ], [ -66.870324963999963, 10.56119263000005 ] ] ] } },
{ "type": "Feature", "properties": { "Shape_Leng": 0.00131620818414, "Shape_Area": 1.04861262925e-07, "Confidence": "Possible", "Type": "Landslide", "SubtypeLS": "Debris Flow", "SubtypeLQ": null, "SubtypeGR": null, "Comments": null, "Source": "Sentinel-2 L2A - 07/07/2026", "Access": null, "Impact": null, "ID": 477, "Longitude": 0.0, "Latitude": 0.0 }, "geometry": { "type": "Polygon", "coordinates": [ [ [ -66.87283326499994, 10.563981045000048 ], [ -66.872825458999955, 10.564091395000048 ], [ -66.872778168999957, 10.564091427000051 ], [ -66.872652049999942, 10.564075750000029 ], [ -66.872557463999954, 10.564067933000047 ], [ -66.872470715999953, 10.563997057000051 ], [ -66.872423382999955, 10.563934036000035 ], [ -66.872368156999983, 10.563855256000068 ], [ -66.872368091999988, 10.563760676000072 ], [ -66.872423247999961, 10.563736993000077 ], [ -66.872525715999984, 10.563744804000066 ], [ -66.872651866999945, 10.563807772000075 ], [ -66.872707076999973, 10.563862906000054 ], [ -66.87283326499994, 10.563981045000048 ] ] ] } },
{ "type": "Feature", "properties": { "Shape_Leng": 0.00186030467929, "Shape_Area": 1.66268909601e-07, "Confidence": "Possible", "Type": "Landslide", "SubtypeLS": "Debris Flow", "SubtypeLQ": null, "SubtypeGR": null, "Comments": null, "Source": "Sentinel-2 L2A - 07/07/2026", "Access": null, "Impact": null, "ID": 478, "Longitude": 0.0, "Latitude": 0.0 }, "geometry": { "type": "Polygon", "coordinates": [ [ [ -66.866750502999935, 10.566806872000029 ], [ -66.866655937999951, 10.566830582000023 ], [ -66.866584991999957, 10.566814867000062 ], [ -66.866569173999949, 10.566736061000029 ], [ -66.866640049999944, 10.566649313000028 ], [ -66.866718802999969, 10.566554678000045 ], [ -66.866829081999981, 10.566460022000058 ], [ -66.866923597999971, 10.566365376000022 ], [ -66.867002355999944, 10.566278623000073 ], [ -66.867104775999962, 10.566215499000066 ], [ -66.867175710999959, 10.566215451000062 ], [ -66.867183651999937, 10.566302144000076 ], [ -66.86715223899995, 10.566467682000052 ], [ -66.867049867999981, 10.566601742000046 ], [ -66.866900184999963, 10.566704307000066 ], [ -66.866750502999935, 10.566806872000029 ] ] ] } },
{ "type": "Feature", "properties": { "Shape_Leng": 0.00150545767775, "Shape_Area": 1.26271475084e-07, "Confidence": "Possible", "Type": "Landslide", "SubtypeLS": "Debris Flow", "SubtypeLQ": null, "SubtypeGR": null, "Comments": null, "Source": "Sentinel-2 L2A - 07/07/2026", "Access": null, "Impact": null, "ID": 479, "Longitude": 0.0, "Latitude": 0.0 }, "geometry": { "type": "Polygon", "coordinates": [ [ [ -66.875168702999986, 10.561806421000028 ], [ -66.875129967999953, 10.561812904000021 ], [ -66.875117024999952, 10.561770944000045 ], [ -66.875126678999948, 10.561725740000043 ], [ -66.875146022999957, 10.56168698700003 ], [ -66.875194401999977, 10.561619158000042 ], [ -66.875233108999964, 10.561570706000055 ], [ -66.875355741999954, 10.561506055000052 ], [ -66.875510654999971, 10.561434925000071 ], [ -66.875623638999969, 10.561421934000066 ], [ -66.875685018999945, 10.561483231000068 ], [ -66.875688298999933, 10.561557481000023 ], [ -66.875652841999965, 10.561638214000027 ], [ -66.875559256999964, 10.561693161000051 ], [ -66.87547533999998, 10.561722273000044 ], [ -66.875326861999952, 10.561761115000024 ], [ -66.875168702999986, 10.561806421000028 ] ] ] } },
{ "type": "Feature", "properties": { "Shape_Leng": 0.0014216585407899999, "Shape_Area": 1.06476585113e-07, "Confidence": "Possible", "Type": "Landslide", "SubtypeLS": "Debris Flow", "SubtypeLQ": null, "SubtypeGR": null, "Comments": null, "Source": "Sentinel-2 L2A - 07/07/2026", "Access": null, "Impact": null, "ID": 480, "Longitude": 0.0, "Latitude": 0.0 }, "geometry": { "type": "Polygon", "coordinates": [ [ [ -66.876354886999934, 10.561771748000069 ], [ -66.876315591999969, 10.561937291000049 ], [ -66.876228870999967, 10.561905824000064 ], [ -66.87615, 10.561827061000031 ], [ -66.876047444999983, 10.561693141000035 ], [ -66.875976449999939, 10.561606491000077 ], [ -66.875944869999955, 10.561527695000052 ], [ -66.876031470999976, 10.561385765000068 ], [ -66.876094540999986, 10.561409367000067 ], [ -66.876141863999976, 10.561456625000062 ], [ -66.876212869999961, 10.561559039000031 ], [ -66.876276004999966, 10.561677221000025 ], [ -66.876354886999934, 10.561771748000069 ] ] ] } },
{ "type": "Feature", "properties": { "Shape_Leng": 0.0047923748415299996, "Shape_Area": 8.6458947402800004e-07, "Confidence": "Possible", "Type": "Landslide", "SubtypeLS": "Debris Flow", "SubtypeLQ": null, "SubtypeGR": null, "Comments": null, "Source": "Sentinel-2 L2A - 07/07/2026", "Access": null, "Impact": null, "ID": 481, "Longitude": 0.0, "Latitude": 0.0 }, "geometry": { "type": "Polygon", "coordinates": [ [ [ -66.878203585999984, 10.569596550000028 ], [ -66.878088275999971, 10.569808297000066 ], [ -66.877934335999953, 10.569808403000025 ], [ -66.877818867999963, 10.569789239000045 ], [ -66.877741765999986, 10.56959686700003 ], [ -66.877799401999937, 10.569462130000034 ], [ -66.877953196999954, 10.569250357000044 ], [ -66.878010804999974, 10.569077135000043 ], [ -66.878087564999987, 10.568769202000055 ], [ -66.878164204999962, 10.568288087000042 ], [ -66.878356603999976, 10.568249470000069 ], [ -66.878433626999936, 10.56832638700007 ], [ -66.878433757999971, 10.568518812000036 ], [ -66.878510912999957, 10.56878815400006 ], [ -66.878607098999964, 10.568749604000061 ], [ -66.878780228999972, 10.56867251500006 ], [ -66.879030328999988, 10.56859537400004 ], [ -66.879011230999936, 10.568807054000047 ], [ -66.878895881999938, 10.568961073000025 ], [ -66.878684358999976, 10.569172886000047 ], [ -66.878203585999984, 10.569596550000028 ] ] ] } },
{ "type": "Feature", "properties": { "Shape_Leng": 0.00154809221898, "Shape_Area": 1.19894580932e-07, "Confidence": "Possible", "Type": "Landslide", "SubtypeLS": "Debris Flow", "SubtypeLQ": null, "SubtypeGR": null, "Comments": null, "Source": "Sentinel-2 L2A - 07/07/2026", "Access": null, "Impact": null, "ID": 482, "Longitude": 0.0, "Latitude": 0.0 }, "geometry": { "type": "Polygon", "coordinates": [ [ [ -66.854629708999937, 10.557215223000071 ], [ -66.854708563999964, 10.557270341000049 ], [ -66.854716477999943, 10.557317626000042 ], [ -66.85470866199995, 10.557412212000031 ], [ -66.854669300999944, 10.557483174000026 ], [ -66.854598440999951, 10.557593567000026 ], [ -66.854488161999939, 10.557688223000071 ], [ -66.854362107999975, 10.557767127000034 ], [ -66.85426752799998, 10.557767192000028 ], [ -66.854243795999935, 10.557641100000069 ], [ -66.854291037999985, 10.557570132000023 ], [ -66.85440919399997, 10.557467589000055 ], [ -66.854535225999939, 10.557357158000059 ], [ -66.854629708999937, 10.557215223000071 ] ] ] } },
{ "type": "Feature", "properties": { "Shape_Leng": 0.0029080254511400002, "Shape_Area": 2.27567910083e-07, "Confidence": "Possible", "Type": "Landslide", "SubtypeLS": "Debris Flow", "SubtypeLQ": null, "SubtypeGR": null, "Comments": null, "Source": "Sentinel-2 L2A - 07/07/2026", "Access": null, "Impact": null, "ID": 483, "Longitude": 0.0, "Latitude": 0.0 }, "geometry": { "type": "Polygon", "coordinates": [ [ [ -66.837220858999956, 10.557224939000037 ], [ -66.837301753999952, 10.557497276000049 ], [ -66.837306912999964, 10.557663735000062 ], [ -66.837286855999935, 10.557840300000066 ], [ -66.83724155799996, 10.557986616000051 ], [ -66.837211326999977, 10.55803707900003 ], [ -66.837115498999935, 10.558057322000025 ], [ -66.837039823999987, 10.558042241000066 ], [ -66.837014542999952, 10.55795650500005 ], [ -66.837105219999955, 10.557779892000042 ], [ -66.837145466999971, 10.557623491000072 ], [ -66.837125192999963, 10.557482264000043 ], [ -66.837079704999951, 10.557351143000062 ], [ -66.837049376999971, 10.557260367000026 ], [ -66.837013989999946, 10.557149416000073 ], [ -66.836953368999957, 10.557018306000032 ], [ -66.836872569999969, 10.556887209000024 ], [ -66.83688260699995, 10.556811537000044 ], [ -66.837003694999964, 10.556846765000046 ], [ -66.837064260999966, 10.556897166000056 ], [ -66.837165236999965, 10.557028249000041 ], [ -66.837220858999956, 10.557224939000037 ] ] ] } },
{ "type": "Feature", "properties": { "Shape_Leng": 0.0018192848233200001, "Shape_Area": 1.9835477724500001e-07, "Confidence": "Possible", "Type": "Landslide", "SubtypeLS": "Debris Flow", "SubtypeLQ": null, "SubtypeGR": null, "Comments": null, "Source": "Sentinel-2 L2A - 07/07/2026", "Access": null, "Impact": null, "ID": 484, "Longitude": 0.0, "Latitude": 0.0 }, "geometry": { "type": "Polygon", "coordinates": [ [ [ -66.836051559999987, 10.567403264000063 ], [ -66.83592546899996, 10.567426996000052 ], [ -66.83584660799994, 10.56736399600004 ], [ -66.835830779999981, 10.567269426000053 ], [ -66.835838585999966, 10.567159076000053 ], [ -66.835870063999948, 10.567088119000061 ], [ -66.83602762299995, 10.56697766700006 ], [ -66.83613792999995, 10.566922419000036 ], [ -66.836279751999939, 10.566851387000042 ], [ -66.836366429999941, 10.566819800000076 ], [ -66.836413746999938, 10.566859177000026 ], [ -66.836398048999968, 10.566953768000076 ], [ -66.836366607999935, 10.567079897000042 ], [ -66.836240597999961, 10.567221855000071 ], [ -66.836051559999987, 10.567403264000063 ] ] ] } },
{ "type": "Feature", "properties": { "Shape_Leng": 0.0023375385168400002, "Shape_Area": 2.9917788081900002e-07, "Confidence": "Possible", "Type": "Landslide", "SubtypeLS": "Debris Flow", "SubtypeLQ": null, "SubtypeGR": null, "Comments": null, "Source": "Sentinel-2 L2A - 07/07/2026", "Access": null, "Impact": null, "ID": 485, "Longitude": 0.0, "Latitude": 0.0 }, "geometry": { "type": "Polygon", "coordinates": [ [ [ -66.833616904999985, 10.568571428000041 ], [ -66.833459188999939, 10.568453310000052 ], [ -66.833522150999954, 10.568319278000047 ], [ -66.833600919999981, 10.568248288000063 ], [ -66.833679666999956, 10.568145772000037 ], [ -66.833750558999952, 10.568082669000034 ], [ -66.833947548999959, 10.568003717000067 ], [ -66.834105155999964, 10.567964200000063 ], [ -66.834262757999966, 10.56791680200007 ], [ -66.834349478999968, 10.567948270000045 ], [ -66.834357435999948, 10.568058608000058 ], [ -66.834278688999973, 10.568161125000074 ], [ -66.834144785999968, 10.568287324000039 ], [ -66.834026619999975, 10.568374104000043 ], [ -66.833845425999982, 10.568500336000056 ], [ -66.833616904999985, 10.568571428000041 ] ] ] } },
{ "type": "Feature", "properties": { "Shape_Leng": 0.00088190784605900001, "Shape_Area": 4.7092591344500001e-08, "Confidence": "Possible", "Type": "Landslide", "SubtypeLS": "Debris Flow", "SubtypeLQ": null, "SubtypeGR": null, "Comments": null, "Source": "Sentinel-2 L2A - 07/07/2026", "Access": null, "Impact": null, "ID": 486, "Longitude": 0.0, "Latitude": 0.0 }, "geometry": { "type": "Polygon", "coordinates": [ [ [ -66.773826454999949, 10.569124692000059 ], [ -66.773771186999966, 10.569112232000066 ], [ -66.773743920999948, 10.569074116000024 ], [ -66.773740262999979, 10.569035983000049 ], [ -66.773771196999974, 10.568998622000038 ], [ -66.773865744999966, 10.568951267000045 ], [ -66.773991814999988, 10.568896008000024 ], [ -66.774070642999959, 10.568911718000038 ], [ -66.77407070299995, 10.568998417000046 ], [ -66.774007691999941, 10.569061514000055 ], [ -66.773826454999949, 10.569124692000059 ] ] ] } },
{ "type": "Feature", "properties": { "Shape_Leng": 0.0011778846507700001, "Shape_Area": 8.9490291970900001e-08, "Confidence": "Possible", "Type": "Landslide", "SubtypeLS": "Debris Flow", "SubtypeLQ": null, "SubtypeGR": null, "Comments": null, "Source": "Sentinel-2 L2A - 07/07/2026", "Access": null, "Impact": null, "ID": 487, "Longitude": 0.0, "Latitude": 0.0 }, "geometry": { "type": "Polygon", "coordinates": [ [ [ -66.770963524999956, 10.571470049000027 ], [ -66.770887894999987, 10.571520544000066 ], [ -66.770847539999977, 10.571520572000054 ], [ -66.770792035999932, 10.571495388000073 ], [ -66.770791993999978, 10.571434857000042 ], [ -66.770817152999939, 10.571344042000021 ], [ -66.770872567999959, 10.571238073000075 ], [ -66.770948152999949, 10.571122002000038 ], [ -66.771033888999966, 10.57109672200005 ], [ -66.771089393999944, 10.57112190600003 ], [ -66.77112978599996, 10.57117736500004 ], [ -66.771119762999945, 10.57127321400003 ], [ -66.771059314999945, 10.571394319000035 ], [ -66.770963524999956, 10.571470049000027 ] ] ] } },
{ "type": "Feature", "properties": { "Shape_Leng": 0.00161075332803, "Shape_Area": 1.3186885479600001e-07, "Confidence": "Possible", "Type": "Landslide", "SubtypeLS": "Debris Flow", "SubtypeLQ": null, "SubtypeGR": null, "Comments": null, "Source": "Sentinel-2 L2A - 07/07/2026", "Access": null, "Impact": null, "ID": 488, "Longitude": 0.0, "Latitude": 0.0 }, "geometry": { "type": "Polygon", "coordinates": [ [ [ -66.769017015999964, 10.572339004000071 ], [ -66.768926266999983, 10.572409686000071 ], [ -66.768860704999952, 10.572429908000061 ], [ -66.768774982999958, 10.572475366000049 ], [ -66.768684185999973, 10.572475428000075 ], [ -66.768643806999933, 10.57244014500003 ], [ -66.768648785999972, 10.572344300000054 ], [ -66.768704237999941, 10.572293819000038 ], [ -66.768779871999982, 10.572248369000022 ], [ -66.768840371999943, 10.572202928000024 ], [ -66.768921025999987, 10.572122164000064 ], [ -66.768996628999957, 10.572031315000061 ], [ -66.769092431999979, 10.571975762000022 ], [ -66.769193342999984, 10.572011003000057 ], [ -66.769208523999964, 10.572081613000023 ], [ -66.769168238999953, 10.572182527000052 ], [ -66.769082529999935, 10.572248161000061 ], [ -66.769017015999964, 10.572339004000071 ] ] ] } },
{ "type": "Feature", "properties": { "Shape_Leng": 0.0022076527877300002, "Shape_Area": 2.65404366811e-07, "Confidence": "Possible", "Type": "Landslide", "SubtypeLS": "Debris Flow", "SubtypeLQ": null, "SubtypeGR": null, "Comments": null, "Source": "Sentinel-2 L2A - 07/07/2026", "Access": null, "Impact": null, "ID": 489, "Longitude": 0.0, "Latitude": 0.0 }, "geometry": { "type": "Polygon", "coordinates": [ [ [ -66.767503502999944, 10.572017204000076 ], [ -66.767362286999969, 10.572052611000061 ], [ -66.767261386999962, 10.572032503000059 ], [ -66.767236123999965, 10.571971989000076 ], [ -66.767251190999957, 10.571876137000061 ], [ -66.767336864999947, 10.571760059000042 ], [ -66.767538574999946, 10.571669123000049 ], [ -66.767725151999969, 10.571578198000054 ], [ -66.767952152999953, 10.571588131000055 ], [ -66.768103526999937, 10.571653603000073 ], [ -66.768108671999983, 10.571799885000075 ], [ -66.768073423999965, 10.571890706000033 ], [ -66.767881753999973, 10.571911015000069 ], [ -66.767720352999959, 10.571936347000076 ], [ -66.767503502999944, 10.572017204000076 ] ] ] } },
{ "type": "Feature", "properties": { "Shape_Leng": 0.0027880875675400001, "Shape_Area": 3.8680077600299998e-07, "Confidence": "Possible", "Type": "Landslide", "SubtypeLS": "Debris Flow", "SubtypeLQ": null, "SubtypeGR": null, "Comments": null, "Source": "Sentinel-2 L2A - 07/07/2026", "Access": null, "Impact": null, "ID": 490, "Longitude": 0.0, "Latitude": 0.0 }, "geometry": { "type": "Polygon", "coordinates": [ [ [ -66.768580559999975, 10.573999196000045 ], [ -66.768596419999938, 10.57414105600003 ], [ -66.768612258999951, 10.57425138900004 ], [ -66.768635963999941, 10.574338072000046 ], [ -66.768793592999941, 10.574330082000074 ], [ -66.768880361999948, 10.574432486000035 ], [ -66.768896190999953, 10.574527056000022 ], [ -66.768888378999975, 10.574629523000056 ], [ -66.768793894999988, 10.574771459000033 ], [ -66.768691427999954, 10.574763648000044 ], [ -66.768596765999973, 10.574645487000055 ], [ -66.768533619999971, 10.57451154000006 ], [ -66.768407506999949, 10.574503745000072 ], [ -66.768234054999937, 10.574425047000034 ], [ -66.768139425999948, 10.574354176000043 ], [ -66.768076268999948, 10.574204466000026 ], [ -66.768099784999947, 10.574015288000055 ], [ -66.768202176999978, 10.573912756000027 ], [ -66.768304606999948, 10.573865395000041 ], [ -66.768383408999966, 10.573841696000045 ], [ -66.768580559999975, 10.573999196000045 ] ] ] } },
{ "type": "Feature", "properties": { "Shape_Leng": 0.00454107423632, "Shape_Area": 7.97673577409e-07, "Confidence": "Possible", "Type": "Landslide", "SubtypeLS": "Debris Flow", "SubtypeLQ": null, "SubtypeGR": null, "Comments": null, "Source": "Sentinel-2 L2A - 07/07/2026", "Access": null, "Impact": null, "ID": 491, "Longitude": 0.0, "Latitude": 0.0 }, "geometry": { "type": "Polygon", "coordinates": [ [ [ -66.766475100999969, 10.57248734500007 ], [ -66.766577617999985, 10.572566092000045 ], [ -66.766624978999971, 10.572668522000072 ], [ -66.766625075999968, 10.572810393000054 ], [ -66.766569924999942, 10.572841958000026 ], [ -66.766483231999985, 10.572849899000062 ], [ -66.766435940999941, 10.572849931000064 ], [ -66.766443870999979, 10.572920862000046 ], [ -66.766475441999944, 10.57298389400006 ], [ -66.766491258999963, 10.573062700000037 ], [ -66.76649131299996, 10.573141518000057 ], [ -66.766483495999978, 10.573236104000046 ], [ -66.766404737999949, 10.573322857000051 ], [ -66.766278646999979, 10.573346588000049 ], [ -66.766121011999985, 10.573346696000044 ], [ -66.766042134999964, 10.573260051000034 ], [ -66.766010575999985, 10.573212782000041 ], [ -66.76597901699995, 10.573165514000038 ], [ -66.765900188999979, 10.573149804000025 ], [ -66.76580559699994, 10.573134106000055 ], [ -66.765750424999965, 10.573134143000061 ], [ -66.765624284999944, 10.573086939000063 ], [ -66.765569090999975, 10.573055450000027 ], [ -66.76552174699998, 10.572976665000056 ], [ -66.765529579999964, 10.572905724000066 ], [ -66.765568955999981, 10.572858407000069 ], [ -66.765624122999952, 10.572850487000039 ], [ -66.765734461999955, 10.572842530000059 ], [ -66.765821149999965, 10.572826707000047 ], [ -66.765844778999963, 10.572803046000047 ], [ -66.765844724999965, 10.572724229000073 ], [ -66.765773745999979, 10.572661223000068 ], [ -66.765718530999948, 10.572598207000055 ], [ -66.765592379999987, 10.572535240000036 ], [ -66.765529277999974, 10.57246434700005 ], [ -66.765458309999985, 10.572417106000046 ], [ -66.765426712999954, 10.572314665000022 ], [ -66.76546607299997, 10.572243702000037 ], [ -66.76560791199995, 10.572196315000042 ], [ -66.765741895999952, 10.572188341000071 ], [ -66.765883820999989, 10.572267061000048 ], [ -66.765939013999969, 10.572298550000028 ], [ -66.766009997999959, 10.572369437000077 ], [ -66.766065197999978, 10.572408808000034 ], [ -66.766120433999959, 10.572503351000023 ], [ -66.76617564999998, 10.572566367000036 ], [ -66.766238649999934, 10.572487507000062 ], [ -66.766309563999982, 10.572455931000036 ], [ -66.766372616999945, 10.572455888000036 ], [ -66.766475100999969, 10.57248734500007 ] ] ] } },
{ "type": "Feature", "properties": { "Shape_Leng": 0.0018053756336299999, "Shape_Area": 1.4112864480199999e-07, "Confidence": "Possible", "Type": "Landslide", "SubtypeLS": "Debris Flow", "SubtypeLQ": null, "SubtypeGR": null, "Comments": null, "Source": "Sentinel-2 L2A - 07/07/2026", "Access": null, "Impact": null, "ID": 492, "Longitude": 0.0, "Latitude": 0.0 }, "geometry": { "type": "Polygon", "coordinates": [ [ [ -66.744582032999972, 10.601709210000024 ], [ -66.744592137999973, 10.601634729000068 ], [ -66.744636077999985, 10.601536529000043 ], [ -66.744737590999932, 10.601475526000058 ], [ -66.74481545499998, 10.601482243000021 ], [ -66.744846011999982, 10.601614244000075 ], [ -66.744778419999932, 10.601776779000033 ], [ -66.744687123999938, 10.601929175000066 ], [ -66.744585656999959, 10.602057881000064 ], [ -66.744507848999945, 10.602132408000045 ], [ -66.744450321999977, 10.602162914000075 ], [ -66.74438601099996, 10.602173114000038 ], [ -66.74435213299995, 10.602135900000064 ], [ -66.744372027999987, 10.602098976000036 ], [ -66.744410628999958, 10.602027333000024 ], [ -66.744480674999977, 10.601897328000064 ], [ -66.744582032999972, 10.601709210000024 ] ] ] } },
{ "type": "Feature", "properties": { "Shape_Leng": 0.00207328612312, "Shape_Area": 1.43253088119e-07, "Confidence": "Possible", "Type": "Landslide", "SubtypeLS": "Debris Flow", "SubtypeLQ": null, "SubtypeGR": null, "Comments": null, "Source": "Sentinel-2 L2A - 07/07/2026", "Access": null, "Impact": null, "ID": 493, "Longitude": 0.0, "Latitude": 0.0 }, "geometry": { "type": "Polygon", "coordinates": [ [ [ -66.750221791999934, 10.590417767000076 ], [ -66.750202323999986, 10.59034999000005 ], [ -66.750276352999947, 10.590318204000027 ], [ -66.750445575999947, 10.59026519400004 ], [ -66.750648270999989, 10.590261651000048 ], [ -66.750772171999984, 10.590216296000051 ], [ -66.750900738999974, 10.59016923300004 ], [ -66.75100086599997, 10.590132581000034 ], [ -66.751127834999977, 10.590169519000028 ], [ -66.751127882999981, 10.590238280000051 ], [ -66.75106976099994, 10.59032823900003 ], [ -66.750921695999978, 10.590381234000063 ], [ -66.750800051999988, 10.590397185000029 ], [ -66.750221791999934, 10.590417767000076 ] ] ] } },
{ "type": "Feature", "properties": { "Shape_Leng": 0.00148318788417, "Shape_Area": 1.2834525399200001e-07, "Confidence": "Possible", "Type": "Landslide", "SubtypeLS": "Debris Flow", "SubtypeLQ": null, "SubtypeGR": null, "Comments": null, "Source": "Sentinel-2 L2A - 07/07/2026", "Access": null, "Impact": null, "ID": 494, "Longitude": 0.0, "Latitude": 0.0 }, "geometry": { "type": "Polygon", "coordinates": [ [ [ -66.755407989999981, 10.591742811000074 ], [ -66.755302268999969, 10.591838092000046 ], [ -66.755233506999957, 10.59183813900006 ], [ -66.755185884999946, 10.591811725000071 ], [ -66.755154101999949, 10.591742985000053 ], [ -66.755154054999934, 10.59167422400003 ], [ -66.755233318999956, 10.591563093000048 ], [ -66.755339043999982, 10.591473102000066 ], [ -66.755481779999968, 10.591361928000026 ], [ -66.755598134999957, 10.591345980000028 ], [ -66.755635203999987, 10.591409427000031 ], [ -66.755624697999963, 10.591515221000066 ], [ -66.755598286999941, 10.591568133000067 ], [ -66.755492550999975, 10.591642256000057 ], [ -66.755407989999981, 10.591742811000074 ] ] ] } },
{ "type": "Feature", "properties": { "Shape_Leng": 0.00165580202974, "Shape_Area": 1.8354396561000001e-07, "Confidence": "Possible", "Type": "Landslide", "SubtypeLS": "Debris Flow", "SubtypeLQ": null, "SubtypeGR": null, "Comments": null, "Source": "Sentinel-2 L2A - 07/07/2026", "Access": null, "Impact": null, "ID": 495, "Longitude": 0.0, "Latitude": 0.0 }, "geometry": { "type": "Polygon", "coordinates": [ [ [ -66.750242627999967, 10.587414378000062 ], [ -66.750179184999979, 10.587456736000036 ], [ -66.750131580999948, 10.587456769000028 ], [ -66.750031072999946, 10.587440970000046 ], [ -66.749978153999962, 10.587403981000023 ], [ -66.749925213999973, 10.587335256000074 ], [ -66.74990399099994, 10.587240062000035 ], [ -66.749914446999981, 10.587060217000044 ], [ -66.749914377999971, 10.586959720000038 ], [ -66.74995133799996, 10.586864486000024 ], [ -66.750004201999957, 10.586822135000034 ], [ -66.750115299999948, 10.586853795000025 ], [ -66.750162914999976, 10.58686963100007 ], [ -66.750226459999965, 10.586975374000076 ], [ -66.750253000999976, 10.587112879000074 ], [ -66.750247812999987, 10.587260984000068 ], [ -66.750242627999967, 10.587414378000062 ] ] ] } },
{ "type": "Feature", "properties": { "Shape_Leng": 0.00082335399158699999, "Shape_Area": 5.0428639518999998e-08, "Confidence": "Possible", "Type": "Landslide", "SubtypeLS": "Debris Flow", "SubtypeLQ": null, "SubtypeGR": null, "Comments": null, "Source": "Sentinel-2 L2A - 07/07/2026", "Access": null, "Impact": null, "ID": 496, "Longitude": 0.0, "Latitude": 0.0 }, "geometry": { "type": "Polygon", "coordinates": [ [ [ -66.799607512999955, 10.563456876000032 ], [ -66.799522886999966, 10.563462223000045 ], [ -66.799438235999958, 10.563430545000074 ], [ -66.799422342999947, 10.563393531000031 ], [ -66.799427581999964, 10.563319476000061 ], [ -66.799469845999965, 10.56324539700006 ], [ -66.799538573999939, 10.563197745000025 ], [ -66.799596756999961, 10.563197706000039 ], [ -66.799660264999943, 10.563250556000071 ], [ -66.799676176999981, 10.563314017000039 ], [ -66.799607512999955, 10.563456876000032 ] ] ] } },
{ "type": "Feature", "properties": { "Shape_Leng": 0.0025096340226599999, "Shape_Area": 2.6971350519300001e-07, "Confidence": "Possible", "Type": "Landslide", "SubtypeLS": "Debris Flow", "SubtypeLQ": null, "SubtypeGR": null, "Comments": null, "Source": "Sentinel-2 L2A - 07/07/2026", "Access": null, "Impact": null, "ID": 497, "Longitude": 0.0, "Latitude": 0.0 }, "geometry": { "type": "Polygon", "coordinates": [ [ [ -66.820012642999984, 10.561776758000065 ], [ -66.819779921999952, 10.561792785000023 ], [ -66.819700614999988, 10.56184044400004 ], [ -66.819631878999985, 10.561877516000038 ], [ -66.819526124999982, 10.561925193000036 ], [ -66.819457359999944, 10.56191995000006 ], [ -66.819393832999936, 10.561840654000036 ], [ -66.819430774999944, 10.56171897400003 ], [ -66.819499434999955, 10.561570825000047 ], [ -66.819578677999971, 10.561427959000071 ], [ -66.819642076999969, 10.561322128000029 ], [ -66.819716047999975, 10.56120571200006 ], [ -66.819790076999936, 10.561173925000048 ], [ -66.819864134999932, 10.561184453000067 ], [ -66.819917096999973, 10.561284915000044 ], [ -66.819901272999971, 10.561348398000064 ], [ -66.819837858999961, 10.561433070000021 ], [ -66.819811458999936, 10.56150185000007 ], [ -66.819811494999954, 10.561554743000045 ], [ -66.819843249999963, 10.561581168000032 ], [ -66.819917288999989, 10.561565250000058 ], [ -66.81996487899994, 10.561544060000074 ], [ -66.820038932999978, 10.561549298000045 ], [ -66.820075976999988, 10.561575720000064 ], [ -66.820091877999971, 10.561623313000041 ], [ -66.820091906999949, 10.561665627000025 ], [ -66.820091931999968, 10.561702653000054 ], [ -66.82007609599998, 10.561750268000026 ], [ -66.820012642999984, 10.561776758000065 ] ] ] } },
{ "type": "Feature", "properties": { "Shape_Leng": 0.0039011307850999998, "Shape_Area": 5.02937955827e-07, "Confidence": "Possible", "Type": "Landslide", "SubtypeLS": "Debris Flow", "SubtypeLQ": null, "SubtypeGR": null, "Comments": null, "Source": "Sentinel-2 L2A - 07/07/2026", "Access": null, "Impact": null, "ID": 498, "Longitude": 0.0, "Latitude": 0.0 }, "geometry": { "type": "Polygon", "coordinates": [ [ [ -66.812095100999954, 10.560093393000045 ], [ -66.811978826999962, 10.560015992000046 ], [ -66.811952964999932, 10.559964356000023 ], [ -66.811978738999983, 10.559886858000027 ], [ -66.812069123999947, 10.559873882000034 ], [ -66.812301565999974, 10.559873723000067 ], [ -66.812559833999956, 10.559873546000063 ], [ -66.812869747999969, 10.559860421000053 ], [ -66.813115075999974, 10.559821512000042 ], [ -66.813321690999942, 10.559821371000055 ], [ -66.813502522999954, 10.55988581400004 ], [ -66.813683363999985, 10.559963171000049 ], [ -66.813748001999954, 10.560066434000021 ], [ -66.813748072999942, 10.560169741000038 ], [ -66.813179881999986, 10.560170131000064 ], [ -66.812844150999979, 10.560196187000031 ], [ -66.812482539999962, 10.560144781000076 ], [ -66.812095100999954, 10.560093393000045 ] ] ] } },
{ "type": "Feature", "properties": { "Shape_Leng": 0.0017190691284499999, "Shape_Area": 2.01239333612e-07, "Confidence": "Possible", "Type": "Landslide", "SubtypeLS": "Debris Flow", "SubtypeLQ": null, "SubtypeGR": null, "Comments": null, "Source": "Sentinel-2 L2A - 07/07/2026", "Access": null, "Impact": null, "ID": 499, "Longitude": 0.0, "Latitude": 0.0 }, "geometry": { "type": "Polygon", "coordinates": [ [ [ -66.817462390999935, 10.576070306000076 ], [ -66.817319574999942, 10.576065114000073 ], [ -66.817250787999967, 10.576028136000048 ], [ -66.817213722999952, 10.575969978000046 ], [ -66.817213679999952, 10.575906506000024 ], [ -66.817234771999949, 10.575811284000054 ], [ -66.817287617999966, 10.575742486000024 ], [ -66.817499162999979, 10.575700027000039 ], [ -66.817647270999942, 10.575710504000028 ], [ -66.817742482999961, 10.575715728000034 ], [ -66.817832433999968, 10.575763270000039 ], [ -66.817864235999934, 10.575858457000038 ], [ -66.817832575999944, 10.575969555000029 ], [ -66.81778501499997, 10.576033059000054 ], [ -66.817705681999939, 10.576043692000042 ], [ -66.817462390999935, 10.576070306000076 ] ] ] } },
{ "type": "Feature", "properties": { "Shape_Leng": 0.014505799710299999, "Shape_Area": 2.3064395743900001e-06, "Confidence": "Possible", "Type": "Landslide", "SubtypeLS": "Debris Flow", "SubtypeLQ": null, "SubtypeGR": null, "Comments": "Reactivation. New tracks visible. Partially covered by clouds at the headscarp", "Source": "Sentinel-2 L2A - 07/07/2026", "Access": null, "Impact": null, "ID": 500, "Longitude": 0.0, "Latitude": 0.0 }, "geometry": { "type": "Polygon", "coordinates": [ [ [ -66.788012850999962, 10.546907194000028 ], [ -66.787946405999946, 10.546427893000043 ], [ -66.787888462999945, 10.54629570000003 ], [ -66.78778088699994, 10.546097423000049 ], [ -66.787665103999984, 10.545981798000071 ], [ -66.787516278999988, 10.545890989000043 ], [ -66.787342699999954, 10.545858050000049 ], [ -66.787177373999953, 10.545808575000024 ], [ -66.787053410999988, 10.545816925000054 ], [ -66.786962562999975, 10.545907898000053 ], [ -66.786946157999978, 10.546089730000062 ], [ -66.787020663999954, 10.546271500000046 ], [ -66.78713646999995, 10.546420183000066 ], [ -66.787310161999983, 10.546618415000069 ], [ -66.78744246399998, 10.546717499000067 ], [ -66.787591310999971, 10.546841366000024 ], [ -66.787632690999942, 10.546923984000045 ], [ -66.787583119999965, 10.546948812000039 ], [ -66.787541791999956, 10.546940575000065 ], [ -66.787483916999975, 10.546907557000054 ], [ -66.787310280999975, 10.546791971000061 ], [ -66.787161455999978, 10.546701163000023 ], [ -66.787029148999977, 10.546593814000062 ], [ -66.786880295999936, 10.546461682000029 ], [ -66.786764500999936, 10.546329528000058 ], [ -66.786665285999959, 10.546271743000034 ], [ -66.786566150999988, 10.546329664000041 ], [ -66.786574460999987, 10.546395775000065 ], [ -66.786615873999949, 10.546527980000064 ], [ -66.786715145999949, 10.546668410000052 ], [ -66.786806174999981, 10.546841904000075 ], [ -66.786888933999933, 10.547007139000073 ], [ -66.78699648099996, 10.547164093000049 ], [ -66.787087510999982, 10.547337587000072 ], [ -66.787203356999953, 10.547544123000023 ], [ -66.787277856999935, 10.547717628000044 ], [ -66.787319281999942, 10.547866363000026 ], [ -66.787352441999985, 10.548015103000068 ], [ -66.787352503999955, 10.548106013000051 ], [ -66.787311208999938, 10.548147364000044 ], [ -66.787228529999936, 10.548097833000043 ], [ -66.78717061499998, 10.548006963000034 ], [ -66.787096125999938, 10.547849986000074 ], [ -66.787013344999934, 10.547651693000034 ], [ -66.786955401999933, 10.547519499000032 ], [ -66.786889182999971, 10.547370781000041 ], [ -66.786798147999946, 10.547189023000044 ], [ -66.786657508999951, 10.546982504000027 ], [ -66.78657476099994, 10.546833798000023 ], [ -66.786475494999934, 10.546701632000065 ], [ -66.786392826999986, 10.546668631000045 ], [ -66.786318478999988, 10.546718269000053 ], [ -66.78626070599995, 10.546834013000023 ], [ -66.786277291999966, 10.546916648000035 ], [ -66.78627738299997, 10.547048881000023 ], [ -66.786219586999948, 10.547131567000065 ], [ -66.786169976999986, 10.547098542000072 ], [ -66.786095442999965, 10.546875449000026 ], [ -66.786037369999974, 10.546553170000038 ], [ -66.786094989999981, 10.546214282000051 ], [ -66.786169166999969, 10.545916706000071 ], [ -66.786515900999973, 10.54536274000003 ], [ -66.786664578999932, 10.545238669000071 ], [ -66.786854618999939, 10.545172422000064 ], [ -66.786962018999986, 10.545114497000043 ], [ -66.787457979999942, 10.545238126000072 ], [ -66.787763972999983, 10.545535442000073 ], [ -66.787904680999986, 10.545841136000035 ], [ -66.788028853999947, 10.546138576000033 ], [ -66.788103364999984, 10.546328611000035 ], [ -66.78817788799995, 10.546535175000031 ], [ -66.788202862999981, 10.546799625000062 ], [ -66.788203043999943, 10.547064092000028 ], [ -66.788186644999939, 10.547254188000068 ], [ -66.788145378999957, 10.547336863000055 ], [ -66.788104055999952, 10.547336891000043 ], [ -66.788046140999938, 10.547246020000046 ], [ -66.788012974999958, 10.54708901500004 ], [ -66.788012850999962, 10.546907194000028 ] ] ] } },
{ "type": "Feature", "properties": { "Shape_Leng": 0.0051570167149300001, "Shape_Area": 4.96613191774e-07, "Confidence": "Likely", "Type": "Ground Rupture", "SubtypeLS": null, "SubtypeLQ": null, "SubtypeGR": "Fracture", "Comments": null, "Source": "B15000110186C610 - RadiantEarth - 06/27/2026", "Access": null, "Impact": null, "ID": 501, "Longitude": 0.0, "Latitude": 0.0 }, "geometry": { "type": "Polygon", "coordinates": [ [ [ -67.003408357999945, 10.604744935000042 ], [ -67.003017902999943, 10.604755988000022 ], [ -67.003011303999983, 10.604570469000066 ], [ -67.003421168999978, 10.604550773000028 ], [ -67.005362620999961, 10.604439423000031 ], [ -67.005397296999945, 10.604672383000036 ], [ -67.003408357999945, 10.604744935000042 ] ] ] } },
{ "type": "Feature", "properties": { "Shape_Leng": 0.00057649776326999997, "Shape_Area": 1.5245569429500002e-08, "Confidence": "Likely", "Type": "Ground Rupture", "SubtypeLS": null, "SubtypeLQ": null, "SubtypeGR": "Fracture", "Comments": null, "Source": "B15000110186C610 - RadiantEarth - 06/27/2026", "Access": null, "Impact": null, "ID": 502, "Longitude": 0.0, "Latitude": 0.0 }, "geometry": { "type": "Polygon", "coordinates": [ [ [ -66.998854270999971, 10.60532050300003 ], [ -66.998669198999949, 10.605223984000077 ], [ -66.998725753999963, 10.605149391000054 ], [ -66.998897049999982, 10.605290099000058 ], [ -66.998854270999971, 10.60532050300003 ] ] ] } },
{ "type": "Feature", "properties": { "Shape_Leng": 0.0014455035534400001, "Shape_Area": 1.2443661027199999e-07, "Confidence": "Likely", "Type": "Landslide", "SubtypeLS": "Slide", "SubtypeLQ": null, "SubtypeGR": null, "Comments": "Reactivatioon", "Source": "B15000110186C610 - RadiantEarth - 06/27/2026", "Access": null, "Impact": null, "ID": 503, "Longitude": 0.0, "Latitude": 0.0 }, "geometry": { "type": "Polygon", "coordinates": [ [ [ -66.989699795999968, 10.605895511000028 ], [ -66.989559665999934, 10.606029357000068 ], [ -66.98947340999996, 10.606079033000071 ], [ -66.98940010299998, 10.606137329000035 ], [ -66.989361297999949, 10.606174029000044 ], [ -66.989275030999977, 10.606208604000074 ], [ -66.98921678399995, 10.606206487000065 ], [ -66.989190890999964, 10.606197875000021 ], [ -66.989169300999947, 10.60617200300004 ], [ -66.989154155999984, 10.606107296000062 ], [ -66.989169220999941, 10.606055511000022 ], [ -66.98919938399996, 10.605999402000066 ], [ -66.989233868999975, 10.605954076000046 ], [ -66.989287771999955, 10.605913051000073 ], [ -66.989352457999985, 10.605865547000064 ], [ -66.989417143999958, 10.605820201000029 ], [ -66.989503420999938, 10.605800726000041 ], [ -66.989583243999959, 10.60580714300005 ], [ -66.989658764999945, 10.60583297900007 ], [ -66.989686828999936, 10.605861004000076 ], [ -66.989699795999968, 10.605895511000028 ] ] ] } },
{ "type": "Feature", "properties": { "Shape_Leng": 0.0005582276175, "Shape_Area": 1.55252141375e-08, "Confidence": "Likely", "Type": "Ground Rupture", "SubtypeLS": null, "SubtypeLQ": null, "SubtypeGR": "Fracture", "Comments": null, "Source": "B15000110186C610 - RadiantEarth - 06/27/2026", "Access": null, "Impact": null, "ID": 504, "Longitude": 0.0, "Latitude": 0.0 }, "geometry": { "type": "Polygon", "coordinates": [ [ [ -66.983509744999935, 10.604634687000043 ], [ -66.983485970999936, 10.604600772000026 ], [ -66.983438416999945, 10.604527288000043 ], [ -66.983422515999962, 10.604428900000073 ], [ -66.983507343999975, 10.604431670000054 ], [ -66.983551023999951, 10.604630134000047 ], [ -66.983509744999935, 10.604634687000043 ] ] ] } },
{ "type": "Feature", "properties": { "Shape_Leng": 0.0021746357784000001, "Shape_Area": 2.3763151221900001e-08, "Confidence": "Likely", "Type": "Ground Rupture", "SubtypeLS": null, "SubtypeLQ": null, "SubtypeGR": "Fracture", "Comments": null, "Source": "B15000110186C610 - RadiantEarth - 06/27/2026", "Access": null, "Impact": null, "ID": 505, "Longitude": 0.0, "Latitude": 0.0 }, "geometry": { "type": "Polygon", "coordinates": [ [ [ -67.007525156999975, 10.604062172000056 ], [ -67.007266565999942, 10.604069004000053 ], [ -67.007258951999972, 10.604056650000075 ], [ -67.006465119999973, 10.604083814000035 ], [ -67.006459400999972, 10.604062902000067 ], [ -67.007272244999967, 10.604031923000036 ], [ -67.007284610999989, 10.604042372000038 ], [ -67.007526097999971, 10.604047911000066 ], [ -67.007525156999975, 10.604062172000056 ] ] ] } },
{ "type": "Feature", "properties": { "Shape_Leng": 0.00051337132688699999, "Shape_Area": 1.2344349591300001e-08, "Confidence": "Likely", "Type": "Ground Settlement", "SubtypeLS": null, "SubtypeLQ": null, "SubtypeGR": null, "Comments": "Concesionario at Avenida 3 Caraballeda. >20 cm of settlement.", "Source": "Field verified", "Access": null, "Impact": null, "ID": 506, "Longitude": 0.0, "Latitude": 0.0 }, "geometry": { "type": "Polygon", "coordinates": [ [ [ -66.856887882999956, 10.616227593000076 ], [ -66.856847736999953, 10.61617265700005 ], [ -66.857006611999964, 10.616065592000041 ], [ -66.857043781999948, 10.616113103000032 ], [ -66.856887882999956, 10.616227593000076 ] ] ] } },
{ "type": "Feature", "properties": { "Shape_Leng": 0.00062897078763399998, "Shape_Area": 1.81026990123e-08, "Confidence": "Likely", "Type": "Ground Rupture", "SubtypeLS": null, "SubtypeLQ": null, "SubtypeGR": "Fracture", "Comments": "Avenida 5 caraballeda. Crack opening of 5 cm in the pavement. GF2 - Moderate - 10cm < D < 25 cm; Tilt 1-3 deg; small Lateral Movement (<10cm)", "Source": "Field verified", "Access": null, "Impact": null, "ID": 507, "Longitude": 0.0, "Latitude": 0.0 }, "geometry": { "type": "Polygon", "coordinates": [ [ [ -66.856487468999944, 10.615583375000028 ], [ -66.856469214999947, 10.615582779000022 ], [ -66.856447303999971, 10.615572450000059 ], [ -66.856435124999962, 10.615559072000053 ], [ -66.85643450799995, 10.615546903000052 ], [ -66.856438149999974, 10.615533515000038 ], [ -66.856446051999967, 10.615522557000077 ], [ -66.856458217999943, 10.615516464000052 ], [ -66.856480725999972, 10.615510364000045 ], [ -66.856503845999953, 10.61550730600004 ], [ -66.856534267999962, 10.615505460000065 ], [ -66.856561639999939, 10.615493880000031 ], [ -66.856582923999952, 10.615476220000062 ], [ -66.856611508999947, 10.615456730000062 ], [ -66.856635229999938, 10.615444545000059 ], [ -66.856669299999965, 10.615439045000073 ], [ -66.856682089999936, 10.615457290000052 ], [ -66.856689403999951, 10.615474931000051 ], [ -66.856690024999978, 10.615493184000059 ], [ -66.856677865999984, 10.615507795000042 ], [ -66.856660837999982, 10.61552058500007 ], [ -66.856629208999948, 10.615536426000062 ], [ -66.856592101999979, 10.615551055000026 ], [ -66.856542829999967, 10.615569951000055 ], [ -66.856487468999944, 10.615583375000028 ] ] ] } },
{ "type": "Feature", "properties": { "Shape_Leng": 0.0013047003137399999, "Shape_Area": 1.06329968085e-07, "Confidence": "Likely", "Type": "Liquefaction", "SubtypeLS": null, "SubtypeLQ": "Ground Cracks", "SubtypeGR": null, "Comments": "Avenida 3 de Caraballeda, Colegio Los Corales. Tilt of 3 degrees on columns, and broken node between columns and slab. GF2 - Moderate - 10cm < D < 25 cm; Tilt 1-3 deg; small Lateral Movement (<10cm)", "Source": "Field verified", "Access": null, "Impact": null, "ID": 508, "Longitude": 0.0, "Latitude": 0.0 }, "geometry": { "type": "Polygon", "coordinates": [ [ [ -66.855297235999956, 10.616698100000065 ], [ -66.854970465999941, 10.616756258000066 ], [ -66.854906378999942, 10.616448804000072 ], [ -66.855231654999955, 10.616378763000057 ], [ -66.855297235999956, 10.616698100000065 ] ] ] } },
{ "type": "Feature", "properties": { "Shape_Leng": 0.00068804489151599998, "Shape_Area": 1.49016277383e-08, "Confidence": "Likely", "Type": "Liquefaction", "SubtypeLS": null, "SubtypeLQ": "Ground Cracks", "SubtypeGR": null, "Comments": "GF2 - Moderate - 10cm < D < 25 cm; Tilt 1-3 deg; small Lateral Movement (<10cm)", "Source": "Field verified", "Access": null, "Impact": null, "ID": 509, "Longitude": 0.0, "Latitude": 0.0 }, "geometry": { "type": "Polygon", "coordinates": [ [ [ -66.850440267999943, 10.617592169000034 ], [ -66.850440232999972, 10.617541105000043 ], [ -66.850728052999955, 10.617547871000056 ], [ -66.850737371999969, 10.617598928000064 ], [ -66.850440267999943, 10.617592169000034 ] ] ] } },
{ "type": "Feature", "properties": { "Shape_Leng": 0.0015817560723000001, "Shape_Area": 7.5045686580300004e-08, "Confidence": "Likely", "Type": "Liquefaction", "SubtypeLS": null, "SubtypeLQ": "Ground Cracks", "SubtypeGR": null, "Comments": "Crack opening of 15-25 cm on the pavement. Differential vertical settlement and cracking of slab element. GF2 - Moderate - 10cm < D < 25 cm; Tilt 1-3 deg; small Lateral Movement (<10cm)", "Source": "Field verified", "Access": null, "Impact": null, "ID": 510, "Longitude": 0.0, "Latitude": 0.0 }, "geometry": { "type": "Polygon", "coordinates": [ [ [ -66.848348336999948, 10.619251975000054 ], [ -66.848063149999973, 10.619293764000076 ], [ -66.848005141999977, 10.619186848000027 ], [ -66.848706205999974, 10.619052673000056 ], [ -66.848716648999982, 10.619118028000059 ], [ -66.848348336999948, 10.619251975000054 ] ] ] } },
{ "type": "Feature", "properties": { "Shape_Leng": 0.0011196282790799999, "Shape_Area": 2.9333770561900001e-08, "Confidence": "Likely", "Type": "Liquefaction", "SubtypeLS": null, "SubtypeLQ": "Ground Cracks", "SubtypeGR": null, "Comments": "Ground cracks with opening of 20 cm. Pavement slabs separated 10 cm. Cracks are up to 35 m long. GF2 - Moderate - 10cm < D < 25 cm; Tilt 1-3 deg; small Lateral Movement (<10cm)", "Source": "Field verified", "Access": null, "Impact": null, "ID": 511, "Longitude": 0.0, "Latitude": 0.0 }, "geometry": { "type": "Polygon", "coordinates": [ [ [ -66.84674696899998, 10.619251586000075 ], [ -66.846267026999953, 10.619067713000049 ], [ -66.84629967799998, 10.619023126000059 ], [ -66.846755837999979, 10.619186218000038 ], [ -66.84674696899998, 10.619251586000075 ] ] ] } },
{ "type": "Feature", "properties": { "Shape_Leng": 0.00089326769732999995, "Shape_Area": 4.7808215291700001e-08, "Confidence": "Likely", "Type": "Ground Settlement", "SubtypeLS": null, "SubtypeLQ": null, "SubtypeGR": null, "Comments": "Residential building Malibu Beach, 2 stories, collapsed on its SW side. Slab lifted towards NE side. Differential settlement observed. GF3 - Significant - D>25cm; Tilt >3deg; Lateral Movement >25cm", "Source": "Field verified", "Access": null, "Impact": null, "ID": 512, "Longitude": 0.0, "Latitude": 0.0 }, "geometry": { "type": "Polygon", "coordinates": [ [ [ -66.844820383999945, 10.615676360000066 ], [ -66.844710176999968, 10.615787669000042 ], [ -66.84450279899994, 10.615610978000063 ], [ -66.844655771999953, 10.615475395000033 ], [ -66.844820383999945, 10.615676360000066 ] ] ] } },
{ "type": "Feature", "properties": { "Shape_Leng": 0.0011246561735000001, "Shape_Area": 7.8807836198100003e-08, "Confidence": "Likely", "Type": "Ground Settlement", "SubtypeLS": null, "SubtypeLQ": null, "SubtypeGR": null, "Comments": "Residential building El Tanagua, 4 stories, collapsed vertically, buring the ground-level floor. GF3 - Significant - D>25cm; Tilt >3deg; Lateral Movement >25cm", "Source": "Field verified", "Access": null, "Impact": null, "ID": 513, "Longitude": 0.0, "Latitude": 0.0 }, "geometry": { "type": "Polygon", "coordinates": [ [ [ -66.843823491999956, 10.615161875000069 ], [ -66.843575053999984, 10.615043670000034 ], [ -66.843670051999936, 10.614799890000029 ], [ -66.843953299999953, 10.614908788000037 ], [ -66.843823491999956, 10.615161875000069 ] ] ] } },
{ "type": "Feature", "properties": { "Shape_Leng": 0.00168452121821, "Shape_Area": 1.60724289138e-07, "Confidence": "Likely", "Type": "Ground Settlement", "SubtypeLS": null, "SubtypeLQ": null, "SubtypeGR": null, "Comments": "Significant differential settlement of the NE side od residential building. GF3 - Significant - D>25cm; Tilt >3deg; Lateral Movement >25cm", "Source": "Field verified", "Access": null, "Impact": null, "ID": 514, "Longitude": 0.0, "Latitude": 0.0 }, "geometry": { "type": "Polygon", "coordinates": [ [ [ -66.839204012999971, 10.615374950000046 ], [ -66.838963109999952, 10.615137351000044 ], [ -66.839538569999945, 10.614888600000029 ], [ -66.839606014999958, 10.615083526000035 ], [ -66.839323027999967, 10.615355287000057 ], [ -66.839204012999971, 10.615374950000046 ] ] ] } },
{ "type": "Feature", "properties": { "Shape_Leng": 0.0032082903969500001, "Shape_Area": 6.3730504847600003e-07, "Confidence": "Likely", "Type": "Ground Settlement", "SubtypeLS": null, "SubtypeLQ": null, "SubtypeGR": null, "Comments": "Residential building collapsed. Other buildings show significant differential settlement, or observed collapse of the ground level. Large ground crack observed from drone imagery. GF3 - Significant - D>25cm; Tilt >3deg; Lateral Movement >25cm", "Source": "Field Verified", "Access": null, "Impact": null, "ID": 515, "Longitude": 0.0, "Latitude": 0.0 }, "geometry": { "type": "Polygon", "coordinates": [ [ [ -66.838907372999984, 10.615093289000072 ], [ -66.83817922999998, 10.614668765000033 ], [ -66.838150686999938, 10.614362781000068 ], [ -66.838977864999947, 10.614124212000036 ], [ -66.839204388999974, 10.614970067000058 ], [ -66.838907372999984, 10.615093289000072 ] ] ] } },
{ "type": "Feature", "properties": { "Shape_Leng": 0.0018274388153899999, "Shape_Area": 1.9774203215e-07, "Confidence": "Likely", "Type": "Ground Settlement", "SubtypeLS": null, "SubtypeLQ": null, "SubtypeGR": null, "Comments": "Differential settlement with about 16 cm of lateral displacement of the sidewalk slab.", "Source": "Field verified", "Access": null, "Impact": null, "ID": 516, "Longitude": 0.0, "Latitude": 0.0 }, "geometry": { "type": "Polygon", "coordinates": [ [ [ -66.871103477999952, 10.611847531000024 ], [ -66.870686431999957, 10.611884084000053 ], [ -66.870530150999969, 10.61139821200004 ], [ -66.870900049999932, 10.61136169200006 ], [ -66.871103477999952, 10.611847531000024 ] ] ] } },
{ "type": "Feature", "properties": { "Shape_Leng": null, "Shape_Area": null, "Confidence": null, "Type": "Landslide", "SubtypeLS": null, "SubtypeLQ": null, "SubtypeGR": null, "Comments": null, "Source": null, "Access": null, "Impact": null, "ID": null, "Longitude": null, "Latitude": null }, "geometry": { "type": "Polygon", "coordinates": [ [ [ -67.026032220171814, 10.604352241995512 ], [ -67.026148937531701, 10.604300749042622 ], [ -67.026255356301007, 10.604256121816784 ], [ -67.026378939387939, 10.604245823226206 ], [ -67.026488791020768, 10.604252688953258 ], [ -67.02658147833597, 10.604311047633201 ], [ -67.026612374107714, 10.604414033538982 ], [ -67.026584911199492, 10.604486123673027 ], [ -67.026533418246615, 10.604620005350542 ], [ -67.026433865204353, 10.604740155573952 ], [ -67.026385805114984, 10.604764185618635 ], [ -67.026324013571525, 10.60478478279979 ], [ -67.026265654891574, 10.604832842889154 ], [ -67.026221027665741, 10.604884335842044 ], [ -67.026135206077598, 10.604918664477305 ], [ -67.02609057885175, 10.604908365886727 ], [ -67.02609057885175, 10.604877470114992 ], [ -67.026142071804642, 10.604764185618635 ], [ -67.026207296211638, 10.604657766849328 ], [ -67.026231326256323, 10.604568512397652 ], [ -67.026032220171814, 10.604352241995512 ] ] ] } },
{ "type": "Feature", "properties": { "Shape_Leng": null, "Shape_Area": null, "Confidence": null, "Type": "Landslide", "SubtypeLS": null, "SubtypeLQ": null, "SubtypeGR": null, "Comments": null, "Source": null, "Access": null, "Impact": null, "ID": null, "Longitude": null, "Latitude": null }, "geometry": { "type": "Polygon", "coordinates": [ [ [ -66.872783222882603, 10.540616837269592 ], [ -66.872323301836758, 10.540662829374178 ], [ -66.872047349209254, 10.54047886095584 ], [ -66.871894042193972, 10.540126254820693 ], [ -66.871725404477161, 10.539758317984019 ], [ -66.871357467640493, 10.539528357461098 ], [ -66.870958869400752, 10.539221743430536 ], [ -66.870713578176307, 10.538930460101502 ], [ -66.871112176416034, 10.539068436415254 ], [ -66.871725404477161, 10.53951302675957 ], [ -66.871970695701606, 10.539865632894715 ], [ -66.871970695701606, 10.539865632894715 ], [ -66.872231317627595, 10.540141585522221 ], [ -66.872231317627595, 10.540141585522221 ], [ -66.872706569374955, 10.540386876746672 ], [ -66.872783222882603, 10.540616837269592 ] ] ] } },
{ "type": "Feature", "properties": { "Shape_Leng": null, "Shape_Area": null, "Confidence": null, "Type": null, "SubtypeLS": null, "SubtypeLQ": null, "SubtypeGR": null, "Comments": null, "Source": null, "Access": null, "Impact": null, "ID": null, "Longitude": null, "Latitude": null }, "geometry": { "type": "Polygon", "coordinates": [ [ [ -66.872491939553569, 10.537627350471613 ], [ -66.872859876390237, 10.537795988188423 ], [ -66.873289136033023, 10.537765326785367 ], [ -66.873641742168175, 10.537719334680782 ], [ -66.873779718481927, 10.537458712754805 ], [ -66.873825710586516, 10.537090775918131 ], [ -66.874009679004843, 10.536876146096738 ], [ -66.873457773749834, 10.536661516275345 ], [ -66.873105167614682, 10.536462217155478 ], [ -66.872645246568851, 10.536155603124916 ], [ -66.872231317627595, 10.535925642601995 ], [ -66.872369293941347, 10.53644688645395 ], [ -66.872491939553569, 10.537627350471613 ] ] ] } },
{ "type": "Feature", "properties": { "Shape_Leng": null, "Shape_Area": null, "Confidence": null, "Type": "Landslide", "SubtypeLS": null, "SubtypeLQ": null, "SubtypeGR": null, "Comments": null, "Source": null, "Access": null, "Impact": null, "ID": null, "Longitude": null, "Latitude": null }, "geometry": { "type": "Polygon", "coordinates": [ [ [ -66.874086332512491, 10.536937468902849 ], [ -66.873733726377338, 10.537596689068558 ], [ -66.873319797436082, 10.537765326785367 ], [ -66.872844545688707, 10.537780657486895 ], [ -66.872629915867321, 10.537673342576198 ], [ -66.872660577270381, 10.537228752231883 ], [ -66.872813884285662, 10.536891476798266 ], [ -66.872384624642862, 10.5366921776784 ], [ -66.872323301836758, 10.535986965408108 ], [ -66.873304466734552, 10.536738169782984 ], [ -66.874086332512491, 10.536937468902849 ] ] ] } },
{ "type": "Feature", "properties": { "Shape_Leng": null, "Shape_Area": null, "Confidence": null, "Type": "Landslide", "SubtypeLS": null, "SubtypeLQ": null, "SubtypeGR": null, "Comments": null, "Source": null, "Access": null, "Impact": null, "ID": null, "Longitude": null, "Latitude": null }, "geometry": { "type": "Polygon", "coordinates": [ [ [ -66.868260665931814, 10.534377241747658 ], [ -66.868153351021121, 10.534162611926265 ], [ -66.868291327334873, 10.533901990000286 ], [ -66.868567279962377, 10.533442068954445 ], [ -66.868858563291411, 10.533242769834578 ], [ -66.869088523814327, 10.533242769834578 ], [ -66.869088523814327, 10.533411407551387 ], [ -66.868735917679189, 10.533871328597231 ], [ -66.86845996505167, 10.534300588240017 ], [ -66.868260665931814, 10.534377241747658 ] ] ] } }
]
}
