{"type":"FeatureCollection","features":[{"type":"Feature","id":1,"geometry":{"type":"Polygon","coordinates":[[[-67.039218510999945,10.607874638000055],[-67.016760628999975,10.607874638000055],[-67.016760628999975,10.629947920000063],[-67.039218510999945,10.629947920000063],[-67.039218510999945,10.607874638000055]]]},"properties":{"OBJECTID":1,"OBJECTID_1":527,"GlobalID":"68f36660-0a69-4272-9b6f-84e95f15a99d","landslide_exent":"localized","road impacts":"yes","Shape_Length":0.089062327999954505,"Shape_Area":0.00049571916250822502}},{"type":"Feature","id":2,"geometry":{"type":"Polygon","coordinates":[[[-67.016760628999975,10.607874638000055],[-66.994302746999949,10.607874638000055],[-66.994302746999949,10.629947920000063],[-67.016760628999975,10.629947920000063],[-67.016760628999975,10.607874638000055]]]},"properties":{"OBJECTID":2,"OBJECTID_1":528,"GlobalID":"c2ac0984-fe15-4260-a107-cfb8651eee53","landslide_exent":"major or widespread","road impacts":"yes","Shape_Length":0.089062328000068192,"Shape_Area":0.00049571916250947966}},{"type":"Feature","id":3,"geometry":{"type":"Polygon","coordinates":[[[-66.994302746999949,10.607874638000055],[-66.971844863999934,10.607874638000055],[-66.971844863999934,10.629947920000063],[-66.994302746999949,10.629947920000063],[-66.994302746999949,10.607874638000055]]]},"properties":{"OBJECTID":3,"OBJECTID_1":529,"GlobalID":"f1e8e049-02ea-42c6-b6d7-279695c1ba52","landslide_exent":"localized","road impacts":"no","Shape_Length":0.089062330000047041,"Shape_Area":0.00049571918458252823}},{"type":"Feature","id":4,"geometry":{"type":"Polygon","coordinates":[[[-66.904471217999969,10.607874638000055],[-66.882013335999943,10.607874638000055],[-66.882013335999943,10.629947920000063],[-66.904471217999969,10.629947920000063],[-66.904471217999969,10.607874638000055]]]},"properties":{"OBJECTID":4,"OBJECTID_1":533,"GlobalID":"c5042c3f-0db6-41e7-aad4-41cca4f8a90c","landslide_exent":"minor","road impacts":"yes","Shape_Length":0.089062328000068192,"Shape_Area":0.00049571916250947966}},{"type":"Feature","id":5,"geometry":{"type":"Polygon","coordinates":[[[-66.882013335999943,10.607874638000055],[-66.859555453999974,10.607874638000055],[-66.859555453999974,10.629947920000063],[-66.882013335999943,10.629947920000063],[-66.882013335999943,10.607874638000055]]]},"properties":{"OBJECTID":5,"OBJECTID_1":534,"GlobalID":"3d59e334-83fe-495b-8fe7-e2227c345c3f","landslide_exent":"minor","road impacts":"unknown","Shape_Length":0.089062327999954505,"Shape_Area":0.00049571916250822502}},{"type":"Feature","id":6,"geometry":{"type":"Polygon","coordinates":[[[-66.859555453999974,10.607874638000055],[-66.837097571999948,10.607874638000055],[-66.837097571999948,10.629947920000063],[-66.859555453999974,10.629947920000063],[-66.859555453999974,10.607874638000055]]]},"properties":{"OBJECTID":6,"OBJECTID_1":535,"GlobalID":"90f992c7-a911-492e-b877-fb00cd163a3e","landslide_exent":"minor","road impacts":"no","Shape_Length":0.089062328000068192,"Shape_Area":0.00049571916250947966}},{"type":"Feature","id":7,"geometry":{"type":"Polygon","coordinates":[[[-66.837097571999948,10.607874638000055],[-66.814639689999979,10.607874638000055],[-66.814639689999979,10.629947920000063],[-66.837097571999948,10.629947920000063],[-66.837097571999948,10.607874638000055]]]},"properties":{"OBJECTID":7,"OBJECTID_1":536,"GlobalID":"102cc0c9-def1-403c-ad69-45fe05993674","landslide_exent":"minor","road impacts":"no","Shape_Length":0.089062327999954505,"Shape_Area":0.00049571916250822502}},{"type":"Feature","id":8,"geometry":{"type":"Polygon","coordinates":[[[-66.814639689999979,10.607874638000055],[-66.792181807999953,10.607874638000055],[-66.792181807999953,10.629947920000063],[-66.814639689999979,10.629947920000063],[-66.814639689999979,10.607874638000055]]]},"properties":{"OBJECTID":8,"OBJECTID_1":537,"GlobalID":"c92ebb0d-a516-40fd-a9a2-9a628cc54c81","landslide_exent":"minor","road impacts":null,"Shape_Length":0.089062328000068192,"Shape_Area":0.00049571916250947966}},{"type":"Feature","id":9,"geometry":{"type":"Polygon","coordinates":[[[-66.792181807999953,10.607874638000055],[-66.769723925999983,10.607874638000055],[-66.769723925999983,10.629947920000063],[-66.792181807999953,10.629947920000063],[-66.792181807999953,10.607874638000055]]]},"properties":{"OBJECTID":9,"OBJECTID_1":538,"GlobalID":"a1268a16-e243-4376-b8a2-97021b43fdb8","landslide_exent":"minor","road impacts":null,"Shape_Length":0.089062327999954505,"Shape_Area":0.00049571916250822502}},{"type":"Feature","id":10,"geometry":{"type":"Polygon","coordinates":[[[-66.769723925999983,10.607874638000055],[-66.747266042999968,10.607874638000055],[-66.747266042999968,10.629947920000063],[-66.769723925999983,10.629947920000063],[-66.769723925999983,10.607874638000055]]]},"properties":{"OBJECTID":10,"OBJECTID_1":539,"GlobalID":"b64b3fac-cc63-4f71-a0ae-94258d4baec2","landslide_exent":"minor","road impacts":null,"Shape_Length":0.089062330000047041,"Shape_Area":0.00049571918458252823}},{"type":"Feature","id":11,"geometry":{"type":"Polygon","coordinates":[[[-66.747266042999968,10.607874638000055],[-66.724808160999942,10.607874638000055],[-66.724808160999942,10.629947920000063],[-66.747266042999968,10.629947920000063],[-66.747266042999968,10.607874638000055]]]},"properties":{"OBJECTID":11,"OBJECTID_1":540,"GlobalID":"59ec0376-5e46-4d94-ab3d-14e66a6282e0","landslide_exent":"minor","road impacts":null,"Shape_Length":0.089062328000068192,"Shape_Area":0.00049571916250947966}},{"type":"Feature","id":12,"geometry":{"type":"Polygon","coordinates":[[[-66.724808160999942,10.607874638000055],[-66.702350278999972,10.607874638000055],[-66.702350278999972,10.629947920000063],[-66.724808160999942,10.629947920000063],[-66.724808160999942,10.607874638000055]]]},"properties":{"OBJECTID":12,"OBJECTID_1":541,"GlobalID":"3f667fe2-fe8f-4b86-8814-7dfcd4e2e25c","landslide_exent":"minor","road impacts":null,"Shape_Length":0.089062327999954505,"Shape_Area":0.00049571916250822502}},{"type":"Feature","id":13,"geometry":{"type":"Polygon","coordinates":[[[-66.702350278999972,10.607874638000055],[-66.679892396999946,10.607874638000055],[-66.679892396999946,10.629947920000063],[-66.702350278999972,10.629947920000063],[-66.702350278999972,10.607874638000055]]]},"properties":{"OBJECTID":13,"OBJECTID_1":542,"GlobalID":"ee88e9fc-0c67-4cbe-8853-a4555c9b3bd9","landslide_exent":"minor","road impacts":null,"Shape_Length":0.089062328000068192,"Shape_Area":0.00049571916250947966}},{"type":"Feature","id":14,"geometry":{"type":"Polygon","coordinates":[[[-66.679892396999946,10.607874638000055],[-66.657434514999977,10.607874638000055],[-66.657434514999977,10.629947920000063],[-66.679892396999946,10.629947920000063],[-66.679892396999946,10.607874638000055]]]},"properties":{"OBJECTID":14,"OBJECTID_1":543,"GlobalID":"04c3349e-e693-4b75-b525-61a4a6e5c57d","landslide_exent":"minor","road impacts":null,"Shape_Length":0.089062327999954505,"Shape_Area":0.00049571916250822502}},{"type":"Feature","id":15,"geometry":{"type":"Polygon","coordinates":[[[-66.657434514999977,10.607874638000055],[-66.634976632999951,10.607874638000055],[-66.634976632999951,10.629947920000063],[-66.657434514999977,10.629947920000063],[-66.657434514999977,10.607874638000055]]]},"properties":{"OBJECTID":15,"OBJECTID_1":544,"GlobalID":"7ec5daac-bb89-43bb-9d88-8af705a8451b","landslide_exent":"minor","road impacts":null,"Shape_Length":0.089062328000068192,"Shape_Area":0.00049571916250947966}},{"type":"Feature","id":16,"geometry":{"type":"Polygon","coordinates":[[[-66.634976632999951,10.607874638000055],[-66.612518750999982,10.607874638000055],[-66.612518750999982,10.629947920000063],[-66.634976632999951,10.629947920000063],[-66.634976632999951,10.607874638000055]]]},"properties":{"OBJECTID":16,"OBJECTID_1":545,"GlobalID":"2efaecfe-eba6-4ad6-9ab0-0112ff414179","landslide_exent":"minor","road impacts":null,"Shape_Length":0.089062327999954505,"Shape_Area":0.00049571916250822502}},{"type":"Feature","id":17,"geometry":{"type":"Polygon","coordinates":[[[-67.08413427499994,10.585799764000058],[-67.061676392999971,10.585799764000058],[-67.061676392999971,10.607874638000055],[-67.08413427499994,10.607874638000055],[-67.08413427499994,10.585799764000058]]]},"properties":{"OBJECTID":17,"OBJECTID_1":607,"GlobalID":"26a63308-700d-4a0a-8ae0-ba174f7ae76a","landslide_exent":"localized","road impacts":"no","Shape_Length":0.089065511999933733,"Shape_Area":0.00049575491545613564}},{"type":"Feature","id":18,"geometry":{"type":"Polygon","coordinates":[[[-67.061676392999971,10.585799764000058],[-67.039218510999945,10.585799764000058],[-67.039218510999945,10.607874638000055],[-67.061676392999971,10.607874638000055],[-67.061676392999971,10.585799764000058]]]},"properties":{"OBJECTID":18,"OBJECTID_1":608,"GlobalID":"090119cb-5fa4-410e-9db4-23cdf6e28289","landslide_exent":"localized","road impacts":"no","Shape_Length":0.08906551200004742,"Shape_Area":0.0004957549154573905}},{"type":"Feature","id":19,"geometry":{"type":"Polygon","coordinates":[[[-67.039218510999945,10.585799764000058],[-67.016760628999975,10.585799764000058],[-67.016760628999975,10.607874638000055],[-67.039218510999945,10.607874638000055],[-67.039218510999945,10.585799764000058]]]},"properties":{"OBJECTID":19,"OBJECTID_1":609,"GlobalID":"1edb7822-56d1-4a47-9b63-74b30bdc48a4","landslide_exent":"localized","road impacts":"no","Shape_Length":0.089065511999933733,"Shape_Area":0.00049575491545613564}},{"type":"Feature","id":20,"geometry":{"type":"Polygon","coordinates":[[[-67.016760628999975,10.585799764000058],[-66.994302746999949,10.585799764000058],[-66.994302746999949,10.607874638000055],[-67.016760628999975,10.607874638000055],[-67.016760628999975,10.585799764000058]]]},"properties":{"OBJECTID":20,"OBJECTID_1":610,"GlobalID":"85763808-0886-4a1a-81a7-ef396b3e057e","landslide_exent":"localized","road impacts":"unknown","Shape_Length":0.08906551200004742,"Shape_Area":0.0004957549154573905}},{"type":"Feature","id":21,"geometry":{"type":"Polygon","coordinates":[[[-66.994302746999949,10.585799764000058],[-66.971844863999934,10.585799764000058],[-66.971844863999934,10.607874638000055],[-66.994302746999949,10.607874638000055],[-66.994302746999949,10.585799764000058]]]},"properties":{"OBJECTID":21,"OBJECTID_1":611,"GlobalID":"a03e9b11-1ca1-4c3b-9624-acf2965297fe","landslide_exent":"localized","road impacts":"maybe","Shape_Length":0.089065514000026269,"Shape_Area":0.00049575493753203101}},{"type":"Feature","id":22,"geometry":{"type":"Polygon","coordinates":[[[-66.971844863999934,10.585799764000058],[-66.949386981999965,10.585799764000058],[-66.949386981999965,10.607874638000055],[-66.971844863999934,10.607874638000055],[-66.971844863999934,10.585799764000058]]]},"properties":{"OBJECTID":22,"OBJECTID_1":612,"GlobalID":"d97d9847-5b59-4992-a633-e11f3daffb34","landslide_exent":"minor","road impacts":null,"Shape_Length":0.089065511999933733,"Shape_Area":0.00049575491545613564}},{"type":"Feature","id":23,"geometry":{"type":"Polygon","coordinates":[[[-66.949386981999965,10.585799764000058],[-66.926929099999938,10.585799764000058],[-66.926929099999938,10.607874638000055],[-66.949386981999965,10.607874638000055],[-66.949386981999965,10.585799764000058]]]},"properties":{"OBJECTID":23,"OBJECTID_1":613,"GlobalID":"92619ede-7596-41cb-9906-3a769957830b","landslide_exent":"minor","road impacts":"no","Shape_Length":0.08906551200004742,"Shape_Area":0.0004957549154573905}},{"type":"Feature","id":24,"geometry":{"type":"Polygon","coordinates":[[[-66.926929099999938,10.585799764000058],[-66.904471217999969,10.585799764000058],[-66.904471217999969,10.607874638000055],[-66.926929099999938,10.607874638000055],[-66.926929099999938,10.585799764000058]]]},"properties":{"OBJECTID":24,"OBJECTID_1":614,"GlobalID":"1ce0353d-d589-4e73-ada0-a9d7d0a6dcde","landslide_exent":"localized","road impacts":null,"Shape_Length":0.089065511999933733,"Shape_Area":0.00049575491545613564}},{"type":"Feature","id":25,"geometry":{"type":"Polygon","coordinates":[[[-66.904471217999969,10.585799764000058],[-66.882013335999943,10.585799764000058],[-66.882013335999943,10.607874638000055],[-66.904471217999969,10.607874638000055],[-66.904471217999969,10.585799764000058]]]},"properties":{"OBJECTID":25,"OBJECTID_1":615,"GlobalID":"ba0d8699-4ba6-4ca2-a24d-eb962b5a164f","landslide_exent":"localized","road impacts":null,"Shape_Length":0.08906551200004742,"Shape_Area":0.0004957549154573905}},{"type":"Feature","id":26,"geometry":{"type":"Polygon","coordinates":[[[-66.882013335999943,10.585799764000058],[-66.859555453999974,10.585799764000058],[-66.859555453999974,10.607874638000055],[-66.882013335999943,10.607874638000055],[-66.882013335999943,10.585799764000058]]]},"properties":{"OBJECTID":26,"OBJECTID_1":616,"GlobalID":"af5aad12-f6d7-47fe-a66f-e78776a15045","landslide_exent":"localized","road impacts":null,"Shape_Length":0.089065511999933733,"Shape_Area":0.00049575491545613564}},{"type":"Feature","id":27,"geometry":{"type":"Polygon","coordinates":[[[-66.859555453999974,10.585799764000058],[-66.837097571999948,10.585799764000058],[-66.837097571999948,10.607874638000055],[-66.859555453999974,10.607874638000055],[-66.859555453999974,10.585799764000058]]]},"properties":{"OBJECTID":27,"OBJECTID_1":617,"GlobalID":"cafa782b-436f-4cc4-b820-64eacb27b8ff","landslide_exent":"minor","road impacts":"unknown","Shape_Length":0.08906551200004742,"Shape_Area":0.0004957549154573905}},{"type":"Feature","id":28,"geometry":{"type":"Polygon","coordinates":[[[-66.837097571999948,10.585799764000058],[-66.814639689999979,10.585799764000058],[-66.814639689999979,10.607874638000055],[-66.837097571999948,10.607874638000055],[-66.837097571999948,10.585799764000058]]]},"properties":{"OBJECTID":28,"OBJECTID_1":618,"GlobalID":"01508873-b49c-44a9-a670-367e67f18984","landslide_exent":"minor","road impacts":"unknown","Shape_Length":0.089065511999933733,"Shape_Area":0.00049575491545613564}},{"type":"Feature","id":29,"geometry":{"type":"Polygon","coordinates":[[[-66.814639689999979,10.585799764000058],[-66.792181807999953,10.585799764000058],[-66.792181807999953,10.607874638000055],[-66.814639689999979,10.607874638000055],[-66.814639689999979,10.585799764000058]]]},"properties":{"OBJECTID":29,"OBJECTID_1":619,"GlobalID":"da2c3592-7e59-4fce-86f0-405a9a09126d","landslide_exent":"unknown","road impacts":"unknown","Shape_Length":0.08906551200004742,"Shape_Area":0.0004957549154573905}},{"type":"Feature","id":30,"geometry":{"type":"Polygon","coordinates":[[[-66.792181807999953,10.585799764000058],[-66.769723925999983,10.585799764000058],[-66.769723925999983,10.607874638000055],[-66.792181807999953,10.607874638000055],[-66.792181807999953,10.585799764000058]]]},"properties":{"OBJECTID":30,"OBJECTID_1":620,"GlobalID":"b6c3823e-feec-4de8-9c53-1c6294002ffe","landslide_exent":"unknown","road impacts":"unknown","Shape_Length":0.089065511999933733,"Shape_Area":0.00049575491545613564}},{"type":"Feature","id":31,"geometry":{"type":"Polygon","coordinates":[[[-66.769723925999983,10.585799764000058],[-66.747266042999968,10.585799764000058],[-66.747266042999968,10.607874638000055],[-66.769723925999983,10.607874638000055],[-66.769723925999983,10.585799764000058]]]},"properties":{"OBJECTID":31,"OBJECTID_1":621,"GlobalID":"8e85272d-02ea-429d-87b4-6ad34196b1ea","landslide_exent":"unknown","road impacts":"no","Shape_Length":0.089065514000026269,"Shape_Area":0.00049575493753203101}},{"type":"Feature","id":32,"geometry":{"type":"Polygon","coordinates":[[[-66.747266042999968,10.585799764000058],[-66.724808160999942,10.585799764000058],[-66.724808160999942,10.607874638000055],[-66.747266042999968,10.607874638000055],[-66.747266042999968,10.585799764000058]]]},"properties":{"OBJECTID":32,"OBJECTID_1":622,"GlobalID":"9dd96361-a1f7-49d3-84b0-5038cc8d15ea","landslide_exent":"localized","road impacts":null,"Shape_Length":0.08906551200004742,"Shape_Area":0.0004957549154573905}},{"type":"Feature","id":33,"geometry":{"type":"Polygon","coordinates":[[[-66.724808160999942,10.585799764000058],[-66.702350278999972,10.585799764000058],[-66.702350278999972,10.607874638000055],[-66.724808160999942,10.607874638000055],[-66.724808160999942,10.585799764000058]]]},"properties":{"OBJECTID":33,"OBJECTID_1":623,"GlobalID":"2fd27e3f-f0e8-4036-a87a-53dc05258748","landslide_exent":"minor","road impacts":"unknown","Shape_Length":0.089065511999933733,"Shape_Area":0.00049575491545613564}},{"type":"Feature","id":34,"geometry":{"type":"Polygon","coordinates":[[[-66.702350278999972,10.585799764000058],[-66.679892396999946,10.585799764000058],[-66.679892396999946,10.607874638000055],[-66.702350278999972,10.607874638000055],[-66.702350278999972,10.585799764000058]]]},"properties":{"OBJECTID":34,"OBJECTID_1":624,"GlobalID":"5ad486f6-525d-4b22-a83c-8c21bac8a638","landslide_exent":"unknown","road impacts":"unknown","Shape_Length":0.08906551200004742,"Shape_Area":0.0004957549154573905}},{"type":"Feature","id":35,"geometry":{"type":"Polygon","coordinates":[[[-66.679892396999946,10.585799764000058],[-66.657434514999977,10.585799764000058],[-66.657434514999977,10.607874638000055],[-66.679892396999946,10.607874638000055],[-66.679892396999946,10.585799764000058]]]},"properties":{"OBJECTID":35,"OBJECTID_1":625,"GlobalID":"e11f295b-27f1-4c79-8398-36832a7df27c","landslide_exent":"minor","road impacts":"unknown","Shape_Length":0.089065511999933733,"Shape_Area":0.00049575491545613564}},{"type":"Feature","id":36,"geometry":{"type":"Polygon","coordinates":[[[-66.657434514999977,10.585799764000058],[-66.634976632999951,10.585799764000058],[-66.634976632999951,10.607874638000055],[-66.657434514999977,10.607874638000055],[-66.657434514999977,10.585799764000058]]]},"properties":{"OBJECTID":36,"OBJECTID_1":626,"GlobalID":"9bda4a9a-cd0b-4d03-b42d-d7d61fefa6c2","landslide_exent":"minor","road impacts":"unknown","Shape_Length":0.08906551200004742,"Shape_Area":0.0004957549154573905}},{"type":"Feature","id":37,"geometry":{"type":"Polygon","coordinates":[[[-67.173965802999987,10.563723301000039],[-67.151507920999961,10.563723301000039],[-67.151507920999961,10.585799764000058],[-67.173965802999987,10.585799764000058],[-67.173965802999987,10.563723301000039]]]},"properties":{"OBJECTID":37,"OBJECTID_1":697,"GlobalID":"58c31601-13ee-416e-9532-b2397510fb0e","landslide_exent":"minor","road impacts":"no","Shape_Length":0.089068690000090101,"Shape_Area":0.00049579060103236783}},{"type":"Feature","id":38,"geometry":{"type":"Polygon","coordinates":[[[-67.151507920999961,10.563723301000039],[-67.129050038999935,10.563723301000039],[-67.129050038999935,10.585799764000058],[-67.151507920999961,10.585799764000058],[-67.151507920999961,10.563723301000039]]]},"properties":{"OBJECTID":38,"OBJECTID_1":698,"GlobalID":"f0f7aca4-7746-4a08-b8d7-1e93cce93d8d","landslide_exent":"minor","road impacts":"maybe","Shape_Length":0.089068690000090101,"Shape_Area":0.00049579060103236783}},{"type":"Feature","id":39,"geometry":{"type":"Polygon","coordinates":[[[-67.129050038999935,10.563723301000039],[-67.106592156999966,10.563723301000039],[-67.106592156999966,10.585799764000058],[-67.129050038999935,10.585799764000058],[-67.129050038999935,10.563723301000039]]]},"properties":{"OBJECTID":39,"OBJECTID_1":699,"GlobalID":"eb5e38d7-0aeb-45d0-9a42-c3dac5c015fc","landslide_exent":"minor","road impacts":"maybe","Shape_Length":0.089068689999976414,"Shape_Area":0.00049579060103111287}},{"type":"Feature","id":40,"geometry":{"type":"Polygon","coordinates":[[[-67.106592156999966,10.563723301000039],[-67.08413427499994,10.563723301000039],[-67.08413427499994,10.585799764000058],[-67.106592156999966,10.585799764000058],[-67.106592156999966,10.563723301000039]]]},"properties":{"OBJECTID":40,"OBJECTID_1":700,"GlobalID":"9e7629c6-f7fa-411e-85a5-ca6eb799df8e","landslide_exent":"minor","road impacts":"maybe","Shape_Length":0.089068690000090101,"Shape_Area":0.00049579060103236783}},{"type":"Feature","id":41,"geometry":{"type":"Polygon","coordinates":[[[-67.08413427499994,10.563723301000039],[-67.061676392999971,10.563723301000039],[-67.061676392999971,10.585799764000058],[-67.08413427499994,10.585799764000058],[-67.08413427499994,10.563723301000039]]]},"properties":{"OBJECTID":41,"OBJECTID_1":701,"GlobalID":"377fb100-85a3-4f70-923f-fef934d310e5","landslide_exent":"localized","road impacts":"maybe","Shape_Length":0.089068689999976414,"Shape_Area":0.00049579060103111287}},{"type":"Feature","id":42,"geometry":{"type":"Polygon","coordinates":[[[-67.061676392999971,10.563723301000039],[-67.039218510999945,10.563723301000039],[-67.039218510999945,10.585799764000058],[-67.061676392999971,10.585799764000058],[-67.061676392999971,10.563723301000039]]]},"properties":{"OBJECTID":42,"OBJECTID_1":702,"GlobalID":"9a3866bd-6dee-4620-8191-f0bceba0abdc","landslide_exent":"localized","road impacts":"no","Shape_Length":0.089068690000090101,"Shape_Area":0.00049579060103236783}},{"type":"Feature","id":43,"geometry":{"type":"Polygon","coordinates":[[[-67.039218510999945,10.563723301000039],[-67.016760628999975,10.563723301000039],[-67.016760628999975,10.585799764000058],[-67.039218510999945,10.585799764000058],[-67.039218510999945,10.563723301000039]]]},"properties":{"OBJECTID":43,"OBJECTID_1":703,"GlobalID":"74480ebd-66a4-4be2-b89d-70f729155dd8","landslide_exent":"minor","road impacts":"no","Shape_Length":0.089068689999976414,"Shape_Area":0.00049579060103111287}},{"type":"Feature","id":44,"geometry":{"type":"Polygon","coordinates":[[[-67.016760628999975,10.563723301000039],[-66.994302746999949,10.563723301000039],[-66.994302746999949,10.585799764000058],[-67.016760628999975,10.585799764000058],[-67.016760628999975,10.563723301000039]]]},"properties":{"OBJECTID":44,"OBJECTID_1":704,"GlobalID":"c1ac2344-f17f-4760-8455-bb2356a087f8","landslide_exent":"minor","road impacts":"no","Shape_Length":0.089068690000090101,"Shape_Area":0.00049579060103236783}},{"type":"Feature","id":45,"geometry":{"type":"Polygon","coordinates":[[[-66.994302746999949,10.563723301000039],[-66.971844863999934,10.563723301000039],[-66.971844863999934,10.585799764000058],[-66.994302746999949,10.585799764000058],[-66.994302746999949,10.563723301000039]]]},"properties":{"OBJECTID":45,"OBJECTID_1":705,"GlobalID":"25b59eab-8b18-466d-a888-294cbb6ecb72","landslide_exent":"minor","road impacts":"no","Shape_Length":0.08906869200006895,"Shape_Area":0.00049579062310859735}},{"type":"Feature","id":46,"geometry":{"type":"Polygon","coordinates":[[[-66.971844863999934,10.563723301000039],[-66.949386981999965,10.563723301000039],[-66.949386981999965,10.585799764000058],[-66.971844863999934,10.585799764000058],[-66.971844863999934,10.563723301000039]]]},"properties":{"OBJECTID":46,"OBJECTID_1":706,"GlobalID":"9bfc76f5-c8df-43f9-a170-838de5ed7bfa","landslide_exent":"localized","road impacts":null,"Shape_Length":0.089068689999976414,"Shape_Area":0.00049579060103111287}},{"type":"Feature","id":47,"geometry":{"type":"Polygon","coordinates":[[[-66.949386981999965,10.563723301000039],[-66.926929099999938,10.563723301000039],[-66.926929099999938,10.585799764000058],[-66.949386981999965,10.585799764000058],[-66.949386981999965,10.563723301000039]]]},"properties":{"OBJECTID":47,"OBJECTID_1":707,"GlobalID":"6bb31a8a-d6a9-4aaf-9cfb-2dd0da7f5214","landslide_exent":"minor","road impacts":null,"Shape_Length":0.089068690000090101,"Shape_Area":0.00049579060103236783}},{"type":"Feature","id":48,"geometry":{"type":"Polygon","coordinates":[[[-66.926929099999938,10.563723301000039],[-66.904471217999969,10.563723301000039],[-66.904471217999969,10.585799764000058],[-66.926929099999938,10.585799764000058],[-66.926929099999938,10.563723301000039]]]},"properties":{"OBJECTID":48,"OBJECTID_1":708,"GlobalID":"9be8152d-5d04-4d2e-bde6-7c272815961d","landslide_exent":"localized","road impacts":null,"Shape_Length":0.089068689999976414,"Shape_Area":0.00049579060103111287}},{"type":"Feature","id":49,"geometry":{"type":"Polygon","coordinates":[[[-66.904471217999969,10.563723301000039],[-66.882013335999943,10.563723301000039],[-66.882013335999943,10.585799764000058],[-66.904471217999969,10.585799764000058],[-66.904471217999969,10.563723301000039]]]},"properties":{"OBJECTID":49,"OBJECTID_1":709,"GlobalID":"ad16d0ab-3cb9-47da-b63a-0478f23a87d2","landslide_exent":"major or widespread","road impacts":null,"Shape_Length":0.089068690000090101,"Shape_Area":0.00049579060103236783}},{"type":"Feature","id":50,"geometry":{"type":"Polygon","coordinates":[[[-66.882013335999943,10.563723301000039],[-66.859555453999974,10.563723301000039],[-66.859555453999974,10.585799764000058],[-66.882013335999943,10.585799764000058],[-66.882013335999943,10.563723301000039]]]},"properties":{"OBJECTID":50,"OBJECTID_1":710,"GlobalID":"2d291252-e93b-4785-9dc9-0864743e6299","landslide_exent":"localized","road impacts":null,"Shape_Length":0.089068689999976414,"Shape_Area":0.00049579060103111287}},{"type":"Feature","id":51,"geometry":{"type":"Polygon","coordinates":[[[-66.859555453999974,10.563723301000039],[-66.837097571999948,10.563723301000039],[-66.837097571999948,10.585799764000058],[-66.859555453999974,10.585799764000058],[-66.859555453999974,10.563723301000039]]]},"properties":{"OBJECTID":51,"OBJECTID_1":711,"GlobalID":"e5f81ba7-bb86-4760-9ed8-b25acd617c0f","landslide_exent":"localized","road impacts":"no","Shape_Length":0.089068690000090101,"Shape_Area":0.00049579060103236783}},{"type":"Feature","id":52,"geometry":{"type":"Polygon","coordinates":[[[-66.837097571999948,10.563723301000039],[-66.814639689999979,10.563723301000039],[-66.814639689999979,10.585799764000058],[-66.837097571999948,10.585799764000058],[-66.837097571999948,10.563723301000039]]]},"properties":{"OBJECTID":52,"OBJECTID_1":712,"GlobalID":"8a1522a9-3941-40b9-993b-7cc196b31cbb","landslide_exent":"unknown","road impacts":"unknown","Shape_Length":0.089068689999976414,"Shape_Area":0.00049579060103111287}},{"type":"Feature","id":53,"geometry":{"type":"Polygon","coordinates":[[[-66.814639689999979,10.563723301000039],[-66.792181807999953,10.563723301000039],[-66.792181807999953,10.585799764000058],[-66.814639689999979,10.585799764000058],[-66.814639689999979,10.563723301000039]]]},"properties":{"OBJECTID":53,"OBJECTID_1":713,"GlobalID":"ba41ca75-e26f-4ad4-8cc5-c146fa3001c2","landslide_exent":"unknown","road impacts":"unknown","Shape_Length":0.089068690000090101,"Shape_Area":0.00049579060103236783}},{"type":"Feature","id":54,"geometry":{"type":"Polygon","coordinates":[[[-66.792181807999953,10.563723301000039],[-66.769723925999983,10.563723301000039],[-66.769723925999983,10.585799764000058],[-66.792181807999953,10.585799764000058],[-66.792181807999953,10.563723301000039]]]},"properties":{"OBJECTID":54,"OBJECTID_1":714,"GlobalID":"69b05ceb-fcd1-45d8-bb84-d09edcad7fbb","landslide_exent":"minor","road impacts":"unknown","Shape_Length":0.089068689999976414,"Shape_Area":0.00049579060103111287}},{"type":"Feature","id":55,"geometry":{"type":"Polygon","coordinates":[[[-66.769723925999983,10.563723301000039],[-66.747266042999968,10.563723301000039],[-66.747266042999968,10.585799764000058],[-66.769723925999983,10.585799764000058],[-66.769723925999983,10.563723301000039]]]},"properties":{"OBJECTID":55,"OBJECTID_1":715,"GlobalID":"e20a2a09-ab64-4adb-864d-c87bdb6efa9f","landslide_exent":"unknown","road impacts":"no","Shape_Length":0.08906869200006895,"Shape_Area":0.00049579062310859735}},{"type":"Feature","id":56,"geometry":{"type":"Polygon","coordinates":[[[-66.747266042999968,10.563723301000039],[-66.724808160999942,10.563723301000039],[-66.724808160999942,10.585799764000058],[-66.747266042999968,10.585799764000058],[-66.747266042999968,10.563723301000039]]]},"properties":{"OBJECTID":56,"OBJECTID_1":716,"GlobalID":"c853f3c3-4d1e-4e32-bb42-21a50a394c98","landslide_exent":"unknown","road impacts":"unknown","Shape_Length":0.089068690000090101,"Shape_Area":0.00049579060103236783}},{"type":"Feature","id":57,"geometry":{"type":"Polygon","coordinates":[[[-66.724808160999942,10.563723301000039],[-66.702350278999972,10.563723301000039],[-66.702350278999972,10.585799764000058],[-66.724808160999942,10.585799764000058],[-66.724808160999942,10.563723301000039]]]},"properties":{"OBJECTID":57,"OBJECTID_1":717,"GlobalID":"918c79b3-a787-4a01-9924-a4a6ee9e6bb7","landslide_exent":"unknown","road impacts":"unknown","Shape_Length":0.089068689999976414,"Shape_Area":0.00049579060103111287}},{"type":"Feature","id":58,"geometry":{"type":"Polygon","coordinates":[[[-66.702350278999972,10.563723301000039],[-66.679892396999946,10.563723301000039],[-66.679892396999946,10.585799764000058],[-66.702350278999972,10.585799764000058],[-66.702350278999972,10.563723301000039]]]},"properties":{"OBJECTID":58,"OBJECTID_1":718,"GlobalID":"2ca6c67b-f0b6-4995-89b2-35e748d4ffc1","landslide_exent":"unknown","road impacts":"unknown","Shape_Length":0.089068690000090101,"Shape_Area":0.00049579060103236783}},{"type":"Feature","id":59,"geometry":{"type":"Polygon","coordinates":[[[-66.679892396999946,10.563723301000039],[-66.657434514999977,10.563723301000039],[-66.657434514999977,10.585799764000058],[-66.679892396999946,10.585799764000058],[-66.679892396999946,10.563723301000039]]]},"properties":{"OBJECTID":59,"OBJECTID_1":719,"GlobalID":"b77c43dd-b34a-4ef4-a409-5261c677384e","landslide_exent":"unknown","road impacts":"unknown","Shape_Length":0.089068689999976414,"Shape_Area":0.00049579060103111287}},{"type":"Feature","id":60,"geometry":{"type":"Polygon","coordinates":[[[-66.657434514999977,10.563723301000039],[-66.634976632999951,10.563723301000039],[-66.634976632999951,10.585799764000058],[-66.657434514999977,10.585799764000058],[-66.657434514999977,10.563723301000039]]]},"properties":{"OBJECTID":60,"OBJECTID_1":720,"GlobalID":"edeb02c7-0b4f-4e5e-afc8-b29fab0e248e","landslide_exent":"minor","road impacts":"no","Shape_Length":0.089068690000090101,"Shape_Area":0.00049579060103236783}},{"type":"Feature","id":61,"geometry":{"type":"Polygon","coordinates":[[[-67.308713095999963,10.541645251000034],[-67.286255213999937,10.541645251000034],[-67.286255213999937,10.563723301000039],[-67.308713095999963,10.563723301000039],[-67.308713095999963,10.541645251000034]]]},"properties":{"OBJECTID":61,"OBJECTID_1":798,"GlobalID":"98cbf8d5-23eb-46bd-ab1b-0904d7169457","landslide_exent":"localized","road impacts":"maybe","Shape_Length":0.089071864000061396,"Shape_Area":0.00049582624169077947}},{"type":"Feature","id":62,"geometry":{"type":"Polygon","coordinates":[[[-67.286255213999937,10.541645251000034],[-67.263797331999967,10.541645251000034],[-67.263797331999967,10.563723301000039],[-67.286255213999937,10.563723301000039],[-67.286255213999937,10.541645251000034]]]},"properties":{"OBJECTID":62,"OBJECTID_1":799,"GlobalID":"25e08978-b86e-45e9-923c-452faaa3d2e4","landslide_exent":"localized","road impacts":"yes","Shape_Length":0.089071863999947709,"Shape_Area":0.00049582624168952451}},{"type":"Feature","id":63,"geometry":{"type":"Polygon","coordinates":[[[-67.263797331999967,10.541645251000034],[-67.241339449999941,10.541645251000034],[-67.241339449999941,10.563723301000039],[-67.263797331999967,10.563723301000039],[-67.263797331999967,10.541645251000034]]]},"properties":{"OBJECTID":63,"OBJECTID_1":800,"GlobalID":"5e01fe3f-c034-4044-a823-4fcafcb448ed","landslide_exent":"localized","road impacts":"maybe","Shape_Length":0.089071864000061396,"Shape_Area":0.00049582624169077947}},{"type":"Feature","id":64,"geometry":{"type":"Polygon","coordinates":[[[-67.241339449999941,10.541645251000034],[-67.218881567999972,10.541645251000034],[-67.218881567999972,10.563723301000039],[-67.241339449999941,10.563723301000039],[-67.241339449999941,10.541645251000034]]]},"properties":{"OBJECTID":64,"OBJECTID_1":801,"GlobalID":"b7cf17a5-65d9-4b31-a272-4f3e6c125e16","landslide_exent":"major or widespread","road impacts":"maybe","Shape_Length":0.089071863999947709,"Shape_Area":0.00049582624168952451}},{"type":"Feature","id":65,"geometry":{"type":"Polygon","coordinates":[[[-67.218881567999972,10.541645251000034],[-67.196423685999946,10.541645251000034],[-67.196423685999946,10.563723301000039],[-67.218881567999972,10.563723301000039],[-67.218881567999972,10.541645251000034]]]},"properties":{"OBJECTID":65,"OBJECTID_1":802,"GlobalID":"c85b3cd7-1bcf-4a11-933a-3bfa965a9e4c","landslide_exent":"localized","road impacts":"yes","Shape_Length":0.089071864000061396,"Shape_Area":0.00049582624169077947}},{"type":"Feature","id":66,"geometry":{"type":"Polygon","coordinates":[[[-67.196423685999946,10.541645251000034],[-67.173965802999987,10.541645251000034],[-67.173965802999987,10.563723301000039],[-67.196423685999946,10.563723301000039],[-67.196423685999946,10.541645251000034]]]},"properties":{"OBJECTID":66,"OBJECTID_1":803,"GlobalID":"72a395fe-e2bc-4617-a0e9-41928e3345a7","landslide_exent":"localized","road impacts":"maybe","Shape_Length":0.089071865999926558,"Shape_Area":0.00049582626376734108}},{"type":"Feature","id":67,"geometry":{"type":"Polygon","coordinates":[[[-67.173965802999987,10.541645251000034],[-67.151507920999961,10.541645251000034],[-67.151507920999961,10.563723301000039],[-67.173965802999987,10.563723301000039],[-67.173965802999987,10.541645251000034]]]},"properties":{"OBJECTID":67,"OBJECTID_1":804,"GlobalID":"95608d42-b7ca-47a7-9b02-ea84f0db433f","landslide_exent":"minor","road impacts":"no","Shape_Length":0.089071864000061396,"Shape_Area":0.00049582624169077947}},{"type":"Feature","id":68,"geometry":{"type":"Polygon","coordinates":[[[-67.151507920999961,10.541645251000034],[-67.129050038999935,10.541645251000034],[-67.129050038999935,10.563723301000039],[-67.151507920999961,10.563723301000039],[-67.151507920999961,10.541645251000034]]]},"properties":{"OBJECTID":68,"OBJECTID_1":805,"GlobalID":"901920b7-1fbf-4776-9102-35972c8798f9","landslide_exent":"minor","road impacts":"no","Shape_Length":0.089071864000061396,"Shape_Area":0.00049582624169077947}},{"type":"Feature","id":69,"geometry":{"type":"Polygon","coordinates":[[[-67.129050038999935,10.541645251000034],[-67.106592156999966,10.541645251000034],[-67.106592156999966,10.563723301000039],[-67.129050038999935,10.563723301000039],[-67.129050038999935,10.541645251000034]]]},"properties":{"OBJECTID":69,"OBJECTID_1":806,"GlobalID":"aeec1285-d8d2-4415-b686-c481bd6126ea","landslide_exent":"minor","road impacts":"no","Shape_Length":0.089071863999947709,"Shape_Area":0.00049582624168952451}},{"type":"Feature","id":70,"geometry":{"type":"Polygon","coordinates":[[[-67.106592156999966,10.541645251000034],[-67.08413427499994,10.541645251000034],[-67.08413427499994,10.563723301000039],[-67.106592156999966,10.563723301000039],[-67.106592156999966,10.541645251000034]]]},"properties":{"OBJECTID":70,"OBJECTID_1":807,"GlobalID":"f8b46f64-1743-45b6-9263-fd83a9571df1","landslide_exent":"minor","road impacts":"no","Shape_Length":0.089071864000061396,"Shape_Area":0.00049582624169077947}},{"type":"Feature","id":71,"geometry":{"type":"Polygon","coordinates":[[[-67.08413427499994,10.541645251000034],[-67.061676392999971,10.541645251000034],[-67.061676392999971,10.563723301000039],[-67.08413427499994,10.563723301000039],[-67.08413427499994,10.541645251000034]]]},"properties":{"OBJECTID":71,"OBJECTID_1":808,"GlobalID":"0612b7f2-7546-4f0b-bccc-3f878d513cd8","landslide_exent":"localized","road impacts":"no","Shape_Length":0.089071863999947709,"Shape_Area":0.00049582624168952451}},{"type":"Feature","id":72,"geometry":{"type":"Polygon","coordinates":[[[-67.061676392999971,10.541645251000034],[-67.039218510999945,10.541645251000034],[-67.039218510999945,10.563723301000039],[-67.061676392999971,10.563723301000039],[-67.061676392999971,10.541645251000034]]]},"properties":{"OBJECTID":72,"OBJECTID_1":809,"GlobalID":"cfabc5a6-a1a4-4a68-a06d-811e9170cdbf","landslide_exent":"localized","road impacts":"no","Shape_Length":0.089071864000061396,"Shape_Area":0.00049582624169077947}},{"type":"Feature","id":73,"geometry":{"type":"Polygon","coordinates":[[[-67.039218510999945,10.541645251000034],[-67.016760628999975,10.541645251000034],[-67.016760628999975,10.563723301000039],[-67.039218510999945,10.563723301000039],[-67.039218510999945,10.541645251000034]]]},"properties":{"OBJECTID":73,"OBJECTID_1":810,"GlobalID":"26dcd9e8-e403-42b1-afe4-d1f28e5e4bd7","landslide_exent":"minor","road impacts":"no","Shape_Length":0.089071863999947709,"Shape_Area":0.00049582624168952451}},{"type":"Feature","id":74,"geometry":{"type":"Polygon","coordinates":[[[-67.016760628999975,10.541645251000034],[-66.994302746999949,10.541645251000034],[-66.994302746999949,10.563723301000039],[-67.016760628999975,10.563723301000039],[-67.016760628999975,10.541645251000034]]]},"properties":{"OBJECTID":74,"OBJECTID_1":811,"GlobalID":"790812a1-a5db-4559-a434-630fcb2bea8b","landslide_exent":"localized","road impacts":"no","Shape_Length":0.089071864000061396,"Shape_Area":0.00049582624169077947}},{"type":"Feature","id":75,"geometry":{"type":"Polygon","coordinates":[[[-66.994302746999949,10.541645251000034],[-66.971844863999934,10.541645251000034],[-66.971844863999934,10.563723301000039],[-66.994302746999949,10.563723301000039],[-66.994302746999949,10.541645251000034]]]},"properties":{"OBJECTID":75,"OBJECTID_1":812,"GlobalID":"f4bce4fa-72b2-4285-bc6d-48f9a32d6302","landslide_exent":"minor","road impacts":"no","Shape_Length":0.089071866000040245,"Shape_Area":0.00049582626376859604}},{"type":"Feature","id":76,"geometry":{"type":"Polygon","coordinates":[[[-66.971844863999934,10.541645251000034],[-66.949386981999965,10.541645251000034],[-66.949386981999965,10.563723301000039],[-66.971844863999934,10.563723301000039],[-66.971844863999934,10.541645251000034]]]},"properties":{"OBJECTID":76,"OBJECTID_1":813,"GlobalID":"eb6f8917-b4b3-46dc-920a-447b44ec2b82","landslide_exent":"minor","road impacts":null,"Shape_Length":0.089071863999947709,"Shape_Area":0.00049582624168952451}},{"type":"Feature","id":77,"geometry":{"type":"Polygon","coordinates":[[[-66.949386981999965,10.541645251000034],[-66.926929099999938,10.541645251000034],[-66.926929099999938,10.563723301000039],[-66.949386981999965,10.563723301000039],[-66.949386981999965,10.541645251000034]]]},"properties":{"OBJECTID":77,"OBJECTID_1":814,"GlobalID":"77a5f74e-2eae-46f4-a0cc-ca84ac3de0d3","landslide_exent":"minor","road impacts":null,"Shape_Length":0.089071864000061396,"Shape_Area":0.00049582624169077947}},{"type":"Feature","id":78,"geometry":{"type":"Polygon","coordinates":[[[-66.926929099999938,10.541645251000034],[-66.904471217999969,10.541645251000034],[-66.904471217999969,10.563723301000039],[-66.926929099999938,10.563723301000039],[-66.926929099999938,10.541645251000034]]]},"properties":{"OBJECTID":78,"OBJECTID_1":815,"GlobalID":"8413e44f-2d9a-4635-8969-c04c48c45d40","landslide_exent":"localized","road impacts":null,"Shape_Length":0.089071863999947709,"Shape_Area":0.00049582624168952451}},{"type":"Feature","id":79,"geometry":{"type":"Polygon","coordinates":[[[-66.904471217999969,10.541645251000034],[-66.882013335999943,10.541645251000034],[-66.882013335999943,10.563723301000039],[-66.904471217999969,10.563723301000039],[-66.904471217999969,10.541645251000034]]]},"properties":{"OBJECTID":79,"OBJECTID_1":816,"GlobalID":"cfcd72dc-0989-41cd-80d6-d3e5f7b4add4","landslide_exent":"localized","road impacts":null,"Shape_Length":0.089071864000061396,"Shape_Area":0.00049582624169077947}},{"type":"Feature","id":80,"geometry":{"type":"Polygon","coordinates":[[[-66.882013335999943,10.541645251000034],[-66.859555453999974,10.541645251000034],[-66.859555453999974,10.563723301000039],[-66.882013335999943,10.563723301000039],[-66.882013335999943,10.541645251000034]]]},"properties":{"OBJECTID":80,"OBJECTID_1":817,"GlobalID":"95a21583-208d-48f6-9f74-2b140ffa1961","landslide_exent":"major or widespread","road impacts":null,"Shape_Length":0.089071863999947709,"Shape_Area":0.00049582624168952451}},{"type":"Feature","id":81,"geometry":{"type":"Polygon","coordinates":[[[-66.859555453999974,10.541645251000034],[-66.837097571999948,10.541645251000034],[-66.837097571999948,10.563723301000039],[-66.859555453999974,10.563723301000039],[-66.859555453999974,10.541645251000034]]]},"properties":{"OBJECTID":81,"OBJECTID_1":818,"GlobalID":"9445d249-ff04-4ee1-a15f-62d5bc3cfef0","landslide_exent":"major or widespread","road impacts":"no","Shape_Length":0.089071864000061396,"Shape_Area":0.00049582624169077947}},{"type":"Feature","id":82,"geometry":{"type":"Polygon","coordinates":[[[-66.837097571999948,10.541645251000034],[-66.814639689999979,10.541645251000034],[-66.814639689999979,10.563723301000039],[-66.837097571999948,10.563723301000039],[-66.837097571999948,10.541645251000034]]]},"properties":{"OBJECTID":82,"OBJECTID_1":819,"GlobalID":"82b3e648-8a68-4259-bf09-bd4034893b50","landslide_exent":"localized","road impacts":"no","Shape_Length":0.089071863999947709,"Shape_Area":0.00049582624168952451}},{"type":"Feature","id":83,"geometry":{"type":"Polygon","coordinates":[[[-66.814639689999979,10.541645251000034],[-66.792181807999953,10.541645251000034],[-66.792181807999953,10.563723301000039],[-66.814639689999979,10.563723301000039],[-66.814639689999979,10.541645251000034]]]},"properties":{"OBJECTID":83,"OBJECTID_1":820,"GlobalID":"6d8132f5-db88-43df-aba3-b15aaf4ce056","landslide_exent":"major or widespread","road impacts":"no","Shape_Length":0.089071864000061396,"Shape_Area":0.00049582624169077947}},{"type":"Feature","id":84,"geometry":{"type":"Polygon","coordinates":[[[-66.792181807999953,10.541645251000034],[-66.769723925999983,10.541645251000034],[-66.769723925999983,10.563723301000039],[-66.792181807999953,10.563723301000039],[-66.792181807999953,10.541645251000034]]]},"properties":{"OBJECTID":84,"OBJECTID_1":821,"GlobalID":"64818c8a-143a-47b3-8a94-146a7b6538b2","landslide_exent":"localized","road impacts":"no","Shape_Length":0.089071863999947709,"Shape_Area":0.00049582624168952451}},{"type":"Feature","id":85,"geometry":{"type":"Polygon","coordinates":[[[-66.769723925999983,10.541645251000034],[-66.747266042999968,10.541645251000034],[-66.747266042999968,10.563723301000039],[-66.769723925999983,10.563723301000039],[-66.769723925999983,10.541645251000034]]]},"properties":{"OBJECTID":85,"OBJECTID_1":822,"GlobalID":"d3c528d7-1529-47af-9272-7bb28c80f058","landslide_exent":"major or widespread","road impacts":"no","Shape_Length":0.089071866000040245,"Shape_Area":0.00049582626376859604}},{"type":"Feature","id":86,"geometry":{"type":"Polygon","coordinates":[[[-66.747266042999968,10.541645251000034],[-66.724808160999942,10.541645251000034],[-66.724808160999942,10.563723301000039],[-66.747266042999968,10.563723301000039],[-66.747266042999968,10.541645251000034]]]},"properties":{"OBJECTID":86,"OBJECTID_1":823,"GlobalID":"a0e19f0d-0f46-4739-9016-6d109a258dea","landslide_exent":"localized","road impacts":"unknown","Shape_Length":0.089071864000061396,"Shape_Area":0.00049582624169077947}},{"type":"Feature","id":87,"geometry":{"type":"Polygon","coordinates":[[[-66.724808160999942,10.541645251000034],[-66.702350278999972,10.541645251000034],[-66.702350278999972,10.563723301000039],[-66.724808160999942,10.563723301000039],[-66.724808160999942,10.541645251000034]]]},"properties":{"OBJECTID":87,"OBJECTID_1":824,"GlobalID":"f908758e-a7a0-400b-a917-cfb530aa7999","landslide_exent":"unknown","road impacts":"unknown","Shape_Length":0.089071863999947709,"Shape_Area":0.00049582624168952451}},{"type":"Feature","id":88,"geometry":{"type":"Polygon","coordinates":[[[-66.702350278999972,10.541645251000034],[-66.679892396999946,10.541645251000034],[-66.679892396999946,10.563723301000039],[-66.702350278999972,10.563723301000039],[-66.702350278999972,10.541645251000034]]]},"properties":{"OBJECTID":88,"OBJECTID_1":825,"GlobalID":"d47a90d2-cb5c-4e0f-8dfa-a54cb8526591","landslide_exent":"unknown","road impacts":"unknown","Shape_Length":0.089071864000061396,"Shape_Area":0.00049582624169077947}},{"type":"Feature","id":89,"geometry":{"type":"Polygon","coordinates":[[[-66.679892396999946,10.541645251000034],[-66.657434514999977,10.541645251000034],[-66.657434514999977,10.563723301000039],[-66.679892396999946,10.563723301000039],[-66.679892396999946,10.541645251000034]]]},"properties":{"OBJECTID":89,"OBJECTID_1":826,"GlobalID":"335c1e25-e55b-41fc-b963-4a4e77ad2fc0","landslide_exent":"minor","road impacts":"unknown","Shape_Length":0.089071863999947709,"Shape_Area":0.00049582624168952451}},{"type":"Feature","id":90,"geometry":{"type":"Polygon","coordinates":[[[-66.657434514999977,10.541645251000034],[-66.634976632999951,10.541645251000034],[-66.634976632999951,10.563723301000039],[-66.657434514999977,10.563723301000039],[-66.657434514999977,10.541645251000034]]]},"properties":{"OBJECTID":90,"OBJECTID_1":827,"GlobalID":"9479d152-8c68-4b4e-9c30-62e4202ed562","landslide_exent":"minor","road impacts":"unknown","Shape_Length":0.089071864000061396,"Shape_Area":0.00049582624169077947}},{"type":"Feature","id":91,"geometry":{"type":"Polygon","coordinates":[[[-67.421002506999969,10.519565617000069],[-67.398544623999953,10.519565617000069],[-67.398544623999953,10.541645251000034],[-67.421002506999969,10.541645251000034],[-67.421002506999969,10.519565617000069]]]},"properties":{"OBJECTID":91,"OBJECTID_1":907,"GlobalID":"8f5bdcbd-a197-4452-9683-84c0e29cdbba","landslide_exent":"localized","road impacts":"no","Shape_Length":0.089075033999961306,"Shape_Area":0.00049586183705438165}},{"type":"Feature","id":92,"geometry":{"type":"Polygon","coordinates":[[[-67.398544623999953,10.519565617000069],[-67.376086741999984,10.519565617000069],[-67.376086741999984,10.541645251000034],[-67.398544623999953,10.541645251000034],[-67.398544623999953,10.519565617000069]]]},"properties":{"OBJECTID":92,"OBJECTID_1":908,"GlobalID":"79f3b436-897c-4da9-acbf-cbe9373f6273","landslide_exent":"localized","road impacts":"maybe","Shape_Length":0.08907503199986877,"Shape_Area":0.00049586181497372609}},{"type":"Feature","id":93,"geometry":{"type":"Polygon","coordinates":[[[-67.376086741999984,10.519565617000069],[-67.353628859999958,10.519565617000069],[-67.353628859999958,10.541645251000034],[-67.376086741999984,10.541645251000034],[-67.376086741999984,10.519565617000069]]]},"properties":{"OBJECTID":93,"OBJECTID_1":909,"GlobalID":"478fc64a-9a51-4c28-9c4f-5ef2051ea049","landslide_exent":"minor","road impacts":"maybe","Shape_Length":0.089075031999982457,"Shape_Area":0.00049586181497498116}},{"type":"Feature","id":94,"geometry":{"type":"Polygon","coordinates":[[[-67.353628859999958,10.519565617000069],[-67.331170977999989,10.519565617000069],[-67.331170977999989,10.541645251000034],[-67.353628859999958,10.541645251000034],[-67.353628859999958,10.519565617000069]]]},"properties":{"OBJECTID":94,"OBJECTID_1":910,"GlobalID":"a77352ac-e647-466e-9fb8-04fad5900f5d","landslide_exent":"localized","road impacts":"yes","Shape_Length":0.08907503199986877,"Shape_Area":0.00049586181497372609}},{"type":"Feature","id":95,"geometry":{"type":"Polygon","coordinates":[[[-67.331170977999989,10.519565617000069],[-67.308713095999963,10.519565617000069],[-67.308713095999963,10.541645251000034],[-67.331170977999989,10.541645251000034],[-67.331170977999989,10.519565617000069]]]},"properties":{"OBJECTID":95,"OBJECTID_1":911,"GlobalID":"69410276-4345-4ba4-af1e-5c93f83ea577","landslide_exent":"localized","road impacts":"yes","Shape_Length":0.089075031999982457,"Shape_Area":0.00049586181497498116}},{"type":"Feature","id":96,"geometry":{"type":"Polygon","coordinates":[[[-67.308713095999963,10.519565617000069],[-67.286255213999937,10.519565617000069],[-67.286255213999937,10.541645251000034],[-67.308713095999963,10.541645251000034],[-67.308713095999963,10.519565617000069]]]},"properties":{"OBJECTID":96,"OBJECTID_1":912,"GlobalID":"c929bbf8-4e7a-45ee-8e8f-1b028bd5a40d","landslide_exent":"localized","road impacts":"yes","Shape_Length":0.089075031999982457,"Shape_Area":0.00049586181497498116}},{"type":"Feature","id":97,"geometry":{"type":"Polygon","coordinates":[[[-67.173965802999987,10.519565617000069],[-67.151507920999961,10.519565617000069],[-67.151507920999961,10.541645251000034],[-67.173965802999987,10.541645251000034],[-67.173965802999987,10.519565617000069]]]},"properties":{"OBJECTID":97,"OBJECTID_1":918,"GlobalID":"40370946-3072-4318-b21a-8dbf2d956fb2","landslide_exent":"unknown","road impacts":"unknown","Shape_Length":0.089075031999982457,"Shape_Area":0.00049586181497498116}},{"type":"Feature","id":98,"geometry":{"type":"Polygon","coordinates":[[[-67.151507920999961,10.519565617000069],[-67.129050038999935,10.519565617000069],[-67.129050038999935,10.541645251000034],[-67.151507920999961,10.541645251000034],[-67.151507920999961,10.519565617000069]]]},"properties":{"OBJECTID":98,"OBJECTID_1":919,"GlobalID":"98802e5d-119e-460a-a4fb-ab73b789af4f","landslide_exent":"minor","road impacts":"no","Shape_Length":0.089075031999982457,"Shape_Area":0.00049586181497498116}},{"type":"Feature","id":99,"geometry":{"type":"Polygon","coordinates":[[[-67.129050038999935,10.519565617000069],[-67.106592156999966,10.519565617000069],[-67.106592156999966,10.541645251000034],[-67.129050038999935,10.541645251000034],[-67.129050038999935,10.519565617000069]]]},"properties":{"OBJECTID":99,"OBJECTID_1":920,"GlobalID":"11c1e1ea-0ee2-4ea2-857c-879a2c643a3d","landslide_exent":"minor","road impacts":"no","Shape_Length":0.08907503199986877,"Shape_Area":0.00049586181497372609}},{"type":"Feature","id":100,"geometry":{"type":"Polygon","coordinates":[[[-67.106592156999966,10.519565617000069],[-67.08413427499994,10.519565617000069],[-67.08413427499994,10.541645251000034],[-67.106592156999966,10.541645251000034],[-67.106592156999966,10.519565617000069]]]},"properties":{"OBJECTID":100,"OBJECTID_1":921,"GlobalID":"c08f1d93-4644-41fb-b209-afbea4fa3893","landslide_exent":"minor","road impacts":"no","Shape_Length":0.089075031999982457,"Shape_Area":0.00049586181497498116}},{"type":"Feature","id":101,"geometry":{"type":"Polygon","coordinates":[[[-67.08413427499994,10.519565617000069],[-67.061676392999971,10.519565617000069],[-67.061676392999971,10.541645251000034],[-67.08413427499994,10.541645251000034],[-67.08413427499994,10.519565617000069]]]},"properties":{"OBJECTID":101,"OBJECTID_1":922,"GlobalID":"5ed0d1ff-e28f-4b01-9ae5-f0a7839d1fd1","landslide_exent":"minor","road impacts":"no","Shape_Length":0.08907503199986877,"Shape_Area":0.00049586181497372609}},{"type":"Feature","id":102,"geometry":{"type":"Polygon","coordinates":[[[-67.061676392999971,10.519565617000069],[-67.039218510999945,10.519565617000069],[-67.039218510999945,10.541645251000034],[-67.061676392999971,10.541645251000034],[-67.061676392999971,10.519565617000069]]]},"properties":{"OBJECTID":102,"OBJECTID_1":923,"GlobalID":"5acba4c8-98cc-4cd6-b0fa-fbbb40f00653","landslide_exent":"minor","road impacts":"no","Shape_Length":0.089075031999982457,"Shape_Area":0.00049586181497498116}},{"type":"Feature","id":103,"geometry":{"type":"Polygon","coordinates":[[[-67.039218510999945,10.519565617000069],[-67.016760628999975,10.519565617000069],[-67.016760628999975,10.541645251000034],[-67.039218510999945,10.541645251000034],[-67.039218510999945,10.519565617000069]]]},"properties":{"OBJECTID":103,"OBJECTID_1":924,"GlobalID":"fecf8d3c-7db3-4c37-b13e-0bfe450415c8","landslide_exent":"minor","road impacts":"no","Shape_Length":0.08907503199986877,"Shape_Area":0.00049586181497372609}},{"type":"Feature","id":104,"geometry":{"type":"Polygon","coordinates":[[[-67.016760628999975,10.519565617000069],[-66.994302746999949,10.519565617000069],[-66.994302746999949,10.541645251000034],[-67.016760628999975,10.541645251000034],[-67.016760628999975,10.519565617000069]]]},"properties":{"OBJECTID":104,"OBJECTID_1":925,"GlobalID":"bc7a5304-dfb8-4588-a62b-25816f863205","landslide_exent":"minor","road impacts":"no","Shape_Length":0.089075031999982457,"Shape_Area":0.00049586181497498116}},{"type":"Feature","id":105,"geometry":{"type":"Polygon","coordinates":[[[-66.994302746999949,10.519565617000069],[-66.971844863999934,10.519565617000069],[-66.971844863999934,10.541645251000034],[-66.994302746999949,10.541645251000034],[-66.994302746999949,10.519565617000069]]]},"properties":{"OBJECTID":105,"OBJECTID_1":926,"GlobalID":"cd498f7d-e698-4786-b32b-0e787d7fca22","landslide_exent":"minor","road impacts":"no","Shape_Length":0.089075033999961306,"Shape_Area":0.00049586183705438165}},{"type":"Feature","id":106,"geometry":{"type":"Polygon","coordinates":[[[-66.971844863999934,10.519565617000069],[-66.949386981999965,10.519565617000069],[-66.949386981999965,10.541645251000034],[-66.971844863999934,10.541645251000034],[-66.971844863999934,10.519565617000069]]]},"properties":{"OBJECTID":106,"OBJECTID_1":927,"GlobalID":"2c812084-e9fb-4e32-b287-c07600f26750","landslide_exent":"minor","road impacts":null,"Shape_Length":0.08907503199986877,"Shape_Area":0.00049586181497372609}},{"type":"Feature","id":107,"geometry":{"type":"Polygon","coordinates":[[[-66.949386981999965,10.519565617000069],[-66.926929099999938,10.519565617000069],[-66.926929099999938,10.541645251000034],[-66.949386981999965,10.541645251000034],[-66.949386981999965,10.519565617000069]]]},"properties":{"OBJECTID":107,"OBJECTID_1":928,"GlobalID":"e43489f0-fe8a-4383-86b7-786d7792aa64","landslide_exent":"minor","road impacts":"no","Shape_Length":0.089075031999982457,"Shape_Area":0.00049586181497498116}},{"type":"Feature","id":108,"geometry":{"type":"Polygon","coordinates":[[[-66.926929099999938,10.519565617000069],[-66.904471217999969,10.519565617000069],[-66.904471217999969,10.541645251000034],[-66.926929099999938,10.541645251000034],[-66.926929099999938,10.519565617000069]]]},"properties":{"OBJECTID":108,"OBJECTID_1":929,"GlobalID":"3ba9ee9f-407c-41e9-96b2-c473bb3df2b9","landslide_exent":"minor","road impacts":"no","Shape_Length":0.08907503199986877,"Shape_Area":0.00049586181497372609}},{"type":"Feature","id":109,"geometry":{"type":"Polygon","coordinates":[[[-66.904471217999969,10.519565617000069],[-66.882013335999943,10.519565617000069],[-66.882013335999943,10.541645251000034],[-66.904471217999969,10.541645251000034],[-66.904471217999969,10.519565617000069]]]},"properties":{"OBJECTID":109,"OBJECTID_1":930,"GlobalID":"cfd5a0a2-e61a-48fc-a1cd-123e2990cadc","landslide_exent":"minor","road impacts":"no","Shape_Length":0.089075031999982457,"Shape_Area":0.00049586181497498116}},{"type":"Feature","id":110,"geometry":{"type":"Polygon","coordinates":[[[-66.882013335999943,10.519565617000069],[-66.859555453999974,10.519565617000069],[-66.859555453999974,10.541645251000034],[-66.882013335999943,10.541645251000034],[-66.882013335999943,10.519565617000069]]]},"properties":{"OBJECTID":110,"OBJECTID_1":931,"GlobalID":"99d18882-7106-4d5d-8288-8c6bab3b7d9e","landslide_exent":"localized","road impacts":null,"Shape_Length":0.08907503199986877,"Shape_Area":0.00049586181497372609}},{"type":"Feature","id":111,"geometry":{"type":"Polygon","coordinates":[[[-66.859555453999974,10.519565617000069],[-66.837097571999948,10.519565617000069],[-66.837097571999948,10.541645251000034],[-66.859555453999974,10.541645251000034],[-66.859555453999974,10.519565617000069]]]},"properties":{"OBJECTID":111,"OBJECTID_1":932,"GlobalID":"76561d2a-1dd5-4f03-a9ab-0705a1f0be51","landslide_exent":"localized","road impacts":"no","Shape_Length":0.089075031999982457,"Shape_Area":0.00049586181497498116}},{"type":"Feature","id":112,"geometry":{"type":"Polygon","coordinates":[[[-66.837097571999948,10.519565617000069],[-66.814639689999979,10.519565617000069],[-66.814639689999979,10.541645251000034],[-66.837097571999948,10.541645251000034],[-66.837097571999948,10.519565617000069]]]},"properties":{"OBJECTID":112,"OBJECTID_1":933,"GlobalID":"32bdc052-84ac-4257-b000-94ee98e4340e","landslide_exent":"minor","road impacts":"no","Shape_Length":0.08907503199986877,"Shape_Area":0.00049586181497372609}},{"type":"Feature","id":113,"geometry":{"type":"Polygon","coordinates":[[[-66.814639689999979,10.519565617000069],[-66.792181807999953,10.519565617000069],[-66.792181807999953,10.541645251000034],[-66.814639689999979,10.541645251000034],[-66.814639689999979,10.519565617000069]]]},"properties":{"OBJECTID":113,"OBJECTID_1":934,"GlobalID":"885c6fd1-cf22-43ae-95fd-ad04fe0b5e08","landslide_exent":"minor","road impacts":"no","Shape_Length":0.089075031999982457,"Shape_Area":0.00049586181497498116}},{"type":"Feature","id":114,"geometry":{"type":"Polygon","coordinates":[[[-66.792181807999953,10.519565617000069],[-66.769723925999983,10.519565617000069],[-66.769723925999983,10.541645251000034],[-66.792181807999953,10.541645251000034],[-66.792181807999953,10.519565617000069]]]},"properties":{"OBJECTID":114,"OBJECTID_1":935,"GlobalID":"c6bdabd1-7efb-44b1-96b8-50cab6b80d16","landslide_exent":"localized","road impacts":"no","Shape_Length":0.08907503199986877,"Shape_Area":0.00049586181497372609}},{"type":"Feature","id":115,"geometry":{"type":"Polygon","coordinates":[[[-66.769723925999983,10.519565617000069],[-66.747266042999968,10.519565617000069],[-66.747266042999968,10.541645251000034],[-66.769723925999983,10.541645251000034],[-66.769723925999983,10.519565617000069]]]},"properties":{"OBJECTID":115,"OBJECTID_1":936,"GlobalID":"7c76a836-103e-4532-af65-99460fe14c8f","landslide_exent":"minor","road impacts":null,"Shape_Length":0.089075033999961306,"Shape_Area":0.00049586183705438165}},{"type":"Feature","id":116,"geometry":{"type":"Polygon","coordinates":[[[-66.747266042999968,10.519565617000069],[-66.724808160999942,10.519565617000069],[-66.724808160999942,10.541645251000034],[-66.747266042999968,10.541645251000034],[-66.747266042999968,10.519565617000069]]]},"properties":{"OBJECTID":116,"OBJECTID_1":937,"GlobalID":"682b0297-8cf2-433d-bdcc-e769e0eee80a","landslide_exent":"minor","road impacts":"unknown","Shape_Length":0.089075031999982457,"Shape_Area":0.00049586181497498116}},{"type":"Feature","id":117,"geometry":{"type":"Polygon","coordinates":[[[-66.724808160999942,10.519565617000069],[-66.702350278999972,10.519565617000069],[-66.702350278999972,10.541645251000034],[-66.724808160999942,10.541645251000034],[-66.724808160999942,10.519565617000069]]]},"properties":{"OBJECTID":117,"OBJECTID_1":938,"GlobalID":"31d5b1a0-aa3a-4114-9900-af91e6fda0b2","landslide_exent":"unknown","road impacts":"unknown","Shape_Length":0.08907503199986877,"Shape_Area":0.00049586181497372609}},{"type":"Feature","id":118,"geometry":{"type":"Polygon","coordinates":[[[-66.702350278999972,10.519565617000069],[-66.679892396999946,10.519565617000069],[-66.679892396999946,10.541645251000034],[-66.702350278999972,10.541645251000034],[-66.702350278999972,10.519565617000069]]]},"properties":{"OBJECTID":118,"OBJECTID_1":939,"GlobalID":"4d9263ed-588c-4a71-a3bc-ad5ce1a231f5","landslide_exent":"unknown","road impacts":"unknown","Shape_Length":0.089075031999982457,"Shape_Area":0.00049586181497498116}},{"type":"Feature","id":119,"geometry":{"type":"Polygon","coordinates":[[[-66.679892396999946,10.519565617000069],[-66.657434514999977,10.519565617000069],[-66.657434514999977,10.541645251000034],[-66.679892396999946,10.541645251000034],[-66.679892396999946,10.519565617000069]]]},"properties":{"OBJECTID":119,"OBJECTID_1":940,"GlobalID":"416477f7-f516-4377-b3c5-683cf68c3069","landslide_exent":"unknown","road impacts":"unknown","Shape_Length":0.08907503199986877,"Shape_Area":0.00049586181497372609}},{"type":"Feature","id":120,"geometry":{"type":"Polygon","coordinates":[[[-66.657434514999977,10.519565617000069],[-66.634976632999951,10.519565617000069],[-66.634976632999951,10.541645251000034],[-66.657434514999977,10.541645251000034],[-66.657434514999977,10.519565617000069]]]},"properties":{"OBJECTID":120,"OBJECTID_1":941,"GlobalID":"5c7c7b43-3636-43c9-a711-e784330bf6a8","landslide_exent":"unknown","road impacts":"unknown","Shape_Length":0.089075031999982457,"Shape_Area":0.00049586181497498116}},{"type":"Feature","id":121,"geometry":{"type":"Polygon","coordinates":[[[-67.623123444999976,10.497484404000033],[-67.60066556299995,10.497484404000033],[-67.60066556299995,10.519565617000069],[-67.623123444999976,10.519565617000069],[-67.623123444999976,10.497484404000033]]]},"properties":{"OBJECTID":121,"OBJECTID_1":1029,"GlobalID":"7a4650d7-a570-4533-af62-5f35667dc3da","landslide_exent":"minor","road impacts":"no","Shape_Length":0.089078190000122959,"Shape_Area":0.00049589727597223684}},{"type":"Feature","id":122,"geometry":{"type":"Polygon","coordinates":[[[-67.398544623999953,10.497484404000033],[-67.376086741999984,10.497484404000033],[-67.376086741999984,10.519565617000069],[-67.398544623999953,10.519565617000069],[-67.398544623999953,10.497484404000033]]]},"properties":{"OBJECTID":122,"OBJECTID_1":1039,"GlobalID":"4a52de11-300b-4b80-a8c9-b2c0fd7f8626","landslide_exent":"minor","road impacts":"no","Shape_Length":0.089078190000009272,"Shape_Area":0.00049589727597098166}},{"type":"Feature","id":123,"geometry":{"type":"Polygon","coordinates":[[[-67.376086741999984,10.497484404000033],[-67.353628859999958,10.497484404000033],[-67.353628859999958,10.519565617000069],[-67.376086741999984,10.519565617000069],[-67.376086741999984,10.497484404000033]]]},"properties":{"OBJECTID":123,"OBJECTID_1":1040,"GlobalID":"cf2c064d-69d0-46e6-a923-481ef60482c9","landslide_exent":"minor","road impacts":"no","Shape_Length":0.089078190000122959,"Shape_Area":0.00049589727597223684}},{"type":"Feature","id":124,"geometry":{"type":"Polygon","coordinates":[[[-67.353628859999958,10.497484404000033],[-67.331170977999989,10.497484404000033],[-67.331170977999989,10.519565617000069],[-67.353628859999958,10.519565617000069],[-67.353628859999958,10.497484404000033]]]},"properties":{"OBJECTID":124,"OBJECTID_1":1041,"GlobalID":"b6b4de52-b0e0-4832-8c24-3b4da1d7eda6","landslide_exent":"major or widespread","road impacts":"unknown","Shape_Length":0.089078190000009272,"Shape_Area":0.00049589727597098166}},{"type":"Feature","id":125,"geometry":{"type":"Polygon","coordinates":[[[-67.241339449999941,10.497484404000033],[-67.218881567999972,10.497484404000033],[-67.218881567999972,10.519565617000069],[-67.241339449999941,10.519565617000069],[-67.241339449999941,10.497484404000033]]]},"properties":{"OBJECTID":125,"OBJECTID_1":1046,"GlobalID":"e6c0a42b-647c-4a74-8067-b932751ccbc1","landslide_exent":"minor","road impacts":"no","Shape_Length":0.089078190000009272,"Shape_Area":0.00049589727597098166}},{"type":"Feature","id":126,"geometry":{"type":"Polygon","coordinates":[[[-67.173965802999987,10.497484404000033],[-67.151507920999961,10.497484404000033],[-67.151507920999961,10.519565617000069],[-67.173965802999987,10.519565617000069],[-67.173965802999987,10.497484404000033]]]},"properties":{"OBJECTID":126,"OBJECTID_1":1049,"GlobalID":"1502f574-49fc-47b9-95d6-b337282406b9","landslide_exent":"unknown","road impacts":"unknown","Shape_Length":0.089078190000122959,"Shape_Area":0.00049589727597223684}},{"type":"Feature","id":127,"geometry":{"type":"Polygon","coordinates":[[[-67.151507920999961,10.497484404000033],[-67.129050038999935,10.497484404000033],[-67.129050038999935,10.519565617000069],[-67.151507920999961,10.519565617000069],[-67.151507920999961,10.497484404000033]]]},"properties":{"OBJECTID":127,"OBJECTID_1":1050,"GlobalID":"2cd1b70d-975f-48ce-95fc-3e157ff4a8a2","landslide_exent":"minor","road impacts":"unknown","Shape_Length":0.089078190000122959,"Shape_Area":0.00049589727597223684}},{"type":"Feature","id":128,"geometry":{"type":"Polygon","coordinates":[[[-67.129050038999935,10.497484404000033],[-67.106592156999966,10.497484404000033],[-67.106592156999966,10.519565617000069],[-67.129050038999935,10.519565617000069],[-67.129050038999935,10.497484404000033]]]},"properties":{"OBJECTID":128,"OBJECTID_1":1051,"GlobalID":"c21cf8b4-496b-481f-8eed-dd37e874fe63","landslide_exent":"minor","road impacts":"no","Shape_Length":0.089078190000009272,"Shape_Area":0.00049589727597098166}},{"type":"Feature","id":129,"geometry":{"type":"Polygon","coordinates":[[[-67.106592156999966,10.497484404000033],[-67.08413427499994,10.497484404000033],[-67.08413427499994,10.519565617000069],[-67.106592156999966,10.519565617000069],[-67.106592156999966,10.497484404000033]]]},"properties":{"OBJECTID":129,"OBJECTID_1":1052,"GlobalID":"2d3aaa7d-4671-4fb5-94fb-9e48cf1e0835","landslide_exent":"minor","road impacts":"no","Shape_Length":0.089078190000122959,"Shape_Area":0.00049589727597223684}},{"type":"Feature","id":130,"geometry":{"type":"Polygon","coordinates":[[[-67.08413427499994,10.497484404000033],[-67.061676392999971,10.497484404000033],[-67.061676392999971,10.519565617000069],[-67.08413427499994,10.519565617000069],[-67.08413427499994,10.497484404000033]]]},"properties":{"OBJECTID":130,"OBJECTID_1":1053,"GlobalID":"d7048272-ed7f-4f56-a2da-c7bf3ad7624c","landslide_exent":"minor","road impacts":"no","Shape_Length":0.089078190000009272,"Shape_Area":0.00049589727597098166}},{"type":"Feature","id":131,"geometry":{"type":"Polygon","coordinates":[[[-67.061676392999971,10.497484404000033],[-67.039218510999945,10.497484404000033],[-67.039218510999945,10.519565617000069],[-67.061676392999971,10.519565617000069],[-67.061676392999971,10.497484404000033]]]},"properties":{"OBJECTID":131,"OBJECTID_1":1054,"GlobalID":"25cef871-09b7-46da-abbd-a740d9b41e3e","landslide_exent":"minor","road impacts":"no","Shape_Length":0.089078190000122959,"Shape_Area":0.00049589727597223684}},{"type":"Feature","id":132,"geometry":{"type":"Polygon","coordinates":[[[-67.039218510999945,10.497484404000033],[-67.016760628999975,10.497484404000033],[-67.016760628999975,10.519565617000069],[-67.039218510999945,10.519565617000069],[-67.039218510999945,10.497484404000033]]]},"properties":{"OBJECTID":132,"OBJECTID_1":1055,"GlobalID":"d91b94f8-fb40-4695-accd-e941e2417db2","landslide_exent":"minor","road impacts":"no","Shape_Length":0.089078190000009272,"Shape_Area":0.00049589727597098166}},{"type":"Feature","id":133,"geometry":{"type":"Polygon","coordinates":[[[-67.016760628999975,10.497484404000033],[-66.994302746999949,10.497484404000033],[-66.994302746999949,10.519565617000069],[-67.016760628999975,10.519565617000069],[-67.016760628999975,10.497484404000033]]]},"properties":{"OBJECTID":133,"OBJECTID_1":1056,"GlobalID":"665f9d72-7c31-4c45-9dc4-220ad273e256","landslide_exent":"minor","road impacts":"no","Shape_Length":0.089078190000122959,"Shape_Area":0.00049589727597223684}},{"type":"Feature","id":134,"geometry":{"type":"Polygon","coordinates":[[[-66.994302746999949,10.497484404000033],[-66.971844863999934,10.497484404000033],[-66.971844863999934,10.519565617000069],[-66.994302746999949,10.519565617000069],[-66.994302746999949,10.497484404000033]]]},"properties":{"OBJECTID":134,"OBJECTID_1":1057,"GlobalID":"b48f2c39-7639-401a-b195-ccc9c6279aba","landslide_exent":"minor","road impacts":"maybe","Shape_Length":0.089078192000101808,"Shape_Area":0.00049589729805321636}},{"type":"Feature","id":135,"geometry":{"type":"Polygon","coordinates":[[[-66.859555453999974,10.497484404000033],[-66.837097571999948,10.497484404000033],[-66.837097571999948,10.519565617000069],[-66.859555453999974,10.519565617000069],[-66.859555453999974,10.497484404000033]]]},"properties":{"OBJECTID":135,"OBJECTID_1":1063,"GlobalID":"7a795f1b-1d51-43d4-8dda-7c3e66671ae3","landslide_exent":"minor","road impacts":"no","Shape_Length":0.089078190000122959,"Shape_Area":0.00049589727597223684}},{"type":"Feature","id":136,"geometry":{"type":"Polygon","coordinates":[[[-66.837097571999948,10.497484404000033],[-66.814639689999979,10.497484404000033],[-66.814639689999979,10.519565617000069],[-66.837097571999948,10.519565617000069],[-66.837097571999948,10.497484404000033]]]},"properties":{"OBJECTID":136,"OBJECTID_1":1064,"GlobalID":"8c0e7c7f-8344-492d-a4ca-42084bbb13e5","landslide_exent":"minor","road impacts":"no","Shape_Length":0.089078190000009272,"Shape_Area":0.00049589727597098166}},{"type":"Feature","id":137,"geometry":{"type":"Polygon","coordinates":[[[-66.814639689999979,10.497484404000033],[-66.792181807999953,10.497484404000033],[-66.792181807999953,10.519565617000069],[-66.814639689999979,10.519565617000069],[-66.814639689999979,10.497484404000033]]]},"properties":{"OBJECTID":137,"OBJECTID_1":1065,"GlobalID":"51a30308-3b4a-405f-8b15-f0a93f102d88","landslide_exent":"localized","road impacts":"no","Shape_Length":0.089078190000122959,"Shape_Area":0.00049589727597223684}},{"type":"Feature","id":138,"geometry":{"type":"Polygon","coordinates":[[[-66.792181807999953,10.497484404000033],[-66.769723925999983,10.497484404000033],[-66.769723925999983,10.519565617000069],[-66.792181807999953,10.519565617000069],[-66.792181807999953,10.497484404000033]]]},"properties":{"OBJECTID":138,"OBJECTID_1":1066,"GlobalID":"b66ed002-bdcf-4a7c-80a3-0c41f68ce81e","landslide_exent":"minor","road impacts":"no","Shape_Length":0.089078190000009272,"Shape_Area":0.00049589727597098166}},{"type":"Feature","id":139,"geometry":{"type":"Polygon","coordinates":[[[-66.769723925999983,10.497484404000033],[-66.747266042999968,10.497484404000033],[-66.747266042999968,10.519565617000069],[-66.769723925999983,10.519565617000069],[-66.769723925999983,10.497484404000033]]]},"properties":{"OBJECTID":139,"OBJECTID_1":1067,"GlobalID":"29952e4c-6a9b-4474-ad6c-67275a2566c5","landslide_exent":"minor","road impacts":"unknown","Shape_Length":0.089078192000101808,"Shape_Area":0.00049589729805321636}},{"type":"Feature","id":140,"geometry":{"type":"Polygon","coordinates":[[[-68.11719685199995,10.475401613000031],[-68.09473896999998,10.475401613000031],[-68.09473896999998,10.497484404000033],[-68.11719685199995,10.497484404000033],[-68.11719685199995,10.475401613000031]]]},"properties":{"OBJECTID":140,"OBJECTID_1":1138,"GlobalID":"a4e25dec-6abf-45f8-af4f-4fccfa4ee6e3","landslide_exent":"minor","road impacts":"no","Shape_Length":0.089081345999943551,"Shape_Area":0.00049593271450803968}},{"type":"Feature","id":141,"geometry":{"type":"Polygon","coordinates":[[[-68.09473896999998,10.475401613000031],[-68.072281087999954,10.475401613000031],[-68.072281087999954,10.497484404000033],[-68.09473896999998,10.497484404000033],[-68.09473896999998,10.475401613000031]]]},"properties":{"OBJECTID":141,"OBJECTID_1":1139,"GlobalID":"36ca7c90-945c-42f0-bd73-368c244e905d","landslide_exent":"minor","road impacts":"no","Shape_Length":0.089081346000057238,"Shape_Area":0.00049593271450929497}},{"type":"Feature","id":142,"geometry":{"type":"Polygon","coordinates":[[[-68.02736532299997,10.475401613000031],[-68.004907440999943,10.475401613000031],[-68.004907440999943,10.497484404000033],[-68.02736532299997,10.497484404000033],[-68.02736532299997,10.475401613000031]]]},"properties":{"OBJECTID":142,"OBJECTID_1":1142,"GlobalID":"c8cb4a0a-11f8-4ec5-a02d-7be7b5771482","landslide_exent":"minor","road impacts":"no","Shape_Length":0.089081346000057238,"Shape_Area":0.00049593271450929497}},{"type":"Feature","id":143,"geometry":{"type":"Polygon","coordinates":[[[-68.004907440999943,10.475401613000031],[-67.982449558999974,10.475401613000031],[-67.982449558999974,10.497484404000033],[-68.004907440999943,10.497484404000033],[-68.004907440999943,10.475401613000031]]]},"properties":{"OBJECTID":143,"OBJECTID_1":1143,"GlobalID":"4453840c-e33b-484f-bd15-0e9cdbdcb59c","landslide_exent":"minor","road impacts":"no","Shape_Length":0.089081345999943551,"Shape_Area":0.00049593271450803968}},{"type":"Feature","id":144,"geometry":{"type":"Polygon","coordinates":[[[-67.982449558999974,10.475401613000031],[-67.959991676999948,10.475401613000031],[-67.959991676999948,10.497484404000033],[-67.982449558999974,10.497484404000033],[-67.982449558999974,10.475401613000031]]]},"properties":{"OBJECTID":144,"OBJECTID_1":1144,"GlobalID":"3ba6614d-7234-4748-9acf-599f68a55230","landslide_exent":"minor","road impacts":"no","Shape_Length":0.089081346000057238,"Shape_Area":0.00049593271450929497}},{"type":"Feature","id":145,"geometry":{"type":"Polygon","coordinates":[[[-67.802786501999947,10.475401613000031],[-67.780328619999977,10.475401613000031],[-67.780328619999977,10.497484404000033],[-67.802786501999947,10.497484404000033],[-67.802786501999947,10.475401613000031]]]},"properties":{"OBJECTID":145,"OBJECTID_1":1152,"GlobalID":"869be45e-66e0-443c-a115-0c413708ff52","landslide_exent":"minor","road impacts":"no","Shape_Length":0.089081345999943551,"Shape_Area":0.00049593271450803968}},{"type":"Feature","id":146,"geometry":{"type":"Polygon","coordinates":[[[-67.780328619999977,10.475401613000031],[-67.757870737999951,10.475401613000031],[-67.757870737999951,10.497484404000033],[-67.780328619999977,10.497484404000033],[-67.780328619999977,10.475401613000031]]]},"properties":{"OBJECTID":146,"OBJECTID_1":1153,"GlobalID":"0c07f4cc-c7c8-416b-a3f1-f2f6797cf6de","landslide_exent":"minor","road impacts":"no","Shape_Length":0.089081346000057238,"Shape_Area":0.00049593271450929497}},{"type":"Feature","id":147,"geometry":{"type":"Polygon","coordinates":[[[-67.757870737999951,10.475401613000031],[-67.735412855999982,10.475401613000031],[-67.735412855999982,10.497484404000033],[-67.757870737999951,10.497484404000033],[-67.757870737999951,10.475401613000031]]]},"properties":{"OBJECTID":147,"OBJECTID_1":1154,"GlobalID":"caa4af53-1b01-428a-b915-7a62be935716","landslide_exent":"minor","road impacts":"no","Shape_Length":0.089081345999943551,"Shape_Area":0.00049593271450803968}},{"type":"Feature","id":148,"geometry":{"type":"Polygon","coordinates":[[[-67.735412855999982,10.475401613000031],[-67.712954973999956,10.475401613000031],[-67.712954973999956,10.497484404000033],[-67.735412855999982,10.497484404000033],[-67.735412855999982,10.475401613000031]]]},"properties":{"OBJECTID":148,"OBJECTID_1":1155,"GlobalID":"c6a90c2a-6f1e-4c11-9823-180e5b471327","landslide_exent":"minor","road impacts":"no","Shape_Length":0.089081346000057238,"Shape_Area":0.00049593271450929497}},{"type":"Feature","id":149,"geometry":{"type":"Polygon","coordinates":[[[-67.712954973999956,10.475401613000031],[-67.690497091999987,10.475401613000031],[-67.690497091999987,10.497484404000033],[-67.712954973999956,10.497484404000033],[-67.712954973999956,10.475401613000031]]]},"properties":{"OBJECTID":149,"OBJECTID_1":1156,"GlobalID":"dbe510db-7f89-497b-a300-2308a5ae22e0","landslide_exent":"minor","road impacts":"no","Shape_Length":0.089081345999943551,"Shape_Area":0.00049593271450803968}},{"type":"Feature","id":150,"geometry":{"type":"Polygon","coordinates":[[[-67.623123444999976,10.475401613000031],[-67.60066556299995,10.475401613000031],[-67.60066556299995,10.497484404000033],[-67.623123444999976,10.497484404000033],[-67.623123444999976,10.475401613000031]]]},"properties":{"OBJECTID":150,"OBJECTID_1":1160,"GlobalID":"0232fcb7-f9c1-4f41-a0f5-0d783d53d94e","landslide_exent":"minor","road impacts":"no","Shape_Length":0.089081346000057238,"Shape_Area":0.00049593271450929497}},{"type":"Feature","id":151,"geometry":{"type":"Polygon","coordinates":[[[-67.398544623999953,10.475401613000031],[-67.376086741999984,10.475401613000031],[-67.376086741999984,10.497484404000033],[-67.398544623999953,10.497484404000033],[-67.398544623999953,10.475401613000031]]]},"properties":{"OBJECTID":151,"OBJECTID_1":1170,"GlobalID":"44841a91-0e22-450e-bb0e-b65cbfe9863f","landslide_exent":"minor","road impacts":"no","Shape_Length":0.089081345999943551,"Shape_Area":0.00049593271450803968}},{"type":"Feature","id":152,"geometry":{"type":"Polygon","coordinates":[[[-67.376086741999984,10.475401613000031],[-67.353628859999958,10.475401613000031],[-67.353628859999958,10.497484404000033],[-67.376086741999984,10.497484404000033],[-67.376086741999984,10.475401613000031]]]},"properties":{"OBJECTID":152,"OBJECTID_1":1171,"GlobalID":"1a9a9424-66ca-44d8-bf72-9b6c7220a4fd","landslide_exent":"minor","road impacts":"no","Shape_Length":0.089081346000057238,"Shape_Area":0.00049593271450929497}},{"type":"Feature","id":153,"geometry":{"type":"Polygon","coordinates":[[[-67.286255213999937,10.475401613000031],[-67.263797331999967,10.475401613000031],[-67.263797331999967,10.497484404000033],[-67.286255213999937,10.497484404000033],[-67.286255213999937,10.475401613000031]]]},"properties":{"OBJECTID":153,"OBJECTID_1":1175,"GlobalID":"862c4c68-09d5-474e-8559-d5706c8f754a","landslide_exent":"minor","road impacts":"no","Shape_Length":0.089081345999943551,"Shape_Area":0.00049593271450803968}},{"type":"Feature","id":154,"geometry":{"type":"Polygon","coordinates":[[[-67.263797331999967,10.475401613000031],[-67.241339449999941,10.475401613000031],[-67.241339449999941,10.497484404000033],[-67.263797331999967,10.497484404000033],[-67.263797331999967,10.475401613000031]]]},"properties":{"OBJECTID":154,"OBJECTID_1":1176,"GlobalID":"7010721f-87ba-40bc-9538-1d69e86b9c72","landslide_exent":"localized","road impacts":"yes","Shape_Length":0.089081346000057238,"Shape_Area":0.00049593271450929497}},{"type":"Feature","id":155,"geometry":{"type":"Polygon","coordinates":[[[-67.241339449999941,10.475401613000031],[-67.218881567999972,10.475401613000031],[-67.218881567999972,10.497484404000033],[-67.241339449999941,10.497484404000033],[-67.241339449999941,10.475401613000031]]]},"properties":{"OBJECTID":155,"OBJECTID_1":1177,"GlobalID":"c6d7dcd9-529b-42f3-afe7-c7478616d747","landslide_exent":"minor","road impacts":"no","Shape_Length":0.089081345999943551,"Shape_Area":0.00049593271450803968}},{"type":"Feature","id":156,"geometry":{"type":"Polygon","coordinates":[[[-67.173965802999987,10.475401613000031],[-67.151507920999961,10.475401613000031],[-67.151507920999961,10.497484404000033],[-67.173965802999987,10.497484404000033],[-67.173965802999987,10.475401613000031]]]},"properties":{"OBJECTID":156,"OBJECTID_1":1180,"GlobalID":"bac76f0e-4b67-41b5-b176-90a8b5fb573b","landslide_exent":"unknown","road impacts":"unknown","Shape_Length":0.089081346000057238,"Shape_Area":0.00049593271450929497}},{"type":"Feature","id":157,"geometry":{"type":"Polygon","coordinates":[[[-67.151507920999961,10.475401613000031],[-67.129050038999935,10.475401613000031],[-67.129050038999935,10.497484404000033],[-67.151507920999961,10.497484404000033],[-67.151507920999961,10.475401613000031]]]},"properties":{"OBJECTID":157,"OBJECTID_1":1181,"GlobalID":"e0068060-9666-4d0a-af73-3b547aced50d","landslide_exent":"minor","road impacts":"no","Shape_Length":0.089081346000057238,"Shape_Area":0.00049593271450929497}},{"type":"Feature","id":158,"geometry":{"type":"Polygon","coordinates":[[[-67.129050038999935,10.475401613000031],[-67.106592156999966,10.475401613000031],[-67.106592156999966,10.497484404000033],[-67.129050038999935,10.497484404000033],[-67.129050038999935,10.475401613000031]]]},"properties":{"OBJECTID":158,"OBJECTID_1":1182,"GlobalID":"a5d594b8-5464-42a3-ae27-13a0ee46d217","landslide_exent":"minor","road impacts":"no","Shape_Length":0.089081345999943551,"Shape_Area":0.00049593271450803968}},{"type":"Feature","id":159,"geometry":{"type":"Polygon","coordinates":[[[-67.106592156999966,10.475401613000031],[-67.08413427499994,10.475401613000031],[-67.08413427499994,10.497484404000033],[-67.106592156999966,10.497484404000033],[-67.106592156999966,10.475401613000031]]]},"properties":{"OBJECTID":159,"OBJECTID_1":1183,"GlobalID":"ffcb809c-3898-4249-8d6e-9b79bfdfb992","landslide_exent":"minor","road impacts":"no","Shape_Length":0.089081346000057238,"Shape_Area":0.00049593271450929497}},{"type":"Feature","id":160,"geometry":{"type":"Polygon","coordinates":[[[-67.08413427499994,10.475401613000031],[-67.061676392999971,10.475401613000031],[-67.061676392999971,10.497484404000033],[-67.08413427499994,10.497484404000033],[-67.08413427499994,10.475401613000031]]]},"properties":{"OBJECTID":160,"OBJECTID_1":1184,"GlobalID":"d64a7745-a545-4646-8d91-57a590cca739","landslide_exent":"minor","road impacts":"no","Shape_Length":0.089081345999943551,"Shape_Area":0.00049593271450803968}},{"type":"Feature","id":161,"geometry":{"type":"Polygon","coordinates":[[[-67.061676392999971,10.475401613000031],[-67.039218510999945,10.475401613000031],[-67.039218510999945,10.497484404000033],[-67.061676392999971,10.497484404000033],[-67.061676392999971,10.475401613000031]]]},"properties":{"OBJECTID":161,"OBJECTID_1":1185,"GlobalID":"389cca99-504c-4d25-a7a0-3fd4cc08f866","landslide_exent":"minor","road impacts":"unknown","Shape_Length":0.089081346000057238,"Shape_Area":0.00049593271450929497}},{"type":"Feature","id":162,"geometry":{"type":"Polygon","coordinates":[[[-67.039218510999945,10.475401613000031],[-67.016760628999975,10.475401613000031],[-67.016760628999975,10.497484404000033],[-67.039218510999945,10.497484404000033],[-67.039218510999945,10.475401613000031]]]},"properties":{"OBJECTID":162,"OBJECTID_1":1186,"GlobalID":"0f2140c7-72d6-4e02-9f64-5dd678e5099f","landslide_exent":"minor","road impacts":"unknown","Shape_Length":0.089081345999943551,"Shape_Area":0.00049593271450803968}},{"type":"Feature","id":163,"geometry":{"type":"Polygon","coordinates":[[[-67.016760628999975,10.475401613000031],[-66.994302746999949,10.475401613000031],[-66.994302746999949,10.497484404000033],[-67.016760628999975,10.497484404000033],[-67.016760628999975,10.475401613000031]]]},"properties":{"OBJECTID":163,"OBJECTID_1":1187,"GlobalID":"0712bbbe-9212-42b7-908c-01a8374967f6","landslide_exent":"unknown","road impacts":"unknown","Shape_Length":0.089081346000057238,"Shape_Area":0.00049593271450929497}},{"type":"Feature","id":164,"geometry":{"type":"Polygon","coordinates":[[[-66.994302746999949,10.475401613000031],[-66.971844863999934,10.475401613000031],[-66.971844863999934,10.497484404000033],[-66.994302746999949,10.497484404000033],[-66.994302746999949,10.475401613000031]]]},"properties":{"OBJECTID":164,"OBJECTID_1":1188,"GlobalID":"deac1d0b-ec94-4589-9967-c10b674916f7","landslide_exent":"unknown","road impacts":"unknown","Shape_Length":0.089081348000036087,"Shape_Area":0.00049593273659185243}},{"type":"Feature","id":165,"geometry":{"type":"Polygon","coordinates":[[[-66.971844863999934,10.475401613000031],[-66.949386981999965,10.475401613000031],[-66.949386981999965,10.497484404000033],[-66.971844863999934,10.497484404000033],[-66.971844863999934,10.475401613000031]]]},"properties":{"OBJECTID":165,"OBJECTID_1":1189,"GlobalID":"297afc4a-3560-4c56-944a-c930da92ff3e","landslide_exent":"unknown","road impacts":"unknown","Shape_Length":0.089081345999943551,"Shape_Area":0.00049593271450803968}},{"type":"Feature","id":166,"geometry":{"type":"Polygon","coordinates":[[[-68.20702837999994,10.453317249000065],[-68.184570497999971,10.453317249000065],[-68.184570497999971,10.475401613000031],[-68.20702837999994,10.475401613000031],[-68.20702837999994,10.453317249000065]]]},"properties":{"OBJECTID":166,"OBJECTID_1":1265,"GlobalID":"4304f8a3-0c69-4597-a8bd-7d338dc7ffd7","landslide_exent":"minor","road impacts":null,"Shape_Length":0.089084491999869897,"Shape_Area":0.00049596804075559861}},{"type":"Feature","id":167,"geometry":{"type":"Polygon","coordinates":[[[-68.184570497999971,10.453317249000065],[-68.162112615999945,10.453317249000065],[-68.162112615999945,10.475401613000031],[-68.184570497999971,10.475401613000031],[-68.184570497999971,10.453317249000065]]]},"properties":{"OBJECTID":167,"OBJECTID_1":1266,"GlobalID":"0383e76b-297b-4f63-af77-f4d820b9bdaf","landslide_exent":"minor","road impacts":null,"Shape_Length":0.089084491999983584,"Shape_Area":0.0004959680407568539}},{"type":"Feature","id":168,"geometry":{"type":"Polygon","coordinates":[[[-68.162112615999945,10.453317249000065],[-68.139654733999976,10.453317249000065],[-68.139654733999976,10.475401613000031],[-68.162112615999945,10.475401613000031],[-68.162112615999945,10.453317249000065]]]},"properties":{"OBJECTID":168,"OBJECTID_1":1267,"GlobalID":"d3147872-a256-4981-b9ba-4ca66fa0e4dc","landslide_exent":"minor","road impacts":null,"Shape_Length":0.089084491999869897,"Shape_Area":0.00049596804075559861}},{"type":"Feature","id":169,"geometry":{"type":"Polygon","coordinates":[[[-68.139654733999976,10.453317249000065],[-68.11719685199995,10.453317249000065],[-68.11719685199995,10.475401613000031],[-68.139654733999976,10.475401613000031],[-68.139654733999976,10.453317249000065]]]},"properties":{"OBJECTID":169,"OBJECTID_1":1268,"GlobalID":"7225fc16-d648-4550-bf26-62b941a92582","landslide_exent":"minor","road impacts":null,"Shape_Length":0.089084491999983584,"Shape_Area":0.0004959680407568539}},{"type":"Feature","id":170,"geometry":{"type":"Polygon","coordinates":[[[-68.11719685199995,10.453317249000065],[-68.09473896999998,10.453317249000065],[-68.09473896999998,10.475401613000031],[-68.11719685199995,10.475401613000031],[-68.11719685199995,10.453317249000065]]]},"properties":{"OBJECTID":170,"OBJECTID_1":1269,"GlobalID":"1146259b-4500-4af9-825d-22481991a86c","landslide_exent":"minor","road impacts":"no","Shape_Length":0.089084491999869897,"Shape_Area":0.00049596804075559861}},{"type":"Feature","id":171,"geometry":{"type":"Polygon","coordinates":[[[-68.09473896999998,10.453317249000065],[-68.072281087999954,10.453317249000065],[-68.072281087999954,10.475401613000031],[-68.09473896999998,10.475401613000031],[-68.09473896999998,10.453317249000065]]]},"properties":{"OBJECTID":171,"OBJECTID_1":1270,"GlobalID":"2ed85629-2b30-4608-9a6d-c0abfaf68ee5","landslide_exent":"minor","road impacts":"no","Shape_Length":0.089084491999983584,"Shape_Area":0.0004959680407568539}},{"type":"Feature","id":172,"geometry":{"type":"Polygon","coordinates":[[[-68.072281087999954,10.453317249000065],[-68.049823204999939,10.453317249000065],[-68.049823204999939,10.475401613000031],[-68.072281087999954,10.475401613000031],[-68.072281087999954,10.453317249000065]]]},"properties":{"OBJECTID":172,"OBJECTID_1":1271,"GlobalID":"8f1a9d6b-a920-4bf2-af95-3b773c8e6200","landslide_exent":"minor","road impacts":null,"Shape_Length":0.089084493999962433,"Shape_Area":0.00049596806284098432}},{"type":"Feature","id":173,"geometry":{"type":"Polygon","coordinates":[[[-68.049823204999939,10.453317249000065],[-68.02736532299997,10.453317249000065],[-68.02736532299997,10.475401613000031],[-68.049823204999939,10.475401613000031],[-68.049823204999939,10.453317249000065]]]},"properties":{"OBJECTID":173,"OBJECTID_1":1272,"GlobalID":"ab60c4a3-109e-4235-bf9b-d4c2edf8ef2a","landslide_exent":"minor","road impacts":"no","Shape_Length":0.089084491999869897,"Shape_Area":0.00049596804075559861}},{"type":"Feature","id":174,"geometry":{"type":"Polygon","coordinates":[[[-68.02736532299997,10.453317249000065],[-68.004907440999943,10.453317249000065],[-68.004907440999943,10.475401613000031],[-68.02736532299997,10.475401613000031],[-68.02736532299997,10.453317249000065]]]},"properties":{"OBJECTID":174,"OBJECTID_1":1273,"GlobalID":"17bc5c91-493a-42d9-8c52-633c8a4aaa66","landslide_exent":"minor","road impacts":"no","Shape_Length":0.089084491999983584,"Shape_Area":0.0004959680407568539}},{"type":"Feature","id":175,"geometry":{"type":"Polygon","coordinates":[[[-68.004907440999943,10.453317249000065],[-67.982449558999974,10.453317249000065],[-67.982449558999974,10.475401613000031],[-68.004907440999943,10.475401613000031],[-68.004907440999943,10.453317249000065]]]},"properties":{"OBJECTID":175,"OBJECTID_1":1274,"GlobalID":"afa9d687-447d-4727-ba23-d1fef636d743","landslide_exent":"minor","road impacts":"no","Shape_Length":0.089084491999869897,"Shape_Area":0.00049596804075559861}},{"type":"Feature","id":176,"geometry":{"type":"Polygon","coordinates":[[[-67.982449558999974,10.453317249000065],[-67.959991676999948,10.453317249000065],[-67.959991676999948,10.475401613000031],[-67.982449558999974,10.475401613000031],[-67.982449558999974,10.453317249000065]]]},"properties":{"OBJECTID":176,"OBJECTID_1":1275,"GlobalID":"fe91769d-e973-479a-b8a6-f5c87be17543","landslide_exent":"minor","road impacts":"no","Shape_Length":0.089084491999983584,"Shape_Area":0.0004959680407568539}},{"type":"Feature","id":177,"geometry":{"type":"Polygon","coordinates":[[[-67.959991676999948,10.453317249000065],[-67.937533794999979,10.453317249000065],[-67.937533794999979,10.475401613000031],[-67.959991676999948,10.475401613000031],[-67.959991676999948,10.453317249000065]]]},"properties":{"OBJECTID":177,"OBJECTID_1":1276,"GlobalID":"667db7df-d383-49a3-89a0-b8ff5d9a99ae","landslide_exent":"minor","road impacts":"no","Shape_Length":0.089084491999869897,"Shape_Area":0.00049596804075559861}},{"type":"Feature","id":178,"geometry":{"type":"Polygon","coordinates":[[[-67.937533794999979,10.453317249000065],[-67.915075912999953,10.453317249000065],[-67.915075912999953,10.475401613000031],[-67.937533794999979,10.475401613000031],[-67.937533794999979,10.453317249000065]]]},"properties":{"OBJECTID":178,"OBJECTID_1":1277,"GlobalID":"277a2ae5-7bad-4c31-9171-fc75bf6289f4","landslide_exent":"minor","road impacts":"no","Shape_Length":0.089084491999983584,"Shape_Area":0.0004959680407568539}},{"type":"Feature","id":179,"geometry":{"type":"Polygon","coordinates":[[[-67.915075912999953,10.453317249000065],[-67.892618030999984,10.453317249000065],[-67.892618030999984,10.475401613000031],[-67.915075912999953,10.475401613000031],[-67.915075912999953,10.453317249000065]]]},"properties":{"OBJECTID":179,"OBJECTID_1":1278,"GlobalID":"db79ff19-13bd-41f4-8841-169d8e302d63","landslide_exent":"minor","road impacts":"no","Shape_Length":0.089084491999869897,"Shape_Area":0.00049596804075559861}},{"type":"Feature","id":180,"geometry":{"type":"Polygon","coordinates":[[[-67.780328619999977,10.453317249000065],[-67.757870737999951,10.453317249000065],[-67.757870737999951,10.475401613000031],[-67.780328619999977,10.475401613000031],[-67.780328619999977,10.453317249000065]]]},"properties":{"OBJECTID":180,"OBJECTID_1":1284,"GlobalID":"b0a378ea-35f9-4a13-a10f-afdd8320b85e","landslide_exent":"minor","road impacts":"no","Shape_Length":0.089084491999983584,"Shape_Area":0.0004959680407568539}},{"type":"Feature","id":181,"geometry":{"type":"Polygon","coordinates":[[[-67.623123444999976,10.453317249000065],[-67.60066556299995,10.453317249000065],[-67.60066556299995,10.475401613000031],[-67.623123444999976,10.475401613000031],[-67.623123444999976,10.453317249000065]]]},"properties":{"OBJECTID":181,"OBJECTID_1":1291,"GlobalID":"ed170531-73ff-46c3-b059-ccf11f038c65","landslide_exent":"unknown","road impacts":"unknown","Shape_Length":0.089084491999983584,"Shape_Area":0.0004959680407568539}},{"type":"Feature","id":182,"geometry":{"type":"Polygon","coordinates":[[[-67.60066556299995,10.453317249000065],[-67.578207680999981,10.453317249000065],[-67.578207680999981,10.475401613000031],[-67.60066556299995,10.475401613000031],[-67.60066556299995,10.453317249000065]]]},"properties":{"OBJECTID":182,"OBJECTID_1":1292,"GlobalID":"56e3132a-4e92-44f3-80c1-9c41c4ceed4d","landslide_exent":"minor","road impacts":"no","Shape_Length":0.089084491999869897,"Shape_Area":0.00049596804075559861}},{"type":"Feature","id":183,"geometry":{"type":"Polygon","coordinates":[[[-67.398544623999953,10.453317249000065],[-67.376086741999984,10.453317249000065],[-67.376086741999984,10.475401613000031],[-67.398544623999953,10.475401613000031],[-67.398544623999953,10.453317249000065]]]},"properties":{"OBJECTID":183,"OBJECTID_1":1301,"GlobalID":"3b02ae58-d872-479d-85d3-5edeeb1080bb","landslide_exent":"minor","road impacts":"no","Shape_Length":0.089084491999869897,"Shape_Area":0.00049596804075559861}},{"type":"Feature","id":184,"geometry":{"type":"Polygon","coordinates":[[[-67.376086741999984,10.453317249000065],[-67.353628859999958,10.453317249000065],[-67.353628859999958,10.475401613000031],[-67.376086741999984,10.475401613000031],[-67.376086741999984,10.453317249000065]]]},"properties":{"OBJECTID":184,"OBJECTID_1":1302,"GlobalID":"16c84074-7224-4474-b635-f01c18c7b60c","landslide_exent":"minor","road impacts":"no","Shape_Length":0.089084491999983584,"Shape_Area":0.0004959680407568539}},{"type":"Feature","id":185,"geometry":{"type":"Polygon","coordinates":[[[-67.308713095999963,10.453317249000065],[-67.286255213999937,10.453317249000065],[-67.286255213999937,10.475401613000031],[-67.308713095999963,10.475401613000031],[-67.308713095999963,10.453317249000065]]]},"properties":{"OBJECTID":185,"OBJECTID_1":1305,"GlobalID":"90c04efe-a6d2-4120-93a8-f311eb0bbbdc","landslide_exent":"localized","road impacts":"unknown","Shape_Length":0.089084491999983584,"Shape_Area":0.0004959680407568539}},{"type":"Feature","id":186,"geometry":{"type":"Polygon","coordinates":[[[-67.286255213999937,10.453317249000065],[-67.263797331999967,10.453317249000065],[-67.263797331999967,10.475401613000031],[-67.286255213999937,10.475401613000031],[-67.286255213999937,10.453317249000065]]]},"properties":{"OBJECTID":186,"OBJECTID_1":1306,"GlobalID":"94f09776-f1ea-4b8d-ab75-ec8c74ef2e12","landslide_exent":"minor","road impacts":"no","Shape_Length":0.089084491999869897,"Shape_Area":0.00049596804075559861}},{"type":"Feature","id":187,"geometry":{"type":"Polygon","coordinates":[[[-67.263797331999967,10.453317249000065],[-67.241339449999941,10.453317249000065],[-67.241339449999941,10.475401613000031],[-67.263797331999967,10.475401613000031],[-67.263797331999967,10.453317249000065]]]},"properties":{"OBJECTID":187,"OBJECTID_1":1307,"GlobalID":"06a23f30-4e8e-49bb-8539-a52f68378097","landslide_exent":"minor","road impacts":"no","Shape_Length":0.089084491999983584,"Shape_Area":0.0004959680407568539}},{"type":"Feature","id":188,"geometry":{"type":"Polygon","coordinates":[[[-67.241339449999941,10.453317249000065],[-67.218881567999972,10.453317249000065],[-67.218881567999972,10.475401613000031],[-67.241339449999941,10.475401613000031],[-67.241339449999941,10.453317249000065]]]},"properties":{"OBJECTID":188,"OBJECTID_1":1308,"GlobalID":"a3588eee-2c9a-4b43-afe9-dcad84e91fc8","landslide_exent":"minor","road impacts":"no","Shape_Length":0.089084491999869897,"Shape_Area":0.00049596804075559861}},{"type":"Feature","id":189,"geometry":{"type":"Polygon","coordinates":[[[-67.173965802999987,10.453317249000065],[-67.151507920999961,10.453317249000065],[-67.151507920999961,10.475401613000031],[-67.173965802999987,10.475401613000031],[-67.173965802999987,10.453317249000065]]]},"properties":{"OBJECTID":189,"OBJECTID_1":1311,"GlobalID":"6fa0b7e9-baf9-4cb7-a123-657df856ef04","landslide_exent":"minor","road impacts":"unknown","Shape_Length":0.089084491999983584,"Shape_Area":0.0004959680407568539}},{"type":"Feature","id":190,"geometry":{"type":"Polygon","coordinates":[[[-67.151507920999961,10.453317249000065],[-67.129050038999935,10.453317249000065],[-67.129050038999935,10.475401613000031],[-67.151507920999961,10.475401613000031],[-67.151507920999961,10.453317249000065]]]},"properties":{"OBJECTID":190,"OBJECTID_1":1312,"GlobalID":"194a3726-6347-43af-a72b-e29e2c2ce7d5","landslide_exent":"minor","road impacts":"no","Shape_Length":0.089084491999983584,"Shape_Area":0.0004959680407568539}},{"type":"Feature","id":191,"geometry":{"type":"Polygon","coordinates":[[[-67.129050038999935,10.453317249000065],[-67.106592156999966,10.453317249000065],[-67.106592156999966,10.475401613000031],[-67.129050038999935,10.475401613000031],[-67.129050038999935,10.453317249000065]]]},"properties":{"OBJECTID":191,"OBJECTID_1":1313,"GlobalID":"f70e9468-2fbd-467f-921e-851f28e6a5d1","landslide_exent":"minor","road impacts":"no","Shape_Length":0.089084491999869897,"Shape_Area":0.00049596804075559861}},{"type":"Feature","id":192,"geometry":{"type":"Polygon","coordinates":[[[-67.106592156999966,10.453317249000065],[-67.08413427499994,10.453317249000065],[-67.08413427499994,10.475401613000031],[-67.106592156999966,10.475401613000031],[-67.106592156999966,10.453317249000065]]]},"properties":{"OBJECTID":192,"OBJECTID_1":1314,"GlobalID":"1a44c640-7132-41bb-bb07-3950a7a8d91a","landslide_exent":"minor","road impacts":"unknown","Shape_Length":0.089084491999983584,"Shape_Area":0.0004959680407568539}},{"type":"Feature","id":193,"geometry":{"type":"Polygon","coordinates":[[[-67.08413427499994,10.453317249000065],[-67.061676392999971,10.453317249000065],[-67.061676392999971,10.475401613000031],[-67.08413427499994,10.475401613000031],[-67.08413427499994,10.453317249000065]]]},"properties":{"OBJECTID":193,"OBJECTID_1":1315,"GlobalID":"48bfedb1-713b-47e5-b539-773ae7519fd9","landslide_exent":"unknown","road impacts":"unknown","Shape_Length":0.089084491999869897,"Shape_Area":0.00049596804075559861}},{"type":"Feature","id":194,"geometry":{"type":"Polygon","coordinates":[[[-67.061676392999971,10.453317249000065],[-67.039218510999945,10.453317249000065],[-67.039218510999945,10.475401613000031],[-67.061676392999971,10.475401613000031],[-67.061676392999971,10.453317249000065]]]},"properties":{"OBJECTID":194,"OBJECTID_1":1316,"GlobalID":"423a793f-6ce6-4b89-9c67-d1b4b6559a1e","landslide_exent":"unknown","road impacts":"unknown","Shape_Length":0.089084491999983584,"Shape_Area":0.0004959680407568539}},{"type":"Feature","id":195,"geometry":{"type":"Polygon","coordinates":[[[-67.039218510999945,10.453317249000065],[-67.016760628999975,10.453317249000065],[-67.016760628999975,10.475401613000031],[-67.039218510999945,10.475401613000031],[-67.039218510999945,10.453317249000065]]]},"properties":{"OBJECTID":195,"OBJECTID_1":1317,"GlobalID":"157f27e3-80f0-462d-9938-54a73870241e","landslide_exent":"unknown","road impacts":"unknown","Shape_Length":0.089084491999869897,"Shape_Area":0.00049596804075559861}},{"type":"Feature","id":196,"geometry":{"type":"Polygon","coordinates":[[[-67.016760628999975,10.453317249000065],[-66.994302746999949,10.453317249000065],[-66.994302746999949,10.475401613000031],[-67.016760628999975,10.475401613000031],[-67.016760628999975,10.453317249000065]]]},"properties":{"OBJECTID":196,"OBJECTID_1":1318,"GlobalID":"f85ab0ec-fb60-443f-ab0c-4d8f9d1e1e7a","landslide_exent":"unknown","road impacts":"unknown","Shape_Length":0.089084491999983584,"Shape_Area":0.0004959680407568539}},{"type":"Feature","id":197,"geometry":{"type":"Polygon","coordinates":[[[-66.994302746999949,10.453317249000065],[-66.971844863999934,10.453317249000065],[-66.971844863999934,10.475401613000031],[-66.994302746999949,10.475401613000031],[-66.994302746999949,10.453317249000065]]]},"properties":{"OBJECTID":197,"OBJECTID_1":1319,"GlobalID":"f2058a50-c4bc-4d77-bedf-0480eecf30ce","landslide_exent":"unknown","road impacts":"unknown","Shape_Length":0.089084493999962433,"Shape_Area":0.00049596806284098432}},{"type":"Feature","id":198,"geometry":{"type":"Polygon","coordinates":[[[-66.971844863999934,10.453317249000065],[-66.949386981999965,10.453317249000065],[-66.949386981999965,10.475401613000031],[-66.971844863999934,10.475401613000031],[-66.971844863999934,10.453317249000065]]]},"properties":{"OBJECTID":198,"OBJECTID_1":1320,"GlobalID":"bc1368d6-5f1e-46a9-ac52-aed05c8710cc","landslide_exent":"minor","road impacts":"no","Shape_Length":0.089084491999869897,"Shape_Area":0.00049596804075559861}},{"type":"Feature","id":199,"geometry":{"type":"Polygon","coordinates":[[[-68.498980846999984,10.431231314000058],[-68.476522964999958,10.431231314000058],[-68.476522964999958,10.453317249000065],[-68.498980846999984,10.453317249000065],[-68.498980846999984,10.431231314000058]]]},"properties":{"OBJECTID":199,"OBJECTID_1":1383,"GlobalID":"bd1ad643-a305-4242-af35-e28e9c1f1900","landslide_exent":"minor","road impacts":"no","Shape_Length":0.089087634000065918,"Shape_Area":0.00049600332209040054}},{"type":"Feature","id":200,"geometry":{"type":"Polygon","coordinates":[[[-68.274402025999962,10.431231314000058],[-68.251944143999935,10.431231314000058],[-68.251944143999935,10.453317249000065],[-68.274402025999962,10.453317249000065],[-68.274402025999962,10.431231314000058]]]},"properties":{"OBJECTID":200,"OBJECTID_1":1393,"GlobalID":"349756be-9e44-4118-8cf3-90f7071241fc","landslide_exent":"minor","road impacts":null,"Shape_Length":0.089087634000065918,"Shape_Area":0.00049600332209040054}},{"type":"Feature","id":201,"geometry":{"type":"Polygon","coordinates":[[[-68.251944143999935,10.431231314000058],[-68.229486261999966,10.431231314000058],[-68.229486261999966,10.453317249000065],[-68.251944143999935,10.453317249000065],[-68.251944143999935,10.431231314000058]]]},"properties":{"OBJECTID":201,"OBJECTID_1":1394,"GlobalID":"ff237ae0-0b90-4c50-addf-648b377c759f","landslide_exent":"minor","road impacts":null,"Shape_Length":0.089087633999952232,"Shape_Area":0.00049600332208914503}},{"type":"Feature","id":202,"geometry":{"type":"Polygon","coordinates":[[[-68.229486261999966,10.431231314000058],[-68.20702837999994,10.431231314000058],[-68.20702837999994,10.453317249000065],[-68.229486261999966,10.453317249000065],[-68.229486261999966,10.431231314000058]]]},"properties":{"OBJECTID":202,"OBJECTID_1":1395,"GlobalID":"d4e2c793-2a26-4ea6-8e6d-963a1c241d78","landslide_exent":"minor","road impacts":null,"Shape_Length":0.089087634000065918,"Shape_Area":0.00049600332209040054}},{"type":"Feature","id":203,"geometry":{"type":"Polygon","coordinates":[[[-68.162112615999945,10.431231314000058],[-68.139654733999976,10.431231314000058],[-68.139654733999976,10.453317249000065],[-68.162112615999945,10.453317249000065],[-68.162112615999945,10.431231314000058]]]},"properties":{"OBJECTID":203,"OBJECTID_1":1398,"GlobalID":"1e961101-c942-477a-b9b0-2fe966e893c7","landslide_exent":"minor","road impacts":null,"Shape_Length":0.089087633999952232,"Shape_Area":0.00049600332208914503}},{"type":"Feature","id":204,"geometry":{"type":"Polygon","coordinates":[[[-68.072281087999954,10.431231314000058],[-68.049823204999939,10.431231314000058],[-68.049823204999939,10.453317249000065],[-68.072281087999954,10.453317249000065],[-68.072281087999954,10.431231314000058]]]},"properties":{"OBJECTID":204,"OBJECTID_1":1402,"GlobalID":"da5af71e-9b77-4542-bb75-c0a79bdd2c74","landslide_exent":"minor","road impacts":null,"Shape_Length":0.089087636000044768,"Shape_Area":0.00049600334417610197}},{"type":"Feature","id":205,"geometry":{"type":"Polygon","coordinates":[[[-68.02736532299997,10.431231314000058],[-68.004907440999943,10.431231314000058],[-68.004907440999943,10.453317249000065],[-68.02736532299997,10.453317249000065],[-68.02736532299997,10.431231314000058]]]},"properties":{"OBJECTID":205,"OBJECTID_1":1404,"GlobalID":"89ac86f9-2f18-41a9-ab29-b5ad559b27bd","landslide_exent":"minor","road impacts":"no","Shape_Length":0.089087634000065918,"Shape_Area":0.00049600332209040054}},{"type":"Feature","id":206,"geometry":{"type":"Polygon","coordinates":[[[-68.004907440999943,10.431231314000058],[-67.982449558999974,10.431231314000058],[-67.982449558999974,10.453317249000065],[-68.004907440999943,10.453317249000065],[-68.004907440999943,10.431231314000058]]]},"properties":{"OBJECTID":206,"OBJECTID_1":1405,"GlobalID":"2adcb5d8-35e0-43f6-8747-ffbed03efaf0","landslide_exent":"unknown","road impacts":"no","Shape_Length":0.089087633999952232,"Shape_Area":0.00049600332208914503}},{"type":"Feature","id":207,"geometry":{"type":"Polygon","coordinates":[[[-67.982449558999974,10.431231314000058],[-67.959991676999948,10.431231314000058],[-67.959991676999948,10.453317249000065],[-67.982449558999974,10.453317249000065],[-67.982449558999974,10.431231314000058]]]},"properties":{"OBJECTID":207,"OBJECTID_1":1406,"GlobalID":"d1425972-7198-49c2-8891-c148c8736a2e","landslide_exent":"minor","road impacts":"unknown","Shape_Length":0.089087634000065918,"Shape_Area":0.00049600332209040054}},{"type":"Feature","id":208,"geometry":{"type":"Polygon","coordinates":[[[-67.959991676999948,10.431231314000058],[-67.937533794999979,10.431231314000058],[-67.937533794999979,10.453317249000065],[-67.959991676999948,10.453317249000065],[-67.959991676999948,10.431231314000058]]]},"properties":{"OBJECTID":208,"OBJECTID_1":1407,"GlobalID":"6c5bdfc0-1bc7-487e-ad84-908b6b64f682","landslide_exent":"minor","road impacts":"no","Shape_Length":0.089087633999952232,"Shape_Area":0.00049600332208914503}},{"type":"Feature","id":209,"geometry":{"type":"Polygon","coordinates":[[[-67.937533794999979,10.431231314000058],[-67.915075912999953,10.431231314000058],[-67.915075912999953,10.453317249000065],[-67.937533794999979,10.453317249000065],[-67.937533794999979,10.431231314000058]]]},"properties":{"OBJECTID":209,"OBJECTID_1":1408,"GlobalID":"2d79fab6-ecea-42df-b495-3a2de494a7f6","landslide_exent":"minor","road impacts":"no","Shape_Length":0.089087634000065918,"Shape_Area":0.00049600332209040054}},{"type":"Feature","id":210,"geometry":{"type":"Polygon","coordinates":[[[-67.915075912999953,10.431231314000058],[-67.892618030999984,10.431231314000058],[-67.892618030999984,10.453317249000065],[-67.915075912999953,10.453317249000065],[-67.915075912999953,10.431231314000058]]]},"properties":{"OBJECTID":210,"OBJECTID_1":1409,"GlobalID":"248c7597-50d9-463c-b8b4-299d5e34f8d4","landslide_exent":"minor","road impacts":"no","Shape_Length":0.089087633999952232,"Shape_Area":0.00049600332208914503}},{"type":"Feature","id":211,"geometry":{"type":"Polygon","coordinates":[[[-67.690497091999987,10.431231314000058],[-67.668039209999961,10.431231314000058],[-67.668039209999961,10.453317249000065],[-67.690497091999987,10.453317249000065],[-67.690497091999987,10.431231314000058]]]},"properties":{"OBJECTID":211,"OBJECTID_1":1419,"GlobalID":"4973231e-bddb-4058-a820-7511e85fa699","landslide_exent":"unknown","road impacts":"unknown","Shape_Length":0.089087634000065918,"Shape_Area":0.00049600332209040054}},{"type":"Feature","id":212,"geometry":{"type":"Polygon","coordinates":[[[-67.668039209999961,10.431231314000058],[-67.645581327999935,10.431231314000058],[-67.645581327999935,10.453317249000065],[-67.668039209999961,10.453317249000065],[-67.668039209999961,10.431231314000058]]]},"properties":{"OBJECTID":212,"OBJECTID_1":1420,"GlobalID":"52e362ef-4a97-4f21-b4d3-6e205ca20728","landslide_exent":"unknown","road impacts":"unknown","Shape_Length":0.089087634000065918,"Shape_Area":0.00049600332209040054}},{"type":"Feature","id":213,"geometry":{"type":"Polygon","coordinates":[[[-67.60066556299995,10.431231314000058],[-67.578207680999981,10.431231314000058],[-67.578207680999981,10.453317249000065],[-67.60066556299995,10.453317249000065],[-67.60066556299995,10.431231314000058]]]},"properties":{"OBJECTID":213,"OBJECTID_1":1423,"GlobalID":"17532462-9006-40d4-a4ac-4ed00cd185d9","landslide_exent":"localized","road impacts":"no","Shape_Length":0.089087633999952232,"Shape_Area":0.00049600332208914503}},{"type":"Feature","id":214,"geometry":{"type":"Polygon","coordinates":[[[-67.376086741999984,10.431231314000058],[-67.353628859999958,10.431231314000058],[-67.353628859999958,10.453317249000065],[-67.376086741999984,10.453317249000065],[-67.376086741999984,10.431231314000058]]]},"properties":{"OBJECTID":214,"OBJECTID_1":1433,"GlobalID":"e5f7f799-8e5a-46c5-926a-4307dbf2dedf","landslide_exent":"minor","road impacts":"no","Shape_Length":0.089087634000065918,"Shape_Area":0.00049600332209040054}},{"type":"Feature","id":215,"geometry":{"type":"Polygon","coordinates":[[[-67.286255213999937,10.431231314000058],[-67.263797331999967,10.431231314000058],[-67.263797331999967,10.453317249000065],[-67.286255213999937,10.453317249000065],[-67.286255213999937,10.431231314000058]]]},"properties":{"OBJECTID":215,"OBJECTID_1":1437,"GlobalID":"4569b978-3c0b-4b5f-80a3-6f920904335d","landslide_exent":"minor","road impacts":"no","Shape_Length":0.089087633999952232,"Shape_Area":0.00049600332208914503}},{"type":"Feature","id":216,"geometry":{"type":"Polygon","coordinates":[[[-67.173965802999987,10.431231314000058],[-67.151507920999961,10.431231314000058],[-67.151507920999961,10.453317249000065],[-67.173965802999987,10.453317249000065],[-67.173965802999987,10.431231314000058]]]},"properties":{"OBJECTID":216,"OBJECTID_1":1442,"GlobalID":"b7662957-73f0-4b7c-b0f0-990f272ceef8","landslide_exent":"minor","road impacts":"unknown","Shape_Length":0.089087634000065918,"Shape_Area":0.00049600332209040054}},{"type":"Feature","id":217,"geometry":{"type":"Polygon","coordinates":[[[-67.151507920999961,10.431231314000058],[-67.129050038999935,10.431231314000058],[-67.129050038999935,10.453317249000065],[-67.151507920999961,10.453317249000065],[-67.151507920999961,10.431231314000058]]]},"properties":{"OBJECTID":217,"OBJECTID_1":1443,"GlobalID":"86293075-1166-41d1-b4a7-bf217dd0b056","landslide_exent":"minor","road impacts":"no","Shape_Length":0.089087634000065918,"Shape_Area":0.00049600332209040054}},{"type":"Feature","id":218,"geometry":{"type":"Polygon","coordinates":[[[-67.129050038999935,10.431231314000058],[-67.106592156999966,10.431231314000058],[-67.106592156999966,10.453317249000065],[-67.129050038999935,10.453317249000065],[-67.129050038999935,10.431231314000058]]]},"properties":{"OBJECTID":218,"OBJECTID_1":1444,"GlobalID":"6d9b5387-e3b2-4ff8-b310-ccbe12d0190f","landslide_exent":"minor","road impacts":"no","Shape_Length":0.089087633999952232,"Shape_Area":0.00049600332208914503}},{"type":"Feature","id":219,"geometry":{"type":"Polygon","coordinates":[[[-67.106592156999966,10.431231314000058],[-67.08413427499994,10.431231314000058],[-67.08413427499994,10.453317249000065],[-67.106592156999966,10.453317249000065],[-67.106592156999966,10.431231314000058]]]},"properties":{"OBJECTID":219,"OBJECTID_1":1445,"GlobalID":"40c2ba37-e3c5-4cfb-b209-34ea7188e5b3","landslide_exent":"minor","road impacts":"unknown","Shape_Length":0.089087634000065918,"Shape_Area":0.00049600332209040054}},{"type":"Feature","id":220,"geometry":{"type":"Polygon","coordinates":[[[-67.08413427499994,10.431231314000058],[-67.061676392999971,10.431231314000058],[-67.061676392999971,10.453317249000065],[-67.08413427499994,10.453317249000065],[-67.08413427499994,10.431231314000058]]]},"properties":{"OBJECTID":220,"OBJECTID_1":1446,"GlobalID":"27eb2a6a-a856-4f10-bca7-4d25d72ef805","landslide_exent":"minor","road impacts":"unknown","Shape_Length":0.089087633999952232,"Shape_Area":0.00049600332208914503}},{"type":"Feature","id":221,"geometry":{"type":"Polygon","coordinates":[[[-67.061676392999971,10.431231314000058],[-67.039218510999945,10.431231314000058],[-67.039218510999945,10.453317249000065],[-67.061676392999971,10.453317249000065],[-67.061676392999971,10.431231314000058]]]},"properties":{"OBJECTID":221,"OBJECTID_1":1447,"GlobalID":"3dd89f76-d721-4393-bfa2-f4bafeb4ab98","landslide_exent":"minor","road impacts":"unknown","Shape_Length":0.089087634000065918,"Shape_Area":0.00049600332209040054}},{"type":"Feature","id":222,"geometry":{"type":"Polygon","coordinates":[[[-67.039218510999945,10.431231314000058],[-67.016760628999975,10.431231314000058],[-67.016760628999975,10.453317249000065],[-67.039218510999945,10.453317249000065],[-67.039218510999945,10.431231314000058]]]},"properties":{"OBJECTID":222,"OBJECTID_1":1448,"GlobalID":"bb84e0f5-4958-4bcd-9009-b6b6f4b08d1d","landslide_exent":"unknown","road impacts":"unknown","Shape_Length":0.089087633999952232,"Shape_Area":0.00049600332208914503}},{"type":"Feature","id":223,"geometry":{"type":"Polygon","coordinates":[[[-67.016760628999975,10.431231314000058],[-66.994302746999949,10.431231314000058],[-66.994302746999949,10.453317249000065],[-67.016760628999975,10.453317249000065],[-67.016760628999975,10.431231314000058]]]},"properties":{"OBJECTID":223,"OBJECTID_1":1449,"GlobalID":"bfaf0858-cb01-45f2-a4dd-9bc739364715","landslide_exent":"unknown","road impacts":"unknown","Shape_Length":0.089087634000065918,"Shape_Area":0.00049600332209040054}},{"type":"Feature","id":224,"geometry":{"type":"Polygon","coordinates":[[[-66.994302746999949,10.431231314000058],[-66.971844863999934,10.431231314000058],[-66.971844863999934,10.453317249000065],[-66.994302746999949,10.453317249000065],[-66.994302746999949,10.431231314000058]]]},"properties":{"OBJECTID":224,"OBJECTID_1":1450,"GlobalID":"ba513eb4-316d-4818-b416-50d80b91ac28","landslide_exent":"unknown","road impacts":"unknown","Shape_Length":0.089087636000044768,"Shape_Area":0.00049600334417610197}},{"type":"Feature","id":225,"geometry":{"type":"Polygon","coordinates":[[[-66.859555453999974,10.431231314000058],[-66.837097571999948,10.431231314000058],[-66.837097571999948,10.453317249000065],[-66.859555453999974,10.453317249000065],[-66.859555453999974,10.431231314000058]]]},"properties":{"OBJECTID":225,"OBJECTID_1":1456,"GlobalID":"a08b7775-4bc1-455e-aa30-a470f5efbc43","landslide_exent":"minor","road impacts":"no","Shape_Length":0.089087634000065918,"Shape_Area":0.00049600332209040054}},{"type":"Feature","id":226,"geometry":{"type":"Polygon","coordinates":[[[-66.837097571999948,10.431231314000058],[-66.814639689999979,10.431231314000058],[-66.814639689999979,10.453317249000065],[-66.837097571999948,10.453317249000065],[-66.837097571999948,10.431231314000058]]]},"properties":{"OBJECTID":226,"OBJECTID_1":1457,"GlobalID":"2574b57b-1b06-433c-9f7b-21cdca9829d5","landslide_exent":"unknown","road impacts":"unknown","Shape_Length":0.089087633999952232,"Shape_Area":0.00049600332208914503}},{"type":"Feature","id":227,"geometry":{"type":"Polygon","coordinates":[[[-66.814639689999979,10.431231314000058],[-66.792181807999953,10.431231314000058],[-66.792181807999953,10.453317249000065],[-66.814639689999979,10.453317249000065],[-66.814639689999979,10.431231314000058]]]},"properties":{"OBJECTID":227,"OBJECTID_1":1458,"GlobalID":"821ef78b-5dfc-406c-8c25-7c8e6d1ab5cc","landslide_exent":"unknown","road impacts":"unknown","Shape_Length":0.089087634000065918,"Shape_Area":0.00049600332209040054}},{"type":"Feature","id":228,"geometry":{"type":"Polygon","coordinates":[[[-68.296859908999977,10.409143812000025],[-68.274402025999962,10.409143812000025],[-68.274402025999962,10.431231314000058],[-68.296859908999977,10.431231314000058],[-68.296859908999977,10.409143812000025]]]},"properties":{"OBJECTID":228,"OBJECTID_1":1522,"GlobalID":"e6492eff-e6a9-478d-a44e-1a3eda3ab7ff","landslide_exent":"minor","road impacts":null,"Shape_Length":0.089090770000098018,"Shape_Area":0.00049603853567936086}},{"type":"Feature","id":229,"geometry":{"type":"Polygon","coordinates":[[[-68.274402025999962,10.409143812000025],[-68.251944143999935,10.409143812000025],[-68.251944143999935,10.431231314000058],[-68.274402025999962,10.431231314000058],[-68.274402025999962,10.409143812000025]]]},"properties":{"OBJECTID":229,"OBJECTID_1":1523,"GlobalID":"2c169478-e9c2-4491-be7f-678d2811f3ed","landslide_exent":"minor","road impacts":null,"Shape_Length":0.089090768000119169,"Shape_Area":0.00049603851359209244}},{"type":"Feature","id":230,"geometry":{"type":"Polygon","coordinates":[[[-68.09473896999998,10.409143812000025],[-68.072281087999954,10.409143812000025],[-68.072281087999954,10.431231314000058],[-68.09473896999998,10.431231314000058],[-68.09473896999998,10.409143812000025]]]},"properties":{"OBJECTID":230,"OBJECTID_1":1531,"GlobalID":"3c53cd94-7bc3-45fe-87a3-06158ccf0860","landslide_exent":"minor","road impacts":null,"Shape_Length":0.089090768000119169,"Shape_Area":0.00049603851359209244}},{"type":"Feature","id":231,"geometry":{"type":"Polygon","coordinates":[[[-68.072281087999954,10.409143812000025],[-68.049823204999939,10.409143812000025],[-68.049823204999939,10.431231314000058],[-68.072281087999954,10.431231314000058],[-68.072281087999954,10.409143812000025]]]},"properties":{"OBJECTID":231,"OBJECTID_1":1532,"GlobalID":"e09f04b5-77ef-4d81-a579-b9151504b58d","landslide_exent":"minor","road impacts":null,"Shape_Length":0.089090770000098018,"Shape_Area":0.00049603853567936086}},{"type":"Feature","id":232,"geometry":{"type":"Polygon","coordinates":[[[-68.049823204999939,10.409143812000025],[-68.02736532299997,10.409143812000025],[-68.02736532299997,10.431231314000058],[-68.049823204999939,10.431231314000058],[-68.049823204999939,10.409143812000025]]]},"properties":{"OBJECTID":232,"OBJECTID_1":1533,"GlobalID":"61d8109d-cc67-410c-95ce-bcf9cdfd0ce1","landslide_exent":"minor","road impacts":null,"Shape_Length":0.089090768000005482,"Shape_Area":0.00049603851359083693}},{"type":"Feature","id":233,"geometry":{"type":"Polygon","coordinates":[[[-68.02736532299997,10.409143812000025],[-68.004907440999943,10.409143812000025],[-68.004907440999943,10.431231314000058],[-68.02736532299997,10.431231314000058],[-68.02736532299997,10.409143812000025]]]},"properties":{"OBJECTID":233,"OBJECTID_1":1534,"GlobalID":"2982ad6b-e4a7-42be-8356-edb53b084104","landslide_exent":"minor","road impacts":null,"Shape_Length":0.089090768000119169,"Shape_Area":0.00049603851359209244}},{"type":"Feature","id":234,"geometry":{"type":"Polygon","coordinates":[[[-67.780328619999977,10.409143812000025],[-67.757870737999951,10.409143812000025],[-67.757870737999951,10.431231314000058],[-67.780328619999977,10.431231314000058],[-67.780328619999977,10.409143812000025]]]},"properties":{"OBJECTID":234,"OBJECTID_1":1545,"GlobalID":"5872300a-3685-40eb-bca3-37386252b2b5","landslide_exent":"minor","road impacts":"unknown","Shape_Length":0.089090768000119169,"Shape_Area":0.00049603851359209244}},{"type":"Feature","id":235,"geometry":{"type":"Polygon","coordinates":[[[-67.712954973999956,10.409143812000025],[-67.690497091999987,10.409143812000025],[-67.690497091999987,10.431231314000058],[-67.712954973999956,10.431231314000058],[-67.712954973999956,10.409143812000025]]]},"properties":{"OBJECTID":235,"OBJECTID_1":1548,"GlobalID":"90066ab2-db5d-4849-befb-98e879283d45","landslide_exent":"unknown","road impacts":"unknown","Shape_Length":0.089090768000005482,"Shape_Area":0.00049603851359083693}},{"type":"Feature","id":236,"geometry":{"type":"Polygon","coordinates":[[[-67.690497091999987,10.409143812000025],[-67.668039209999961,10.409143812000025],[-67.668039209999961,10.431231314000058],[-67.690497091999987,10.431231314000058],[-67.690497091999987,10.409143812000025]]]},"properties":{"OBJECTID":236,"OBJECTID_1":1549,"GlobalID":"fc717847-c933-449a-b7e1-f042aba35c86","landslide_exent":"unknown","road impacts":"unknown","Shape_Length":0.089090768000119169,"Shape_Area":0.00049603851359209244}},{"type":"Feature","id":237,"geometry":{"type":"Polygon","coordinates":[[[-67.668039209999961,10.409143812000025],[-67.645581327999935,10.409143812000025],[-67.645581327999935,10.431231314000058],[-67.668039209999961,10.431231314000058],[-67.668039209999961,10.409143812000025]]]},"properties":{"OBJECTID":237,"OBJECTID_1":1550,"GlobalID":"2c9caa4f-4309-4c36-b922-f35a09347628","landslide_exent":"minor","road impacts":"unknown","Shape_Length":0.089090768000119169,"Shape_Area":0.00049603851359209244}},{"type":"Feature","id":238,"geometry":{"type":"Polygon","coordinates":[[[-67.623123444999976,10.409143812000025],[-67.60066556299995,10.409143812000025],[-67.60066556299995,10.431231314000058],[-67.623123444999976,10.431231314000058],[-67.623123444999976,10.409143812000025]]]},"properties":{"OBJECTID":238,"OBJECTID_1":1552,"GlobalID":"52f16d85-978f-4ed7-80d8-dd0e52036766","landslide_exent":"localized","road impacts":"no","Shape_Length":0.089090768000119169,"Shape_Area":0.00049603851359209244}},{"type":"Feature","id":239,"geometry":{"type":"Polygon","coordinates":[[[-67.60066556299995,10.409143812000025],[-67.578207680999981,10.409143812000025],[-67.578207680999981,10.431231314000058],[-67.60066556299995,10.431231314000058],[-67.60066556299995,10.409143812000025]]]},"properties":{"OBJECTID":239,"OBJECTID_1":1553,"GlobalID":"3dda29ed-906e-427f-b6d7-509e696d8fc0","landslide_exent":"localized","road impacts":"no","Shape_Length":0.089090768000005482,"Shape_Area":0.00049603851359083693}},{"type":"Feature","id":240,"geometry":{"type":"Polygon","coordinates":[[[-67.353628859999958,10.409143812000025],[-67.331170977999989,10.409143812000025],[-67.331170977999989,10.431231314000058],[-67.353628859999958,10.431231314000058],[-67.353628859999958,10.409143812000025]]]},"properties":{"OBJECTID":240,"OBJECTID_1":1564,"GlobalID":"c551be59-497d-4640-847a-fdd421edb4d3","landslide_exent":"unknown","road impacts":null,"Shape_Length":0.089090768000005482,"Shape_Area":0.00049603851359083693}},{"type":"Feature","id":241,"geometry":{"type":"Polygon","coordinates":[[[-67.173965802999987,10.409143812000025],[-67.151507920999961,10.409143812000025],[-67.151507920999961,10.431231314000058],[-67.173965802999987,10.431231314000058],[-67.173965802999987,10.409143812000025]]]},"properties":{"OBJECTID":241,"OBJECTID_1":1572,"GlobalID":"697773bc-2346-488a-a0e8-d75d83c0e3c1","landslide_exent":"minor","road impacts":"no","Shape_Length":0.089090768000119169,"Shape_Area":0.00049603851359209244}},{"type":"Feature","id":242,"geometry":{"type":"Polygon","coordinates":[[[-67.151507920999961,10.409143812000025],[-67.129050038999935,10.409143812000025],[-67.129050038999935,10.431231314000058],[-67.151507920999961,10.431231314000058],[-67.151507920999961,10.409143812000025]]]},"properties":{"OBJECTID":242,"OBJECTID_1":1573,"GlobalID":"02d2591f-6361-41d3-a04a-383bd51a795a","landslide_exent":"minor","road impacts":"no","Shape_Length":0.089090768000119169,"Shape_Area":0.00049603851359209244}},{"type":"Feature","id":243,"geometry":{"type":"Polygon","coordinates":[[[-67.129050038999935,10.409143812000025],[-67.106592156999966,10.409143812000025],[-67.106592156999966,10.431231314000058],[-67.129050038999935,10.431231314000058],[-67.129050038999935,10.409143812000025]]]},"properties":{"OBJECTID":243,"OBJECTID_1":1574,"GlobalID":"6b7d3a34-1d76-4593-a8d1-fb30431027d0","landslide_exent":"minor","road impacts":"no","Shape_Length":0.089090768000005482,"Shape_Area":0.00049603851359083693}},{"type":"Feature","id":244,"geometry":{"type":"Polygon","coordinates":[[[-67.106592156999966,10.409143812000025],[-67.08413427499994,10.409143812000025],[-67.08413427499994,10.431231314000058],[-67.106592156999966,10.431231314000058],[-67.106592156999966,10.409143812000025]]]},"properties":{"OBJECTID":244,"OBJECTID_1":1575,"GlobalID":"969d79c6-9da8-48e3-b5fc-80d0e0afd299","landslide_exent":"unknown","road impacts":"unknown","Shape_Length":0.089090768000119169,"Shape_Area":0.00049603851359209244}},{"type":"Feature","id":245,"geometry":{"type":"Polygon","coordinates":[[[-67.08413427499994,10.409143812000025],[-67.061676392999971,10.409143812000025],[-67.061676392999971,10.431231314000058],[-67.08413427499994,10.431231314000058],[-67.08413427499994,10.409143812000025]]]},"properties":{"OBJECTID":245,"OBJECTID_1":1576,"GlobalID":"13a067fa-497d-436a-be3c-dcc3580a636d","landslide_exent":"unknown","road impacts":"unknown","Shape_Length":0.089090768000005482,"Shape_Area":0.00049603851359083693}},{"type":"Feature","id":246,"geometry":{"type":"Polygon","coordinates":[[[-67.061676392999971,10.409143812000025],[-67.039218510999945,10.409143812000025],[-67.039218510999945,10.431231314000058],[-67.061676392999971,10.431231314000058],[-67.061676392999971,10.409143812000025]]]},"properties":{"OBJECTID":246,"OBJECTID_1":1577,"GlobalID":"68a96bba-f0f5-4283-9928-c084316f6902","landslide_exent":"unknown","road impacts":"unknown","Shape_Length":0.089090768000119169,"Shape_Area":0.00049603851359209244}},{"type":"Feature","id":247,"geometry":{"type":"Polygon","coordinates":[[[-67.039218510999945,10.409143812000025],[-67.016760628999975,10.409143812000025],[-67.016760628999975,10.431231314000058],[-67.039218510999945,10.431231314000058],[-67.039218510999945,10.409143812000025]]]},"properties":{"OBJECTID":247,"OBJECTID_1":1578,"GlobalID":"0ba99bb9-c4d1-46d3-bdc6-281c886981e8","landslide_exent":"unknown","road impacts":"unknown","Shape_Length":0.089090768000005482,"Shape_Area":0.00049603851359083693}},{"type":"Feature","id":248,"geometry":{"type":"Polygon","coordinates":[[[-67.016760628999975,10.409143812000025],[-66.994302746999949,10.409143812000025],[-66.994302746999949,10.431231314000058],[-67.016760628999975,10.431231314000058],[-67.016760628999975,10.409143812000025]]]},"properties":{"OBJECTID":248,"OBJECTID_1":1579,"GlobalID":"3dbde522-7fa1-4249-b065-a09b9e6c5ab4","landslide_exent":"unknown","road impacts":"unknown","Shape_Length":0.089090768000119169,"Shape_Area":0.00049603851359209244}},{"type":"Feature","id":249,"geometry":{"type":"Polygon","coordinates":[[[-66.994302746999949,10.409143812000025],[-66.971844863999934,10.409143812000025],[-66.971844863999934,10.431231314000058],[-66.994302746999949,10.431231314000058],[-66.994302746999949,10.409143812000025]]]},"properties":{"OBJECTID":249,"OBJECTID_1":1580,"GlobalID":"7501a52d-533d-4dba-8137-9b92ab17ca9d","landslide_exent":"unknown","road impacts":"unknown","Shape_Length":0.089090770000098018,"Shape_Area":0.00049603853567936086}},{"type":"Feature","id":250,"geometry":{"type":"Polygon","coordinates":[[[-66.859555453999974,10.409143812000025],[-66.837097571999948,10.409143812000025],[-66.837097571999948,10.431231314000058],[-66.859555453999974,10.431231314000058],[-66.859555453999974,10.409143812000025]]]},"properties":{"OBJECTID":250,"OBJECTID_1":1586,"GlobalID":"783e446a-b172-43da-9792-95a5425c079c","landslide_exent":"unknown","road impacts":"unknown","Shape_Length":0.089090768000119169,"Shape_Area":0.00049603851359209244}},{"type":"Feature","id":251,"geometry":{"type":"Polygon","coordinates":[[[-66.837097571999948,10.409143812000025],[-66.814639689999979,10.409143812000025],[-66.814639689999979,10.431231314000058],[-66.837097571999948,10.431231314000058],[-66.837097571999948,10.409143812000025]]]},"properties":{"OBJECTID":251,"OBJECTID_1":1587,"GlobalID":"4002c57b-5112-41ef-abdd-0a8e705a2624","landslide_exent":"unknown","road impacts":"unknown","Shape_Length":0.089090768000005482,"Shape_Area":0.00049603851359083693}},{"type":"Feature","id":252,"geometry":{"type":"Polygon","coordinates":[[[-66.814639689999979,10.409143812000025],[-66.792181807999953,10.409143812000025],[-66.792181807999953,10.431231314000058],[-66.814639689999979,10.431231314000058],[-66.814639689999979,10.409143812000025]]]},"properties":{"OBJECTID":252,"OBJECTID_1":1588,"GlobalID":"be8b84e8-f065-4ce9-bd44-6b8986dafc48","landslide_exent":"unknown","road impacts":"unknown","Shape_Length":0.089090768000119169,"Shape_Area":0.00049603851359209244}},{"type":"Feature","id":253,"geometry":{"type":"Polygon","coordinates":[[[-68.049823204999939,10.387054746000047],[-68.02736532299997,10.387054746000047],[-68.02736532299997,10.409143812000025],[-68.049823204999939,10.409143812000025],[-68.049823204999939,10.387054746000047]]]},"properties":{"OBJECTID":253,"OBJECTID_1":1662,"GlobalID":"b5f56fe4-91b8-4e82-b63d-01b85c74f0d2","landslide_exent":"minor","road impacts":null,"Shape_Length":0.089093895999894812,"Shape_Area":0.00049607363771704224}},{"type":"Feature","id":254,"geometry":{"type":"Polygon","coordinates":[[[-67.870160148999958,10.387054746000047],[-67.847702265999942,10.387054746000047],[-67.847702265999942,10.409143812000025],[-67.870160148999958,10.409143812000025],[-67.870160148999958,10.387054746000047]]]},"properties":{"OBJECTID":254,"OBJECTID_1":1670,"GlobalID":"7efdf9aa-402d-4e63-8e37-2eeb554605a5","landslide_exent":"minor","road impacts":"no","Shape_Length":0.089093897999987348,"Shape_Area":0.00049607365980713024}},{"type":"Feature","id":255,"geometry":{"type":"Polygon","coordinates":[[[-67.847702265999942,10.387054746000047],[-67.825244383999973,10.387054746000047],[-67.825244383999973,10.409143812000025],[-67.847702265999942,10.409143812000025],[-67.847702265999942,10.387054746000047]]]},"properties":{"OBJECTID":255,"OBJECTID_1":1671,"GlobalID":"d97eb01a-aa93-490b-8e52-fb708936dab9","landslide_exent":"minor","road impacts":"no","Shape_Length":0.089093895999894812,"Shape_Area":0.00049607363771704224}},{"type":"Feature","id":256,"geometry":{"type":"Polygon","coordinates":[[[-67.780328619999977,10.387054746000047],[-67.757870737999951,10.387054746000047],[-67.757870737999951,10.409143812000025],[-67.780328619999977,10.409143812000025],[-67.780328619999977,10.387054746000047]]]},"properties":{"OBJECTID":256,"OBJECTID_1":1674,"GlobalID":"ca7b61ab-2ddf-43c8-9033-6b659e06a7a4","landslide_exent":"minor","road impacts":"unknown","Shape_Length":0.089093896000008499,"Shape_Area":0.00049607363771829785}},{"type":"Feature","id":257,"geometry":{"type":"Polygon","coordinates":[[[-67.712954973999956,10.387054746000047],[-67.690497091999987,10.387054746000047],[-67.690497091999987,10.409143812000025],[-67.712954973999956,10.409143812000025],[-67.712954973999956,10.387054746000047]]]},"properties":{"OBJECTID":257,"OBJECTID_1":1677,"GlobalID":"aef891af-abdd-49d3-a8e0-64cf1883770b","landslide_exent":"unknown","road impacts":"unknown","Shape_Length":0.089093895999894812,"Shape_Area":0.00049607363771704224}},{"type":"Feature","id":258,"geometry":{"type":"Polygon","coordinates":[[[-67.690497091999987,10.387054746000047],[-67.668039209999961,10.387054746000047],[-67.668039209999961,10.409143812000025],[-67.690497091999987,10.409143812000025],[-67.690497091999987,10.387054746000047]]]},"properties":{"OBJECTID":258,"OBJECTID_1":1678,"GlobalID":"1654e27e-a7e0-47e8-a43f-eb087253e6c6","landslide_exent":"unknown","road impacts":"unknown","Shape_Length":0.089093896000008499,"Shape_Area":0.00049607363771829785}},{"type":"Feature","id":259,"geometry":{"type":"Polygon","coordinates":[[[-67.668039209999961,10.387054746000047],[-67.645581327999935,10.387054746000047],[-67.645581327999935,10.409143812000025],[-67.668039209999961,10.409143812000025],[-67.668039209999961,10.387054746000047]]]},"properties":{"OBJECTID":259,"OBJECTID_1":1679,"GlobalID":"53738a36-b52f-45a2-a21c-97715e8d0740","landslide_exent":"minor","road impacts":"unknown","Shape_Length":0.089093896000008499,"Shape_Area":0.00049607363771829785}},{"type":"Feature","id":260,"geometry":{"type":"Polygon","coordinates":[[[-67.623123444999976,10.387054746000047],[-67.60066556299995,10.387054746000047],[-67.60066556299995,10.409143812000025],[-67.623123444999976,10.409143812000025],[-67.623123444999976,10.387054746000047]]]},"properties":{"OBJECTID":260,"OBJECTID_1":1681,"GlobalID":"afeafcb3-bc9f-474a-8dde-db28b8a061e2","landslide_exent":"localized","road impacts":"no","Shape_Length":0.089093896000008499,"Shape_Area":0.00049607363771829785}},{"type":"Feature","id":261,"geometry":{"type":"Polygon","coordinates":[[[-67.60066556299995,10.387054746000047],[-67.578207680999981,10.387054746000047],[-67.578207680999981,10.409143812000025],[-67.60066556299995,10.409143812000025],[-67.60066556299995,10.387054746000047]]]},"properties":{"OBJECTID":261,"OBJECTID_1":1682,"GlobalID":"15eb3132-621c-4d53-922c-69a898cfce77","landslide_exent":"minor","road impacts":"no","Shape_Length":0.089093895999894812,"Shape_Area":0.00049607363771704224}},{"type":"Feature","id":262,"geometry":{"type":"Polygon","coordinates":[[[-67.353628859999958,10.387054746000047],[-67.331170977999989,10.387054746000047],[-67.331170977999989,10.409143812000025],[-67.353628859999958,10.409143812000025],[-67.353628859999958,10.387054746000047]]]},"properties":{"OBJECTID":262,"OBJECTID_1":1693,"GlobalID":"927c6f95-68c9-47be-97c2-d8e33d1151bb","landslide_exent":"unknown","road impacts":null,"Shape_Length":0.089093895999894812,"Shape_Area":0.00049607363771704224}},{"type":"Feature","id":263,"geometry":{"type":"Polygon","coordinates":[[[-67.308713095999963,10.387054746000047],[-67.286255213999937,10.387054746000047],[-67.286255213999937,10.409143812000025],[-67.308713095999963,10.409143812000025],[-67.308713095999963,10.387054746000047]]]},"properties":{"OBJECTID":263,"OBJECTID_1":1695,"GlobalID":"e485a6c3-4dcc-4201-bb08-05460e9e0a3f","landslide_exent":"minor","road impacts":null,"Shape_Length":0.089093896000008499,"Shape_Area":0.00049607363771829785}},{"type":"Feature","id":264,"geometry":{"type":"Polygon","coordinates":[[[-67.173965802999987,10.387054746000047],[-67.151507920999961,10.387054746000047],[-67.151507920999961,10.409143812000025],[-67.173965802999987,10.409143812000025],[-67.173965802999987,10.387054746000047]]]},"properties":{"OBJECTID":264,"OBJECTID_1":1701,"GlobalID":"7952c16b-af90-4524-8529-ab7dd3a8f5e8","landslide_exent":"minor","road impacts":"no","Shape_Length":0.089093896000008499,"Shape_Area":0.00049607363771829785}},{"type":"Feature","id":265,"geometry":{"type":"Polygon","coordinates":[[[-67.151507920999961,10.387054746000047],[-67.129050038999935,10.387054746000047],[-67.129050038999935,10.409143812000025],[-67.151507920999961,10.409143812000025],[-67.151507920999961,10.387054746000047]]]},"properties":{"OBJECTID":265,"OBJECTID_1":1702,"GlobalID":"112d1eb6-ebe5-4d48-876e-6bc801e77f72","landslide_exent":"minor","road impacts":"no","Shape_Length":0.089093896000008499,"Shape_Area":0.00049607363771829785}},{"type":"Feature","id":266,"geometry":{"type":"Polygon","coordinates":[[[-67.129050038999935,10.387054746000047],[-67.106592156999966,10.387054746000047],[-67.106592156999966,10.409143812000025],[-67.129050038999935,10.409143812000025],[-67.129050038999935,10.387054746000047]]]},"properties":{"OBJECTID":266,"OBJECTID_1":1703,"GlobalID":"c80a1113-30f4-48f6-98a5-69eda8dfdccd","landslide_exent":"minor","road impacts":"no","Shape_Length":0.089093895999894812,"Shape_Area":0.00049607363771704224}},{"type":"Feature","id":267,"geometry":{"type":"Polygon","coordinates":[[[-67.106592156999966,10.387054746000047],[-67.08413427499994,10.387054746000047],[-67.08413427499994,10.409143812000025],[-67.106592156999966,10.409143812000025],[-67.106592156999966,10.387054746000047]]]},"properties":{"OBJECTID":267,"OBJECTID_1":1704,"GlobalID":"1915eb59-d930-47b4-8a67-967a6bd783d3","landslide_exent":"minor","road impacts":"no","Shape_Length":0.089093896000008499,"Shape_Area":0.00049607363771829785}},{"type":"Feature","id":268,"geometry":{"type":"Polygon","coordinates":[[[-67.08413427499994,10.387054746000047],[-67.061676392999971,10.387054746000047],[-67.061676392999971,10.409143812000025],[-67.08413427499994,10.409143812000025],[-67.08413427499994,10.387054746000047]]]},"properties":{"OBJECTID":268,"OBJECTID_1":1705,"GlobalID":"a8589b39-25ca-4e49-a096-a317cb946527","landslide_exent":"minor","road impacts":"maybe","Shape_Length":0.089093895999894812,"Shape_Area":0.00049607363771704224}},{"type":"Feature","id":269,"geometry":{"type":"Polygon","coordinates":[[[-67.061676392999971,10.387054746000047],[-67.039218510999945,10.387054746000047],[-67.039218510999945,10.409143812000025],[-67.061676392999971,10.409143812000025],[-67.061676392999971,10.387054746000047]]]},"properties":{"OBJECTID":269,"OBJECTID_1":1706,"GlobalID":"3f544ef8-a68f-4d14-a220-7a0bef084235","landslide_exent":"minor","road impacts":"no","Shape_Length":0.089093896000008499,"Shape_Area":0.00049607363771829785}},{"type":"Feature","id":270,"geometry":{"type":"Polygon","coordinates":[[[-66.859555453999974,10.387054746000047],[-66.837097571999948,10.387054746000047],[-66.837097571999948,10.409143812000025],[-66.859555453999974,10.409143812000025],[-66.859555453999974,10.387054746000047]]]},"properties":{"OBJECTID":270,"OBJECTID_1":1715,"GlobalID":"c6a758d7-a022-4f7d-9c67-8593ee5bbe7c","landslide_exent":"minor","road impacts":"no","Shape_Length":0.089093896000008499,"Shape_Area":0.00049607363771829785}},{"type":"Feature","id":271,"geometry":{"type":"Polygon","coordinates":[[[-66.837097571999948,10.387054746000047],[-66.814639689999979,10.387054746000047],[-66.814639689999979,10.409143812000025],[-66.837097571999948,10.409143812000025],[-66.837097571999948,10.387054746000047]]]},"properties":{"OBJECTID":271,"OBJECTID_1":1716,"GlobalID":"d1a2bfb2-489c-4e50-90a9-d355238ef595","landslide_exent":"unknown","road impacts":"unknown","Shape_Length":0.089093895999894812,"Shape_Area":0.00049607363771704224}},{"type":"Feature","id":272,"geometry":{"type":"Polygon","coordinates":[[[-66.814639689999979,10.387054746000047],[-66.792181807999953,10.387054746000047],[-66.792181807999953,10.409143812000025],[-66.814639689999979,10.409143812000025],[-66.814639689999979,10.387054746000047]]]},"properties":{"OBJECTID":272,"OBJECTID_1":1717,"GlobalID":"32fba212-4b63-4d07-9fd6-fa1792d9a018","landslide_exent":"minor","road impacts":"no","Shape_Length":0.089093896000008499,"Shape_Area":0.00049607363771829785}},{"type":"Feature","id":273,"geometry":{"type":"Polygon","coordinates":[[[-68.341775672999972,10.364964118000046],[-68.319317790999946,10.364964118000046],[-68.319317790999946,10.387054746000047],[-68.341775672999972,10.387054746000047],[-68.341775672999972,10.364964118000046]]]},"properties":{"OBJECTID":273,"OBJECTID_1":1777,"GlobalID":"90e4660d-0245-4f3d-8123-dcff94908e5d","landslide_exent":"minor","road impacts":null,"Shape_Length":0.089097020000053817,"Shape_Area":0.00049610871693049076}},{"type":"Feature","id":274,"geometry":{"type":"Polygon","coordinates":[[[-68.319317790999946,10.364964118000046],[-68.296859908999977,10.364964118000046],[-68.296859908999977,10.387054746000047],[-68.319317790999946,10.387054746000047],[-68.319317790999946,10.364964118000046]]]},"properties":{"OBJECTID":274,"OBJECTID_1":1778,"GlobalID":"5f7ed453-77e6-464c-bb06-8ea9ad56cedc","landslide_exent":"minor","road impacts":null,"Shape_Length":0.08909701999994013,"Shape_Area":0.00049610871692923504}},{"type":"Feature","id":275,"geometry":{"type":"Polygon","coordinates":[[[-68.072281087999954,10.364964118000046],[-68.049823204999939,10.364964118000046],[-68.049823204999939,10.387054746000047],[-68.072281087999954,10.387054746000047],[-68.072281087999954,10.364964118000046]]]},"properties":{"OBJECTID":275,"OBJECTID_1":1789,"GlobalID":"1738ab9f-c07c-4498-b68f-9ad2324b200f","landslide_exent":"minor","road impacts":null,"Shape_Length":0.089097022000032666,"Shape_Area":0.00049610873902088517}},{"type":"Feature","id":276,"geometry":{"type":"Polygon","coordinates":[[[-67.623123444999976,10.364964118000046],[-67.60066556299995,10.364964118000046],[-67.60066556299995,10.387054746000047],[-67.623123444999976,10.387054746000047],[-67.623123444999976,10.364964118000046]]]},"properties":{"OBJECTID":276,"OBJECTID_1":1809,"GlobalID":"c861bbfe-364d-4bc5-a40e-f6f7900f7bf8","landslide_exent":"minor","road impacts":"no","Shape_Length":0.089097020000053817,"Shape_Area":0.00049610871693049076}},{"type":"Feature","id":277,"geometry":{"type":"Polygon","coordinates":[[[-67.60066556299995,10.364964118000046],[-67.578207680999981,10.364964118000046],[-67.578207680999981,10.387054746000047],[-67.60066556299995,10.387054746000047],[-67.60066556299995,10.364964118000046]]]},"properties":{"OBJECTID":277,"OBJECTID_1":1810,"GlobalID":"61db3952-f573-40ea-917a-2a7cd9cbea68","landslide_exent":"minor","road impacts":"no","Shape_Length":0.08909701999994013,"Shape_Area":0.00049610871692923504}},{"type":"Feature","id":278,"geometry":{"type":"Polygon","coordinates":[[[-67.331170977999989,10.364964118000046],[-67.308713095999963,10.364964118000046],[-67.308713095999963,10.387054746000047],[-67.331170977999989,10.387054746000047],[-67.331170977999989,10.364964118000046]]]},"properties":{"OBJECTID":278,"OBJECTID_1":1822,"GlobalID":"3ac2d0f0-34b2-4da9-8082-4f3b557fb6d4","landslide_exent":"unknown","road impacts":null,"Shape_Length":0.089097020000053817,"Shape_Area":0.00049610871693049076}},{"type":"Feature","id":279,"geometry":{"type":"Polygon","coordinates":[[[-67.173965802999987,10.364964118000046],[-67.151507920999961,10.364964118000046],[-67.151507920999961,10.387054746000047],[-67.173965802999987,10.387054746000047],[-67.173965802999987,10.364964118000046]]]},"properties":{"OBJECTID":279,"OBJECTID_1":1829,"GlobalID":"fc551b12-70e2-4953-af8d-cfad0ec14737","landslide_exent":"minor","road impacts":"unknown","Shape_Length":0.089097020000053817,"Shape_Area":0.00049610871693049076}},{"type":"Feature","id":280,"geometry":{"type":"Polygon","coordinates":[[[-67.151507920999961,10.364964118000046],[-67.129050038999935,10.364964118000046],[-67.129050038999935,10.387054746000047],[-67.151507920999961,10.387054746000047],[-67.151507920999961,10.364964118000046]]]},"properties":{"OBJECTID":280,"OBJECTID_1":1830,"GlobalID":"96d6a610-477a-4c88-ae0e-780acd37fb46","landslide_exent":"minor","road impacts":"no","Shape_Length":0.089097020000053817,"Shape_Area":0.00049610871693049076}},{"type":"Feature","id":281,"geometry":{"type":"Polygon","coordinates":[[[-67.129050038999935,10.364964118000046],[-67.106592156999966,10.364964118000046],[-67.106592156999966,10.387054746000047],[-67.129050038999935,10.387054746000047],[-67.129050038999935,10.364964118000046]]]},"properties":{"OBJECTID":281,"OBJECTID_1":1831,"GlobalID":"3b895449-54db-4f14-9292-bbdd33d2d8e0","landslide_exent":"minor","road impacts":"no","Shape_Length":0.08909701999994013,"Shape_Area":0.00049610871692923504}},{"type":"Feature","id":282,"geometry":{"type":"Polygon","coordinates":[[[-67.106592156999966,10.364964118000046],[-67.08413427499994,10.364964118000046],[-67.08413427499994,10.387054746000047],[-67.106592156999966,10.387054746000047],[-67.106592156999966,10.364964118000046]]]},"properties":{"OBJECTID":282,"OBJECTID_1":1832,"GlobalID":"d285155a-4ced-4126-8252-dd0d22381773","landslide_exent":"minor","road impacts":"no","Shape_Length":0.089097020000053817,"Shape_Area":0.00049610871693049076}},{"type":"Feature","id":283,"geometry":{"type":"Polygon","coordinates":[[[-67.08413427499994,10.364964118000046],[-67.061676392999971,10.364964118000046],[-67.061676392999971,10.387054746000047],[-67.08413427499994,10.387054746000047],[-67.08413427499994,10.364964118000046]]]},"properties":{"OBJECTID":283,"OBJECTID_1":1833,"GlobalID":"2d3db2a0-4bcb-49cc-a2d8-8f12d854c41d","landslide_exent":"minor","road impacts":"no","Shape_Length":0.08909701999994013,"Shape_Area":0.00049610871692923504}},{"type":"Feature","id":284,"geometry":{"type":"Polygon","coordinates":[[[-67.061676392999971,10.364964118000046],[-67.039218510999945,10.364964118000046],[-67.039218510999945,10.387054746000047],[-67.061676392999971,10.387054746000047],[-67.061676392999971,10.364964118000046]]]},"properties":{"OBJECTID":284,"OBJECTID_1":1834,"GlobalID":"7835bb9d-41a0-4801-a710-3b9bfee9ffaf","landslide_exent":"minor","road impacts":"no","Shape_Length":0.089097020000053817,"Shape_Area":0.00049610871693049076}},{"type":"Feature","id":285,"geometry":{"type":"Polygon","coordinates":[[[-66.859555453999974,10.364964118000046],[-66.837097571999948,10.364964118000046],[-66.837097571999948,10.387054746000047],[-66.859555453999974,10.387054746000047],[-66.859555453999974,10.364964118000046]]]},"properties":{"OBJECTID":285,"OBJECTID_1":1843,"GlobalID":"450c5c0f-24a0-467e-ba2c-06ac0968d31d","landslide_exent":"unknown","road impacts":"unknown","Shape_Length":0.089097020000053817,"Shape_Area":0.00049610871693049076}},{"type":"Feature","id":286,"geometry":{"type":"Polygon","coordinates":[[[-66.837097571999948,10.364964118000046],[-66.814639689999979,10.364964118000046],[-66.814639689999979,10.387054746000047],[-66.837097571999948,10.387054746000047],[-66.837097571999948,10.364964118000046]]]},"properties":{"OBJECTID":286,"OBJECTID_1":1844,"GlobalID":"94ad06de-255b-449c-a71d-e3634fb537d8","landslide_exent":"unknown","road impacts":"unknown","Shape_Length":0.08909701999994013,"Shape_Area":0.00049610871692923504}},{"type":"Feature","id":287,"geometry":{"type":"Polygon","coordinates":[[[-66.814639689999979,10.364964118000046],[-66.792181807999953,10.364964118000046],[-66.792181807999953,10.387054746000047],[-66.814639689999979,10.387054746000047],[-66.814639689999979,10.364964118000046]]]},"properties":{"OBJECTID":287,"OBJECTID_1":1845,"GlobalID":"7a256917-773d-4634-b046-f332fb3e11f0","landslide_exent":"unknown","road impacts":"unknown","Shape_Length":0.089097020000053817,"Shape_Area":0.00049610871693049076}},{"type":"Feature","id":288,"geometry":{"type":"Polygon","coordinates":[[[-68.341775672999972,10.342871933000026],[-68.319317790999946,10.342871933000026],[-68.319317790999946,10.364964118000046],[-68.341775672999972,10.364964118000046],[-68.341775672999972,10.342871933000026]]]},"properties":{"OBJECTID":288,"OBJECTID_1":1904,"GlobalID":"1fa2130a-203c-4417-ace0-54d541ea7a9a","landslide_exent":"minor","road impacts":null,"Shape_Length":0.089100134000091202,"Shape_Area":0.00049614368385318458}},{"type":"Feature","id":289,"geometry":{"type":"Polygon","coordinates":[[[-68.319317790999946,10.342871933000026],[-68.296859908999977,10.342871933000026],[-68.296859908999977,10.364964118000046],[-68.319317790999946,10.364964118000046],[-68.319317790999946,10.342871933000026]]]},"properties":{"OBJECTID":289,"OBJECTID_1":1905,"GlobalID":"1315b94f-208a-40c6-be65-d70066875955","landslide_exent":"minor","road impacts":null,"Shape_Length":0.089100133999977515,"Shape_Area":0.00049614368385192875}},{"type":"Feature","id":290,"geometry":{"type":"Polygon","coordinates":[[[-68.072281087999954,10.342871933000026],[-68.049823204999939,10.342871933000026],[-68.049823204999939,10.364964118000046],[-68.072281087999954,10.364964118000046],[-68.072281087999954,10.342871933000026]]]},"properties":{"OBJECTID":290,"OBJECTID_1":1916,"GlobalID":"c908d9cb-9a81-40bb-bc2f-1d97c26e5bab","landslide_exent":"minor","road impacts":null,"Shape_Length":0.089100136000070052,"Shape_Area":0.00049614370594513589}},{"type":"Feature","id":291,"geometry":{"type":"Polygon","coordinates":[[[-68.049823204999939,10.342871933000026],[-68.02736532299997,10.342871933000026],[-68.02736532299997,10.364964118000046],[-68.049823204999939,10.364964118000046],[-68.049823204999939,10.342871933000026]]]},"properties":{"OBJECTID":291,"OBJECTID_1":1917,"GlobalID":"683cd5df-8d59-44ec-9d92-90cc3e10a7e1","landslide_exent":"minor","road impacts":null,"Shape_Length":0.089100133999977515,"Shape_Area":0.00049614368385192875}},{"type":"Feature","id":292,"geometry":{"type":"Polygon","coordinates":[[[-68.004907440999943,10.342871933000026],[-67.982449558999974,10.342871933000026],[-67.982449558999974,10.364964118000046],[-68.004907440999943,10.364964118000046],[-68.004907440999943,10.342871933000026]]]},"properties":{"OBJECTID":292,"OBJECTID_1":1919,"GlobalID":"6943f3aa-27ef-42c2-9e94-5ff87c0544d6","landslide_exent":"minor","road impacts":null,"Shape_Length":0.089100133999977515,"Shape_Area":0.00049614368385192875}},{"type":"Feature","id":293,"geometry":{"type":"Polygon","coordinates":[[[-67.982449558999974,10.342871933000026],[-67.959991676999948,10.342871933000026],[-67.959991676999948,10.364964118000046],[-67.982449558999974,10.364964118000046],[-67.982449558999974,10.342871933000026]]]},"properties":{"OBJECTID":293,"OBJECTID_1":1920,"GlobalID":"da8af04a-8ea0-4cea-920a-737af977e9d8","landslide_exent":"minor","road impacts":null,"Shape_Length":0.089100134000091202,"Shape_Area":0.00049614368385318458}},{"type":"Feature","id":294,"geometry":{"type":"Polygon","coordinates":[[[-67.735412855999982,10.342871933000026],[-67.712954973999956,10.342871933000026],[-67.712954973999956,10.364964118000046],[-67.735412855999982,10.364964118000046],[-67.735412855999982,10.342871933000026]]]},"properties":{"OBJECTID":294,"OBJECTID_1":1931,"GlobalID":"30ebcbcb-9de5-4e43-b8f7-e0945ca35b20","landslide_exent":"unknown","road impacts":"unknown","Shape_Length":0.089100134000091202,"Shape_Area":0.00049614368385318458}},{"type":"Feature","id":295,"geometry":{"type":"Polygon","coordinates":[[[-67.712954973999956,10.342871933000026],[-67.690497091999987,10.342871933000026],[-67.690497091999987,10.364964118000046],[-67.712954973999956,10.364964118000046],[-67.712954973999956,10.342871933000026]]]},"properties":{"OBJECTID":295,"OBJECTID_1":1932,"GlobalID":"3d38dc07-18bb-4231-b0b2-33b1c53e65b6","landslide_exent":"unknown","road impacts":"unknown","Shape_Length":0.089100133999977515,"Shape_Area":0.00049614368385192875}},{"type":"Feature","id":296,"geometry":{"type":"Polygon","coordinates":[[[-67.690497091999987,10.342871933000026],[-67.668039209999961,10.342871933000026],[-67.668039209999961,10.364964118000046],[-67.690497091999987,10.364964118000046],[-67.690497091999987,10.342871933000026]]]},"properties":{"OBJECTID":296,"OBJECTID_1":1933,"GlobalID":"e08cb1db-9aab-44f9-9bf1-3bfe86cc4b49","landslide_exent":"unknown","road impacts":"unknown","Shape_Length":0.089100134000091202,"Shape_Area":0.00049614368385318458}},{"type":"Feature","id":297,"geometry":{"type":"Polygon","coordinates":[[[-67.668039209999961,10.342871933000026],[-67.645581327999935,10.342871933000026],[-67.645581327999935,10.364964118000046],[-67.668039209999961,10.364964118000046],[-67.668039209999961,10.342871933000026]]]},"properties":{"OBJECTID":297,"OBJECTID_1":1934,"GlobalID":"8a788cea-9bf4-4526-b7e6-50d8520deb34","landslide_exent":"minor","road impacts":"unknown","Shape_Length":0.089100134000091202,"Shape_Area":0.00049614368385318458}},{"type":"Feature","id":298,"geometry":{"type":"Polygon","coordinates":[[[-67.645581327999935,10.342871933000026],[-67.623123444999976,10.342871933000026],[-67.623123444999976,10.364964118000046],[-67.645581327999935,10.364964118000046],[-67.645581327999935,10.342871933000026]]]},"properties":{"OBJECTID":298,"OBJECTID_1":1935,"GlobalID":"598c9a6d-6b48-42fd-ba55-831e4926c5ea","landslide_exent":"minor","road impacts":"unknown","Shape_Length":0.089100135999956365,"Shape_Area":0.00049614370594388017}},{"type":"Feature","id":299,"geometry":{"type":"Polygon","coordinates":[[[-67.623123444999976,10.342871933000026],[-67.60066556299995,10.342871933000026],[-67.60066556299995,10.364964118000046],[-67.623123444999976,10.364964118000046],[-67.623123444999976,10.342871933000026]]]},"properties":{"OBJECTID":299,"OBJECTID_1":1936,"GlobalID":"b2c02e65-3fc2-4a81-84a9-514380c90d4d","landslide_exent":"localized","road impacts":"no","Shape_Length":0.089100134000091202,"Shape_Area":0.00049614368385318458}},{"type":"Feature","id":300,"geometry":{"type":"Polygon","coordinates":[[[-67.60066556299995,10.342871933000026],[-67.578207680999981,10.342871933000026],[-67.578207680999981,10.364964118000046],[-67.60066556299995,10.364964118000046],[-67.60066556299995,10.342871933000026]]]},"properties":{"OBJECTID":300,"OBJECTID_1":1937,"GlobalID":"8603270e-0fe9-4aca-80b7-750a4464d402","landslide_exent":"localized","road impacts":"yes","Shape_Length":0.089100133999977515,"Shape_Area":0.00049614368385192875}},{"type":"Feature","id":301,"geometry":{"type":"Polygon","coordinates":[[[-67.578207680999981,10.342871933000026],[-67.555749798999955,10.342871933000026],[-67.555749798999955,10.364964118000046],[-67.578207680999981,10.364964118000046],[-67.578207680999981,10.342871933000026]]]},"properties":{"OBJECTID":301,"OBJECTID_1":1938,"GlobalID":"bd40db9f-f53d-49e9-879b-fa84b810503f","landslide_exent":"localized","road impacts":"no","Shape_Length":0.089100134000091202,"Shape_Area":0.00049614368385318458}},{"type":"Feature","id":302,"geometry":{"type":"Polygon","coordinates":[[[-67.555749798999955,10.342871933000026],[-67.533291916999985,10.342871933000026],[-67.533291916999985,10.364964118000046],[-67.555749798999955,10.364964118000046],[-67.555749798999955,10.342871933000026]]]},"properties":{"OBJECTID":302,"OBJECTID_1":1939,"GlobalID":"7d6a769d-cef3-48a0-a251-1157d61c0532","landslide_exent":"minor","road impacts":"no","Shape_Length":0.089100133999977515,"Shape_Area":0.00049614368385192875}},{"type":"Feature","id":303,"geometry":{"type":"Polygon","coordinates":[[[-67.331170977999989,10.342871933000026],[-67.308713095999963,10.342871933000026],[-67.308713095999963,10.364964118000046],[-67.331170977999989,10.364964118000046],[-67.331170977999989,10.342871933000026]]]},"properties":{"OBJECTID":303,"OBJECTID_1":1949,"GlobalID":"1e78a559-e364-42c4-bd27-36a134a9795a","landslide_exent":"minor","road impacts":null,"Shape_Length":0.089100134000091202,"Shape_Area":0.00049614368385318458}},{"type":"Feature","id":304,"geometry":{"type":"Polygon","coordinates":[[[-67.173965802999987,10.342871933000026],[-67.151507920999961,10.342871933000026],[-67.151507920999961,10.364964118000046],[-67.173965802999987,10.364964118000046],[-67.173965802999987,10.342871933000026]]]},"properties":{"OBJECTID":304,"OBJECTID_1":1956,"GlobalID":"ccd48ff2-f64f-4c9c-9577-5b922ff0a8aa","landslide_exent":"minor","road impacts":"unknown","Shape_Length":0.089100134000091202,"Shape_Area":0.00049614368385318458}},{"type":"Feature","id":305,"geometry":{"type":"Polygon","coordinates":[[[-67.151507920999961,10.342871933000026],[-67.129050038999935,10.342871933000026],[-67.129050038999935,10.364964118000046],[-67.151507920999961,10.364964118000046],[-67.151507920999961,10.342871933000026]]]},"properties":{"OBJECTID":305,"OBJECTID_1":1957,"GlobalID":"ddb7eadf-8ebb-46e1-b4f4-7024f9540ed5","landslide_exent":"minor","road impacts":"no","Shape_Length":0.089100134000091202,"Shape_Area":0.00049614368385318458}},{"type":"Feature","id":306,"geometry":{"type":"Polygon","coordinates":[[[-67.129050038999935,10.342871933000026],[-67.106592156999966,10.342871933000026],[-67.106592156999966,10.364964118000046],[-67.129050038999935,10.364964118000046],[-67.129050038999935,10.342871933000026]]]},"properties":{"OBJECTID":306,"OBJECTID_1":1958,"GlobalID":"26a7e498-7dd3-4a54-9822-f427917af5ea","landslide_exent":"minor","road impacts":"no","Shape_Length":0.089100133999977515,"Shape_Area":0.00049614368385192875}},{"type":"Feature","id":307,"geometry":{"type":"Polygon","coordinates":[[[-67.106592156999966,10.342871933000026],[-67.08413427499994,10.342871933000026],[-67.08413427499994,10.364964118000046],[-67.106592156999966,10.364964118000046],[-67.106592156999966,10.342871933000026]]]},"properties":{"OBJECTID":307,"OBJECTID_1":1959,"GlobalID":"198b8c56-52d9-4664-8e7a-56016cfcb930","landslide_exent":"minor","road impacts":"no","Shape_Length":0.089100134000091202,"Shape_Area":0.00049614368385318458}},{"type":"Feature","id":308,"geometry":{"type":"Polygon","coordinates":[[[-67.08413427499994,10.342871933000026],[-67.061676392999971,10.342871933000026],[-67.061676392999971,10.364964118000046],[-67.08413427499994,10.364964118000046],[-67.08413427499994,10.342871933000026]]]},"properties":{"OBJECTID":308,"OBJECTID_1":1960,"GlobalID":"7633c461-8d5e-4909-ac68-a7e978481613","landslide_exent":"minor","road impacts":"no","Shape_Length":0.089100133999977515,"Shape_Area":0.00049614368385192875}},{"type":"Feature","id":309,"geometry":{"type":"Polygon","coordinates":[[[-67.061676392999971,10.342871933000026],[-67.039218510999945,10.342871933000026],[-67.039218510999945,10.364964118000046],[-67.061676392999971,10.364964118000046],[-67.061676392999971,10.342871933000026]]]},"properties":{"OBJECTID":309,"OBJECTID_1":1961,"GlobalID":"01fdd23a-8585-413c-9afc-2e193cc2efd3","landslide_exent":"minor","road impacts":"no","Shape_Length":0.089100134000091202,"Shape_Area":0.00049614368385318458}},{"type":"Feature","id":310,"geometry":{"type":"Polygon","coordinates":[[[-66.859555453999974,10.342871933000026],[-66.837097571999948,10.342871933000026],[-66.837097571999948,10.364964118000046],[-66.859555453999974,10.364964118000046],[-66.859555453999974,10.342871933000026]]]},"properties":{"OBJECTID":310,"OBJECTID_1":1970,"GlobalID":"8ed83b0a-4523-4b42-aab2-25ef9fd96781","landslide_exent":"unknown","road impacts":"unknown","Shape_Length":0.089100134000091202,"Shape_Area":0.00049614368385318458}},{"type":"Feature","id":311,"geometry":{"type":"Polygon","coordinates":[[[-66.837097571999948,10.342871933000026],[-66.814639689999979,10.342871933000026],[-66.814639689999979,10.364964118000046],[-66.837097571999948,10.364964118000046],[-66.837097571999948,10.342871933000026]]]},"properties":{"OBJECTID":311,"OBJECTID_1":1971,"GlobalID":"f21c55cb-db86-4281-9fc8-ffa67e8cc1e2","landslide_exent":"unknown","road impacts":"unknown","Shape_Length":0.089100133999977515,"Shape_Area":0.00049614368385192875}},{"type":"Feature","id":312,"geometry":{"type":"Polygon","coordinates":[[[-66.814639689999979,10.342871933000026],[-66.792181807999953,10.342871933000026],[-66.792181807999953,10.364964118000046],[-66.814639689999979,10.364964118000046],[-66.814639689999979,10.342871933000026]]]},"properties":{"OBJECTID":312,"OBJECTID_1":1972,"GlobalID":"d907117a-6131-4f31-bc78-c330d8e66df6","landslide_exent":"unknown","road impacts":"unknown","Shape_Length":0.089100134000091202,"Shape_Area":0.00049614368385318458}},{"type":"Feature","id":313,"geometry":{"type":"Polygon","coordinates":[[[-68.072281087999954,10.320778193000024],[-68.049823204999939,10.320778193000024],[-68.049823204999939,10.342871933000026],[-68.072281087999954,10.342871933000026],[-68.072281087999954,10.320778193000024]]]},"properties":{"OBJECTID":313,"OBJECTID_1":2042,"GlobalID":"f7a6299d-9b3d-4db3-b36b-61e8513fce53","landslide_exent":"minor","road impacts":null,"Shape_Length":0.089103246000036052,"Shape_Area":0.0004961786279528192}},{"type":"Feature","id":314,"geometry":{"type":"Polygon","coordinates":[[[-68.02736532299997,10.320778193000024],[-68.004907440999943,10.320778193000024],[-68.004907440999943,10.342871933000026],[-68.02736532299997,10.342871933000026],[-68.02736532299997,10.320778193000024]]]},"properties":{"OBJECTID":314,"OBJECTID_1":2044,"GlobalID":"933f72b2-3b03-4fc8-af60-7391e6e13117","landslide_exent":"minor","road impacts":null,"Shape_Length":0.089103244000057202,"Shape_Area":0.00049617860585931281}},{"type":"Feature","id":315,"geometry":{"type":"Polygon","coordinates":[[[-68.004907440999943,10.320778193000024],[-67.982449558999974,10.320778193000024],[-67.982449558999974,10.342871933000026],[-68.004907440999943,10.342871933000026],[-68.004907440999943,10.320778193000024]]]},"properties":{"OBJECTID":315,"OBJECTID_1":2045,"GlobalID":"0a39bcbc-fc09-4974-b2e3-438750c2bc3c","landslide_exent":"minor","road impacts":null,"Shape_Length":0.089103243999943516,"Shape_Area":0.00049617860585805698}},{"type":"Feature","id":316,"geometry":{"type":"Polygon","coordinates":[[[-67.668039209999961,10.320778193000024],[-67.645581327999935,10.320778193000024],[-67.645581327999935,10.342871933000026],[-67.668039209999961,10.342871933000026],[-67.668039209999961,10.320778193000024]]]},"properties":{"OBJECTID":316,"OBJECTID_1":2060,"GlobalID":"37486566-1dcd-41f6-88dc-d81a6f728cb2","landslide_exent":"minor","road impacts":"no","Shape_Length":0.089103244000057202,"Shape_Area":0.00049617860585931281}},{"type":"Feature","id":317,"geometry":{"type":"Polygon","coordinates":[[[-67.645581327999935,10.320778193000024],[-67.623123444999976,10.320778193000024],[-67.623123444999976,10.342871933000026],[-67.645581327999935,10.342871933000026],[-67.645581327999935,10.320778193000024]]]},"properties":{"OBJECTID":317,"OBJECTID_1":2061,"GlobalID":"4db25827-7a4d-49c5-959c-6a7c5d764dd4","landslide_exent":"minor","road impacts":"no","Shape_Length":0.089103245999922365,"Shape_Area":0.00049617862795156326}},{"type":"Feature","id":318,"geometry":{"type":"Polygon","coordinates":[[[-67.578207680999981,10.320778193000024],[-67.555749798999955,10.320778193000024],[-67.555749798999955,10.342871933000026],[-67.578207680999981,10.342871933000026],[-67.578207680999981,10.320778193000024]]]},"properties":{"OBJECTID":318,"OBJECTID_1":2064,"GlobalID":"74f70ee4-c05e-422a-8ab1-093e45737e3c","landslide_exent":"minor","road impacts":"no","Shape_Length":0.089103244000057202,"Shape_Area":0.00049617860585931281}},{"type":"Feature","id":319,"geometry":{"type":"Polygon","coordinates":[[[-67.555749798999955,10.320778193000024],[-67.533291916999985,10.320778193000024],[-67.533291916999985,10.342871933000026],[-67.555749798999955,10.342871933000026],[-67.555749798999955,10.320778193000024]]]},"properties":{"OBJECTID":319,"OBJECTID_1":2065,"GlobalID":"554fc4f8-d899-4375-a343-ea93b501b221","landslide_exent":"minor","road impacts":"no","Shape_Length":0.089103243999943516,"Shape_Area":0.00049617860585805698}},{"type":"Feature","id":320,"geometry":{"type":"Polygon","coordinates":[[[-67.465918270999964,10.320778193000024],[-67.443460388999938,10.320778193000024],[-67.443460388999938,10.342871933000026],[-67.465918270999964,10.342871933000026],[-67.465918270999964,10.320778193000024]]]},"properties":{"OBJECTID":320,"OBJECTID_1":2069,"GlobalID":"817cc887-aaba-4977-9286-1e34b555ac80","landslide_exent":"minor","road impacts":null,"Shape_Length":0.089103244000057202,"Shape_Area":0.00049617860585931281}},{"type":"Feature","id":321,"geometry":{"type":"Polygon","coordinates":[[[-67.331170977999989,10.320778193000024],[-67.308713095999963,10.320778193000024],[-67.308713095999963,10.342871933000026],[-67.331170977999989,10.342871933000026],[-67.331170977999989,10.320778193000024]]]},"properties":{"OBJECTID":321,"OBJECTID_1":2075,"GlobalID":"67180fd2-88ca-4d74-bf71-756b35a7cda4","landslide_exent":"minor","road impacts":"maybe","Shape_Length":0.089103244000057202,"Shape_Area":0.00049617860585931281}},{"type":"Feature","id":322,"geometry":{"type":"Polygon","coordinates":[[[-66.859555453999974,10.320778193000024],[-66.837097571999948,10.320778193000024],[-66.837097571999948,10.342871933000026],[-66.859555453999974,10.342871933000026],[-66.859555453999974,10.320778193000024]]]},"properties":{"OBJECTID":322,"OBJECTID_1":2096,"GlobalID":"ec2a79b8-98e9-43a0-b29a-a5075029bcb4","landslide_exent":"unknown","road impacts":"unknown","Shape_Length":0.089103244000057202,"Shape_Area":0.00049617860585931281}},{"type":"Feature","id":323,"geometry":{"type":"Polygon","coordinates":[[[-66.837097571999948,10.320778193000024],[-66.814639689999979,10.320778193000024],[-66.814639689999979,10.342871933000026],[-66.837097571999948,10.342871933000026],[-66.837097571999948,10.320778193000024]]]},"properties":{"OBJECTID":323,"OBJECTID_1":2097,"GlobalID":"212c5537-41f6-4b05-84b0-1dd3fa77c42b","landslide_exent":"unknown","road impacts":"unknown","Shape_Length":0.089103243999943516,"Shape_Area":0.00049617860585805698}},{"type":"Feature","id":324,"geometry":{"type":"Polygon","coordinates":[[[-66.814639689999979,10.320778193000024],[-66.792181807999953,10.320778193000024],[-66.792181807999953,10.342871933000026],[-66.814639689999979,10.342871933000026],[-66.814639689999979,10.320778193000024]]]},"properties":{"OBJECTID":324,"OBJECTID_1":2098,"GlobalID":"7e1d1292-44a0-4157-b751-306f8f0cac6c","landslide_exent":"unknown","road impacts":"unknown","Shape_Length":0.089103244000057202,"Shape_Area":0.00049617860585931281}},{"type":"Feature","id":325,"geometry":{"type":"Polygon","coordinates":[[[-66.792181807999953,10.320778193000024],[-66.769723925999983,10.320778193000024],[-66.769723925999983,10.342871933000026],[-66.792181807999953,10.342871933000026],[-66.792181807999953,10.320778193000024]]]},"properties":{"OBJECTID":325,"OBJECTID_1":2099,"GlobalID":"414f885b-3dd1-4994-afa9-a1dd9b7150a2","landslide_exent":"minor","road impacts":"no","Shape_Length":0.089103243999943516,"Shape_Area":0.00049617860585805698}},{"type":"Feature","id":326,"geometry":{"type":"Polygon","coordinates":[[[-66.769723925999983,10.320778193000024],[-66.747266042999968,10.320778193000024],[-66.747266042999968,10.342871933000026],[-66.769723925999983,10.342871933000026],[-66.769723925999983,10.320778193000024]]]},"properties":{"OBJECTID":326,"OBJECTID_1":2100,"GlobalID":"dff7056c-8fc0-41f9-b7cf-744d5296fab2","landslide_exent":"minor","road impacts":"no","Shape_Length":0.089103246000036052,"Shape_Area":0.0004961786279528192}},{"type":"Feature","id":327,"geometry":{"type":"Polygon","coordinates":[[[-68.049823204999939,10.298682901000063],[-68.02736532299997,10.298682901000063],[-68.02736532299997,10.320778193000024],[-68.049823204999939,10.320778193000024],[-68.049823204999939,10.298682901000063]]]},"properties":{"OBJECTID":327,"OBJECTID_1":2168,"GlobalID":"9530e392-7803-40d2-8d02-83eeeead143f","landslide_exent":"minor","road impacts":"no","Shape_Length":0.089106347999859281,"Shape_Area":0.00049621346048997505}},{"type":"Feature","id":328,"geometry":{"type":"Polygon","coordinates":[[[-68.004907440999943,10.298682901000063],[-67.982449558999974,10.298682901000063],[-67.982449558999974,10.320778193000024],[-68.004907440999943,10.320778193000024],[-68.004907440999943,10.298682901000063]]]},"properties":{"OBJECTID":328,"OBJECTID_1":2170,"GlobalID":"ef895556-5a4d-4d98-aefe-d2c7c1a9e955","landslide_exent":"minor","road impacts":null,"Shape_Length":0.089106347999859281,"Shape_Area":0.00049621346048997505}},{"type":"Feature","id":329,"geometry":{"type":"Polygon","coordinates":[[[-68.049823204999939,10.276586061000046],[-68.02736532299997,10.276586061000046],[-68.02736532299997,10.298682901000063],[-68.049823204999939,10.298682901000063],[-68.049823204999939,10.276586061000046]]]},"properties":{"OBJECTID":329,"OBJECTID_1":2292,"GlobalID":"e3a6e55f-3dd6-4280-85d5-1f4f7f84c7e3","landslide_exent":"minor","road impacts":"no","Shape_Length":0.089109443999973337,"Shape_Area":0.00049624822529259168}},{"type":"Feature","id":330,"geometry":{"type":"Polygon","coordinates":[[[-68.004907440999943,10.276586061000046],[-67.982449558999974,10.276586061000046],[-67.982449558999974,10.298682901000063],[-68.004907440999943,10.298682901000063],[-68.004907440999943,10.276586061000046]]]},"properties":{"OBJECTID":330,"OBJECTID_1":2294,"GlobalID":"0d898492-4978-4bdb-9ef2-6ae2cb01ead5","landslide_exent":"minor","road impacts":null,"Shape_Length":0.089109443999973337,"Shape_Area":0.00049624822529259168}},{"type":"Feature","id":331,"geometry":{"type":"Polygon","coordinates":[[[-67.465918270999964,10.276586061000046],[-67.443460388999938,10.276586061000046],[-67.443460388999938,10.298682901000063],[-67.465918270999964,10.298682901000063],[-67.465918270999964,10.276586061000046]]]},"properties":{"OBJECTID":331,"OBJECTID_1":2318,"GlobalID":"349ef68d-c966-40d1-a19b-09cee62adfd1","landslide_exent":"minor","road impacts":null,"Shape_Length":0.089109444000087024,"Shape_Area":0.00049624822529384773}},{"type":"Feature","id":332,"geometry":{"type":"Polygon","coordinates":[[[-68.004907440999943,10.254487675000064],[-67.982449558999974,10.254487675000064],[-67.982449558999974,10.276586061000046],[-68.004907440999943,10.276586061000046],[-68.004907440999943,10.254487675000064]]]},"properties":{"OBJECTID":332,"OBJECTID_1":2417,"GlobalID":"a219bd17-b5ea-4572-946d-1e32b1c270cb","landslide_exent":"minor","road impacts":"no","Shape_Length":0.08911253599990232,"Shape_Area":0.00049628294517736619}},{"type":"Feature","id":333,"geometry":{"type":"Polygon","coordinates":[[[-67.106592156999966,10.232387748000065],[-67.08413427499994,10.232387748000065],[-67.08413427499994,10.254487675000064],[-67.106592156999966,10.254487675000064],[-67.106592156999966,10.232387748000065]]]},"properties":{"OBJECTID":333,"OBJECTID_1":2578,"GlobalID":"dd5dccc4-9bd1-4ca5-b85a-7182a5c2632a","landslide_exent":"minor","road impacts":"no","Shape_Length":0.089115618000050745,"Shape_Area":0.00049631755277517451}},{"type":"Feature","id":334,"geometry":{"type":"Polygon","coordinates":[[[-68.004907440999943,10.188183280000032],[-67.982449558999974,10.188183280000032],[-67.982449558999974,10.210286282000027],[-68.004907440999943,10.210286282000027],[-68.004907440999943,10.188183280000032]]]},"properties":{"OBJECTID":334,"OBJECTID_1":2774,"GlobalID":"2cd4b819-fb1c-41f3-95b1-6185de45e063","landslide_exent":"minor","road impacts":"no","Shape_Length":0.089121767999927215,"Shape_Area":0.00049638661076095757}},{"type":"Feature","id":335,"geometry":{"type":"Polygon","coordinates":[[[-67.129050038999935,10.188183280000032],[-67.106592156999966,10.188183280000032],[-67.106592156999966,10.210286282000027],[-67.129050038999935,10.210286282000027],[-67.129050038999935,10.188183280000032]]]},"properties":{"OBJECTID":335,"OBJECTID_1":2813,"GlobalID":"2b150bc1-f423-47ee-8da3-4890d3366d41","landslide_exent":"minor","road impacts":"no","Shape_Length":0.089121767999927215,"Shape_Area":0.00049638661076095757}}]}