{
"type": "FeatureCollection",
"name": "venls_avila_inventory_line_20260715",
"crs": { "type": "name", "properties": { "name": "urn:ogc:def:crs:OGC:1.3:CRS84" } },
"features": [
{ "type": "Feature", "properties": { "id": "ven2026_inventory_line.1", "tessellate": -1, "extrude": 0, "visibility": -1, "OBJECTID": 1.0, "IMPACTS_STREAM": "Y", "COMMENTS": null, "Shape__Length": 476.85148602315701, "GlobalID": "f1786015-a964-42ff-8cb5-0448855f7c56", "CreationDate": "2026-07-14T13:34:46.358", "Creator": "kallstadt@usgs.gov_USGS", "EditDate": "2026-07-14T13:34:46.358", "Editor": "kallstadt@usgs.gov_USGS", "slope_mean": 41.3, "slope_max": 45.4, "aspect_deg": 55.0, "aspect_R": 0.99, "length_m": 467.8, "n_samp": 33, "aspect_dir": "NE" }, "geometry": { "type": "MultiLineString", "coordinates": [ [ [ -66.755708703260595, 10.546845740562999 ], [ -66.754982360310706, 10.547230275065898 ], [ -66.754405558556499, 10.5474225423172 ], [ -66.7537646677184, 10.547828439848097 ], [ -66.753380133215501, 10.548234337378798 ], [ -66.752846057517203, 10.548832502161 ], [ -66.752440159986406, 10.549409303915299 ] ] ] } },
{ "type": "Feature", "properties": { "id": "ven2026_inventory_line.2", "tessellate": -1, "extrude": 0, "visibility": -1, "OBJECTID": 2.0, "IMPACTS_STREAM": "Y", "COMMENTS": null, "Shape__Length": 85.908938037469298, "GlobalID": "2bbb2013-e5bf-4e6e-85dc-c6a6e6fd11a9", "CreationDate": "2026-07-14T13:34:46.358", "Creator": "kallstadt@usgs.gov_USGS", "EditDate": "2026-07-14T13:34:46.358", "Editor": "kallstadt@usgs.gov_USGS", "slope_mean": 40.7, "slope_max": 45.5, "aspect_deg": 46.0, "aspect_R": 0.99, "length_m": 84.4, "n_samp": 7, "aspect_dir": "NE" }, "geometry": { "type": "MultiLineString", "coordinates": [ [ [ -66.753038324768596, 10.549516119054998 ], [ -66.752311981818906, 10.549772475390199 ] ] ] } },
{ "type": "Feature", "properties": { "id": "ven2026_inventory_line.3", "tessellate": -1, "extrude": 0, "visibility": -1, "OBJECTID": 3.0, "IMPACTS_STREAM": "Y", "COMMENTS": null, "Shape__Length": 249.644380257542, "GlobalID": "7359e5d6-0f23-46ff-afa1-bdb7a6442174", "CreationDate": "2026-07-14T13:34:46.358", "Creator": "kallstadt@usgs.gov_USGS", "EditDate": "2026-07-14T13:34:46.358", "Editor": "kallstadt@usgs.gov_USGS", "slope_mean": 31.9, "slope_max": 44.2, "aspect_deg": 48.0, "aspect_R": 0.59, "length_m": 245.3, "n_samp": 18, "aspect_dir": "NE" }, "geometry": { "type": "MultiLineString", "coordinates": [ [ [ -66.753081050824505, 10.551588332764702 ], [ -66.752482886042301, 10.551801963043999 ], [ -66.751564275841105, 10.551951504239598 ], [ -66.751030200142694, 10.552357401770402 ] ] ] } },
{ "type": "Feature", "properties": { "id": "ven2026_inventory_line.4", "tessellate": -1, "extrude": 0, "visibility": -1, "OBJECTID": 4.0, "IMPACTS_STREAM": "Y", "COMMENTS": null, "Shape__Length": 266.47189818936698, "GlobalID": "ea8e9cde-550d-4bdd-8cf0-131d052f5aae", "CreationDate": "2026-07-14T13:36:17.687", "Creator": "kallstadt@usgs.gov_USGS", "EditDate": "2026-07-14T13:36:17.687", "Editor": "kallstadt@usgs.gov_USGS", "slope_mean": 32.6, "slope_max": 42.6, "aspect_deg": 31.0, "aspect_R": 0.81, "length_m": 261.1, "n_samp": 19, "aspect_dir": "NE" }, "geometry": { "type": "MultiLineString", "coordinates": [ [ [ -66.752824694489206, 10.552015593323398 ], [ -66.752632427237899, 10.552571032049702 ], [ -66.752183803651207, 10.552912840496701 ], [ -66.751756543092498, 10.5532546489437 ], [ -66.751542912813207, 10.553553731334802 ], [ -66.751350645561701, 10.553788724642098 ] ] ] } },
{ "type": "Feature", "properties": { "id": "ven2026_inventory_line.5", "tessellate": -1, "extrude": 0, "visibility": -1, "OBJECTID": 5.0, "IMPACTS_STREAM": "Y", "COMMENTS": null, "Shape__Length": 165.947007182519, "GlobalID": "f89663d0-4fad-400a-b029-6682d0afc9b8", "CreationDate": "2026-07-14T13:36:17.687", "Creator": "kallstadt@usgs.gov_USGS", "EditDate": "2026-07-14T13:36:17.687", "Editor": "kallstadt@usgs.gov_USGS", "slope_mean": 37.4, "slope_max": 42.9, "aspect_deg": 274.0, "aspect_R": 0.97, "length_m": 163.2, "n_samp": 12, "aspect_dir": "W" }, "geometry": { "type": "MultiLineString", "coordinates": [ [ [ -66.748637541013906, 10.550434729256198 ], [ -66.749107527628496, 10.550263825032701 ], [ -66.749769781494507, 10.5502424620048 ], [ -66.7500902269135, 10.550306551088498 ] ] ] } },
{ "type": "Feature", "properties": { "id": "ven2026_inventory_line.6", "tessellate": -1, "extrude": 0, "visibility": -1, "OBJECTID": 6.0, "IMPACTS_STREAM": "Y", "COMMENTS": null, "Shape__Length": 179.55714583256699, "GlobalID": "e98c3702-ab22-4479-acb3-e5a081fadad5", "CreationDate": "2026-07-14T13:36:17.687", "Creator": "kallstadt@usgs.gov_USGS", "EditDate": "2026-07-14T13:36:17.687", "Editor": "kallstadt@usgs.gov_USGS", "slope_mean": 33.5, "slope_max": 38.9, "aspect_deg": 289.0, "aspect_R": 0.97, "length_m": 176.6, "n_samp": 13, "aspect_dir": "W" }, "geometry": { "type": "MultiLineString", "coordinates": [ [ [ -66.749299794879917, 10.5521651345189 ], [ -66.750197042053202, 10.552293312686599 ], [ -66.750902021975108, 10.552250586630697 ] ] ] } },
{ "type": "Feature", "properties": { "id": "ven2026_inventory_line.7", "tessellate": -1, "extrude": 0, "visibility": -1, "OBJECTID": 7.0, "IMPACTS_STREAM": "Y", "COMMENTS": null, "Shape__Length": 74.414378674416099, "GlobalID": "37d8b571-9279-4890-9f7e-4c4d8b577b0a", "CreationDate": "2026-07-14T13:36:17.687", "Creator": "kallstadt@usgs.gov_USGS", "EditDate": "2026-07-14T13:36:17.687", "Editor": "kallstadt@usgs.gov_USGS", "slope_mean": 41.5, "slope_max": 46.5, "aspect_deg": 287.0, "aspect_R": 1.0, "length_m": 73.1, "n_samp": 6, "aspect_dir": "W" }, "geometry": { "type": "MultiLineString", "coordinates": [ [ [ -66.749320317262402, 10.553434075252298 ], [ -66.749912424080705, 10.5531290505276 ] ] ] } },
{ "type": "Feature", "properties": { "id": "ven2026_inventory_line.8", "tessellate": -1, "extrude": 0, "visibility": -1, "OBJECTID": 8.0, "IMPACTS_STREAM": "Y", "COMMENTS": null, "Shape__Length": 97.2467692305068, "GlobalID": "4d2fffd8-54a4-4579-b483-2b52f9c70354", "CreationDate": "2026-07-14T13:36:17.687", "Creator": "kallstadt@usgs.gov_USGS", "EditDate": "2026-07-14T13:36:17.687", "Editor": "kallstadt@usgs.gov_USGS", "slope_mean": 22.8, "slope_max": 26.0, "aspect_deg": 12.0, "aspect_R": 0.95, "length_m": 95.2, "n_samp": 8, "aspect_dir": "N" }, "geometry": { "type": "MultiLineString", "coordinates": [ [ [ -66.752047597153094, 10.553774985238599 ], [ -66.751921998737103, 10.554187665748398 ], [ -66.751599031381602, 10.554474747842198 ] ] ] } },
{ "type": "Feature", "properties": { "id": "ven2026_inventory_line.9", "tessellate": -1, "extrude": 0, "visibility": -1, "OBJECTID": 9.0, "IMPACTS_STREAM": "Y", "COMMENTS": null, "Shape__Length": 50.617409570013798, "GlobalID": "c54d89d2-bc42-4016-ab35-366a134610ad", "CreationDate": "2026-07-14T13:36:17.687", "Creator": "kallstadt@usgs.gov_USGS", "EditDate": "2026-07-14T13:36:17.687", "Editor": "kallstadt@usgs.gov_USGS", "slope_mean": 35.2, "slope_max": 39.1, "aspect_deg": 24.0, "aspect_R": 0.98, "length_m": 49.8, "n_samp": 5, "aspect_dir": "NE" }, "geometry": { "type": "MultiLineString", "coordinates": [ [ [ -66.7523346792469, 10.554743887305102 ], [ -66.751904056106198, 10.554887428351902 ] ] ] } },
{ "type": "Feature", "properties": { "id": "ven2026_inventory_line.10", "tessellate": -1, "extrude": 0, "visibility": -1, "OBJECTID": 10.0, "IMPACTS_STREAM": null, "COMMENTS": null, "Shape__Length": 117.874920125985, "GlobalID": "c1d4b643-0d0f-4681-86a2-a34fa6db2034", "CreationDate": "2026-07-14T13:36:42.190", "Creator": "kallstadt@usgs.gov_USGS", "EditDate": "2026-07-14T13:36:42.190", "Editor": "kallstadt@usgs.gov_USGS", "slope_mean": 43.1, "slope_max": 44.4, "aspect_deg": 51.0, "aspect_R": 1.0, "length_m": 115.5, "n_samp": 9, "aspect_dir": "NE" }, "geometry": { "type": "MultiLineString", "coordinates": [ [ [ -66.754455693389005, 10.546984363158201 ], [ -66.754123873533402, 10.547446025565995 ], [ -66.753792053677799, 10.547792272371897 ] ] ] } },
{ "type": "Feature", "properties": { "id": "ven2026_inventory_line.11", "tessellate": -1, "extrude": 0, "visibility": -1, "OBJECTID": 11.0, "IMPACTS_STREAM": null, "COMMENTS": null, "Shape__Length": 205.72045074722899, "GlobalID": "a323bf5f-96c4-415e-b6a5-ebbab3e28141", "CreationDate": "2026-07-14T13:38:28.364", "Creator": "kallstadt@usgs.gov_USGS", "EditDate": "2026-07-14T13:38:28.364", "Editor": "kallstadt@usgs.gov_USGS", "slope_mean": 35.0, "slope_max": 45.0, "aspect_deg": 85.0, "aspect_R": 0.9, "length_m": 202.2, "n_samp": 15, "aspect_dir": "E" }, "geometry": { "type": "MultiLineString", "coordinates": [ [ [ -66.759578210231695, 10.5514776263726 ], [ -66.759218376553505, 10.551570486676599 ], [ -66.759032655945504, 10.5515588791387 ], [ -66.758591569501306, 10.5513963736066 ], [ -66.758289773513198, 10.551396373606599 ], [ -66.758011192601103, 10.5514311962206 ], [ -66.757813864455002, 10.5515588791387 ] ] ] } },
{ "type": "Feature", "properties": { "id": "ven2026_inventory_line.12", "tessellate": -1, "extrude": 0, "visibility": -1, "OBJECTID": 12.0, "IMPACTS_STREAM": null, "COMMENTS": null, "Shape__Length": 50.183510826399598, "GlobalID": "faa82f15-f645-479f-a7dd-8929075ff328", "CreationDate": "2026-07-14T13:38:28.364", "Creator": "kallstadt@usgs.gov_USGS", "EditDate": "2026-07-14T13:38:28.364", "Editor": "kallstadt@usgs.gov_USGS", "slope_mean": 34.1, "slope_max": 34.9, "aspect_deg": 45.0, "aspect_R": 1.0, "length_m": 49.2, "n_samp": 5, "aspect_dir": "NE" }, "geometry": { "type": "MultiLineString", "coordinates": [ [ [ -66.760367522815997, 10.5475426709892 ], [ -66.760007689137794, 10.5478096443633 ] ] ] } },
{ "type": "Feature", "properties": { "id": "ven2026_inventory_line.13", "tessellate": -1, "extrude": 0, "visibility": -1, "OBJECTID": 13.0, "IMPACTS_STREAM": null, "COMMENTS": null, "Shape__Length": 16.8492315307866, "GlobalID": "387a7395-abee-4a48-8245-28b3a5a34004", "CreationDate": "2026-07-14T13:38:28.364", "Creator": "kallstadt@usgs.gov_USGS", "EditDate": "2026-07-14T13:38:28.364", "Editor": "kallstadt@usgs.gov_USGS", "slope_mean": 38.1, "slope_max": 38.1, "aspect_deg": 100.0, "aspect_R": 1.0, "length_m": 16.6, "n_samp": 3, "aspect_dir": "E" }, "geometry": { "type": "MultiLineString", "coordinates": [ [ [ -66.761284518318305, 10.551268690688502 ], [ -66.761133620324117, 10.551257083150498 ] ] ] } },
{ "type": "Feature", "properties": { "id": "ven2026_inventory_line.14", "tessellate": -1, "extrude": 0, "visibility": -1, "OBJECTID": 17.0, "IMPACTS_STREAM": "P", "COMMENTS": null, "Shape__Length": 224.41793196322701, "GlobalID": "39996d36-f0ac-4095-970f-0ea1da71e97f", "CreationDate": "2026-07-14T13:48:38.986", "Creator": "kallstadt@usgs.gov_USGS", "EditDate": "2026-07-14T13:48:38.986", "Editor": "kallstadt@usgs.gov_USGS", "slope_mean": 33.6, "slope_max": 45.1, "aspect_deg": 43.0, "aspect_R": 0.89, "length_m": 220.5, "n_samp": 16, "aspect_dir": "NE" }, "geometry": { "type": "MultiLineString", "coordinates": [ [ [ -66.760351993651796, 10.556279435150998 ], [ -66.759778740341602, 10.556614998064202 ], [ -66.759037705574897, 10.5569505609774 ], [ -66.758520379417021, 10.557076397069798 ] ] ] } },
{ "type": "Feature", "properties": { "id": "ven2026_inventory_line.15", "tessellate": -1, "extrude": 0, "visibility": -1, "OBJECTID": 18.0, "IMPACTS_STREAM": null, "COMMENTS": null, "Shape__Length": 24.1901059839863, "GlobalID": "a6322630-964a-4e75-b8de-5316bf885eb9", "CreationDate": "2026-07-14T13:49:47.585", "Creator": "kallstadt@usgs.gov_USGS", "EditDate": "2026-07-14T13:49:47.585", "Editor": "kallstadt@usgs.gov_USGS", "slope_mean": 29.5, "slope_max": 32.4, "aspect_deg": 19.0, "aspect_R": 0.97, "length_m": 23.7, "n_samp": 3, "aspect_dir": "N" }, "geometry": { "type": "MultiLineString", "coordinates": [ [ [ -66.765978120110503, 10.552336268324099 ], [ -66.765816401457599, 10.552478961253199 ] ] ] } },
{ "type": "Feature", "properties": { "id": "ven2026_inventory_line.16", "tessellate": -1, "extrude": 0, "visibility": -1, "OBJECTID": 19.0, "IMPACTS_STREAM": null, "COMMENTS": null, "Shape__Length": 107.536256127635, "GlobalID": "e81f96b1-90c1-4d27-9fa1-0d5443444aed", "CreationDate": "2026-07-14T13:49:47.585", "Creator": "kallstadt@usgs.gov_USGS", "EditDate": "2026-07-14T13:49:47.585", "Editor": "kallstadt@usgs.gov_USGS", "slope_mean": 35.5, "slope_max": 44.2, "aspect_deg": 35.0, "aspect_R": 0.99, "length_m": 105.1, "n_samp": 9, "aspect_dir": "NE" }, "geometry": { "type": "MultiLineString", "coordinates": [ [ [ -66.767405049401901, 10.552973630074201 ], [ -66.767252843610905, 10.553601478962397 ], [ -66.7671767407153, 10.5538963776826 ] ] ] } },
{ "type": "Feature", "properties": { "id": "ven2026_inventory_line.17", "tessellate": -1, "extrude": 0, "visibility": -1, "OBJECTID": 20.0, "IMPACTS_STREAM": null, "COMMENTS": null, "Shape__Length": 25.249859451358599, "GlobalID": "28d03eba-4001-40a2-ae69-1e675d0009f3", "CreationDate": "2026-07-14T13:50:05.984", "Creator": "kallstadt@usgs.gov_USGS", "EditDate": "2026-07-14T13:50:05.984", "Editor": "kallstadt@usgs.gov_USGS", "slope_mean": 38.6, "slope_max": 40.3, "aspect_deg": 71.0, "aspect_R": 1.0, "length_m": 24.8, "n_samp": 3, "aspect_dir": "E" }, "geometry": { "type": "MultiLineString", "coordinates": [ [ [ -66.761559353327698, 10.555665845637503 ], [ -66.761357177176706, 10.555564757561999 ] ] ] } },
{ "type": "Feature", "properties": { "id": "ven2026_inventory_line.18", "tessellate": -1, "extrude": 0, "visibility": -1, "OBJECTID": 22.0, "IMPACTS_STREAM": null, "COMMENTS": null, "Shape__Length": 152.24315269259901, "GlobalID": "08174675-92fa-4c31-ac9f-164fc0615402", "CreationDate": "2026-07-14T13:51:25.033", "Creator": "kallstadt@usgs.gov_USGS", "EditDate": "2026-07-14T13:51:25.033", "Editor": "kallstadt@usgs.gov_USGS", "slope_mean": 43.2, "slope_max": 45.9, "aspect_deg": 95.0, "aspect_R": 1.0, "length_m": 149.5, "n_samp": 11, "aspect_dir": "E" }, "geometry": { "type": "MultiLineString", "coordinates": [ [ [ -66.768696700978595, 10.560123403551998 ], [ -66.768215371701501, 10.5602500691512 ], [ -66.767835374903697, 10.560427400990202 ], [ -66.767468044666003, 10.560680732188597 ] ] ] } },
{ "type": "Feature", "properties": { "id": "ven2026_inventory_line.19", "tessellate": -1, "extrude": 0, "visibility": -1, "OBJECTID": 23.0, "IMPACTS_STREAM": null, "COMMENTS": null, "Shape__Length": 82.823050472502402, "GlobalID": "d142982f-aa55-4f8f-83ad-7a4f4d1e1eb5", "CreationDate": "2026-07-14T13:52:10.822", "Creator": "kallstadt@usgs.gov_USGS", "EditDate": "2026-07-14T13:52:10.822", "Editor": "kallstadt@usgs.gov_USGS", "slope_mean": 35.3, "slope_max": 40.9, "aspect_deg": 34.0, "aspect_R": 0.99, "length_m": 81.1, "n_samp": 7, "aspect_dir": "NE" }, "geometry": { "type": "MultiLineString", "coordinates": [ [ [ -66.761963581891095, 10.559492260242701 ], [ -66.761707178157195, 10.5597296711073 ], [ -66.761526745900099, 10.560071542752398 ] ] ] } },
{ "type": "Feature", "properties": { "id": "ven2026_inventory_line.20", "tessellate": -1, "extrude": 0, "visibility": -1, "OBJECTID": 24.0, "IMPACTS_STREAM": null, "COMMENTS": null, "Shape__Length": 31.586569702162699, "GlobalID": "6cc88819-83d5-4257-8602-ac06f7cfc0e9", "CreationDate": "2026-07-14T13:52:10.822", "Creator": "kallstadt@usgs.gov_USGS", "EditDate": "2026-07-14T13:52:10.822", "Editor": "kallstadt@usgs.gov_USGS", "slope_mean": 39.3, "slope_max": 42.3, "aspect_deg": 23.0, "aspect_R": 0.99, "length_m": 31.0, "n_samp": 4, "aspect_dir": "NE" }, "geometry": { "type": "MultiLineString", "coordinates": [ [ [ -66.761825047441306, 10.5594116635856 ], [ -66.761617140306498, 10.559601491838999 ] ] ] } },
{ "type": "Feature", "properties": { "id": "ven2026_inventory_line.21", "tessellate": -1, "extrude": 0, "visibility": -1, "OBJECTID": 25.0, "IMPACTS_STREAM": null, "COMMENTS": null, "Shape__Length": 40.641981650739503, "GlobalID": "e00acdef-90ee-4c78-a825-b294e49b1f75", "CreationDate": "2026-07-14T13:52:10.822", "Creator": "kallstadt@usgs.gov_USGS", "EditDate": "2026-07-14T13:52:10.822", "Editor": "kallstadt@usgs.gov_USGS", "slope_mean": 37.5, "slope_max": 38.5, "aspect_deg": 18.0, "aspect_R": 1.0, "length_m": 39.8, "n_samp": 4, "aspect_dir": "N" }, "geometry": { "type": "MultiLineString", "coordinates": [ [ [ -66.761626179747196, 10.559203756450698 ], [ -66.761508667018902, 10.559348387501 ], [ -66.761481548696906, 10.559520136873198 ] ] ] } },
{ "type": "Feature", "properties": { "id": "ven2026_inventory_line.22", "tessellate": -1, "extrude": 0, "visibility": -1, "OBJECTID": 26.0, "IMPACTS_STREAM": null, "COMMENTS": null, "Shape__Length": 30.016210274490501, "GlobalID": "c79ad8d8-b32e-4ea7-a62d-6c93e1972d15", "CreationDate": "2026-07-14T13:53:38.196", "Creator": "kallstadt@usgs.gov_USGS", "EditDate": "2026-07-14T13:53:38.196", "Editor": "kallstadt@usgs.gov_USGS", "slope_mean": 45.9, "slope_max": 48.5, "aspect_deg": 27.0, "aspect_R": 0.99, "length_m": 29.4, "n_samp": 3, "aspect_dir": "NE" }, "geometry": { "type": "MultiLineString", "coordinates": [ [ [ -66.755699651447799, 10.553843818632398 ], [ -66.7555161855351, 10.554038076657601 ] ] ] } },
{ "type": "Feature", "properties": { "id": "ven2026_inventory_line.23", "tessellate": -1, "extrude": 0, "visibility": -1, "OBJECTID": 27.0, "IMPACTS_STREAM": null, "COMMENTS": null, "Shape__Length": 19.301599785478199, "GlobalID": "feef5872-21e8-44f9-a87c-8b3d1bcd50b2", "CreationDate": "2026-07-14T13:53:38.196", "Creator": "kallstadt@usgs.gov_USGS", "EditDate": "2026-07-14T13:53:38.196", "Editor": "kallstadt@usgs.gov_USGS", "slope_mean": 41.5, "slope_max": 41.9, "aspect_deg": 33.0, "aspect_R": 1.0, "length_m": 18.9, "n_samp": 3, "aspect_dir": "NE" }, "geometry": { "type": "MultiLineString", "coordinates": [ [ [ -66.754773122050807, 10.552307800258298 ], [ -66.754688200509705, 10.5524564129552 ] ] ] } },
{ "type": "Feature", "properties": { "id": "ven2026_inventory_line.24", "tessellate": -1, "extrude": 0, "visibility": -1, "OBJECTID": 28.0, "IMPACTS_STREAM": null, "COMMENTS": null, "Shape__Length": 93.415974104956504, "GlobalID": "4567bcc1-e208-4c66-bad0-1c4f428dd040", "CreationDate": "2026-07-14T13:53:38.196", "Creator": "kallstadt@usgs.gov_USGS", "EditDate": "2026-07-14T13:53:38.196", "Editor": "kallstadt@usgs.gov_USGS", "slope_mean": 41.3, "slope_max": 44.6, "aspect_deg": 33.0, "aspect_R": 0.99, "length_m": 91.3, "n_samp": 8, "aspect_dir": "NE" }, "geometry": { "type": "MultiLineString", "coordinates": [ [ [ -66.762280573964503, 10.558865503867498 ], [ -66.762147573514397, 10.559111043159998 ], [ -66.762157804318207, 10.559407736471799 ], [ -66.762127111906693, 10.559581660137299 ], [ -66.7620861886912, 10.559643044960501 ] ] ] } },
{ "type": "Feature", "properties": { "id": "ven2026_inventory_line.25", "tessellate": -1, "extrude": 0, "visibility": -1, "OBJECTID": 29.0, "IMPACTS_STREAM": "Y", "COMMENTS": null, "Shape__Length": 86.1172628606827, "GlobalID": "dff2267e-9e13-4a2d-931f-d213b5753e69", "CreationDate": "2026-07-14T13:56:10.578", "Creator": "kallstadt@usgs.gov_USGS", "EditDate": "2026-07-14T13:56:10.578", "Editor": "kallstadt@usgs.gov_USGS", "slope_mean": 36.9, "slope_max": 41.2, "aspect_deg": 57.0, "aspect_R": 0.99, "length_m": 84.4, "n_samp": 7, "aspect_dir": "NE" }, "geometry": { "type": "MultiLineString", "coordinates": [ [ [ -66.756791043241904, 10.560721643001898 ], [ -66.756577701779094, 10.561056893872202 ], [ -66.756288166936599, 10.561285474010999 ] ] ] } },
{ "type": "Feature", "properties": { "id": "ven2026_inventory_line.26", "tessellate": -1, "extrude": 0, "visibility": -1, "OBJECTID": 31.0, "IMPACTS_STREAM": "Y", "COMMENTS": null, "Shape__Length": 212.174572863078, "GlobalID": "5aa3b503-cc41-4fe3-95f0-2597a549bbc9", "CreationDate": "2026-07-14T13:56:10.578", "Creator": "kallstadt@usgs.gov_USGS", "EditDate": "2026-07-14T13:56:39.713", "Editor": "kallstadt@usgs.gov_USGS", "slope_mean": 40.1, "slope_max": 43.8, "aspect_deg": 83.0, "aspect_R": 1.0, "length_m": 208.6, "n_samp": 15, "aspect_dir": "E" }, "geometry": { "type": "MultiLineString", "coordinates": [ [ [ -66.754703344640802, 10.5603711534557 ], [ -66.754139513631799, 10.5605692562426 ], [ -66.753743308057807, 10.560675926974099 ], [ -66.753438534539399, 10.560691165650098 ], [ -66.753072806317306, 10.560599733594504 ], [ -66.752859464854495, 10.560614972270498 ] ] ] } },
{ "type": "Feature", "properties": { "id": "ven2026_inventory_line.27", "tessellate": -1, "extrude": 0, "visibility": -1, "OBJECTID": 42.0, "IMPACTS_STREAM": null, "COMMENTS": null, "Shape__Length": 130.17418449618, "GlobalID": "bceb20e0-5097-4134-a60a-925867267bb3", "CreationDate": "2026-07-14T13:56:10.578", "Creator": "kallstadt@usgs.gov_USGS", "EditDate": "2026-07-14T13:56:49.291", "Editor": "kallstadt@usgs.gov_USGS", "slope_mean": 34.3, "slope_max": 46.2, "aspect_deg": 48.0, "aspect_R": 0.65, "length_m": 127.9, "n_samp": 10, "aspect_dir": "NE" }, "geometry": { "type": "MultiLineString", "coordinates": [ [ [ -66.753634412727905, 10.558664681754799 ], [ -66.753238981181994, 10.5589232331502 ], [ -66.752569789334999, 10.559105740017502 ] ] ] } },
{ "type": "Feature", "properties": { "id": "ven2026_inventory_line.28", "tessellate": -1, "extrude": 0, "visibility": -1, "OBJECTID": 52.0, "IMPACTS_STREAM": null, "COMMENTS": null, "Shape__Length": 35.086173590155603, "GlobalID": "ae692d06-7fd1-4b8c-a7a3-7a823f1c8f62", "CreationDate": "2026-07-14T14:01:30.470", "Creator": "kallstadt@usgs.gov_USGS", "EditDate": "2026-07-14T14:01:30.470", "Editor": "kallstadt@usgs.gov_USGS", "slope_mean": 38.4, "slope_max": 40.7, "aspect_deg": 62.0, "aspect_R": 1.0, "length_m": 34.4, "n_samp": 4, "aspect_dir": "NE" }, "geometry": { "type": "MultiLineString", "coordinates": [ [ [ -66.757089351955699, 10.5656396851483 ], [ -66.7568367179002, 10.565824950122199 ] ] ] } },
{ "type": "Feature", "properties": { "id": "ven2026_inventory_line.29", "tessellate": -1, "extrude": 0, "visibility": -1, "OBJECTID": 53.0, "IMPACTS_STREAM": null, "COMMENTS": null, "Shape__Length": 17.668291877691601, "GlobalID": "4845770b-d1fe-4f96-b12d-df4b554215f3", "CreationDate": "2026-07-14T14:01:30.470", "Creator": "kallstadt@usgs.gov_USGS", "EditDate": "2026-07-14T14:01:30.470", "Editor": "kallstadt@usgs.gov_USGS", "slope_mean": 35.4, "slope_max": 35.4, "aspect_deg": 60.0, "aspect_R": 1.0, "length_m": 17.4, "n_samp": 3, "aspect_dir": "NE" }, "geometry": { "type": "MultiLineString", "coordinates": [ [ [ -66.757021982874207, 10.565412314498502 ], [ -66.756878823576102, 10.565479683579802 ] ] ] } },
{ "type": "Feature", "properties": { "id": "ven2026_inventory_line.30", "tessellate": -1, "extrude": 0, "visibility": -1, "OBJECTID": 57.0, "IMPACTS_STREAM": null, "COMMENTS": null, "Shape__Length": 41.354684304951, "GlobalID": "6778c220-97b1-4f24-b28a-6d8d5c2cd05e", "CreationDate": "2026-07-14T14:01:30.470", "Creator": "kallstadt@usgs.gov_USGS", "EditDate": "2026-07-14T14:01:30.470", "Editor": "kallstadt@usgs.gov_USGS", "slope_mean": 36.0, "slope_max": 38.0, "aspect_deg": 328.0, "aspect_R": 0.99, "length_m": 40.5, "n_samp": 4, "aspect_dir": "NW" }, "geometry": { "type": "MultiLineString", "coordinates": [ [ [ -66.748044420244696, 10.5629276177175 ], [ -66.748201769585094, 10.563107445534801 ], [ -66.748235487300704, 10.563231077159298 ] ] ] } },
{ "type": "Feature", "properties": { "id": "ven2026_inventory_line.31", "tessellate": -1, "extrude": 0, "visibility": -1, "OBJECTID": 58.0, "IMPACTS_STREAM": null, "COMMENTS": null, "Shape__Length": 29.968591586658501, "GlobalID": "3503f913-9d14-43e9-840f-235cb37074ed", "CreationDate": "2026-07-14T14:01:30.470", "Creator": "kallstadt@usgs.gov_USGS", "EditDate": "2026-07-14T14:01:30.470", "Editor": "kallstadt@usgs.gov_USGS", "slope_mean": 34.8, "slope_max": 35.5, "aspect_deg": 278.0, "aspect_R": 1.0, "length_m": 29.4, "n_samp": 3, "aspect_dir": "W" }, "geometry": { "type": "MultiLineString", "coordinates": [ [ [ -66.747846927393994, 10.561637610168598 ], [ -66.748090356274318, 10.561750630720097 ] ] ] } },
{ "type": "Feature", "properties": { "id": "ven2026_inventory_line.32", "tessellate": -1, "extrude": 0, "visibility": -1, "OBJECTID": 59.0, "IMPACTS_STREAM": null, "COMMENTS": null, "Shape__Length": 20.896955776230399, "GlobalID": "c8f9c163-706e-444e-bbf7-8c078ee71463", "CreationDate": "2026-07-14T14:01:30.470", "Creator": "kallstadt@usgs.gov_USGS", "EditDate": "2026-07-14T14:01:30.470", "Editor": "kallstadt@usgs.gov_USGS", "slope_mean": 34.5, "slope_max": 34.9, "aspect_deg": 277.0, "aspect_R": 0.99, "length_m": 20.5, "n_samp": 3, "aspect_dir": "W" }, "geometry": { "type": "MultiLineString", "coordinates": [ [ [ -66.748133825717204, 10.561611528502798 ], [ -66.748307703488805, 10.561681079611496 ] ] ] } },
{ "type": "Feature", "properties": { "id": "ven2026_inventory_line.33", "tessellate": -1, "extrude": 0, "visibility": -1, "OBJECTID": 60.0, "IMPACTS_STREAM": null, "COMMENTS": null, "Shape__Length": 41.801703277001003, "GlobalID": "68080a8d-de85-4e8f-b8e0-b22d0569abcb", "CreationDate": "2026-07-14T14:01:30.470", "Creator": "kallstadt@usgs.gov_USGS", "EditDate": "2026-07-14T14:01:30.470", "Editor": "kallstadt@usgs.gov_USGS", "slope_mean": 42.3, "slope_max": 43.3, "aspect_deg": 257.0, "aspect_R": 0.96, "length_m": 40.9, "n_samp": 4, "aspect_dir": "W" }, "geometry": { "type": "MultiLineString", "coordinates": [ [ [ -66.749898685099197, 10.562489611249497 ], [ -66.749889991210594, 10.562315733477798 ], [ -66.750029093427898, 10.5621766312606 ] ] ] } },
{ "type": "Feature", "properties": { "id": "ven2026_inventory_line.34", "tessellate": -1, "extrude": 0, "visibility": -1, "OBJECTID": 32.0, "IMPACTS_STREAM": "Y", "COMMENTS": "May be damming?", "Shape__Length": 91.889052725526795, "GlobalID": "59fa7455-9f08-4c1d-b92a-ef851a43fadb", "CreationDate": "2026-07-14T13:56:10.578", "Creator": "kallstadt@usgs.gov_USGS", "EditDate": "2026-07-14T14:05:14.760", "Editor": "kallstadt@usgs.gov_USGS", "slope_mean": 20.0, "slope_max": 25.7, "aspect_deg": 295.0, "aspect_R": 0.33, "length_m": 90.3, "n_samp": 8, "aspect_dir": "NW" }, "geometry": { "type": "MultiLineString", "coordinates": [ [ [ -66.752935658234094, 10.561453099446101 ], [ -66.752128008410196, 10.561620724881299 ] ] ] } },
{ "type": "Feature", "properties": { "id": "ven2026_inventory_line.35", "tessellate": -1, "extrude": 0, "visibility": -1, "OBJECTID": 33.0, "IMPACTS_STREAM": "Y", "COMMENTS": null, "Shape__Length": 112.588206807796, "GlobalID": "18548398-e688-401d-b89c-43909659a1e0", "CreationDate": "2026-07-14T13:56:10.578", "Creator": "kallstadt@usgs.gov_USGS", "EditDate": "2026-07-14T14:05:14.760", "Editor": "kallstadt@usgs.gov_USGS", "slope_mean": 28.0, "slope_max": 43.6, "aspect_deg": 320.0, "aspect_R": 0.58, "length_m": 110.5, "n_samp": 9, "aspect_dir": "NW" }, "geometry": { "type": "MultiLineString", "coordinates": [ [ [ -66.753270909104302, 10.5618797823719 ], [ -66.752798510150697, 10.562199794566199 ], [ -66.752402304576805, 10.562382658677299 ] ] ] } },
{ "type": "Feature", "properties": { "id": "ven2026_inventory_line.36", "tessellate": -1, "extrude": 0, "visibility": -1, "OBJECTID": 34.0, "IMPACTS_STREAM": "Y", "COMMENTS": null, "Shape__Length": 48.944564552622801, "GlobalID": "dba5e3a2-0e2b-4197-af99-000bbfac12e0", "CreationDate": "2026-07-14T13:56:10.578", "Creator": "kallstadt@usgs.gov_USGS", "EditDate": "2026-07-14T14:05:14.760", "Editor": "kallstadt@usgs.gov_USGS", "slope_mean": 27.4, "slope_max": 32.4, "aspect_deg": 283.0, "aspect_R": 0.77, "length_m": 48.1, "n_samp": 5, "aspect_dir": "W" }, "geometry": { "type": "MultiLineString", "coordinates": [ [ [ -66.752691839419299, 10.561849305020001 ], [ -66.752280395169393, 10.5620016917792 ] ] ] } },
{ "type": "Feature", "properties": { "id": "ven2026_inventory_line.37", "tessellate": -1, "extrude": 0, "visibility": -1, "OBJECTID": 35.0, "IMPACTS_STREAM": "Y", "COMMENTS": null, "Shape__Length": 26.644430149217602, "GlobalID": "d2f9cc91-cdb5-43bc-9430-5acc1edced1f", "CreationDate": "2026-07-14T13:56:10.578", "Creator": "kallstadt@usgs.gov_USGS", "EditDate": "2026-07-14T14:05:14.760", "Editor": "kallstadt@usgs.gov_USGS", "slope_mean": 23.1, "slope_max": 23.2, "aspect_deg": 280.0, "aspect_R": 0.99, "length_m": 26.2, "n_samp": 3, "aspect_dir": "W" }, "geometry": { "type": "MultiLineString", "coordinates": [ [ [ -66.752737555447098, 10.562885534982598 ], [ -66.752524213984103, 10.562992205714099 ] ] ] } },
{ "type": "Feature", "properties": { "id": "ven2026_inventory_line.38", "tessellate": -1, "extrude": 0, "visibility": -1, "OBJECTID": 36.0, "IMPACTS_STREAM": "Y", "COMMENTS": null, "Shape__Length": 124.910302457109, "GlobalID": "edddfb2d-58c8-4a2b-a468-bd82e2090ed6", "CreationDate": "2026-07-14T13:56:10.578", "Creator": "kallstadt@usgs.gov_USGS", "EditDate": "2026-07-14T14:05:14.760", "Editor": "kallstadt@usgs.gov_USGS", "slope_mean": 24.8, "slope_max": 34.5, "aspect_deg": 359.0, "aspect_R": 0.42, "length_m": 122.7, "n_samp": 10, "aspect_dir": "N" }, "geometry": { "type": "MultiLineString", "coordinates": [ [ [ -66.75377378540972, 10.5631598311492 ], [ -66.753255670428402, 10.5633122179084 ], [ -66.752737555447098, 10.563571275399099 ] ] ] } },
{ "type": "Feature", "properties": { "id": "ven2026_inventory_line.39", "tessellate": -1, "extrude": 0, "visibility": -1, "OBJECTID": 37.0, "IMPACTS_STREAM": "Y", "COMMENTS": null, "Shape__Length": 48.016567534141601, "GlobalID": "7186bf3c-f840-4789-96a0-f177707614cc", "CreationDate": "2026-07-14T13:56:10.578", "Creator": "kallstadt@usgs.gov_USGS", "EditDate": "2026-07-14T14:05:14.760", "Editor": "kallstadt@usgs.gov_USGS", "slope_mean": 24.4, "slope_max": 25.2, "aspect_deg": 302.0, "aspect_R": 1.0, "length_m": 47.2, "n_samp": 5, "aspect_dir": "NW" }, "geometry": { "type": "MultiLineString", "coordinates": [ [ [ -66.753209954400603, 10.5635407980472 ], [ -66.752813748826597, 10.563708423482398 ] ] ] } },
{ "type": "Feature", "properties": { "id": "ven2026_inventory_line.40", "tessellate": -1, "extrude": 0, "visibility": -1, "OBJECTID": 38.0, "IMPACTS_STREAM": "Y", "COMMENTS": null, "Shape__Length": 285.24079850173501, "GlobalID": "7243fd95-1077-46d2-be9a-4cc22f141ac4", "CreationDate": "2026-07-14T13:56:10.578", "Creator": "kallstadt@usgs.gov_USGS", "EditDate": "2026-07-14T14:05:14.760", "Editor": "kallstadt@usgs.gov_USGS", "slope_mean": 35.3, "slope_max": 39.6, "aspect_deg": 273.0, "aspect_R": 0.98, "length_m": 280.3, "n_samp": 20, "aspect_dir": "W" }, "geometry": { "type": "MultiLineString", "coordinates": [ [ [ -66.748931633682304, 10.560201029877001 ], [ -66.749381299529105, 10.560350918492599 ], [ -66.7497410322066, 10.560575751416 ], [ -66.750310608945895, 10.560905506370402 ], [ -66.750760274792697, 10.561040406124501 ], [ -66.751284884947395, 10.561115350432301 ] ] ] } },
{ "type": "Feature", "properties": { "id": "ven2026_inventory_line.41", "tessellate": -1, "extrude": 0, "visibility": -1, "OBJECTID": 39.0, "IMPACTS_STREAM": "Y", "COMMENTS": null, "Shape__Length": 38.238837524787797, "GlobalID": "710156aa-c81f-4450-86a8-7281737b49fb", "CreationDate": "2026-07-14T13:56:10.578", "Creator": "kallstadt@usgs.gov_USGS", "EditDate": "2026-07-14T14:05:14.760", "Editor": "kallstadt@usgs.gov_USGS", "slope_mean": 37.4, "slope_max": 39.7, "aspect_deg": 262.0, "aspect_R": 1.0, "length_m": 37.6, "n_samp": 4, "aspect_dir": "W" }, "geometry": { "type": "MultiLineString", "coordinates": [ [ [ -66.749995842853096, 10.561070383847598 ], [ -66.750295620084401, 10.5609055063704 ] ] ] } },
{ "type": "Feature", "properties": { "id": "ven2026_inventory_line.42", "tessellate": -1, "extrude": 0, "visibility": -1, "OBJECTID": 40.0, "IMPACTS_STREAM": "Y", "COMMENTS": null, "Shape__Length": 42.829324206201903, "GlobalID": "bbc11f7b-b0d6-41d2-83ff-8ebd4eedac45", "CreationDate": "2026-07-14T13:56:10.578", "Creator": "kallstadt@usgs.gov_USGS", "EditDate": "2026-07-14T14:05:14.760", "Editor": "kallstadt@usgs.gov_USGS", "slope_mean": 37.3, "slope_max": 42.3, "aspect_deg": 269.0, "aspect_R": 1.0, "length_m": 42.1, "n_samp": 4, "aspect_dir": "W" }, "geometry": { "type": "MultiLineString", "coordinates": [ [ [ -66.750175709191893, 10.5611753058785 ], [ -66.750505464146201, 10.560980450678199 ] ] ] } },
{ "type": "Feature", "properties": { "id": "ven2026_inventory_line.43", "tessellate": -1, "extrude": 0, "visibility": -1, "OBJECTID": 41.0, "IMPACTS_STREAM": "Y", "COMMENTS": null, "Shape__Length": 151.65488127673899, "GlobalID": "54dbf89e-7877-400a-b366-a4b9f621cb6e", "CreationDate": "2026-07-14T13:56:10.578", "Creator": "kallstadt@usgs.gov_USGS", "EditDate": "2026-07-14T14:05:14.760", "Editor": "kallstadt@usgs.gov_USGS", "slope_mean": 34.9, "slope_max": 44.7, "aspect_deg": 286.0, "aspect_R": 0.99, "length_m": 149.1, "n_samp": 11, "aspect_dir": "W" }, "geometry": { "type": "MultiLineString", "coordinates": [ [ [ -66.750009788533802, 10.5614627296524 ], [ -66.750425084317101, 10.5613957464615 ], [ -66.750960949844099, 10.561288573356196 ], [ -66.751336055712898, 10.561168003612602 ] ] ] } },
{ "type": "Feature", "properties": { "id": "ven2026_inventory_line.44", "tessellate": -1, "extrude": 0, "visibility": -1, "OBJECTID": 43.0, "IMPACTS_STREAM": "Y", "COMMENTS": null, "Shape__Length": 35.433077109968998, "GlobalID": "a9a4fcf9-3dcf-4557-b1f7-ea26295d9c49", "CreationDate": "2026-07-14T13:57:46.715", "Creator": "kallstadt@usgs.gov_USGS", "EditDate": "2026-07-14T14:05:14.760", "Editor": "kallstadt@usgs.gov_USGS", "slope_mean": 15.2, "slope_max": 19.4, "aspect_deg": 256.0, "aspect_R": 0.54, "length_m": 34.8, "n_samp": 4, "aspect_dir": "W" }, "geometry": { "type": "MultiLineString", "coordinates": [ [ [ -66.752417700278912, 10.560778719634996 ], [ -66.752159148883393, 10.5609612265024 ] ] ] } },
{ "type": "Feature", "properties": { "id": "ven2026_inventory_line.45", "tessellate": -1, "extrude": 0, "visibility": -1, "OBJECTID": 44.0, "IMPACTS_STREAM": "Y", "COMMENTS": null, "Shape__Length": 34.554620327279999, "GlobalID": "c0070693-1731-4800-b334-0f0a1ceeefe8", "CreationDate": "2026-07-14T13:57:46.715", "Creator": "kallstadt@usgs.gov_USGS", "EditDate": "2026-07-14T14:05:14.760", "Editor": "kallstadt@usgs.gov_USGS", "slope_mean": 22.4, "slope_max": 24.4, "aspect_deg": 304.0, "aspect_R": 0.91, "length_m": 34.0, "n_samp": 4, "aspect_dir": "NW" }, "geometry": { "type": "MultiLineString", "coordinates": [ [ [ -66.753284607898905, 10.563972589814 ], [ -66.752980429786604, 10.564033425436396 ] ] ] } },
{ "type": "Feature", "properties": { "id": "ven2026_inventory_line.46", "tessellate": -1, "extrude": 0, "visibility": -1, "OBJECTID": 47.0, "IMPACTS_STREAM": "Y", "COMMENTS": null, "Shape__Length": 7.71664346577277, "GlobalID": "73f42617-25e7-4997-b4f4-86e9597cbdd6", "CreationDate": "2026-07-14T14:01:30.470", "Creator": "kallstadt@usgs.gov_USGS", "EditDate": "2026-07-14T14:05:14.760", "Editor": "kallstadt@usgs.gov_USGS", "slope_mean": 20.5, "slope_max": 20.5, "aspect_deg": 247.0, "aspect_R": 1.0, "length_m": 7.6, "n_samp": 2, "aspect_dir": "SW" }, "geometry": { "type": "MultiLineString", "coordinates": [ [ [ -66.753212261318694, 10.564468164892498 ], [ -66.753152330906602, 10.5645024108422 ] ] ] } },
{ "type": "Feature", "properties": { "id": "ven2026_inventory_line.47", "tessellate": -1, "extrude": 0, "visibility": -1, "OBJECTID": 48.0, "IMPACTS_STREAM": "Y", "COMMENTS": null, "Shape__Length": 6.9092951012275901, "GlobalID": "2cbb5386-9e54-461e-b270-08e4e8d4d542", "CreationDate": "2026-07-14T14:01:30.470", "Creator": "kallstadt@usgs.gov_USGS", "EditDate": "2026-07-14T14:05:14.760", "Editor": "kallstadt@usgs.gov_USGS", "slope_mean": 24.4, "slope_max": 24.4, "aspect_deg": 272.0, "aspect_R": 1.0, "length_m": 6.8, "n_samp": 2, "aspect_dir": "W" }, "geometry": { "type": "MultiLineString", "coordinates": [ [ [ -66.753100961982099, 10.5643311810936 ], [ -66.753049593057497, 10.564365427043303 ] ] ] } },
{ "type": "Feature", "properties": { "id": "ven2026_inventory_line.48", "tessellate": -1, "extrude": 0, "visibility": -1, "OBJECTID": 61.0, "IMPACTS_STREAM": null, "COMMENTS": "PlanetScope 07/07", "Shape__Length": 30.7225484615741, "GlobalID": "1b55bf15-8638-42ad-bcf4-89a86bc7819c", "CreationDate": "2026-07-14T14:05:18.845", "Creator": "ecollins@usgs.gov_USGS", "EditDate": "2026-07-14T14:05:18.845", "Editor": "ecollins@usgs.gov_USGS", "slope_mean": 26.8, "slope_max": 34.2, "aspect_deg": 72.0, "aspect_R": 0.97, "length_m": 30.1, "n_samp": 4, "aspect_dir": "E" }, "geometry": { "type": "MultiLineString", "coordinates": [ [ [ -66.915338983561895, 10.5849503696924 ], [ -66.915110573716802, 10.584798096462398 ] ] ] } },
{ "type": "Feature", "properties": { "id": "ven2026_inventory_line.49", "tessellate": -1, "extrude": 0, "visibility": -1, "OBJECTID": 62.0, "IMPACTS_STREAM": null, "COMMENTS": null, "Shape__Length": 89.116353036471494, "GlobalID": "20f9694b-f876-41b2-a039-68586cc6d46b", "CreationDate": "2026-07-14T14:05:18.845", "Creator": "ecollins@usgs.gov_USGS", "EditDate": "2026-07-14T14:05:18.845", "Editor": "ecollins@usgs.gov_USGS", "slope_mean": 42.3, "slope_max": 43.2, "aspect_deg": 65.0, "aspect_R": 1.0, "length_m": 87.6, "n_samp": 7, "aspect_dir": "NE" }, "geometry": { "type": "MultiLineString", "coordinates": [ [ [ -66.914533204386004, 10.5851724348197 ], [ -66.914304794540897, 10.585191468973498 ], [ -66.914120797721296, 10.585166090101797 ], [ -66.913955835055305, 10.585261260870501 ], [ -66.913765493517701, 10.585299329178101 ] ] ] } },
{ "type": "Feature", "properties": { "id": "ven2026_inventory_line.50", "tessellate": -1, "extrude": 0, "visibility": -1, "OBJECTID": 63.0, "IMPACTS_STREAM": null, "COMMENTS": "PlanetScope 07/07", "Shape__Length": 19.917338290084199, "GlobalID": "8b877bd9-f854-44c8-91fe-5bb8dda7de31", "CreationDate": "2026-07-14T14:05:18.845", "Creator": "ecollins@usgs.gov_USGS", "EditDate": "2026-07-14T14:05:18.845", "Editor": "ecollins@usgs.gov_USGS", "slope_mean": 33.0, "slope_max": 33.0, "aspect_deg": 301.0, "aspect_R": 1.0, "length_m": 19.6, "n_samp": 3, "aspect_dir": "NW" }, "geometry": { "type": "MultiLineString", "coordinates": [ [ [ -66.917527911244505, 10.585204158409303 ], [ -66.9176992186284, 10.585254916152701 ] ] ] } },
{ "type": "Feature", "properties": { "id": "ven2026_inventory_line.51", "tessellate": -1, "extrude": 0, "visibility": -1, "OBJECTID": 30.0, "IMPACTS_STREAM": "Y", "COMMENTS": null, "Shape__Length": 91.630911494476905, "GlobalID": "15c28084-6897-4a3d-ab13-525391b74f6a", "CreationDate": "2026-07-14T13:56:10.578", "Creator": "kallstadt@usgs.gov_USGS", "EditDate": "2026-07-14T14:06:46.556", "Editor": "kallstadt@usgs.gov_USGS", "slope_mean": 41.7, "slope_max": 47.7, "aspect_deg": 39.0, "aspect_R": 0.99, "length_m": 89.7, "n_samp": 7, "aspect_dir": "NE" }, "geometry": { "type": "MultiLineString", "coordinates": [ [ [ -66.754200468335497, 10.561605486205302 ], [ -66.7541090362799, 10.561834066344099 ], [ -66.75377378540972, 10.562291226621799 ] ] ] } },
{ "type": "Feature", "properties": { "id": "ven2026_inventory_line.52", "tessellate": -1, "extrude": 0, "visibility": -1, "OBJECTID": 64.0, "IMPACTS_STREAM": "Y", "COMMENTS": null, "Shape__Length": 54.754203468218599, "GlobalID": "359f67d1-72b8-4408-95a6-30837e2b18ef", "CreationDate": "2026-07-14T14:06:46.768", "Creator": "kallstadt@usgs.gov_USGS", "EditDate": "2026-07-14T14:06:46.768", "Editor": "kallstadt@usgs.gov_USGS", "slope_mean": 40.1, "slope_max": 47.0, "aspect_deg": 52.0, "aspect_R": 0.97, "length_m": 53.7, "n_samp": 5, "aspect_dir": "NE" }, "geometry": { "type": "MultiLineString", "coordinates": [ [ [ -66.754465847507504, 10.561925104682199 ], [ -66.754290645276399, 10.562144107471299 ], [ -66.754106682933497, 10.562240468698402 ] ] ] } },
{ "type": "Feature", "properties": { "id": "ven2026_inventory_line.53", "tessellate": -1, "extrude": 0, "visibility": -1, "OBJECTID": 65.0, "IMPACTS_STREAM": "Y", "COMMENTS": null, "Shape__Length": 20.3130881951246, "GlobalID": "55a1f9d1-e8be-4e5d-8095-44b5eeab3078", "CreationDate": "2026-07-14T14:06:46.768", "Creator": "kallstadt@usgs.gov_USGS", "EditDate": "2026-07-14T14:06:46.768", "Editor": "kallstadt@usgs.gov_USGS", "slope_mean": 36.7, "slope_max": 38.3, "aspect_deg": 67.0, "aspect_R": 0.97, "length_m": 19.9, "n_samp": 3, "aspect_dir": "NE" }, "geometry": { "type": "MultiLineString", "coordinates": [ [ [ -66.754676090185001, 10.5620827866904 ], [ -66.754562208734697, 10.562222948475302 ] ] ] } },
{ "type": "Feature", "properties": { "id": "ven2026_inventory_line.54", "tessellate": -1, "extrude": 0, "visibility": -1, "OBJECTID": 66.0, "IMPACTS_STREAM": null, "COMMENTS": null, "Shape__Length": 16.969484991354999, "GlobalID": "679a6f08-95bf-4d19-9042-5604d90dc61a", "CreationDate": "2026-07-14T14:06:46.768", "Creator": "kallstadt@usgs.gov_USGS", "EditDate": "2026-07-14T14:06:46.768", "Editor": "kallstadt@usgs.gov_USGS", "slope_mean": 44.0, "slope_max": 47.0, "aspect_deg": 34.0, "aspect_R": 1.0, "length_m": 16.6, "n_samp": 3, "aspect_dir": "NE" }, "geometry": { "type": "MultiLineString", "coordinates": [ [ [ -66.754457087395906, 10.561548419885199 ], [ -66.754369486280396, 10.561671061446999 ] ] ] } },
{ "type": "Feature", "properties": { "id": "ven2026_inventory_line.55", "tessellate": -1, "extrude": 0, "visibility": -1, "OBJECTID": 67.0, "IMPACTS_STREAM": null, "COMMENTS": null, "Shape__Length": 24.385741496508299, "GlobalID": "bca699b6-c346-44a1-97e2-e4369d78e34d", "CreationDate": "2026-07-14T14:06:46.768", "Creator": "kallstadt@usgs.gov_USGS", "EditDate": "2026-07-14T14:06:46.768", "Editor": "kallstadt@usgs.gov_USGS", "slope_mean": 43.6, "slope_max": 44.5, "aspect_deg": 31.0, "aspect_R": 1.0, "length_m": 23.9, "n_samp": 3, "aspect_dir": "NE" }, "geometry": { "type": "MultiLineString", "coordinates": [ [ [ -66.754886332862398, 10.561653541223899 ], [ -66.754772451412194, 10.5618375035667 ] ] ] } },
{ "type": "Feature", "properties": { "id": "ven2026_inventory_line.56", "tessellate": -1, "extrude": 0, "visibility": -1, "OBJECTID": 68.0, "IMPACTS_STREAM": "Y", "COMMENTS": null, "Shape__Length": 130.023024191807, "GlobalID": "4a3f5408-5aa9-410b-8b8c-65de518422ff", "CreationDate": "2026-07-14T14:06:46.768", "Creator": "kallstadt@usgs.gov_USGS", "EditDate": "2026-07-14T14:06:46.768", "Editor": "kallstadt@usgs.gov_USGS", "slope_mean": 36.3, "slope_max": 38.2, "aspect_deg": 60.0, "aspect_R": 0.94, "length_m": 127.5, "n_samp": 10, "aspect_dir": "NE" }, "geometry": { "type": "MultiLineString", "coordinates": [ [ [ -66.755981346807502, 10.561390737877099 ], [ -66.755920026026502, 10.561574700219902 ], [ -66.755753583906895, 10.561706101893297 ], [ -66.755622182233495, 10.561855023789798 ], [ -66.755473260336899, 10.561986425463202 ], [ -66.755227977213295, 10.562091546801899 ], [ -66.7551403760977, 10.562109067025098 ] ] ] } },
{ "type": "Feature", "properties": { "id": "ven2026_inventory_line.57", "tessellate": -1, "extrude": 0, "visibility": -1, "OBJECTID": 69.0, "IMPACTS_STREAM": "Y", "COMMENTS": null, "Shape__Length": 24.818599221631001, "GlobalID": "abe833f8-b8a6-4651-999f-003da00002cb", "CreationDate": "2026-07-14T14:06:46.768", "Creator": "kallstadt@usgs.gov_USGS", "EditDate": "2026-07-14T14:06:46.768", "Editor": "kallstadt@usgs.gov_USGS", "slope_mean": 38.3, "slope_max": 40.4, "aspect_deg": 45.0, "aspect_R": 0.98, "length_m": 24.3, "n_samp": 3, "aspect_dir": "NE" }, "geometry": { "type": "MultiLineString", "coordinates": [ [ [ -66.755595901898801, 10.561653541223899 ], [ -66.755587141787302, 10.561872544012902 ] ] ] } },
{ "type": "Feature", "properties": { "id": "ven2026_inventory_line.58", "tessellate": -1, "extrude": 0, "visibility": -1, "OBJECTID": 70.0, "IMPACTS_STREAM": null, "COMMENTS": null, "Shape__Length": 13.690247419717499, "GlobalID": "7458f58e-3791-416f-8bc4-4e8779eccee4", "CreationDate": "2026-07-14T14:07:43.966", "Creator": "kallstadt@usgs.gov_USGS", "EditDate": "2026-07-14T14:07:43.966", "Editor": "kallstadt@usgs.gov_USGS", "slope_mean": 40.7, "slope_max": 41.3, "aspect_deg": 86.0, "aspect_R": 1.0, "length_m": 13.4, "n_samp": 2, "aspect_dir": "E" }, "geometry": { "type": "MultiLineString", "coordinates": [ [ [ -66.756593533516593, 10.5616819148158 ], [ -66.756499722388796, 10.561760090755799 ] ] ] } },
{ "type": "Feature", "properties": { "id": "ven2026_inventory_line.59", "tessellate": -1, "extrude": 0, "visibility": -1, "OBJECTID": 71.0, "IMPACTS_STREAM": null, "COMMENTS": null, "Shape__Length": 9.7023641763514092, "GlobalID": "3b0145f2-f2b6-4746-8bd7-7ff66c35f823", "CreationDate": "2026-07-14T14:07:43.966", "Creator": "kallstadt@usgs.gov_USGS", "EditDate": "2026-07-14T14:07:43.966", "Editor": "kallstadt@usgs.gov_USGS", "slope_mean": 38.3, "slope_max": 38.3, "aspect_deg": 82.0, "aspect_R": 1.0, "length_m": 9.5, "n_samp": 2, "aspect_dir": "E" }, "geometry": { "type": "MultiLineString", "coordinates": [ [ [ -66.756284418160902, 10.5616831963886 ], [ -66.756245970977403, 10.561760090755801 ] ] ] } },
{ "type": "Feature", "properties": { "id": "ven2026_inventory_line.60", "tessellate": -1, "extrude": 0, "visibility": -1, "OBJECTID": 72.0, "IMPACTS_STREAM": null, "COMMENTS": null, "Shape__Length": 11.944079714769501, "GlobalID": "be27d256-ecd6-4bdc-bc69-b7e5aab99ddd", "CreationDate": "2026-07-14T14:07:43.966", "Creator": "kallstadt@usgs.gov_USGS", "EditDate": "2026-07-14T14:07:43.966", "Editor": "kallstadt@usgs.gov_USGS", "slope_mean": 38.2, "slope_max": 38.2, "aspect_deg": 94.0, "aspect_R": 1.0, "length_m": 11.7, "n_samp": 2, "aspect_dir": "E" }, "geometry": { "type": "MultiLineString", "coordinates": [ [ [ -66.755953772382398, 10.562013842167202 ], [ -66.755861499141901, 10.561960016110197 ] ] ] } },
{ "type": "Feature", "properties": { "id": "ven2026_inventory_line.61", "tessellate": -1, "extrude": 0, "visibility": -1, "OBJECTID": 73.0, "IMPACTS_STREAM": null, "COMMENTS": null, "Shape__Length": 62.847518902514402, "GlobalID": "196ecf90-1fd2-4ff5-983e-b7136dae8552", "CreationDate": "2026-07-14T14:07:43.966", "Creator": "kallstadt@usgs.gov_USGS", "EditDate": "2026-07-14T14:07:43.966", "Editor": "kallstadt@usgs.gov_USGS", "slope_mean": 38.6, "slope_max": 45.7, "aspect_deg": 38.0, "aspect_R": 0.98, "length_m": 61.4, "n_samp": 6, "aspect_dir": "NE" }, "geometry": { "type": "MultiLineString", "coordinates": [ [ [ -66.752668947236401, 10.555474725793898 ], [ -66.752648921941699, 10.5558351810982 ], [ -66.752635571745202, 10.556028758946701 ] ] ] } },
{ "type": "Feature", "properties": { "id": "ven2026_inventory_line.62", "tessellate": -1, "extrude": 0, "visibility": -1, "OBJECTID": 74.0, "IMPACTS_STREAM": null, "COMMENTS": null, "Shape__Length": 26.833824429568899, "GlobalID": "3697e931-ac76-4f5f-a3b8-662a8b15b293", "CreationDate": "2026-07-14T14:08:45.309", "Creator": "kallstadt@usgs.gov_USGS", "EditDate": "2026-07-14T14:08:45.309", "Editor": "kallstadt@usgs.gov_USGS", "slope_mean": 37.8, "slope_max": 38.4, "aspect_deg": 32.0, "aspect_R": 1.0, "length_m": 26.3, "n_samp": 3, "aspect_dir": "NE" }, "geometry": { "type": "MultiLineString", "coordinates": [ [ [ -66.765355071077096, 10.560018970378099 ], [ -66.765169266463204, 10.560169936626997 ] ] ] } },
{ "type": "Feature", "properties": { "id": "ven2026_inventory_line.63", "tessellate": -1, "extrude": 0, "visibility": -1, "OBJECTID": 75.0, "IMPACTS_STREAM": null, "COMMENTS": null, "Shape__Length": 14.4136570360711, "GlobalID": "6eae3b79-499a-4d2d-98e3-8d8d66202e87", "CreationDate": "2026-07-14T14:08:45.309", "Creator": "kallstadt@usgs.gov_USGS", "EditDate": "2026-07-14T14:08:45.309", "Editor": "kallstadt@usgs.gov_USGS", "slope_mean": 34.1, "slope_max": 34.3, "aspect_deg": 9.0, "aspect_R": 1.0, "length_m": 14.1, "n_samp": 2, "aspect_dir": "N" }, "geometry": { "type": "MultiLineString", "coordinates": [ [ [ -66.764495156737894, 10.559990174033501 ], [ -66.764416510603198, 10.560091290492396 ] ] ] } },
{ "type": "Feature", "properties": { "id": "ven2026_inventory_line.64", "tessellate": -1, "extrude": 0, "visibility": -1, "OBJECTID": 76.0, "IMPACTS_STREAM": null, "COMMENTS": null, "Shape__Length": 33.782821743869697, "GlobalID": "69236bf0-39b6-4877-b881-f6348fe91e4d", "CreationDate": "2026-07-14T14:08:45.309", "Creator": "kallstadt@usgs.gov_USGS", "EditDate": "2026-07-14T14:08:45.309", "Editor": "kallstadt@usgs.gov_USGS", "slope_mean": 40.9, "slope_max": 44.6, "aspect_deg": 80.0, "aspect_R": 0.99, "length_m": 33.1, "n_samp": 4, "aspect_dir": "E" }, "geometry": { "type": "MultiLineString", "coordinates": [ [ [ -66.761316079904901, 10.567204281327298 ], [ -66.761189265800596, 10.5673310954316 ], [ -66.761087814517097, 10.567398729620601 ] ] ] } },
{ "type": "Feature", "properties": { "id": "ven2026_inventory_line.65", "tessellate": -1, "extrude": 0, "visibility": -1, "OBJECTID": 77.0, "IMPACTS_STREAM": "P", "COMMENTS": "PlanetScope 07/07", "Shape__Length": 39.959587719361501, "GlobalID": "00cac739-e55a-43b4-b036-4e0490b01ca6", "CreationDate": "2026-07-14T14:09:01.904", "Creator": "ecollins@usgs.gov_USGS", "EditDate": "2026-07-14T14:09:01.904", "Editor": "ecollins@usgs.gov_USGS", "slope_mean": 37.4, "slope_max": 40.6, "aspect_deg": 260.0, "aspect_R": 1.0, "length_m": 39.3, "n_samp": 4, "aspect_dir": "W" }, "geometry": { "type": "MultiLineString", "coordinates": [ [ [ -66.910773959018201, 10.585026506307502 ], [ -66.910951611119998, 10.585001127435802 ], [ -66.911110229068001, 10.584918646102897 ] ] ] } },
{ "type": "Feature", "properties": { "id": "ven2026_inventory_line.66", "tessellate": -1, "extrude": 0, "visibility": -1, "OBJECTID": 78.0, "IMPACTS_STREAM": null, "COMMENTS": null, "Shape__Length": 24.5606057540747, "GlobalID": "df0673ba-4156-4c1f-bf5f-155bb47cc3b8", "CreationDate": "2026-07-14T14:10:01.839", "Creator": "kallstadt@usgs.gov_USGS", "EditDate": "2026-07-14T14:10:01.839", "Editor": "kallstadt@usgs.gov_USGS", "slope_mean": 40.8, "slope_max": 41.6, "aspect_deg": 86.0, "aspect_R": 1.0, "length_m": 24.1, "n_samp": 3, "aspect_dir": "E" }, "geometry": { "type": "MultiLineString", "coordinates": [ [ [ -66.756230629284801, 10.555797369816798 ], [ -66.756028380934396, 10.555710691952402 ] ] ] } },
{ "type": "Feature", "properties": { "id": "ven2026_inventory_line.67", "tessellate": -1, "extrude": 0, "visibility": -1, "OBJECTID": 79.0, "IMPACTS_STREAM": null, "COMMENTS": null, "Shape__Length": 11.4696699911495, "GlobalID": "d9db73fc-03cf-4b07-a9a4-a3052d1624cb", "CreationDate": "2026-07-14T14:10:01.839", "Creator": "kallstadt@usgs.gov_USGS", "EditDate": "2026-07-14T14:10:01.839", "Editor": "kallstadt@usgs.gov_USGS", "slope_mean": 37.7, "slope_max": 37.7, "aspect_deg": 90.0, "aspect_R": 1.0, "length_m": 11.2, "n_samp": 2, "aspect_dir": "E" }, "geometry": { "type": "MultiLineString", "coordinates": [ [ [ -66.755681669476701, 10.555681799330896 ], [ -66.755609437922999, 10.5556095677772 ] ] ] } },
{ "type": "Feature", "properties": { "id": "ven2026_inventory_line.68", "tessellate": -1, "extrude": 0, "visibility": -1, "OBJECTID": 80.0, "IMPACTS_STREAM": null, "COMMENTS": null, "Shape__Length": 10.6654047743109, "GlobalID": "c8fcc8ec-57e3-4577-8cc0-76c1d7a79cad", "CreationDate": "2026-07-14T14:10:01.839", "Creator": "kallstadt@usgs.gov_USGS", "EditDate": "2026-07-14T14:10:01.839", "Editor": "kallstadt@usgs.gov_USGS", "slope_mean": 27.7, "slope_max": 27.7, "aspect_deg": 57.0, "aspect_R": 1.0, "length_m": 10.5, "n_samp": 2, "aspect_dir": "NE" }, "geometry": { "type": "MultiLineString", "coordinates": [ [ [ -66.756762737447303, 10.557887206876099 ], [ -66.756673993419497, 10.557922704487298 ] ] ] } },
{ "type": "Feature", "properties": { "id": "ven2026_inventory_line.69", "tessellate": -1, "extrude": 0, "visibility": -1, "OBJECTID": 81.0, "IMPACTS_STREAM": null, "COMMENTS": null, "Shape__Length": 73.845153049544606, "GlobalID": "3ebcd1d2-a893-421b-bc15-82b8de31a63d", "CreationDate": "2026-07-14T14:11:51.827", "Creator": "kallstadt@usgs.gov_USGS", "EditDate": "2026-07-14T14:11:51.827", "Editor": "kallstadt@usgs.gov_USGS", "slope_mean": 39.8, "slope_max": 40.0, "aspect_deg": 78.0, "aspect_R": 1.0, "length_m": 72.5, "n_samp": 6, "aspect_dir": "E" }, "geometry": { "type": "MultiLineString", "coordinates": [ [ [ -66.767926266594799, 10.5716980094089 ], [ -66.767611597670296, 10.571817883284897 ], [ -66.767341881449298, 10.571997694098899 ] ] ] } },
{ "type": "Feature", "properties": { "id": "ven2026_inventory_line.70", "tessellate": -1, "extrude": 0, "visibility": -1, "OBJECTID": 82.0, "IMPACTS_STREAM": null, "COMMENTS": null, "Shape__Length": 59.925865935247003, "GlobalID": "f45bbfdc-2c35-46d0-b8d6-8c4c048639d7", "CreationDate": "2026-07-14T14:11:51.827", "Creator": "kallstadt@usgs.gov_USGS", "EditDate": "2026-07-14T14:11:51.827", "Editor": "kallstadt@usgs.gov_USGS", "slope_mean": 36.3, "slope_max": 40.5, "aspect_deg": 53.0, "aspect_R": 1.0, "length_m": 58.8, "n_samp": 5, "aspect_dir": "NE" }, "geometry": { "type": "MultiLineString", "coordinates": [ [ [ -66.769125005354994, 10.5720726152714 ], [ -66.7689002418375, 10.572327347258001 ], [ -66.768720431023397, 10.572402268430398 ] ] ] } },
{ "type": "Feature", "properties": { "id": "ven2026_inventory_line.71", "tessellate": -1, "extrude": 0, "visibility": -1, "OBJECTID": 83.0, "IMPACTS_STREAM": null, "COMMENTS": null, "Shape__Length": 61.593790945851701, "GlobalID": "0f783733-70be-4740-bee5-a8242d7016f1", "CreationDate": "2026-07-14T14:11:51.827", "Creator": "kallstadt@usgs.gov_USGS", "EditDate": "2026-07-14T14:11:51.827", "Editor": "kallstadt@usgs.gov_USGS", "slope_mean": 33.7, "slope_max": 40.5, "aspect_deg": 19.0, "aspect_R": 1.0, "length_m": 60.2, "n_samp": 6, "aspect_dir": "N" }, "geometry": { "type": "MultiLineString", "coordinates": [ [ [ -66.7683158566918, 10.5738857076462 ], [ -66.768420746333405, 10.5741554238673 ], [ -66.768435730567901, 10.574410155853798 ] ] ] } },
{ "type": "Feature", "properties": { "id": "ven2026_inventory_line.72", "tessellate": -1, "extrude": 0, "visibility": -1, "OBJECTID": 84.0, "IMPACTS_STREAM": null, "COMMENTS": null, "Shape__Length": 13.769080503001, "GlobalID": "26293f75-e5d1-40c6-a40a-8698593ba3e4", "CreationDate": "2026-07-14T14:11:51.827", "Creator": "kallstadt@usgs.gov_USGS", "EditDate": "2026-07-14T14:11:51.827", "Editor": "kallstadt@usgs.gov_USGS", "slope_mean": 36.7, "slope_max": 37.2, "aspect_deg": 29.0, "aspect_R": 1.0, "length_m": 13.5, "n_samp": 2, "aspect_dir": "NE" }, "geometry": { "type": "MultiLineString", "coordinates": [ [ [ -66.768780367961497, 10.574500061260796 ], [ -66.768660494085395, 10.5745300297298 ] ] ] } },
{ "type": "Feature", "properties": { "id": "ven2026_inventory_line.73", "tessellate": -1, "extrude": 0, "visibility": -1, "OBJECTID": 87.0, "IMPACTS_STREAM": null, "COMMENTS": null, "Shape__Length": 13.9787914871622, "GlobalID": "684c2054-bd01-49b2-a5b9-97f3e747aa07", "CreationDate": "2026-07-14T14:11:51.827", "Creator": "kallstadt@usgs.gov_USGS", "EditDate": "2026-07-14T14:11:51.827", "Editor": "kallstadt@usgs.gov_USGS", "slope_mean": 41.9, "slope_max": 43.9, "aspect_deg": 19.0, "aspect_R": 1.0, "length_m": 13.7, "n_samp": 2, "aspect_dir": "N" }, "geometry": { "type": "MultiLineString", "coordinates": [ [ [ -66.764974372397901, 10.575249272985898 ], [ -66.764944403928894, 10.575369146861901 ] ] ] } },
{ "type": "Feature", "properties": { "id": "ven2026_inventory_line.74", "tessellate": -1, "extrude": 0, "visibility": -1, "OBJECTID": 88.0, "IMPACTS_STREAM": null, "COMMENTS": null, "Shape__Length": 34.875994219936203, "GlobalID": "d40355e7-c6cd-4575-8ce9-551e8992cf88", "CreationDate": "2026-07-14T14:11:51.827", "Creator": "kallstadt@usgs.gov_USGS", "EditDate": "2026-07-14T14:11:51.827", "Editor": "kallstadt@usgs.gov_USGS", "slope_mean": 37.3, "slope_max": 39.6, "aspect_deg": 20.0, "aspect_R": 1.0, "length_m": 34.1, "n_samp": 4, "aspect_dir": "N" }, "geometry": { "type": "MultiLineString", "coordinates": [ [ [ -66.764734624645897, 10.575518989206902 ], [ -66.764659703473299, 10.575623878848397 ], [ -66.764659703473299, 10.575803689662498 ] ] ] } },
{ "type": "Feature", "properties": { "id": "ven2026_inventory_line.75", "tessellate": -1, "extrude": 0, "visibility": -1, "OBJECTID": 89.0, "IMPACTS_STREAM": null, "COMMENTS": null, "Shape__Length": 9.8501004127025897, "GlobalID": "0856cfba-a9a2-418c-902a-16d46ddb59a1", "CreationDate": "2026-07-14T14:11:51.827", "Creator": "kallstadt@usgs.gov_USGS", "EditDate": "2026-07-14T14:11:51.827", "Editor": "kallstadt@usgs.gov_USGS", "slope_mean": 39.9, "slope_max": 39.9, "aspect_deg": 20.0, "aspect_R": 1.0, "length_m": 9.6, "n_samp": 2, "aspect_dir": "N" }, "geometry": { "type": "MultiLineString", "coordinates": [ [ [ -66.765139198977394, 10.575384131096396 ], [ -66.765094246273904, 10.575459052269 ] ] ] } },
{ "type": "Feature", "properties": { "id": "ven2026_inventory_line.76", "tessellate": -1, "extrude": 0, "visibility": -1, "OBJECTID": 90.0, "IMPACTS_STREAM": null, "COMMENTS": null, "Shape__Length": 7.5629865918253198, "GlobalID": "46de5006-3fd5-4065-8307-a102af373616", "CreationDate": "2026-07-14T14:11:51.827", "Creator": "kallstadt@usgs.gov_USGS", "EditDate": "2026-07-14T14:11:51.827", "Editor": "kallstadt@usgs.gov_USGS", "slope_mean": 37.3, "slope_max": 39.2, "aspect_deg": 20.0, "aspect_R": 1.0, "length_m": 7.4, "n_samp": 2, "aspect_dir": "N" }, "geometry": { "type": "MultiLineString", "coordinates": [ [ [ -66.765214120149906, 10.575504004972398 ], [ -66.765184151680899, 10.575563941910398 ] ] ] } },
{ "type": "Feature", "properties": { "id": "ven2026_inventory_line.77", "tessellate": -1, "extrude": 0, "visibility": -1, "OBJECTID": 91.0, "IMPACTS_STREAM": null, "COMMENTS": null, "Shape__Length": 40.954767709547298, "GlobalID": "27fa387f-6938-4a63-a3f8-f2bf25a94af5", "CreationDate": "2026-07-14T14:11:51.827", "Creator": "kallstadt@usgs.gov_USGS", "EditDate": "2026-07-14T14:11:51.827", "Editor": "kallstadt@usgs.gov_USGS", "slope_mean": 35.9, "slope_max": 37.1, "aspect_deg": 36.0, "aspect_R": 1.0, "length_m": 40.2, "n_samp": 4, "aspect_dir": "NE" }, "geometry": { "type": "MultiLineString", "coordinates": [ [ [ -66.763296138133597, 10.576448011746098 ], [ -66.762996453443606, 10.576657791029103 ] ] ] } },
{ "type": "Feature", "properties": { "id": "ven2026_inventory_line.78", "tessellate": -1, "extrude": 0, "visibility": -1, "OBJECTID": 92.0, "IMPACTS_STREAM": "P", "COMMENTS": "Can't tell if this is a LS or just veg change. PlanetScope 07/07", "Shape__Length": 34.152097779175499, "GlobalID": "66f414d6-f336-4067-aaa1-fe411adac583", "CreationDate": "2026-07-14T14:12:44.845", "Creator": "ecollins@usgs.gov_USGS", "EditDate": "2026-07-14T14:12:44.845", "Editor": "ecollins@usgs.gov_USGS", "slope_mean": 34.5, "slope_max": 37.9, "aspect_deg": 285.0, "aspect_R": 0.98, "length_m": 33.5, "n_samp": 4, "aspect_dir": "W" }, "geometry": { "type": "MultiLineString", "coordinates": [ [ [ -66.910799337889912, 10.5845569971814 ], [ -66.910951611119899, 10.5845696866173 ], [ -66.911065816042594, 10.584671202104001 ] ] ] } },
{ "type": "Feature", "properties": { "id": "ven2026_inventory_line.79", "tessellate": -1, "extrude": 0, "visibility": -1, "OBJECTID": 94.0, "IMPACTS_STREAM": null, "COMMENTS": null, "Shape__Length": 102.907202808321, "GlobalID": "c52caf0e-1eeb-453e-8c54-8007c53a5539", "CreationDate": "2026-07-14T14:13:59.018", "Creator": "kallstadt@usgs.gov_USGS", "EditDate": "2026-07-14T14:13:59.018", "Editor": "kallstadt@usgs.gov_USGS", "slope_mean": 31.5, "slope_max": 47.0, "aspect_deg": 353.0, "aspect_R": 0.94, "length_m": 100.6, "n_samp": 8, "aspect_dir": "N" }, "geometry": { "type": "MultiLineString", "coordinates": [ [ [ -66.761693611733307, 10.576835007123902 ], [ -66.761596297604896, 10.5771534897262 ], [ -66.761507830215294, 10.577427738633798 ], [ -66.761392822608897, 10.577693140802499 ] ] ] } },
{ "type": "Feature", "properties": { "id": "ven2026_inventory_line.80", "tessellate": -1, "extrude": 0, "visibility": -1, "OBJECTID": 95.0, "IMPACTS_STREAM": null, "COMMENTS": null, "Shape__Length": 10.444939409263, "GlobalID": "fdf13f69-5033-479b-8e6e-4fb529070f33", "CreationDate": "2026-07-14T14:13:59.018", "Creator": "kallstadt@usgs.gov_USGS", "EditDate": "2026-07-14T14:13:59.018", "Editor": "kallstadt@usgs.gov_USGS", "slope_mean": 8.1, "slope_max": 9.7, "aspect_deg": 127.0, "aspect_R": 0.99, "length_m": 10.2, "n_samp": 2, "aspect_dir": "SE" }, "geometry": { "type": "MultiLineString", "coordinates": [ [ [ -66.763746055170799, 10.577525052762399 ], [ -66.763719514953905, 10.5776135201519 ] ] ] } },
{ "type": "Feature", "properties": { "id": "ven2026_inventory_line.81", "tessellate": -1, "extrude": 0, "visibility": -1, "OBJECTID": 96.0, "IMPACTS_STREAM": null, "COMMENTS": null, "Shape__Length": 40.182558291907199, "GlobalID": "2dd6a4c7-25fb-42ed-8eeb-1896776bb887", "CreationDate": "2026-07-14T14:13:59.018", "Creator": "kallstadt@usgs.gov_USGS", "EditDate": "2026-07-14T14:13:59.018", "Editor": "kallstadt@usgs.gov_USGS", "slope_mean": 27.0, "slope_max": 27.2, "aspect_deg": 345.0, "aspect_R": 0.91, "length_m": 39.4, "n_samp": 4, "aspect_dir": "N" }, "geometry": { "type": "MultiLineString", "coordinates": [ [ [ -66.766341515044701, 10.572526662446602 ], [ -66.766611140712001, 10.572762584905496 ] ] ] } },
{ "type": "Feature", "properties": { "id": "ven2026_inventory_line.82", "tessellate": -1, "extrude": 0, "visibility": -1, "OBJECTID": 97.0, "IMPACTS_STREAM": null, "COMMENTS": null, "Shape__Length": 24.417797732403699, "GlobalID": "a7782363-3f2f-4d75-a304-134dd8d8c3a9", "CreationDate": "2026-07-14T14:13:59.018", "Creator": "kallstadt@usgs.gov_USGS", "EditDate": "2026-07-14T14:13:59.018", "Editor": "kallstadt@usgs.gov_USGS", "slope_mean": 32.6, "slope_max": 35.3, "aspect_deg": 316.0, "aspect_R": 0.98, "length_m": 24.0, "n_samp": 3, "aspect_dir": "NW" }, "geometry": { "type": "MultiLineString", "coordinates": [ [ [ -66.766184233405397, 10.572661475280301 ], [ -66.766363983850297, 10.572785053711099 ] ] ] } },
{ "type": "Feature", "properties": { "id": "ven2026_inventory_line.83", "tessellate": -1, "extrude": 0, "visibility": -1, "OBJECTID": 98.0, "IMPACTS_STREAM": null, "COMMENTS": null, "Shape__Length": 56.0955642057475, "GlobalID": "97f12dea-9368-4257-866b-116d5338e4aa", "CreationDate": "2026-07-14T14:13:59.018", "Creator": "kallstadt@usgs.gov_USGS", "EditDate": "2026-07-14T14:13:59.018", "Editor": "kallstadt@usgs.gov_USGS", "slope_mean": 29.5, "slope_max": 35.7, "aspect_deg": 312.0, "aspect_R": 0.98, "length_m": 55.0, "n_samp": 5, "aspect_dir": "NW" }, "geometry": { "type": "MultiLineString", "coordinates": [ [ [ -66.766195467808203, 10.572829991322299 ], [ -66.76633028064191, 10.573065913781299 ], [ -66.766521265489601, 10.573189492212098 ] ] ] } },
{ "type": "Feature", "properties": { "id": "ven2026_inventory_line.84", "tessellate": -1, "extrude": 0, "visibility": -1, "OBJECTID": 99.0, "IMPACTS_STREAM": null, "COMMENTS": null, "Shape__Length": 151.65583740568599, "GlobalID": "7c6d30a6-28d1-49be-a074-9463f343a188", "CreationDate": "2026-07-14T14:13:59.018", "Creator": "kallstadt@usgs.gov_USGS", "EditDate": "2026-07-14T14:13:59.018", "Editor": "kallstadt@usgs.gov_USGS", "slope_mean": 36.8, "slope_max": 41.1, "aspect_deg": 304.0, "aspect_R": 0.99, "length_m": 148.6, "n_samp": 11, "aspect_dir": "NW" }, "geometry": { "type": "MultiLineString", "coordinates": [ [ [ -66.765476466028701, 10.572324443196102 ], [ -66.7658921389325, 10.572627772071797 ], [ -66.766060654974495, 10.572908632142001 ], [ -66.766184233405397, 10.573189492212101 ], [ -66.766363983850297, 10.573279367434502 ] ] ] } },
{ "type": "Feature", "properties": { "id": "ven2026_inventory_line.85", "tessellate": -1, "extrude": 0, "visibility": -1, "OBJECTID": 100.0, "IMPACTS_STREAM": null, "COMMENTS": null, "Shape__Length": 51.415694599778099, "GlobalID": "cb1976e8-f2fc-414f-af14-91753b5dcfce", "CreationDate": "2026-07-14T14:13:59.018", "Creator": "kallstadt@usgs.gov_USGS", "EditDate": "2026-07-14T14:13:59.018", "Editor": "kallstadt@usgs.gov_USGS", "slope_mean": 34.9, "slope_max": 37.4, "aspect_deg": 297.0, "aspect_R": 1.0, "length_m": 50.5, "n_samp": 5, "aspect_dir": "NW" }, "geometry": { "type": "MultiLineString", "coordinates": [ [ [ -66.765600044459404, 10.572998507364398 ], [ -66.765813498112806, 10.572964804155999 ], [ -66.766049420571704, 10.5730322105728 ] ] ] } },
{ "type": "Feature", "properties": { "id": "ven2026_inventory_line.86", "tessellate": -1, "extrude": 0, "visibility": -1, "OBJECTID": 101.0, "IMPACTS_STREAM": null, "COMMENTS": null, "Shape__Length": 18.7681387001243, "GlobalID": "06c6dd2e-4bf9-4474-bfdf-8e74b944152c", "CreationDate": "2026-07-14T14:13:59.018", "Creator": "kallstadt@usgs.gov_USGS", "EditDate": "2026-07-14T14:13:59.018", "Editor": "kallstadt@usgs.gov_USGS", "slope_mean": 23.9, "slope_max": 23.9, "aspect_deg": 304.0, "aspect_R": 1.0, "length_m": 18.4, "n_samp": 3, "aspect_dir": "NW" }, "geometry": { "type": "MultiLineString", "coordinates": [ [ [ -66.7654427628202, 10.573728743546798 ], [ -66.765555106848197, 10.573852321977601 ] ] ] } },
{ "type": "Feature", "properties": { "id": "ven2026_inventory_line.87", "tessellate": -1, "extrude": 0, "visibility": -1, "OBJECTID": 102.0, "IMPACTS_STREAM": null, "COMMENTS": null, "Shape__Length": 9.8674852909331303, "GlobalID": "6de368f6-44ca-4e34-98c0-c42bd41943ba", "CreationDate": "2026-07-14T14:13:59.018", "Creator": "kallstadt@usgs.gov_USGS", "EditDate": "2026-07-14T14:13:59.018", "Editor": "kallstadt@usgs.gov_USGS", "slope_mean": 12.7, "slope_max": 12.7, "aspect_deg": 342.0, "aspect_R": 1.0, "length_m": 9.7, "n_samp": 2, "aspect_dir": "N" }, "geometry": { "type": "MultiLineString", "coordinates": [ [ [ -66.7651731371529, 10.573796149963602 ], [ -66.765229309166898, 10.573863556380498 ] ] ] } },
{ "type": "Feature", "properties": { "id": "ven2026_inventory_line.88", "tessellate": -1, "extrude": 0, "visibility": -1, "OBJECTID": 103.0, "IMPACTS_STREAM": null, "COMMENTS": null, "Shape__Length": 19.180840535432001, "GlobalID": "44468cf6-a25a-4848-a69f-adef9b2f8602", "CreationDate": "2026-07-14T14:13:59.018", "Creator": "kallstadt@usgs.gov_USGS", "EditDate": "2026-07-14T14:13:59.018", "Editor": "kallstadt@usgs.gov_USGS", "slope_mean": 25.9, "slope_max": 29.9, "aspect_deg": 50.0, "aspect_R": 0.97, "length_m": 18.8, "n_samp": 3, "aspect_dir": "NE" }, "geometry": { "type": "MultiLineString", "coordinates": [ [ [ -66.76501585551361, 10.5735714619075 ], [ -66.764869808277098, 10.573661337130002 ] ] ] } },
{ "type": "Feature", "properties": { "id": "ven2026_inventory_line.89", "tessellate": -1, "extrude": 0, "visibility": -1, "OBJECTID": 107.0, "IMPACTS_STREAM": null, "COMMENTS": null, "Shape__Length": 142.72992026882201, "GlobalID": "e82e48d8-9d73-42bd-8e4a-cc9933db710c", "CreationDate": "2026-07-14T14:13:59.018", "Creator": "kallstadt@usgs.gov_USGS", "EditDate": "2026-07-14T14:13:59.018", "Editor": "kallstadt@usgs.gov_USGS", "slope_mean": 40.8, "slope_max": 45.2, "aspect_deg": 24.0, "aspect_R": 1.0, "length_m": 139.5, "n_samp": 11, "aspect_dir": "NE" }, "geometry": { "type": "MultiLineString", "coordinates": [ [ [ -66.766970556810406, 10.5698704094346 ], [ -66.766940027537004, 10.570155349319796 ], [ -66.767011262508206, 10.570338524960301 ], [ -66.766960380385896, 10.570653994118901 ], [ -66.766940027537004, 10.571111933220198 ] ] ] } },
{ "type": "Feature", "properties": { "id": "ven2026_inventory_line.90", "tessellate": -1, "extrude": 0, "visibility": -1, "OBJECTID": 108.0, "IMPACTS_STREAM": null, "COMMENTS": null, "Shape__Length": 36.354168601908, "GlobalID": "38b94b87-cbd8-4023-a3ff-79fc8bb1c3f7", "CreationDate": "2026-07-14T14:13:59.018", "Creator": "kallstadt@usgs.gov_USGS", "EditDate": "2026-07-14T14:13:59.018", "Editor": "kallstadt@usgs.gov_USGS", "slope_mean": 34.6, "slope_max": 34.9, "aspect_deg": 29.0, "aspect_R": 1.0, "length_m": 35.6, "n_samp": 4, "aspect_dir": "NE" }, "geometry": { "type": "MultiLineString", "coordinates": [ [ [ -66.767255496695597, 10.570073937923999 ], [ -66.767021438932701, 10.570297819262402 ] ] ] } },
{ "type": "Feature", "properties": { "id": "ven2026_inventory_line.91", "tessellate": -1, "extrude": 0, "visibility": -1, "OBJECTID": 109.0, "IMPACTS_STREAM": null, "COMMENTS": null, "Shape__Length": 69.250401541252799, "GlobalID": "03c978dc-5246-4f83-96d4-aaf34bbea738", "CreationDate": "2026-07-14T14:14:41.309", "Creator": "kallstadt@usgs.gov_USGS", "EditDate": "2026-07-14T14:14:41.309", "Editor": "kallstadt@usgs.gov_USGS", "slope_mean": 35.4, "slope_max": 40.2, "aspect_deg": 52.0, "aspect_R": 0.97, "length_m": 67.9, "n_samp": 6, "aspect_dir": "NE" }, "geometry": { "type": "MultiLineString", "coordinates": [ [ [ -66.759338213593594, 10.571031049231598 ], [ -66.759128325304999, 10.571251431934598 ], [ -66.758918437016405, 10.571482309052099 ] ] ] } },
{ "type": "Feature", "properties": { "id": "ven2026_inventory_line.92", "tessellate": -1, "extrude": 0, "visibility": -1, "OBJECTID": 110.0, "IMPACTS_STREAM": null, "COMMENTS": null, "Shape__Length": 25.575668627896, "GlobalID": "67e5bd80-baf7-4e44-bb65-a8bb99a64d3c", "CreationDate": "2026-07-14T14:14:41.309", "Creator": "kallstadt@usgs.gov_USGS", "EditDate": "2026-07-14T14:14:41.309", "Editor": "kallstadt@usgs.gov_USGS", "slope_mean": 39.4, "slope_max": 39.4, "aspect_deg": 53.0, "aspect_R": 1.0, "length_m": 25.0, "n_samp": 3, "aspect_dir": "NE" }, "geometry": { "type": "MultiLineString", "coordinates": [ [ [ -66.760618532153899, 10.571986040944701 ], [ -66.760492599180793, 10.572174940404398 ] ] ] } },
{ "type": "Feature", "properties": { "id": "ven2026_inventory_line.93", "tessellate": -1, "extrude": 0, "visibility": -1, "OBJECTID": 111.0, "IMPACTS_STREAM": null, "COMMENTS": null, "Shape__Length": 46.850372896236401, "GlobalID": "b3b5b50c-fbfa-478f-ae81-1f36d334fbea", "CreationDate": "2026-07-14T14:14:41.309", "Creator": "kallstadt@usgs.gov_USGS", "EditDate": "2026-07-14T14:14:41.309", "Editor": "kallstadt@usgs.gov_USGS", "slope_mean": 38.1, "slope_max": 38.2, "aspect_deg": 10.0, "aspect_R": 1.0, "length_m": 45.9, "n_samp": 5, "aspect_dir": "N" }, "geometry": { "type": "MultiLineString", "coordinates": [ [ [ -66.763494001707301, 10.5733293259915 ], [ -66.763619934680406, 10.573507731036699 ], [ -66.763703889995895, 10.573686136082101 ] ] ] } },
{ "type": "Feature", "properties": { "id": "ven2026_inventory_line.94", "tessellate": -1, "extrude": 0, "visibility": -1, "OBJECTID": 112.0, "IMPACTS_STREAM": null, "COMMENTS": null, "Shape__Length": 33.5279295926657, "GlobalID": "8b258d9b-d876-40aa-a93e-23f72a78f0f8", "CreationDate": "2026-07-14T14:14:41.309", "Creator": "kallstadt@usgs.gov_USGS", "EditDate": "2026-07-14T14:14:41.309", "Editor": "kallstadt@usgs.gov_USGS", "slope_mean": 36.6, "slope_max": 37.9, "aspect_deg": 10.0, "aspect_R": 1.0, "length_m": 32.9, "n_samp": 4, "aspect_dir": "N" }, "geometry": { "type": "MultiLineString", "coordinates": [ [ [ -66.763410046391897, 10.573518225451201 ], [ -66.763535979365003, 10.573675641667602 ], [ -66.763609440265995, 10.573738608154198 ] ] ] } },
{ "type": "Feature", "properties": { "id": "ven2026_inventory_line.95", "tessellate": -1, "extrude": 0, "visibility": -1, "OBJECTID": 104.0, "IMPACTS_STREAM": "Y", "COMMENTS": null, "Shape__Length": 32.164915623378697, "GlobalID": "12579176-6310-4de7-ba3c-b318a668d115", "CreationDate": "2026-07-14T14:13:59.018", "Creator": "kallstadt@usgs.gov_USGS", "EditDate": "2026-07-14T14:15:20.022", "Editor": "kallstadt@usgs.gov_USGS", "slope_mean": 33.1, "slope_max": 37.5, "aspect_deg": 349.0, "aspect_R": 0.95, "length_m": 31.5, "n_samp": 4, "aspect_dir": "N" }, "geometry": { "type": "MultiLineString", "coordinates": [ [ [ -66.766296577433494, 10.570740392400401 ], [ -66.766172999002606, 10.570875205234101 ], [ -66.766094358182897, 10.570942611650898 ] ] ] } },
{ "type": "Feature", "properties": { "id": "ven2026_inventory_line.96", "tessellate": -1, "extrude": 0, "visibility": -1, "OBJECTID": 105.0, "IMPACTS_STREAM": "Y", "COMMENTS": null, "Shape__Length": 9.2101377917136702, "GlobalID": "a8d46745-a23f-4fcc-94a8-da6468f57077", "CreationDate": "2026-07-14T14:13:59.018", "Creator": "kallstadt@usgs.gov_USGS", "EditDate": "2026-07-14T14:15:20.022", "Editor": "kallstadt@usgs.gov_USGS", "slope_mean": 33.8, "slope_max": 35.2, "aspect_deg": 325.0, "aspect_R": 0.99, "length_m": 9.0, "n_samp": 2, "aspect_dir": "NW" }, "geometry": { "type": "MultiLineString", "coordinates": [ [ [ -66.766189024371599, 10.571089870166601 ], [ -66.766125913579202, 10.571142462493599 ] ] ] } },
{ "type": "Feature", "properties": { "id": "ven2026_inventory_line.97", "tessellate": -1, "extrude": 0, "visibility": -1, "OBJECTID": 106.0, "IMPACTS_STREAM": "Y", "COMMENTS": null, "Shape__Length": 9.8021690612281596, "GlobalID": "7989dc81-79f5-40db-bad7-645805603153", "CreationDate": "2026-07-14T14:13:59.018", "Creator": "kallstadt@usgs.gov_USGS", "EditDate": "2026-07-14T14:15:20.022", "Editor": "kallstadt@usgs.gov_USGS", "slope_mean": 30.9, "slope_max": 31.5, "aspect_deg": 333.0, "aspect_R": 0.94, "length_m": 9.6, "n_samp": 2, "aspect_dir": "NW" }, "geometry": { "type": "MultiLineString", "coordinates": [ [ [ -66.766075031456793, 10.570684523392297 ], [ -66.766003796485506, 10.570735405514702 ] ] ] } },
{ "type": "Feature", "properties": { "id": "ven2026_inventory_line.98", "tessellate": -1, "extrude": 0, "visibility": -1, "OBJECTID": 116.0, "IMPACTS_STREAM": null, "COMMENTS": null, "Shape__Length": 30.446941185165699, "GlobalID": "a9b6f9cd-e8fe-4fe4-83ce-02ce374f9c61", "CreationDate": "2026-07-14T14:18:20.476", "Creator": "kallstadt@usgs.gov_USGS", "EditDate": "2026-07-14T14:18:20.476", "Editor": "kallstadt@usgs.gov_USGS", "slope_mean": 27.7, "slope_max": 27.7, "aspect_deg": 342.0, "aspect_R": 1.0, "length_m": 29.8, "n_samp": 3, "aspect_dir": "N" }, "geometry": { "type": "MultiLineString", "coordinates": [ [ [ -66.756827212686019, 10.577726425857401 ], [ -66.757005567210498, 10.577930259599603 ] ] ] } },
{ "type": "Feature", "properties": { "id": "ven2026_inventory_line.99", "tessellate": -1, "extrude": 0, "visibility": -1, "OBJECTID": 117.0, "IMPACTS_STREAM": "Y", "COMMENTS": null, "Shape__Length": 120.127418373125, "GlobalID": "63b512f2-0149-4824-85e7-ddf961ce77a5", "CreationDate": "2026-07-14T14:18:20.476", "Creator": "kallstadt@usgs.gov_USGS", "EditDate": "2026-07-14T14:18:20.476", "Editor": "kallstadt@usgs.gov_USGS", "slope_mean": 39.4, "slope_max": 44.3, "aspect_deg": 16.0, "aspect_R": 0.9, "length_m": 118.0, "n_samp": 9, "aspect_dir": "N" }, "geometry": { "type": "MultiLineString", "coordinates": [ [ [ -66.754997081832002, 10.575589447486399 ], [ -66.754583893929095, 10.575627010022998 ], [ -66.7543115655386, 10.575720916364498 ], [ -66.754029846513902, 10.575965072852597 ] ] ] } },
{ "type": "Feature", "properties": { "id": "ven2026_inventory_line.100", "tessellate": -1, "extrude": 0, "visibility": -1, "OBJECTID": 118.0, "IMPACTS_STREAM": null, "COMMENTS": null, "Shape__Length": 37.777381201861402, "GlobalID": "72cc9d3b-485b-468a-8911-b038af70bd60", "CreationDate": "2026-07-14T14:19:18.139", "Creator": "kallstadt@usgs.gov_USGS", "EditDate": "2026-07-14T14:19:18.139", "Editor": "kallstadt@usgs.gov_USGS", "slope_mean": 35.4, "slope_max": 40.5, "aspect_deg": 48.0, "aspect_R": 0.92, "length_m": 36.9, "n_samp": 4, "aspect_dir": "NE" }, "geometry": { "type": "MultiLineString", "coordinates": [ [ [ -66.754104971587097, 10.578228215684401 ], [ -66.754086190318802, 10.5783972470992 ], [ -66.754020455879697, 10.578547497245697 ] ] ] } },
{ "type": "Feature", "properties": { "id": "ven2026_inventory_line.101", "tessellate": -1, "extrude": 0, "visibility": -1, "OBJECTID": 119.0, "IMPACTS_STREAM": null, "COMMENTS": null, "Shape__Length": 28.056095885092699, "GlobalID": "578b3f11-6512-40b5-9538-87e9aafc39ea", "CreationDate": "2026-07-14T14:19:18.139", "Creator": "kallstadt@usgs.gov_USGS", "EditDate": "2026-07-14T14:19:18.139", "Editor": "kallstadt@usgs.gov_USGS", "slope_mean": 44.4, "slope_max": 44.4, "aspect_deg": 44.0, "aspect_R": 1.0, "length_m": 27.5, "n_samp": 3, "aspect_dir": "NE" }, "geometry": { "type": "MultiLineString", "coordinates": [ [ [ -66.7544242531485, 10.578228215684399 ], [ -66.754339737441001, 10.578359684562601 ], [ -66.754302174904396, 10.578444200270001 ] ] ] } },
{ "type": "Feature", "properties": { "id": "ven2026_inventory_line.102", "tessellate": -1, "extrude": 0, "visibility": -1, "OBJECTID": 120.0, "IMPACTS_STREAM": null, "COMMENTS": null, "Shape__Length": 47.173067056100699, "GlobalID": "eb80c773-8558-4b26-8036-d1f3e7128172", "CreationDate": "2026-07-14T14:19:18.139", "Creator": "kallstadt@usgs.gov_USGS", "EditDate": "2026-07-14T14:19:18.139", "Editor": "kallstadt@usgs.gov_USGS", "slope_mean": 38.3, "slope_max": 44.4, "aspect_deg": 52.0, "aspect_R": 0.98, "length_m": 46.3, "n_samp": 5, "aspect_dir": "NE" }, "geometry": { "type": "MultiLineString", "coordinates": [ [ [ -66.754668409636494, 10.578340903294299 ], [ -66.754527550124195, 10.578444200270001 ], [ -66.754358518709395, 10.578622622318999 ] ] ] } },
{ "type": "Feature", "properties": { "id": "ven2026_inventory_line.103", "tessellate": -1, "extrude": 0, "visibility": -1, "OBJECTID": 121.0, "IMPACTS_STREAM": null, "COMMENTS": null, "Shape__Length": 61.827972911849898, "GlobalID": "acea6a1b-b7b7-41fc-9c67-c6fcae066bee", "CreationDate": "2026-07-14T14:19:18.139", "Creator": "kallstadt@usgs.gov_USGS", "EditDate": "2026-07-14T14:19:18.139", "Editor": "kallstadt@usgs.gov_USGS", "slope_mean": 42.2, "slope_max": 43.8, "aspect_deg": 14.0, "aspect_R": 1.0, "length_m": 60.4, "n_samp": 6, "aspect_dir": "N" }, "geometry": { "type": "MultiLineString", "coordinates": [ [ [ -66.756631052175294, 10.579007638319398 ], [ -66.756574708370295, 10.579242404173398 ], [ -66.756555927102099, 10.579430216856499 ], [ -66.756527755199599, 10.579542904466402 ] ] ] } },
{ "type": "Feature", "properties": { "id": "ven2026_inventory_line.104", "tessellate": -1, "extrude": 0, "visibility": -1, "OBJECTID": 122.0, "IMPACTS_STREAM": null, "COMMENTS": null, "Shape__Length": 50.810555634476799, "GlobalID": "390bc299-fb79-4f57-8f4a-2ee5b972db48", "CreationDate": "2026-07-14T14:19:18.139", "Creator": "kallstadt@usgs.gov_USGS", "EditDate": "2026-07-14T14:19:18.139", "Editor": "kallstadt@usgs.gov_USGS", "slope_mean": 21.8, "slope_max": 29.7, "aspect_deg": 47.0, "aspect_R": 0.97, "length_m": 49.7, "n_samp": 5, "aspect_dir": "NE" }, "geometry": { "type": "MultiLineString", "coordinates": [ [ [ -66.756998826355613, 10.579653744738302 ], [ -66.756869512704895, 10.5799216087291 ], [ -66.756832565947605, 10.5800693957585 ] ] ] } },
{ "type": "Feature", "properties": { "id": "ven2026_inventory_line.105", "tessellate": -1, "extrude": 0, "visibility": -1, "OBJECTID": 123.0, "IMPACTS_STREAM": null, "COMMENTS": null, "Shape__Length": 47.120957376231701, "GlobalID": "c1cf0add-c84a-4430-b7ee-cbbe2b0453e8", "CreationDate": "2026-07-14T14:19:18.139", "Creator": "kallstadt@usgs.gov_USGS", "EditDate": "2026-07-14T14:19:18.139", "Editor": "kallstadt@usgs.gov_USGS", "slope_mean": 41.9, "slope_max": 47.0, "aspect_deg": 201.0, "aspect_R": 1.0, "length_m": 46.0, "n_samp": 5, "aspect_dir": "S" }, "geometry": { "type": "MultiLineString", "coordinates": [ [ [ -66.757442187443701, 10.581399479022599 ], [ -66.757451424132995, 10.581122378342496 ], [ -66.757460660822403, 10.580983828002596 ] ] ] } },
{ "type": "Feature", "properties": { "id": "ven2026_inventory_line.106", "tessellate": -1, "extrude": 0, "visibility": -1, "OBJECTID": 124.0, "IMPACTS_STREAM": null, "COMMENTS": null, "Shape__Length": 10.636373562953301, "GlobalID": "ec6f24bf-b096-4868-a142-b0051b98f081", "CreationDate": "2026-07-14T14:19:18.139", "Creator": "kallstadt@usgs.gov_USGS", "EditDate": "2026-07-14T14:19:18.139", "Editor": "kallstadt@usgs.gov_USGS", "slope_mean": 4.9, "slope_max": 4.9, "aspect_deg": 92.0, "aspect_R": 1.0, "length_m": 10.4, "n_samp": 2, "aspect_dir": "E" }, "geometry": { "type": "MultiLineString", "coordinates": [ [ [ -66.755615505559504, 10.579473057488302 ], [ -66.755537674620896, 10.579527539145198 ] ] ] } },
{ "type": "Feature", "properties": { "id": "ven2026_inventory_line.107", "tessellate": -1, "extrude": 0, "visibility": -1, "OBJECTID": 45.0, "IMPACTS_STREAM": "Y", "COMMENTS": null, "Shape__Length": 95.916444224657596, "GlobalID": "c0e6de29-afda-42db-a642-12189374ed2c", "CreationDate": "2026-07-14T14:01:30.470", "Creator": "kallstadt@usgs.gov_USGS", "EditDate": "2026-07-14T14:20:23.158", "Editor": "kallstadt@usgs.gov_USGS", "slope_mean": 14.7, "slope_max": 27.3, "aspect_deg": 120.0, "aspect_R": 0.6, "length_m": 94.3, "n_samp": 8, "aspect_dir": "SE" }, "geometry": { "type": "MultiLineString", "coordinates": [ [ [ -66.753323560655303, 10.565281506198602 ], [ -66.753546159328593, 10.565204452811701 ], [ -66.754154024936398, 10.565058907525302 ] ] ] } },
{ "type": "Feature", "properties": { "id": "ven2026_inventory_line.108", "tessellate": -1, "extrude": 0, "visibility": -1, "OBJECTID": 46.0, "IMPACTS_STREAM": "Y", "COMMENTS": null, "Shape__Length": 13.304314902527, "GlobalID": "aa0a7eb8-4952-4db7-a131-3961e816847e", "CreationDate": "2026-07-14T14:01:30.470", "Creator": "kallstadt@usgs.gov_USGS", "EditDate": "2026-07-14T14:20:23.158", "Editor": "kallstadt@usgs.gov_USGS", "slope_mean": 23.6, "slope_max": 31.0, "aspect_deg": 190.0, "aspect_R": 1.0, "length_m": 13.1, "n_samp": 2, "aspect_dir": "S" }, "geometry": { "type": "MultiLineString", "coordinates": [ [ [ -66.753280753218206, 10.564716448027998 ], [ -66.753169453881597, 10.564759255465196 ] ] ] } },
{ "type": "Feature", "properties": { "id": "ven2026_inventory_line.109", "tessellate": -1, "extrude": 0, "visibility": -1, "OBJECTID": 49.0, "IMPACTS_STREAM": "Y", "COMMENTS": null, "Shape__Length": 70.375724439702907, "GlobalID": "b2f3eae3-fce2-40eb-8575-e65c00df1281", "CreationDate": "2026-07-14T14:01:30.470", "Creator": "kallstadt@usgs.gov_USGS", "EditDate": "2026-07-14T14:20:23.158", "Editor": "kallstadt@usgs.gov_USGS", "slope_mean": 13.0, "slope_max": 16.8, "aspect_deg": 355.0, "aspect_R": 0.91, "length_m": 69.2, "n_samp": 6, "aspect_dir": "N" }, "geometry": { "type": "MultiLineString", "coordinates": [ [ [ -66.754034164112298, 10.565427051485001 ], [ -66.753666020152593, 10.565478420409599 ], [ -66.753417737017102, 10.565555473796497 ] ] ] } },
{ "type": "Feature", "properties": { "id": "ven2026_inventory_line.110", "tessellate": -1, "extrude": 0, "visibility": -1, "OBJECTID": 50.0, "IMPACTS_STREAM": "Y", "COMMENTS": null, "Shape__Length": 74.7906956608212, "GlobalID": "47d389f9-ef4a-4420-93df-57af1097bcc8", "CreationDate": "2026-07-14T14:01:30.470", "Creator": "kallstadt@usgs.gov_USGS", "EditDate": "2026-07-14T14:20:23.158", "Editor": "kallstadt@usgs.gov_USGS", "slope_mean": 14.2, "slope_max": 19.2, "aspect_deg": 355.0, "aspect_R": 0.86, "length_m": 73.5, "n_samp": 6, "aspect_dir": "N" }, "geometry": { "type": "MultiLineString", "coordinates": [ [ [ -66.754251429399901, 10.566212322340499 ], [ -66.753880899452, 10.5662544280164 ], [ -66.753594580855903, 10.566338639368301 ] ] ] } },
{ "type": "Feature", "properties": { "id": "ven2026_inventory_line.111", "tessellate": -1, "extrude": 0, "visibility": -1, "OBJECTID": 51.0, "IMPACTS_STREAM": "Y", "COMMENTS": null, "Shape__Length": 24.129863543865, "GlobalID": "d1280695-782e-4d57-bf6a-886ca4965107", "CreationDate": "2026-07-14T14:01:30.470", "Creator": "kallstadt@usgs.gov_USGS", "EditDate": "2026-07-14T14:20:23.158", "Editor": "kallstadt@usgs.gov_USGS", "slope_mean": 23.6, "slope_max": 25.6, "aspect_deg": 40.0, "aspect_R": 0.99, "length_m": 23.6, "n_samp": 3, "aspect_dir": "NE" }, "geometry": { "type": "MultiLineString", "coordinates": [ [ [ -66.753190366367306, 10.566372323908899 ], [ -66.753333525665298, 10.566212322340499 ] ] ] } },
{ "type": "Feature", "properties": { "id": "ven2026_inventory_line.112", "tessellate": -1, "extrude": 0, "visibility": -1, "OBJECTID": 54.0, "IMPACTS_STREAM": "Y", "COMMENTS": null, "Shape__Length": 19.7937989319467, "GlobalID": "ed42a772-c522-4677-ac3d-1f12455bf458", "CreationDate": "2026-07-14T14:01:30.470", "Creator": "kallstadt@usgs.gov_USGS", "EditDate": "2026-07-14T14:20:23.158", "Editor": "kallstadt@usgs.gov_USGS", "slope_mean": 44.2, "slope_max": 44.2, "aspect_deg": 68.0, "aspect_R": 1.0, "length_m": 19.4, "n_samp": 3, "aspect_dir": "E" }, "geometry": { "type": "MultiLineString", "coordinates": [ [ [ -66.75451853807192, 10.564844961122501 ], [ -66.754363363054296, 10.564930307382298 ] ] ] } },
{ "type": "Feature", "properties": { "id": "ven2026_inventory_line.113", "tessellate": -1, "extrude": 0, "visibility": -1, "OBJECTID": 55.0, "IMPACTS_STREAM": "Y", "COMMENTS": null, "Shape__Length": 20.153640034430701, "GlobalID": "d0cb1981-049a-4ad3-a595-742aa600b0ca", "CreationDate": "2026-07-14T14:01:30.470", "Creator": "kallstadt@usgs.gov_USGS", "EditDate": "2026-07-14T14:20:23.158", "Editor": "kallstadt@usgs.gov_USGS", "slope_mean": 27.3, "slope_max": 27.3, "aspect_deg": 61.0, "aspect_R": 1.0, "length_m": 19.8, "n_samp": 3, "aspect_dir": "NE" }, "geometry": { "type": "MultiLineString", "coordinates": [ [ [ -66.754246981791098, 10.565077723649004 ], [ -66.754084048022605, 10.565155311157699 ] ] ] } },
{ "type": "Feature", "properties": { "id": "ven2026_inventory_line.114", "tessellate": -1, "extrude": 0, "visibility": -1, "OBJECTID": 56.0, "IMPACTS_STREAM": "Y", "COMMENTS": null, "Shape__Length": 31.182198798814301, "GlobalID": "9a905d7a-9d1a-4e69-a760-fc675c7d9d86", "CreationDate": "2026-07-14T14:01:30.470", "Creator": "kallstadt@usgs.gov_USGS", "EditDate": "2026-07-14T14:20:23.158", "Editor": "kallstadt@usgs.gov_USGS", "slope_mean": 14.7, "slope_max": 16.1, "aspect_deg": 346.0, "aspect_R": 0.75, "length_m": 30.6, "n_samp": 4, "aspect_dir": "N" }, "geometry": { "type": "MultiLineString", "coordinates": [ [ [ -66.7541493975572, 10.5655677728202 ], [ -66.754007787835903, 10.5656572105389 ], [ -66.753895990687397, 10.565657210538902 ] ] ] } },
{ "type": "Feature", "properties": { "id": "ven2026_inventory_line.115", "tessellate": -1, "extrude": 0, "visibility": -1, "OBJECTID": 125.0, "IMPACTS_STREAM": "Y", "COMMENTS": null, "Shape__Length": 40.345641520854699, "GlobalID": "0f6a12f8-6963-401c-8cc6-d5fc60d0670d", "CreationDate": "2026-07-14T14:20:23.692", "Creator": "kallstadt@usgs.gov_USGS", "EditDate": "2026-07-14T14:20:23.692", "Editor": "kallstadt@usgs.gov_USGS", "slope_mean": 29.3, "slope_max": 40.2, "aspect_deg": 7.0, "aspect_R": 0.96, "length_m": 39.7, "n_samp": 4, "aspect_dir": "N" }, "geometry": { "type": "MultiLineString", "coordinates": [ [ [ -66.753842510091701, 10.567521808256298 ], [ -66.753592235825295, 10.567481764373598 ], [ -66.753502137089299, 10.567421698549699 ] ] ] } },
{ "type": "Feature", "properties": { "id": "ven2026_inventory_line.116", "tessellate": -1, "extrude": 0, "visibility": -1, "OBJECTID": 126.0, "IMPACTS_STREAM": "Y", "COMMENTS": null, "Shape__Length": 25.8593182285497, "GlobalID": "26205e5a-11f7-4e2e-a698-55217c28ae98", "CreationDate": "2026-07-14T14:20:23.692", "Creator": "kallstadt@usgs.gov_USGS", "EditDate": "2026-07-14T14:20:23.692", "Editor": "kallstadt@usgs.gov_USGS", "slope_mean": 24.0, "slope_max": 28.8, "aspect_deg": 1.0, "aspect_R": 0.95, "length_m": 25.4, "n_samp": 3, "aspect_dir": "N" }, "geometry": { "type": "MultiLineString", "coordinates": [ [ [ -66.753762422326403, 10.567982312906599 ], [ -66.753622268737303, 10.5680023348479 ], [ -66.753532170001293, 10.567992323877199 ] ] ] } },
{ "type": "Feature", "properties": { "id": "ven2026_inventory_line.117", "tessellate": -1, "extrude": 0, "visibility": -1, "OBJECTID": 127.0, "IMPACTS_STREAM": "Y", "COMMENTS": null, "Shape__Length": 130.965328914682, "GlobalID": "0adb7eea-3280-4a05-ad9d-a7423e2bcc2b", "CreationDate": "2026-07-14T14:20:23.692", "Creator": "kallstadt@usgs.gov_USGS", "EditDate": "2026-07-14T14:20:23.692", "Editor": "kallstadt@usgs.gov_USGS", "slope_mean": 47.3, "slope_max": 56.3, "aspect_deg": 103.0, "aspect_R": 0.98, "length_m": 128.4, "n_samp": 10, "aspect_dir": "E" }, "geometry": { "type": "MultiLineString", "coordinates": [ [ [ -66.755904367221504, 10.568860637576799 ], [ -66.755591058154707, 10.568592086948099 ], [ -66.755224038962098, 10.568198212692598 ], [ -66.755036053522105, 10.568090792441097 ] ] ] } },
{ "type": "Feature", "properties": { "id": "ven2026_inventory_line.118", "tessellate": -1, "extrude": 0, "visibility": -1, "OBJECTID": 128.0, "IMPACTS_STREAM": "Y", "COMMENTS": null, "Shape__Length": 107.725712441871, "GlobalID": "739277e3-eb10-4494-8129-e09cff870ce6", "CreationDate": "2026-07-14T14:20:23.692", "Creator": "kallstadt@usgs.gov_USGS", "EditDate": "2026-07-14T14:20:23.692", "Editor": "kallstadt@usgs.gov_USGS", "slope_mean": 45.6, "slope_max": 50.5, "aspect_deg": 108.0, "aspect_R": 0.99, "length_m": 105.8, "n_samp": 9, "aspect_dir": "E" }, "geometry": { "type": "MultiLineString", "coordinates": [ [ [ -66.755071860272594, 10.569451448959901 ], [ -66.754776454581005, 10.569254511832202 ], [ -66.754543710702805, 10.569147091580698 ], [ -66.754221449948304, 10.569003864578699 ] ] ] } },
{ "type": "Feature", "properties": { "id": "ven2026_inventory_line.119", "tessellate": -1, "extrude": 0, "visibility": -1, "OBJECTID": 129.0, "IMPACTS_STREAM": "Y", "COMMENTS": null, "Shape__Length": 28.6711529982251, "GlobalID": "c1efce24-7467-4709-a9a7-0bca717f5f6b", "CreationDate": "2026-07-14T14:20:23.692", "Creator": "kallstadt@usgs.gov_USGS", "EditDate": "2026-07-14T14:20:23.692", "Editor": "kallstadt@usgs.gov_USGS", "slope_mean": 39.4, "slope_max": 45.9, "aspect_deg": 111.0, "aspect_R": 0.99, "length_m": 28.2, "n_samp": 3, "aspect_dir": "E" }, "geometry": { "type": "MultiLineString", "coordinates": [ [ [ -66.754203546573095, 10.569478304022796 ], [ -66.753979754382499, 10.569352980395999 ] ] ] } },
{ "type": "Feature", "properties": { "id": "ven2026_inventory_line.120", "tessellate": -1, "extrude": 0, "visibility": -1, "OBJECTID": 130.0, "IMPACTS_STREAM": "Y", "COMMENTS": null, "Shape__Length": 74.448475025873904, "GlobalID": "450f983a-c898-4527-9be2-dead1fc302cc", "CreationDate": "2026-07-14T14:20:23.692", "Creator": "kallstadt@usgs.gov_USGS", "EditDate": "2026-07-14T14:20:23.692", "Editor": "kallstadt@usgs.gov_USGS", "slope_mean": 40.7, "slope_max": 45.5, "aspect_deg": 120.0, "aspect_R": 0.98, "length_m": 72.9, "n_samp": 6, "aspect_dir": "SE" }, "geometry": { "type": "MultiLineString", "coordinates": [ [ [ -66.753379991311704, 10.570597264975701 ], [ -66.753245715997295, 10.570400327847999 ], [ -66.753138295745899, 10.5702302457832 ], [ -66.752968213680901, 10.570087018781201 ] ] ] } },
{ "type": "Feature", "properties": { "id": "ven2026_inventory_line.121", "tessellate": -1, "extrude": 0, "visibility": -1, "OBJECTID": 131.0, "IMPACTS_STREAM": null, "COMMENTS": "PlanetScope 07/07", "Shape__Length": 44.731257131217703, "GlobalID": "f4af62bc-4df9-46cb-94de-0666381ecc3f", "CreationDate": "2026-07-14T14:21:04.001", "Creator": "ecollins@usgs.gov_USGS", "EditDate": "2026-07-14T14:21:04.001", "Editor": "ecollins@usgs.gov_USGS", "slope_mean": 40.4, "slope_max": 45.3, "aspect_deg": 55.0, "aspect_R": 0.99, "length_m": 43.7, "n_samp": 4, "aspect_dir": "NE" }, "geometry": { "type": "MultiLineString", "coordinates": [ [ [ -66.914866302076803, 10.570611307192403 ], [ -66.914790165461696, 10.570795304012101 ], [ -66.914720373564606, 10.570979300831798 ] ] ] } },
{ "type": "Feature", "properties": { "id": "ven2026_inventory_line.122", "tessellate": -1, "extrude": 0, "visibility": -1, "OBJECTID": 132.0, "IMPACTS_STREAM": null, "COMMENTS": "PlanetScope 07/07", "Shape__Length": 82.021410254676098, "GlobalID": "b0f7685f-192f-4b67-a26f-7b88857af036", "CreationDate": "2026-07-14T14:21:04.001", "Creator": "ecollins@usgs.gov_USGS", "EditDate": "2026-07-14T14:21:04.001", "Editor": "ecollins@usgs.gov_USGS", "slope_mean": 45.7, "slope_max": 48.1, "aspect_deg": 59.0, "aspect_R": 1.0, "length_m": 80.6, "n_samp": 7, "aspect_dir": "NE" }, "geometry": { "type": "MultiLineString", "coordinates": [ [ [ -66.914593479206204, 10.5708460617555 ], [ -66.914365069361097, 10.570890474780899 ], [ -66.914079557054606, 10.570979300831798 ], [ -66.913920939106703, 10.571106195190199 ] ] ] } },
{ "type": "Feature", "properties": { "id": "ven2026_inventory_line.123", "tessellate": -1, "extrude": 0, "visibility": -1, "OBJECTID": 133.0, "IMPACTS_STREAM": null, "COMMENTS": "PlanetScope 07/07.", "Shape__Length": 58.8481383086447, "GlobalID": "5072201e-c03b-4a41-8ee2-1b6d189b0b44", "CreationDate": "2026-07-14T14:21:04.001", "Creator": "ecollins@usgs.gov_USGS", "EditDate": "2026-07-14T14:21:04.001", "Editor": "ecollins@usgs.gov_USGS", "slope_mean": 45.1, "slope_max": 46.2, "aspect_deg": 59.0, "aspect_R": 1.0, "length_m": 57.8, "n_samp": 5, "aspect_dir": "NE" }, "geometry": { "type": "MultiLineString", "coordinates": [ [ [ -66.914390448232794, 10.570719167396998 ], [ -66.914187417259299, 10.570630341346199 ], [ -66.913939973260398, 10.570452689244499 ] ] ] } },
{ "type": "Feature", "properties": { "id": "ven2026_inventory_line.124", "tessellate": -1, "extrude": 0, "visibility": -1, "OBJECTID": 134.0, "IMPACTS_STREAM": null, "COMMENTS": null, "Shape__Length": 23.137450218617101, "GlobalID": "cf3903d7-ae44-4b92-8c7e-6b49966ce5e8", "CreationDate": "2026-07-14T14:21:07.212", "Creator": "kallstadt@usgs.gov_USGS", "EditDate": "2026-07-14T14:21:07.212", "Editor": "kallstadt@usgs.gov_USGS", "slope_mean": 25.5, "slope_max": 25.5, "aspect_deg": 83.0, "aspect_R": 1.0, "length_m": 22.7, "n_samp": 3, "aspect_dir": "E" }, "geometry": { "type": "MultiLineString", "coordinates": [ [ [ -66.748395514242205, 10.5738729809443 ], [ -66.748210254464695, 10.573965610832998 ] ] ] } },
{ "type": "Feature", "properties": { "id": "ven2026_inventory_line.125", "tessellate": -1, "extrude": 0, "visibility": -1, "OBJECTID": 135.0, "IMPACTS_STREAM": null, "COMMENTS": null, "Shape__Length": 96.553528671015698, "GlobalID": "d34a54e3-5cc4-4726-9129-32e88fbc4c62", "CreationDate": "2026-07-14T14:21:07.212", "Creator": "kallstadt@usgs.gov_USGS", "EditDate": "2026-07-14T14:21:07.212", "Editor": "kallstadt@usgs.gov_USGS", "slope_mean": 32.3, "slope_max": 46.8, "aspect_deg": 59.0, "aspect_R": 0.5, "length_m": 94.7, "n_samp": 8, "aspect_dir": "NE" }, "geometry": { "type": "MultiLineString", "coordinates": [ [ [ -66.753351213291296, 10.571580391197196 ], [ -66.753142796041601, 10.571800387183099 ], [ -66.752980693736205, 10.571950910752296 ], [ -66.752737540278204, 10.572182485474199 ] ] ] } },
{ "type": "Feature", "properties": { "id": "ven2026_inventory_line.126", "tessellate": -1, "extrude": 0, "visibility": -1, "OBJECTID": 136.0, "IMPACTS_STREAM": null, "COMMENTS": null, "Shape__Length": 191.44706495827401, "GlobalID": "0009634b-2510-4714-b688-3ddbe459ac60", "CreationDate": "2026-07-14T14:22:48.173", "Creator": "kallstadt@usgs.gov_USGS", "EditDate": "2026-07-14T14:22:48.173", "Editor": "kallstadt@usgs.gov_USGS", "slope_mean": 52.6, "slope_max": 61.1, "aspect_deg": 135.0, "aspect_R": 0.99, "length_m": 187.8, "n_samp": 14, "aspect_dir": "SE" }, "geometry": { "type": "MultiLineString", "coordinates": [ [ [ -66.762195740645396, 10.5813426619812 ], [ -66.761796538878102, 10.5811771392972 ], [ -66.761533649909495, 10.5809629334709 ], [ -66.761329180711698, 10.580748727644602 ], [ -66.760988398715298, 10.580437155533598 ], [ -66.760852085916795, 10.580320315991999 ] ] ] } },
{ "type": "Feature", "properties": { "id": "ven2026_inventory_line.127", "tessellate": -1, "extrude": 0, "visibility": -1, "OBJECTID": 137.0, "IMPACTS_STREAM": null, "COMMENTS": null, "Shape__Length": 121.36133849568699, "GlobalID": "1695d18b-f403-4dc6-9706-c4bb226f8779", "CreationDate": "2026-07-14T14:22:48.173", "Creator": "kallstadt@usgs.gov_USGS", "EditDate": "2026-07-14T14:22:48.173", "Editor": "kallstadt@usgs.gov_USGS", "slope_mean": 51.9, "slope_max": 58.3, "aspect_deg": 141.0, "aspect_R": 1.0, "length_m": 118.7, "n_samp": 9, "aspect_dir": "SE" }, "geometry": { "type": "MultiLineString", "coordinates": [ [ [ -66.761387600482493, 10.581430291637398 ], [ -66.761270760940903, 10.581216085810999 ], [ -66.761222077798607, 10.5809142503286 ], [ -66.7611344481423, 10.5806513613599 ], [ -66.7609689254583, 10.580466365418999 ] ] ] } },
{ "type": "Feature", "properties": { "id": "ven2026_inventory_line.128", "tessellate": -1, "extrude": 0, "visibility": -1, "OBJECTID": 138.0, "IMPACTS_STREAM": null, "COMMENTS": null, "Shape__Length": 124.490463141662, "GlobalID": "14d9f698-9d96-4762-99c7-ead2f561be11", "CreationDate": "2026-07-14T14:22:48.173", "Creator": "kallstadt@usgs.gov_USGS", "EditDate": "2026-07-14T14:22:48.173", "Editor": "kallstadt@usgs.gov_USGS", "slope_mean": 58.4, "slope_max": 60.5, "aspect_deg": 130.0, "aspect_R": 1.0, "length_m": 122.2, "n_samp": 10, "aspect_dir": "SE" }, "geometry": { "type": "MultiLineString", "coordinates": [ [ [ -66.762585205784006, 10.580943460213998 ], [ -66.762254160416106, 10.580719517759201 ], [ -66.761942588305203, 10.5804761020475 ], [ -66.761728382478907, 10.580417682276702 ], [ -66.7616407528227, 10.580378735762801 ] ] ] } },
{ "type": "Feature", "properties": { "id": "ven2026_inventory_line.129", "tessellate": -1, "extrude": 0, "visibility": -1, "OBJECTID": 139.0, "IMPACTS_STREAM": null, "COMMENTS": null, "Shape__Length": 67.303629349791606, "GlobalID": "945dce21-b908-4abe-b3b9-1ba3ce2ce1da", "CreationDate": "2026-07-14T14:22:48.173", "Creator": "kallstadt@usgs.gov_USGS", "EditDate": "2026-07-14T14:22:48.173", "Editor": "kallstadt@usgs.gov_USGS", "slope_mean": 60.6, "slope_max": 61.7, "aspect_deg": 132.0, "aspect_R": 1.0, "length_m": 65.9, "n_samp": 6, "aspect_dir": "SE" }, "geometry": { "type": "MultiLineString", "coordinates": [ [ [ -66.762273633673104, 10.581099246269396 ], [ -66.762098374360704, 10.580914250328604 ], [ -66.762001008075899, 10.580758464273 ], [ -66.761903641791307, 10.580631888102898 ] ] ] } },
{ "type": "Feature", "properties": { "id": "ven2026_inventory_line.130", "tessellate": -1, "extrude": 0, "visibility": -1, "OBJECTID": 140.0, "IMPACTS_STREAM": null, "COMMENTS": null, "Shape__Length": 107.729832249998, "GlobalID": "af5105cd-3c0d-4c5b-acd9-51cfc97d1199", "CreationDate": "2026-07-14T14:22:48.173", "Creator": "kallstadt@usgs.gov_USGS", "EditDate": "2026-07-14T14:22:48.173", "Editor": "kallstadt@usgs.gov_USGS", "slope_mean": 57.9, "slope_max": 60.0, "aspect_deg": 133.0, "aspect_R": 1.0, "length_m": 105.7, "n_samp": 9, "aspect_dir": "SE" }, "geometry": { "type": "MultiLineString", "coordinates": [ [ [ -66.763025078957, 10.580798713466399 ], [ -66.762700696305799, 10.580585547724302 ], [ -66.762431922109002, 10.5803538458305 ], [ -66.762255828669794, 10.580224092769999 ] ] ] } },
{ "type": "Feature", "properties": { "id": "ven2026_inventory_line.131", "tessellate": -1, "extrude": 0, "visibility": -1, "OBJECTID": 141.0, "IMPACTS_STREAM": null, "COMMENTS": null, "Shape__Length": 93.473422052174996, "GlobalID": "a6de40fe-1652-47e1-92d1-16aeb18e1cf0", "CreationDate": "2026-07-14T14:22:48.173", "Creator": "kallstadt@usgs.gov_USGS", "EditDate": "2026-07-14T14:22:48.173", "Editor": "kallstadt@usgs.gov_USGS", "slope_mean": 49.4, "slope_max": 51.7, "aspect_deg": 101.0, "aspect_R": 0.99, "length_m": 91.9, "n_samp": 8, "aspect_dir": "E" }, "geometry": { "type": "MultiLineString", "coordinates": [ [ [ -66.763275317002197, 10.579445574406998 ], [ -66.763062151260002, 10.579445574407 ], [ -66.762747036684601, 10.579473378634297 ], [ -66.762561675169493, 10.579473378634296 ], [ -66.762450458260503, 10.5795289870888 ] ] ] } },
{ "type": "Feature", "properties": { "id": "ven2026_inventory_line.132", "tessellate": -1, "extrude": 0, "visibility": -1, "OBJECTID": 142.0, "IMPACTS_STREAM": null, "COMMENTS": null, "Shape__Length": 11.840506332403599, "GlobalID": "293ab2f8-be8f-4129-9b50-2abaf6da2257", "CreationDate": "2026-07-14T14:22:48.173", "Creator": "kallstadt@usgs.gov_USGS", "EditDate": "2026-07-14T14:22:48.173", "Editor": "kallstadt@usgs.gov_USGS", "slope_mean": 34.1, "slope_max": 34.1, "aspect_deg": 124.0, "aspect_R": 1.0, "length_m": 11.6, "n_samp": 2, "aspect_dir": "SE" }, "geometry": { "type": "MultiLineString", "coordinates": [ [ [ -66.759920273580803, 10.581632840283898 ], [ -66.7598368608991, 10.581697716814199 ] ] ] } },
{ "type": "Feature", "properties": { "id": "ven2026_inventory_line.133", "tessellate": -1, "extrude": 0, "visibility": -1, "OBJECTID": 143.0, "IMPACTS_STREAM": null, "COMMENTS": null, "Shape__Length": 14.0540360420684, "GlobalID": "981ad1e3-5f49-4690-a499-be8a339193df", "CreationDate": "2026-07-14T14:22:48.173", "Creator": "kallstadt@usgs.gov_USGS", "EditDate": "2026-07-14T14:22:48.173", "Editor": "kallstadt@usgs.gov_USGS", "slope_mean": 36.7, "slope_max": 36.7, "aspect_deg": 133.0, "aspect_R": 1.0, "length_m": 13.8, "n_samp": 2, "aspect_dir": "SE" }, "geometry": { "type": "MultiLineString", "coordinates": [ [ [ -66.759447601717596, 10.581484551071897 ], [ -66.759327116732905, 10.581521623374998 ] ] ] } },
{ "type": "Feature", "properties": { "id": "ven2026_inventory_line.134", "tessellate": -1, "extrude": 0, "visibility": -1, "OBJECTID": 144.0, "IMPACTS_STREAM": null, "COMMENTS": null, "Shape__Length": 11.727236704924501, "GlobalID": "b324f150-9a2b-4452-a170-ed2526f4ec1a", "CreationDate": "2026-07-14T14:22:48.173", "Creator": "kallstadt@usgs.gov_USGS", "EditDate": "2026-07-14T14:22:48.173", "Editor": "kallstadt@usgs.gov_USGS", "slope_mean": 21.2, "slope_max": 22.4, "aspect_deg": 91.0, "aspect_R": 0.92, "length_m": 11.5, "n_samp": 2, "aspect_dir": "E" }, "geometry": { "type": "MultiLineString", "coordinates": [ [ [ -66.759318434694706, 10.580731557901199 ], [ -66.759240296351095, 10.5806621015958 ] ] ] } },
{ "type": "Feature", "properties": { "id": "ven2026_inventory_line.135", "tessellate": -1, "extrude": 0, "visibility": -1, "OBJECTID": 146.0, "IMPACTS_STREAM": null, "COMMENTS": null, "Shape__Length": 35.317377967129801, "GlobalID": "b5fabe7d-45d8-4a7a-a33b-7719f038ffb1", "CreationDate": "2026-07-14T14:22:48.173", "Creator": "kallstadt@usgs.gov_USGS", "EditDate": "2026-07-14T14:22:48.173", "Editor": "kallstadt@usgs.gov_USGS", "slope_mean": 50.9, "slope_max": 51.8, "aspect_deg": 116.0, "aspect_R": 1.0, "length_m": 34.7, "n_samp": 4, "aspect_dir": "SE" }, "geometry": { "type": "MultiLineString", "coordinates": [ [ [ -66.766522320841304, 10.578051851966302 ], [ -66.766255620400301, 10.577882941686996 ] ] ] } },
{ "type": "Feature", "properties": { "id": "ven2026_inventory_line.136", "tessellate": -1, "extrude": 0, "visibility": -1, "OBJECTID": 86.0, "IMPACTS_STREAM": "Y", "COMMENTS": null, "Shape__Length": 74.899610582975598, "GlobalID": "a534187a-a37f-4838-b2a6-b87228cc8607", "CreationDate": "2026-07-14T14:11:51.827", "Creator": "kallstadt@usgs.gov_USGS", "EditDate": "2026-07-14T14:23:00.828", "Editor": "kallstadt@usgs.gov_USGS", "slope_mean": 45.4, "slope_max": 47.9, "aspect_deg": 60.0, "aspect_R": 0.91, "length_m": 73.3, "n_samp": 6, "aspect_dir": "NE" }, "geometry": { "type": "MultiLineString", "coordinates": [ [ [ -66.7658284737645, 10.576912523015602 ], [ -66.765708599888498, 10.577152270767698 ], [ -66.765513804839898, 10.577496908161198 ] ] ] } },
{ "type": "Feature", "properties": { "id": "ven2026_inventory_line.137", "tessellate": -1, "extrude": 0, "visibility": -1, "OBJECTID": 145.0, "IMPACTS_STREAM": "Y", "COMMENTS": null, "Shape__Length": 158.393463371038, "GlobalID": "d2dfe9a1-b854-4850-a50d-38be6f4fa825", "CreationDate": "2026-07-14T14:22:48.173", "Creator": "kallstadt@usgs.gov_USGS", "EditDate": "2026-07-14T14:23:00.828", "Editor": "kallstadt@usgs.gov_USGS", "slope_mean": 49.6, "slope_max": 57.2, "aspect_deg": 124.0, "aspect_R": 0.98, "length_m": 155.4, "n_samp": 12, "aspect_dir": "SE" }, "geometry": { "type": "MultiLineString", "coordinates": [ [ [ -66.766407931910805, 10.578514553435104 ], [ -66.765995198318805, 10.5782615876852 ], [ -66.765782174529406, 10.578068534875998 ], [ -66.765489266818904, 10.577842197099701 ], [ -66.765309527996607, 10.577722371218201 ], [ -66.7652562720492, 10.5777024002379 ] ] ] } },
{ "type": "Feature", "properties": { "id": "ven2026_inventory_line.138", "tessellate": -1, "extrude": 0, "visibility": -1, "OBJECTID": 85.0, "IMPACTS_STREAM": "Y", "COMMENTS": "Dam?", "Shape__Length": 149.993414729405, "GlobalID": "09287ac2-2792-40a8-a639-478b755d542f", "CreationDate": "2026-07-14T14:11:51.827", "Creator": "kallstadt@usgs.gov_USGS", "EditDate": "2026-07-14T14:23:16.910", "Editor": "kallstadt@usgs.gov_USGS", "slope_mean": 43.5, "slope_max": 51.5, "aspect_deg": 23.0, "aspect_R": 0.75, "length_m": 146.6, "n_samp": 11, "aspect_dir": "NE" }, "geometry": { "type": "MultiLineString", "coordinates": [ [ [ -66.765453867901897, 10.576388074808001 ], [ -66.765289041322404, 10.576762680670599 ], [ -66.765319009791398, 10.577107318064199 ], [ -66.765289041322404, 10.5773620500507 ], [ -66.765154183211905, 10.577646750506297 ] ] ] } },
{ "type": "Feature", "properties": { "id": "ven2026_inventory_line.139", "tessellate": -1, "extrude": 0, "visibility": -1, "OBJECTID": 147.0, "IMPACTS_STREAM": null, "COMMENTS": "Unclear of the LS extent. PlanetScope 07/07.", "Shape__Length": 69.036031896369295, "GlobalID": "8e0ab970-d43e-4346-b629-3df519b45d1b", "CreationDate": "2026-07-14T14:24:28.156", "Creator": "ecollins@usgs.gov_USGS", "EditDate": "2026-07-14T14:24:28.156", "Editor": "ecollins@usgs.gov_USGS", "slope_mean": 39.6, "slope_max": 42.2, "aspect_deg": 37.0, "aspect_R": 0.95, "length_m": 67.5, "n_samp": 6, "aspect_dir": "NE" }, "geometry": { "type": "MultiLineString", "coordinates": [ [ [ -66.915047126537502, 10.5740755231769 ], [ -66.915050298896404, 10.573812217383296 ], [ -66.914980506999399, 10.573472774974498 ] ] ] } },
{ "type": "Feature", "properties": { "id": "ven2026_inventory_line.140", "tessellate": -1, "extrude": 0, "visibility": -1, "OBJECTID": 148.0, "IMPACTS_STREAM": null, "COMMENTS": null, "Shape__Length": 33.439147649472197, "GlobalID": "ba5c1520-591a-4e85-80db-1fb15de9562c", "CreationDate": "2026-07-14T14:24:38.875", "Creator": "kallstadt@usgs.gov_USGS", "EditDate": "2026-07-14T14:24:38.875", "Editor": "kallstadt@usgs.gov_USGS", "slope_mean": 25.1, "slope_max": 38.5, "aspect_deg": 331.0, "aspect_R": 0.92, "length_m": 32.8, "n_samp": 4, "aspect_dir": "NW" }, "geometry": { "type": "MultiLineString", "coordinates": [ [ [ -66.764570366881898, 10.584062284144999 ], [ -66.764451722687397, 10.584180928339498 ], [ -66.764372626557801, 10.584283753307899 ] ] ] } },
{ "type": "Feature", "properties": { "id": "ven2026_inventory_line.141", "tessellate": -1, "extrude": 0, "visibility": -1, "OBJECTID": 149.0, "IMPACTS_STREAM": null, "COMMENTS": null, "Shape__Length": 14.383180969450001, "GlobalID": "1193f58c-3c94-46a6-a38a-2f2c1067d97f", "CreationDate": "2026-07-14T14:24:38.875", "Creator": "kallstadt@usgs.gov_USGS", "EditDate": "2026-07-14T14:24:38.875", "Editor": "kallstadt@usgs.gov_USGS", "slope_mean": 25.8, "slope_max": 31.0, "aspect_deg": 334.0, "aspect_R": 0.96, "length_m": 14.1, "n_samp": 2, "aspect_dir": "NW" }, "geometry": { "type": "MultiLineString", "coordinates": [ [ [ -66.764578276494703, 10.584220476404298 ], [ -66.7645149995911, 10.584331210985699 ] ] ] } },
{ "type": "Feature", "properties": { "id": "ven2026_inventory_line.142", "tessellate": -1, "extrude": 0, "visibility": -1, "OBJECTID": 150.0, "IMPACTS_STREAM": null, "COMMENTS": null, "Shape__Length": 7.3916677822982901, "GlobalID": "e05814bb-581f-49de-bc79-5ee3f863d99a", "CreationDate": "2026-07-14T14:24:38.875", "Creator": "kallstadt@usgs.gov_USGS", "EditDate": "2026-07-14T14:24:38.875", "Editor": "kallstadt@usgs.gov_USGS", "slope_mean": 26.2, "slope_max": 26.2, "aspect_deg": 31.0, "aspect_R": 1.0, "length_m": 7.3, "n_samp": 2, "aspect_dir": "NE" }, "geometry": { "type": "MultiLineString", "coordinates": [ [ [ -66.769490847010815, 10.571133938254899 ], [ -66.769424976926899, 10.571142172015298 ] ] ] } },
{ "type": "Feature", "properties": { "id": "ven2026_inventory_line.143", "tessellate": -1, "extrude": 0, "visibility": -1, "OBJECTID": 151.0, "IMPACTS_STREAM": null, "COMMENTS": null, "Shape__Length": 11.7672782904621, "GlobalID": "dc0f26a3-0dd2-4199-812a-8fb4d9522878", "CreationDate": "2026-07-14T14:24:38.875", "Creator": "kallstadt@usgs.gov_USGS", "EditDate": "2026-07-14T14:24:38.875", "Editor": "kallstadt@usgs.gov_USGS", "slope_mean": 30.3, "slope_max": 39.2, "aspect_deg": 26.0, "aspect_R": 0.97, "length_m": 11.5, "n_samp": 2, "aspect_dir": "NE" }, "geometry": { "type": "MultiLineString", "coordinates": [ [ [ -66.768790977370102, 10.571430353631998 ], [ -66.7688650812145, 10.5713562497877 ] ] ] } },
{ "type": "Feature", "properties": { "id": "ven2026_inventory_line.144", "tessellate": -1, "extrude": 0, "visibility": -1, "OBJECTID": 152.0, "IMPACTS_STREAM": null, "COMMENTS": null, "Shape__Length": 36.211811156946702, "GlobalID": "27fea38b-6d90-4d5b-8d98-97ae88704bd8", "CreationDate": "2026-07-14T14:24:38.875", "Creator": "kallstadt@usgs.gov_USGS", "EditDate": "2026-07-14T14:24:38.875", "Editor": "kallstadt@usgs.gov_USGS", "slope_mean": 24.3, "slope_max": 28.9, "aspect_deg": 12.0, "aspect_R": 0.99, "length_m": 35.5, "n_samp": 4, "aspect_dir": "N" }, "geometry": { "type": "MultiLineString", "coordinates": [ [ [ -66.7710223264597, 10.571216275859697 ], [ -66.770972923896693, 10.571323314745801 ], [ -66.770832949968593, 10.5714715224345 ] ] ] } },
{ "type": "Feature", "properties": { "id": "ven2026_inventory_line.145", "tessellate": -1, "extrude": 0, "visibility": -1, "OBJECTID": 153.0, "IMPACTS_STREAM": "Y", "COMMENTS": null, "Shape__Length": 26.418176642216402, "GlobalID": "060fb8c7-2fe8-4546-bf7b-c8e9f546d43f", "CreationDate": "2026-07-14T14:25:31.321", "Creator": "kallstadt@usgs.gov_USGS", "EditDate": "2026-07-14T14:25:31.321", "Editor": "kallstadt@usgs.gov_USGS", "slope_mean": 31.7, "slope_max": 44.8, "aspect_deg": 128.0, "aspect_R": 1.0, "length_m": 25.9, "n_samp": 3, "aspect_dir": "SE" }, "geometry": { "type": "MultiLineString", "coordinates": [ [ [ -66.751362411486113, 10.579900640641201 ], [ -66.751160865595395, 10.579777473708001 ] ] ] } },
{ "type": "Feature", "properties": { "id": "ven2026_inventory_line.146", "tessellate": -1, "extrude": 0, "visibility": -1, "OBJECTID": 154.0, "IMPACTS_STREAM": "Y", "COMMENTS": null, "Shape__Length": 18.475532335591499, "GlobalID": "f4be3eae-079a-4309-9900-6e7496df07d0", "CreationDate": "2026-07-14T14:25:31.321", "Creator": "kallstadt@usgs.gov_USGS", "EditDate": "2026-07-14T14:25:31.321", "Editor": "kallstadt@usgs.gov_USGS", "slope_mean": 31.4, "slope_max": 45.8, "aspect_deg": 154.0, "aspect_R": 0.6, "length_m": 18.1, "n_samp": 3, "aspect_dir": "SE" }, "geometry": { "type": "MultiLineString", "coordinates": [ [ [ -66.751552760383007, 10.579643109780799 ], [ -66.751407199461894, 10.579564730823199 ] ] ] } },
{ "type": "Feature", "properties": { "id": "ven2026_inventory_line.147", "tessellate": -1, "extrude": 0, "visibility": -1, "OBJECTID": 155.0, "IMPACTS_STREAM": "Y", "COMMENTS": null, "Shape__Length": 74.048922966230094, "GlobalID": "b1eb12d7-5ef8-44ad-af86-7a45f0b6b283", "CreationDate": "2026-07-14T14:25:31.321", "Creator": "kallstadt@usgs.gov_USGS", "EditDate": "2026-07-14T14:25:31.321", "Editor": "kallstadt@usgs.gov_USGS", "slope_mean": 21.5, "slope_max": 33.0, "aspect_deg": 27.0, "aspect_R": 0.7, "length_m": 72.8, "n_samp": 6, "aspect_dir": "NE" }, "geometry": { "type": "MultiLineString", "coordinates": [ [ [ -66.7493332175993, 10.583011740334401 ], [ -66.748930465459907, 10.582942300310396 ], [ -66.748680481373299, 10.582886748291202 ] ] ] } },
{ "type": "Feature", "properties": { "id": "ven2026_inventory_line.148", "tessellate": -1, "extrude": 0, "visibility": -1, "OBJECTID": 156.0, "IMPACTS_STREAM": null, "COMMENTS": null, "Shape__Length": 11.8058789242343, "GlobalID": "58b8437c-5f28-417e-9c8c-6561baa1c41a", "CreationDate": "2026-07-14T14:25:31.321", "Creator": "kallstadt@usgs.gov_USGS", "EditDate": "2026-07-14T14:25:31.321", "Editor": "kallstadt@usgs.gov_USGS", "slope_mean": 22.9, "slope_max": 26.4, "aspect_deg": 357.0, "aspect_R": 0.91, "length_m": 11.6, "n_samp": 2, "aspect_dir": "N" }, "geometry": { "type": "MultiLineString", "coordinates": [ [ [ -66.749236001565606, 10.5838033566083 ], [ -66.749138785531997, 10.583845020622798 ] ] ] } },
{ "type": "Feature", "properties": { "id": "ven2026_inventory_line.149", "tessellate": -1, "extrude": 0, "visibility": -1, "OBJECTID": 157.0, "IMPACTS_STREAM": null, "COMMENTS": "Reactivation? PlanetScope 07/07", "Shape__Length": 74.908894434415402, "GlobalID": "2ee51e98-2cce-49fd-a952-3cc897b0a788", "CreationDate": "2026-07-14T14:26:08.919", "Creator": "ecollins@usgs.gov_USGS", "EditDate": "2026-07-14T14:26:08.919", "Editor": "ecollins@usgs.gov_USGS", "slope_mean": 45.7, "slope_max": 50.1, "aspect_deg": 43.0, "aspect_R": 1.0, "length_m": 73.5, "n_samp": 6, "aspect_dir": "NE" }, "geometry": { "type": "MultiLineString", "coordinates": [ [ [ -66.925414395619399, 10.5674516376681 ], [ -66.925141572748799, 10.5674897059756 ], [ -66.924951231211196, 10.567610255616094 ], [ -66.924856060442295, 10.5677498394104 ] ] ] } },
{ "type": "Feature", "properties": { "id": "ven2026_inventory_line.150", "tessellate": -1, "extrude": 0, "visibility": -1, "OBJECTID": 158.0, "IMPACTS_STREAM": null, "COMMENTS": "PlanetScope 07/07", "Shape__Length": 75.421071334877595, "GlobalID": "c2b11956-014e-4f77-9907-a023e21bdd2a", "CreationDate": "2026-07-14T14:27:06.464", "Creator": "ecollins@usgs.gov_USGS", "EditDate": "2026-07-14T14:27:06.464", "Editor": "ecollins@usgs.gov_USGS", "slope_mean": 42.5, "slope_max": 46.6, "aspect_deg": 22.0, "aspect_R": 0.99, "length_m": 73.9, "n_samp": 6, "aspect_dir": "N" }, "geometry": { "type": "MultiLineString", "coordinates": [ [ [ -66.925097159723293, 10.568048041152601 ], [ -66.9248370262886, 10.568181280228902 ], [ -66.924767234391496, 10.5683716217666 ], [ -66.924805302698999, 10.5685429291504 ] ] ] } },
{ "type": "Feature", "properties": { "id": "ven2026_inventory_line.151", "tessellate": -1, "extrude": 0, "visibility": -1, "OBJECTID": 159.0, "IMPACTS_STREAM": null, "COMMENTS": "Retrogression", "Shape__Length": 90.959760248898505, "GlobalID": "9b7b6a46-2a59-42ef-abdd-e92569790758", "CreationDate": "2026-07-14T14:28:05.828", "Creator": "kallstadt@usgs.gov_USGS", "EditDate": "2026-07-14T14:28:05.828", "Editor": "kallstadt@usgs.gov_USGS", "slope_mean": 35.4, "slope_max": 41.8, "aspect_deg": 31.0, "aspect_R": 0.99, "length_m": 88.9, "n_samp": 7, "aspect_dir": "NE" }, "geometry": { "type": "MultiLineString", "coordinates": [ [ [ -66.736510906900406, 10.557275560161898 ], [ -66.736351063728307, 10.557566184111298 ], [ -66.736292938938405, 10.557856808060599 ], [ -66.736263876543404, 10.5580311824303 ] ] ] } },
{ "type": "Feature", "properties": { "id": "ven2026_inventory_line.152", "tessellate": -1, "extrude": 0, "visibility": -1, "OBJECTID": 160.0, "IMPACTS_STREAM": null, "COMMENTS": "Retrogression", "Shape__Length": 106.459731898846, "GlobalID": "7f7c1bc3-07bc-414a-9931-3632d777726a", "CreationDate": "2026-07-14T14:28:05.828", "Creator": "kallstadt@usgs.gov_USGS", "EditDate": "2026-07-14T14:28:05.828", "Editor": "kallstadt@usgs.gov_USGS", "slope_mean": 35.9, "slope_max": 41.8, "aspect_deg": 6.0, "aspect_R": 0.97, "length_m": 104.2, "n_samp": 8, "aspect_dir": "N" }, "geometry": { "type": "MultiLineString", "coordinates": [ [ [ -66.736388363798298, 10.557159771645999 ], [ -66.736319204212194, 10.557284258900896 ], [ -66.736180885040199, 10.557560897245098 ], [ -66.736097893537007, 10.557768376003301 ], [ -66.735945742447598, 10.557989686678599 ] ] ] } },
{ "type": "Feature", "properties": { "id": "ven2026_inventory_line.153", "tessellate": -1, "extrude": 0, "visibility": -1, "OBJECTID": 161.0, "IMPACTS_STREAM": null, "COMMENTS": null, "Shape__Length": 20.068278510273299, "GlobalID": "7480c7b5-a01d-4903-97a9-81566fdd874a", "CreationDate": "2026-07-14T14:28:05.828", "Creator": "kallstadt@usgs.gov_USGS", "EditDate": "2026-07-14T14:28:05.828", "Editor": "kallstadt@usgs.gov_USGS", "slope_mean": 34.8, "slope_max": 36.1, "aspect_deg": 20.0, "aspect_R": 1.0, "length_m": 19.7, "n_samp": 3, "aspect_dir": "N" }, "geometry": { "type": "MultiLineString", "coordinates": [ [ [ -66.737564076761203, 10.558459971863801 ], [ -66.737398093754607, 10.558529131449799 ] ] ] } },
{ "type": "Feature", "properties": { "id": "ven2026_inventory_line.154", "tessellate": -1, "extrude": 0, "visibility": -1, "OBJECTID": 14.0, "IMPACTS_STREAM": null, "COMMENTS": "Retrogression", "Shape__Length": 98.405693904858097, "GlobalID": "4bf10cb4-921f-4874-a89a-ce74c3c86ec7", "CreationDate": "2026-07-14T13:38:28.364", "Creator": "kallstadt@usgs.gov_USGS", "EditDate": "2026-07-14T14:28:40.853", "Editor": "kallstadt@usgs.gov_USGS", "slope_mean": 32.9, "slope_max": 35.9, "aspect_deg": 89.0, "aspect_R": 0.96, "length_m": 96.8, "n_samp": 8, "aspect_dir": "E" }, "geometry": { "type": "MultiLineString", "coordinates": [ [ [ -66.761551491692401, 10.551837460050699 ], [ -66.760680926342104, 10.551686562056698 ] ] ] } },
{ "type": "Feature", "properties": { "id": "ven2026_inventory_line.155", "tessellate": -1, "extrude": 0, "visibility": -1, "OBJECTID": 15.0, "IMPACTS_STREAM": null, "COMMENTS": "Retrogression", "Shape__Length": 184.49963076343499, "GlobalID": "97d5dbca-ed91-4703-8334-ca7b82ece5d6", "CreationDate": "2026-07-14T13:48:38.986", "Creator": "kallstadt@usgs.gov_USGS", "EditDate": "2026-07-14T14:28:40.853", "Editor": "kallstadt@usgs.gov_USGS", "slope_mean": 40.4, "slope_max": 44.2, "aspect_deg": 84.0, "aspect_R": 0.96, "length_m": 181.3, "n_samp": 14, "aspect_dir": "E" }, "geometry": { "type": "MultiLineString", "coordinates": [ [ [ -66.758882740516697, 10.553982103962998 ], [ -66.758466942433401, 10.553732625112998 ], [ -66.758165488822996, 10.553670255400498 ], [ -66.757801665499997, 10.553628675592201 ], [ -66.757458632081196, 10.553722230160904 ], [ -66.757333892656206, 10.553784599873397 ] ] ] } },
{ "type": "Feature", "properties": { "id": "ven2026_inventory_line.156", "tessellate": -1, "extrude": 0, "visibility": -1, "OBJECTID": 16.0, "IMPACTS_STREAM": null, "COMMENTS": "Retrogression", "Shape__Length": 95.816692422027003, "GlobalID": "e3769c10-9a03-4b0f-8de4-52bce8150ab4", "CreationDate": "2026-07-14T13:48:38.986", "Creator": "kallstadt@usgs.gov_USGS", "EditDate": "2026-07-14T14:28:40.853", "Editor": "kallstadt@usgs.gov_USGS", "slope_mean": 36.8, "slope_max": 41.8, "aspect_deg": 108.0, "aspect_R": 0.98, "length_m": 94.1, "n_samp": 8, "aspect_dir": "E" }, "geometry": { "type": "MultiLineString", "coordinates": [ [ [ -66.758082329206303, 10.554262767669302 ], [ -66.757728900835403, 10.554034078723399 ], [ -66.757365077512404, 10.5537949948255 ] ] ] } },
{ "type": "Feature", "properties": { "id": "ven2026_inventory_line.157", "tessellate": -1, "extrude": 0, "visibility": -1, "OBJECTID": 21.0, "IMPACTS_STREAM": null, "COMMENTS": "Retrogression", "Shape__Length": 40.054371770516703, "GlobalID": "443fb4d1-27dc-4a69-b229-b6b4c41d87d8", "CreationDate": "2026-07-14T13:50:32.878", "Creator": "kallstadt@usgs.gov_USGS", "EditDate": "2026-07-14T14:28:40.853", "Editor": "kallstadt@usgs.gov_USGS", "slope_mean": 36.1, "slope_max": 36.3, "aspect_deg": 9.0, "aspect_R": 1.0, "length_m": 39.2, "n_samp": 4, "aspect_dir": "N" }, "geometry": { "type": "MultiLineString", "coordinates": [ [ [ -66.7695776294902, 10.555262537493299 ], [ -66.769447997671193, 10.555592509396096 ] ] ] } },
{ "type": "Feature", "properties": { "id": "ven2026_inventory_line.158", "tessellate": -1, "extrude": 0, "visibility": -1, "OBJECTID": 114.0, "IMPACTS_STREAM": null, "COMMENTS": "Retrogression", "Shape__Length": 195.15684158964501, "GlobalID": "559845c8-6ffb-487d-817e-27b87be366ad", "CreationDate": "2026-07-14T14:18:20.476", "Creator": "kallstadt@usgs.gov_USGS", "EditDate": "2026-07-14T14:28:40.853", "Editor": "kallstadt@usgs.gov_USGS", "slope_mean": 34.7, "slope_max": 40.6, "aspect_deg": 55.0, "aspect_R": 0.99, "length_m": 191.4, "n_samp": 14, "aspect_dir": "NE" }, "geometry": { "type": "MultiLineString", "coordinates": [ [ [ -66.758623497539304, 10.5770384869775 ], [ -66.758203090446003, 10.577038486977498 ], [ -66.757948298268204, 10.5771149246308 ], [ -66.757731724917093, 10.577356977199699 ], [ -66.757502411957105, 10.577599029768601 ], [ -66.757375015868305, 10.577892040773003 ], [ -66.757375015868305, 10.577968478426298 ] ] ] } },
{ "type": "Feature", "properties": { "id": "ven2026_inventory_line.159", "tessellate": -1, "extrude": 0, "visibility": -1, "OBJECTID": 115.0, "IMPACTS_STREAM": null, "COMMENTS": "Retrogression", "Shape__Length": 59.400756225014099, "GlobalID": "4229099f-e81b-4f8a-984c-5452e5a26d20", "CreationDate": "2026-07-14T14:18:20.476", "Creator": "kallstadt@usgs.gov_USGS", "EditDate": "2026-07-14T14:28:40.853", "Editor": "kallstadt@usgs.gov_USGS", "slope_mean": 21.8, "slope_max": 22.6, "aspect_deg": 2.0, "aspect_R": 0.99, "length_m": 58.3, "n_samp": 5, "aspect_dir": "N" }, "geometry": { "type": "MultiLineString", "coordinates": [ [ [ -66.756801733468293, 10.578172312168498 ], [ -66.757043786037201, 10.578388885519699 ], [ -66.757222140561595, 10.578490802390798 ] ] ] } },
{ "type": "Feature", "properties": { "id": "ven2026_inventory_line.160", "tessellate": -1, "extrude": 0, "visibility": -1, "OBJECTID": 163.0, "IMPACTS_STREAM": null, "COMMENTS": "Unclear if LS. PlanetScope 07/07", "Shape__Length": 19.6443246605178, "GlobalID": "0b5c6c8d-9ac2-4bed-a72c-0d3d9490cd57", "CreationDate": "2026-07-14T14:29:44.053", "Creator": "ecollins@usgs.gov_USGS", "EditDate": "2026-07-14T14:29:44.053", "Editor": "ecollins@usgs.gov_USGS", "slope_mean": 42.2, "slope_max": 44.4, "aspect_deg": 341.0, "aspect_R": 1.0, "length_m": 19.3, "n_samp": 3, "aspect_dir": "N" }, "geometry": { "type": "MultiLineString", "coordinates": [ [ [ -66.908188486465605, 10.5753381220431 ], [ -66.908315380824007, 10.575458671683597 ] ] ] } },
{ "type": "Feature", "properties": { "id": "ven2026_inventory_line.161", "tessellate": -1, "extrude": 0, "visibility": -1, "OBJECTID": 164.0, "IMPACTS_STREAM": null, "COMMENTS": "PlanetScope 07/07", "Shape__Length": 16.7710091136504, "GlobalID": "388b3408-1f75-4328-b68f-edbd104798c0", "CreationDate": "2026-07-14T14:29:44.053", "Creator": "ecollins@usgs.gov_USGS", "EditDate": "2026-07-14T14:29:44.053", "Editor": "ecollins@usgs.gov_USGS", "slope_mean": 41.7, "slope_max": 41.7, "aspect_deg": 30.0, "aspect_R": 1.0, "length_m": 16.5, "n_samp": 3, "aspect_dir": "NE" }, "geometry": { "type": "MultiLineString", "coordinates": [ [ [ -66.909641426869399, 10.577032161727901 ], [ -66.9095208772289, 10.576943335676999 ] ] ] } },
{ "type": "Feature", "properties": { "id": "ven2026_inventory_line.162", "tessellate": -1, "extrude": 0, "visibility": -1, "OBJECTID": 165.0, "IMPACTS_STREAM": null, "COMMENTS": null, "Shape__Length": 55.538437398425401, "GlobalID": "737e75ce-704e-4156-8b08-1e80aee62252", "CreationDate": "2026-07-14T14:30:23.328", "Creator": "kallstadt@usgs.gov_USGS", "EditDate": "2026-07-14T14:30:23.328", "Editor": "kallstadt@usgs.gov_USGS", "slope_mean": 34.3, "slope_max": 40.7, "aspect_deg": 9.0, "aspect_R": 0.97, "length_m": 54.4, "n_samp": 5, "aspect_dir": "N" }, "geometry": { "type": "MultiLineString", "coordinates": [ [ [ -66.733469829266994, 10.5547253542171 ], [ -66.733373005846602, 10.554932832975302 ], [ -66.733193190922904, 10.555126479816199 ] ] ] } },
{ "type": "Feature", "properties": { "id": "ven2026_inventory_line.163", "tessellate": -1, "extrude": 0, "visibility": -1, "OBJECTID": 166.0, "IMPACTS_STREAM": null, "COMMENTS": null, "Shape__Length": 40.622132973177003, "GlobalID": "cdd22548-a793-4171-a9f7-5ed11d1efd89", "CreationDate": "2026-07-14T14:30:23.328", "Creator": "kallstadt@usgs.gov_USGS", "EditDate": "2026-07-14T14:30:23.328", "Editor": "kallstadt@usgs.gov_USGS", "slope_mean": 28.0, "slope_max": 29.2, "aspect_deg": 335.0, "aspect_R": 0.98, "length_m": 39.7, "n_samp": 4, "aspect_dir": "NW" }, "geometry": { "type": "MultiLineString", "coordinates": [ [ [ -66.733220854757306, 10.558944088966101 ], [ -66.733151695171202, 10.559110071972601 ], [ -66.733082535585197, 10.5592760549792 ] ] ] } },
{ "type": "Feature", "properties": { "id": "ven2026_inventory_line.164", "tessellate": -1, "extrude": 0, "visibility": -1, "OBJECTID": 167.0, "IMPACTS_STREAM": null, "COMMENTS": "Retrogression", "Shape__Length": 101.55395630983899, "GlobalID": "67b7306e-4a33-4429-b345-a00f5ce0b3ff", "CreationDate": "2026-07-14T14:30:23.328", "Creator": "kallstadt@usgs.gov_USGS", "EditDate": "2026-07-14T14:30:23.328", "Editor": "kallstadt@usgs.gov_USGS", "slope_mean": 49.5, "slope_max": 53.6, "aspect_deg": 354.0, "aspect_R": 1.0, "length_m": 99.4, "n_samp": 8, "aspect_dir": "N" }, "geometry": { "type": "MultiLineString", "coordinates": [ [ [ -66.743201953108311, 10.563069251246301 ], [ -66.743434581186804, 10.563348404940498 ], [ -66.74362068364961, 10.563627558634698 ], [ -66.743636192188205, 10.5638291696362 ] ] ] } },
{ "type": "Feature", "properties": { "id": "ven2026_inventory_line.165", "tessellate": -1, "extrude": 0, "visibility": -1, "OBJECTID": 168.0, "IMPACTS_STREAM": null, "COMMENTS": null, "Shape__Length": 23.4064087528578, "GlobalID": "696f847b-9264-4803-89ff-e83131e514fd", "CreationDate": "2026-07-14T14:30:23.328", "Creator": "kallstadt@usgs.gov_USGS", "EditDate": "2026-07-14T14:30:23.328", "Editor": "kallstadt@usgs.gov_USGS", "slope_mean": 53.9, "slope_max": 54.7, "aspect_deg": 355.0, "aspect_R": 1.0, "length_m": 23.0, "n_samp": 3, "aspect_dir": "N" }, "geometry": { "type": "MultiLineString", "coordinates": [ [ [ -66.743170936031106, 10.563348404940497 ], [ -66.743326021416806, 10.5634879817877 ] ] ] } },
{ "type": "Feature", "properties": { "id": "ven2026_inventory_line.166", "tessellate": -1, "extrude": 0, "visibility": -1, "OBJECTID": 169.0, "IMPACTS_STREAM": null, "COMMENTS": null, "Shape__Length": 15.5131093903906, "GlobalID": "578f9e24-87ec-4901-a8a0-9777e01b6ff8", "CreationDate": "2026-07-14T14:30:23.328", "Creator": "kallstadt@usgs.gov_USGS", "EditDate": "2026-07-14T14:30:23.328", "Editor": "kallstadt@usgs.gov_USGS", "slope_mean": 30.7, "slope_max": 37.7, "aspect_deg": 281.0, "aspect_R": 1.0, "length_m": 15.2, "n_samp": 3, "aspect_dir": "W" }, "geometry": { "type": "MultiLineString", "coordinates": [ [ [ -66.745953947533394, 10.556564208518999 ], [ -66.746060250402905, 10.556475622794499 ] ] ] } },
{ "type": "Feature", "properties": { "id": "ven2026_inventory_line.167", "tessellate": -1, "extrude": 0, "visibility": -1, "OBJECTID": 170.0, "IMPACTS_STREAM": null, "COMMENTS": null, "Shape__Length": 34.622564131113499, "GlobalID": "5bce9560-8ed3-40c6-be07-61a1822d6e4d", "CreationDate": "2026-07-14T14:30:23.328", "Creator": "kallstadt@usgs.gov_USGS", "EditDate": "2026-07-14T14:30:23.328", "Editor": "kallstadt@usgs.gov_USGS", "slope_mean": 37.8, "slope_max": 42.3, "aspect_deg": 318.0, "aspect_R": 0.99, "length_m": 33.8, "n_samp": 4, "aspect_dir": "NW" }, "geometry": { "type": "MultiLineString", "coordinates": [ [ [ -66.7317100192423, 10.553751769251397 ], [ -66.731699534706294, 10.553898552755598 ], [ -66.731678565634297, 10.554055820795801 ] ] ] } },
{ "type": "Feature", "properties": { "id": "ven2026_inventory_line.168", "tessellate": -1, "extrude": 0, "visibility": -1, "OBJECTID": 171.0, "IMPACTS_STREAM": null, "COMMENTS": "PlanetScope 07/07", "Shape__Length": 25.42646765057, "GlobalID": "e35df7a8-c378-4c16-a07e-285fbc4b2c9c", "CreationDate": "2026-07-14T14:31:18.970", "Creator": "ecollins@usgs.gov_USGS", "EditDate": "2026-07-14T14:31:18.970", "Editor": "ecollins@usgs.gov_USGS", "slope_mean": 46.6, "slope_max": 47.4, "aspect_deg": 350.0, "aspect_R": 1.0, "length_m": 25.0, "n_samp": 3, "aspect_dir": "N" }, "geometry": { "type": "MultiLineString", "coordinates": [ [ [ -66.914539549103907, 10.572927129233401 ], [ -66.914767958949, 10.572927129233399 ] ] ] } },
{ "type": "Feature", "properties": { "id": "ven2026_inventory_line.169", "tessellate": -1, "extrude": 0, "visibility": -1, "OBJECTID": 172.0, "IMPACTS_STREAM": "P", "COMMENTS": "PlanetScope 07/07", "Shape__Length": 291.77694031477699, "GlobalID": "7f320744-86e5-41b3-a3b9-82eb52652f87", "CreationDate": "2026-07-14T14:33:33.044", "Creator": "ecollins@usgs.gov_USGS", "EditDate": "2026-07-14T14:33:33.044", "Editor": "ecollins@usgs.gov_USGS", "slope_mean": 40.8, "slope_max": 49.1, "aspect_deg": 49.0, "aspect_R": 0.98, "length_m": 286.2, "n_samp": 21, "aspect_dir": "NE" }, "geometry": { "type": "MultiLineString", "coordinates": [ [ [ -66.897827562101696, 10.583941559543099 ], [ -66.897459568462295, 10.584144590516502 ], [ -66.897218469181297, 10.584461826412598 ], [ -66.896812407234407, 10.584550652463504 ], [ -66.896089109391497, 10.585020161589602 ], [ -66.895822631238801, 10.585451602408201 ] ] ] } },
{ "type": "Feature", "properties": { "id": "ven2026_inventory_line.170", "tessellate": -1, "extrude": 0, "visibility": -1, "OBJECTID": 173.0, "IMPACTS_STREAM": null, "COMMENTS": "PlanetScope 07/07", "Shape__Length": 159.49479002902399, "GlobalID": "7a175877-862f-48c1-b463-d383123c8bbb", "CreationDate": "2026-07-14T14:33:33.044", "Creator": "ecollins@usgs.gov_USGS", "EditDate": "2026-07-14T14:33:33.044", "Editor": "ecollins@usgs.gov_USGS", "slope_mean": 38.3, "slope_max": 39.5, "aspect_deg": 31.0, "aspect_R": 1.0, "length_m": 156.3, "n_samp": 12, "aspect_dir": "NE" }, "geometry": { "type": "MultiLineString", "coordinates": [ [ [ -66.896114488263095, 10.582393448370603 ], [ -66.895695736880398, 10.582469584985599 ], [ -66.895467327035306, 10.5828883363684 ], [ -66.895226227754307, 10.5833451560586 ] ] ] } },
{ "type": "Feature", "properties": { "id": "ven2026_inventory_line.171", "tessellate": -1, "extrude": 0, "visibility": -1, "OBJECTID": 174.0, "IMPACTS_STREAM": null, "COMMENTS": "PS 07/07", "Shape__Length": 29.457422360312201, "GlobalID": "d7b9a809-2a25-4130-9f99-18944595e3da", "CreationDate": "2026-07-14T14:37:17.198", "Creator": "ecollins@usgs.gov_USGS", "EditDate": "2026-07-14T14:37:17.198", "Editor": "ecollins@usgs.gov_USGS", "slope_mean": 27.6, "slope_max": 29.3, "aspect_deg": 322.0, "aspect_R": 0.98, "length_m": 28.8, "n_samp": 3, "aspect_dir": "NW" }, "geometry": { "type": "MultiLineString", "coordinates": [ [ [ -66.886660858561797, 10.566195383519903 ], [ -66.886660858561797, 10.566455516954601 ] ] ] } },
{ "type": "Feature", "properties": { "id": "ven2026_inventory_line.172", "tessellate": -1, "extrude": 0, "visibility": -1, "OBJECTID": 175.0, "IMPACTS_STREAM": null, "COMMENTS": "PS 07/07", "Shape__Length": 9.3668190645473004, "GlobalID": "609b0318-ef4f-4374-9f27-4ca0296254e8", "CreationDate": "2026-07-14T14:37:17.198", "Creator": "ecollins@usgs.gov_USGS", "EditDate": "2026-07-14T14:37:17.198", "Editor": "ecollins@usgs.gov_USGS", "slope_mean": 28.5, "slope_max": 36.7, "aspect_deg": 337.0, "aspect_R": 0.95, "length_m": 9.2, "n_samp": 2, "aspect_dir": "NW" }, "geometry": { "type": "MultiLineString", "coordinates": [ [ [ -66.886077144513195, 10.566100212751099 ], [ -66.886070799795206, 10.566182694083997 ] ] ] } },
{ "type": "Feature", "properties": { "id": "ven2026_inventory_line.173", "tessellate": -1, "extrude": 0, "visibility": -1, "OBJECTID": 176.0, "IMPACTS_STREAM": null, "COMMENTS": "PS 07/07", "Shape__Length": 13.814464509304001, "GlobalID": "c1499699-cced-4d79-b3cf-faced0877c1b", "CreationDate": "2026-07-14T14:37:17.198", "Creator": "ecollins@usgs.gov_USGS", "EditDate": "2026-07-14T14:37:17.198", "Editor": "ecollins@usgs.gov_USGS", "slope_mean": 29.4, "slope_max": 31.9, "aspect_deg": 299.0, "aspect_R": 0.97, "length_m": 13.5, "n_samp": 2, "aspect_dir": "NW" }, "geometry": { "type": "MultiLineString", "coordinates": [ [ [ -66.886857544817303, 10.566258830699097 ], [ -66.886876578970998, 10.566379380339502 ] ] ] } },
{ "type": "Feature", "properties": { "id": "ven2026_inventory_line.174", "tessellate": -1, "extrude": 0, "visibility": -1, "OBJECTID": 177.0, "IMPACTS_STREAM": null, "COMMENTS": "PS 07/07", "Shape__Length": 49.882233124221003, "GlobalID": "c23f905b-9d3b-4450-add6-d703ec904ae3", "CreationDate": "2026-07-14T14:37:17.198", "Creator": "ecollins@usgs.gov_USGS", "EditDate": "2026-07-14T14:37:17.198", "Editor": "ecollins@usgs.gov_USGS", "slope_mean": 47.1, "slope_max": 49.5, "aspect_deg": 227.0, "aspect_R": 1.0, "length_m": 48.9, "n_samp": 5, "aspect_dir": "SW" }, "geometry": { "type": "MultiLineString", "coordinates": [ [ [ -66.886984439175805, 10.5659098712134 ], [ -66.887295330353794, 10.565592635317401 ] ] ] } },
{ "type": "Feature", "properties": { "id": "ven2026_inventory_line.175", "tessellate": -1, "extrude": 0, "visibility": -1, "OBJECTID": 93.0, "IMPACTS_STREAM": "U", "COMMENTS": "Maybe impacting stream? PlanetScope 07/07", "Shape__Length": 128.377582455116, "GlobalID": "ebf8f679-6d43-4936-969c-8cf1dfbde1fd", "CreationDate": "2026-07-14T14:12:44.845", "Creator": "ecollins@usgs.gov_USGS", "EditDate": "2026-07-14T14:42:28.592", "Editor": "ecollins@usgs.gov_USGS", "slope_mean": 36.0, "slope_max": 41.6, "aspect_deg": 14.0, "aspect_R": 0.84, "length_m": 126.2, "n_samp": 10, "aspect_dir": "N" }, "geometry": { "type": "MultiLineString", "coordinates": [ [ [ -66.904740925365601, 10.584614892732398 ], [ -66.904246037367798, 10.584703718783297 ], [ -66.903627427370495, 10.584900405038898 ] ] ] } },
{ "type": "Feature", "properties": { "id": "ven2026_inventory_line.176", "tessellate": -1, "extrude": 0, "visibility": -1, "OBJECTID": 178.0, "IMPACTS_STREAM": null, "COMMENTS": null, "Shape__Length": 8.3008603168933899, "GlobalID": "ad6786aa-09cb-433b-9807-97c48118f576", "CreationDate": "2026-07-14T14:42:29.036", "Creator": "ecollins@usgs.gov_USGS", "EditDate": "2026-07-14T14:42:29.036", "Editor": "ecollins@usgs.gov_USGS", "slope_mean": 27.1, "slope_max": 27.1, "aspect_deg": 45.0, "aspect_R": 1.0, "length_m": 8.2, "n_samp": 2, "aspect_dir": "NE" }, "geometry": { "type": "MultiLineString", "coordinates": [ [ [ -66.906519825652495, 10.583834492428203 ], [ -66.906445275216896, 10.583836078607696 ] ] ] } },
{ "type": "Feature", "properties": { "id": "ven2026_inventory_line.177", "tessellate": -1, "extrude": 0, "visibility": -1, "OBJECTID": 179.0, "IMPACTS_STREAM": null, "COMMENTS": null, "Shape__Length": 10.6035165890125, "GlobalID": "60755dff-6492-4150-90c4-4961b3346e8a", "CreationDate": "2026-07-14T14:42:29.036", "Creator": "ecollins@usgs.gov_USGS", "EditDate": "2026-07-14T14:42:29.036", "Editor": "ecollins@usgs.gov_USGS", "slope_mean": 27.1, "slope_max": 27.1, "aspect_deg": 45.0, "aspect_R": 1.0, "length_m": 10.4, "n_samp": 2, "aspect_dir": "NE" }, "geometry": { "type": "MultiLineString", "coordinates": [ [ [ -66.906540445985797, 10.583767872890002 ], [ -66.906446861396404, 10.583750424915698 ] ] ] } },
{ "type": "Feature", "properties": { "id": "ven2026_inventory_line.178", "tessellate": -1, "extrude": 0, "visibility": -1, "OBJECTID": 180.0, "IMPACTS_STREAM": null, "COMMENTS": null, "Shape__Length": 65.114561816382903, "GlobalID": "924f7ca5-1862-4863-bc36-3f7fb2c90fa5", "CreationDate": "2026-07-14T14:42:29.036", "Creator": "ecollins@usgs.gov_USGS", "EditDate": "2026-07-14T14:42:29.036", "Editor": "ecollins@usgs.gov_USGS", "slope_mean": 38.4, "slope_max": 39.6, "aspect_deg": 44.0, "aspect_R": 1.0, "length_m": 64.0, "n_samp": 6, "aspect_dir": "NE" }, "geometry": { "type": "MultiLineString", "coordinates": [ [ [ -66.904823406698497, 10.584304001554298 ], [ -66.904509343161493, 10.584253243811002 ], [ -66.904242865008797, 10.584243726734098 ] ] ] } },
{ "type": "Feature", "properties": { "id": "ven2026_inventory_line.179", "tessellate": -1, "extrude": 0, "visibility": -1, "OBJECTID": 181.0, "IMPACTS_STREAM": null, "COMMENTS": null, "Shape__Length": 37.726421623367102, "GlobalID": "f6d3af43-4234-4b9a-90d6-a0dbbaf143b7", "CreationDate": "2026-07-14T14:43:06.377", "Creator": "ecollins@usgs.gov_USGS", "EditDate": "2026-07-14T14:43:06.377", "Editor": "ecollins@usgs.gov_USGS", "slope_mean": 31.1, "slope_max": 34.3, "aspect_deg": 42.0, "aspect_R": 1.0, "length_m": 37.1, "n_samp": 4, "aspect_dir": "NE" }, "geometry": { "type": "MultiLineString", "coordinates": [ [ [ -66.904775821314104, 10.5833840174559 ], [ -66.904468102495002, 10.5835236012501 ] ] ] } },
{ "type": "Feature", "properties": { "id": "ven2026_inventory_line.180", "tessellate": -1, "extrude": 0, "visibility": -1, "OBJECTID": 162.0, "IMPACTS_STREAM": null, "COMMENTS": "Unclear if LS. PlanetScope 07/07", "Shape__Length": 32.521745744475602, "GlobalID": "a3d7302a-ba4c-4af8-85e3-6ab2d4b13ef9", "CreationDate": "2026-07-14T14:28:21.443", "Creator": "ecollins@usgs.gov_USGS", "EditDate": "2026-07-14T14:43:45.429", "Editor": "ecollins@usgs.gov_USGS", "slope_mean": 28.1, "slope_max": 30.7, "aspect_deg": 357.0, "aspect_R": 0.99, "length_m": 31.9, "n_samp": 4, "aspect_dir": "N" }, "geometry": { "type": "MultiLineString", "coordinates": [ [ [ -66.909221882396906, 10.574847199493998 ], [ -66.908994265641496, 10.575027230864999 ] ] ] } },
{ "type": "Feature", "properties": { "id": "ven2026_inventory_line.181", "tessellate": -1, "extrude": 0, "visibility": -1, "OBJECTID": 182.0, "IMPACTS_STREAM": "U", "COMMENTS": "Source area still blocked by clouds. Planet 07/07 and GeoEye", "Shape__Length": 367.33169345590397, "GlobalID": "0a87d9b2-e261-4e77-b555-20ba5d7561a1", "CreationDate": "2026-07-14T14:46:51.242", "Creator": "ecollins@usgs.gov_USGS", "EditDate": "2026-07-14T14:46:51.242", "Editor": "ecollins@usgs.gov_USGS", "slope_mean": 39.8, "slope_max": 52.9, "aspect_deg": 46.0, "aspect_R": 0.99, "length_m": 359.9, "n_samp": 25, "aspect_dir": "NE" }, "geometry": { "type": "MultiLineString", "coordinates": [ [ [ -66.903790010767395, 10.564193625015902 ], [ -66.903269743897894, 10.564745615474997 ], [ -66.902819268925498, 10.565240503472799 ], [ -66.902444930568294, 10.5659764907516 ], [ -66.901658185546097, 10.5666173072616 ] ] ] } },
{ "type": "Feature", "properties": { "id": "ven2026_inventory_line.182", "tessellate": -1, "extrude": 0, "visibility": -1, "OBJECTID": 183.0, "IMPACTS_STREAM": null, "COMMENTS": null, "Shape__Length": 9.9141384419082197, "GlobalID": "fa0f8526-0b68-4a63-ae65-e8632c9402db", "CreationDate": "2026-07-14T14:47:36.108", "Creator": "ecollins@usgs.gov_USGS", "EditDate": "2026-07-14T14:47:36.108", "Editor": "ecollins@usgs.gov_USGS", "slope_mean": 40.8, "slope_max": 41.3, "aspect_deg": 66.0, "aspect_R": 1.0, "length_m": 9.7, "n_samp": 2, "aspect_dir": "NE" }, "geometry": { "type": "MultiLineString", "coordinates": [ [ [ -66.901915146621903, 10.564339553528097 ], [ -66.901826320571004, 10.5643332088103 ] ] ] } },
{ "type": "Feature", "properties": { "id": "ven2026_inventory_line.183", "tessellate": -1, "extrude": 0, "visibility": -1, "OBJECTID": 185.0, "IMPACTS_STREAM": null, "COMMENTS": "PS 07/07", "Shape__Length": 95.186746958123706, "GlobalID": "7d2925f5-15fe-44e3-b28d-e3cb500cb274", "CreationDate": "2026-07-14T14:50:38.770", "Creator": "ecollins@usgs.gov_USGS", "EditDate": "2026-07-14T14:50:38.770", "Editor": "ecollins@usgs.gov_USGS", "slope_mean": 48.9, "slope_max": 50.5, "aspect_deg": 49.0, "aspect_R": 1.0, "length_m": 93.5, "n_samp": 8, "aspect_dir": "NE" }, "geometry": { "type": "MultiLineString", "coordinates": [ [ [ -66.885344329593394, 10.580819958326201 ], [ -66.884595652878801, 10.581226020273199 ] ] ] } },
{ "type": "Feature", "properties": { "id": "ven2026_inventory_line.184", "tessellate": -1, "extrude": 0, "visibility": -1, "OBJECTID": 186.0, "IMPACTS_STREAM": null, "COMMENTS": null, "Shape__Length": 90.053246395937606, "GlobalID": "189a0d27-9961-4a7d-942c-8ed802c733ab", "CreationDate": "2026-07-14T14:50:38.770", "Creator": "ecollins@usgs.gov_USGS", "EditDate": "2026-07-14T14:50:38.770", "Editor": "ecollins@usgs.gov_USGS", "slope_mean": 52.3, "slope_max": 54.2, "aspect_deg": 47.0, "aspect_R": 1.0, "length_m": 88.5, "n_samp": 7, "aspect_dir": "NE" }, "geometry": { "type": "MultiLineString", "coordinates": [ [ [ -66.884916061133694, 10.581701874117202 ], [ -66.884161039701297, 10.581987386423599 ] ] ] } },
{ "type": "Feature", "properties": { "id": "ven2026_inventory_line.185", "tessellate": -1, "extrude": 0, "visibility": -1, "OBJECTID": 187.0, "IMPACTS_STREAM": null, "COMMENTS": null, "Shape__Length": 192.90518510054201, "GlobalID": "2fac178e-ce02-4830-8cc6-baae7c85de81", "CreationDate": "2026-07-14T14:50:38.770", "Creator": "ecollins@usgs.gov_USGS", "EditDate": "2026-07-14T14:50:38.770", "Editor": "ecollins@usgs.gov_USGS", "slope_mean": 48.6, "slope_max": 55.0, "aspect_deg": 45.0, "aspect_R": 1.0, "length_m": 189.4, "n_samp": 14, "aspect_dir": "NE" }, "geometry": { "type": "MultiLineString", "coordinates": [ [ [ -66.885204745799101, 10.5817462871427 ], [ -66.884554412212296, 10.582038144167001 ], [ -66.884081730727203, 10.582412482524298 ], [ -66.883701047651996, 10.582564755754399 ] ] ] } },
{ "type": "Feature", "properties": { "id": "ven2026_inventory_line.186", "tessellate": -1, "extrude": 0, "visibility": -1, "OBJECTID": 188.0, "IMPACTS_STREAM": null, "COMMENTS": null, "Shape__Length": 172.000213266884, "GlobalID": "d9230da2-6db6-4177-b132-6372a35d6ad3", "CreationDate": "2026-07-14T14:52:43.172", "Creator": "ecollins@usgs.gov_USGS", "EditDate": "2026-07-14T14:52:43.172", "Editor": "ecollins@usgs.gov_USGS", "slope_mean": 40.1, "slope_max": 47.7, "aspect_deg": 82.0, "aspect_R": 0.99, "length_m": 169.0, "n_samp": 13, "aspect_dir": "E" }, "geometry": { "type": "MultiLineString", "coordinates": [ [ [ -66.885017576620498, 10.584633133796398 ], [ -66.884503654469, 10.584864716000499 ], [ -66.884050007137702, 10.5850138168716 ], [ -66.883555119139899, 10.585093125845599 ] ] ] } },
{ "type": "Feature", "properties": { "id": "ven2026_inventory_line.187", "tessellate": -1, "extrude": 0, "visibility": -1, "OBJECTID": 189.0, "IMPACTS_STREAM": null, "COMMENTS": null, "Shape__Length": 136.53642525897601, "GlobalID": "ac2d554c-b14d-43ee-908e-459b2531bd2f", "CreationDate": "2026-07-14T14:52:43.172", "Creator": "ecollins@usgs.gov_USGS", "EditDate": "2026-07-14T14:52:43.172", "Editor": "ecollins@usgs.gov_USGS", "slope_mean": 43.2, "slope_max": 48.4, "aspect_deg": 69.0, "aspect_R": 0.99, "length_m": 134.1, "n_samp": 10, "aspect_dir": "E" }, "geometry": { "type": "MultiLineString", "coordinates": [ [ [ -66.8850524725691, 10.584281001951901 ], [ -66.884763787903694, 10.5845316183097 ], [ -66.884478275597303, 10.584693408616699 ], [ -66.884192763290798, 10.584747338719 ], [ -66.883977042881597, 10.584794924103401 ] ] ] } },
{ "type": "Feature", "properties": { "id": "ven2026_inventory_line.188", "tessellate": -1, "extrude": 0, "visibility": -1, "OBJECTID": 190.0, "IMPACTS_STREAM": null, "COMMENTS": null, "Shape__Length": 73.841708097236094, "GlobalID": "72cc4ddb-278e-4863-8584-8329840cea48", "CreationDate": "2026-07-14T14:52:43.172", "Creator": "ecollins@usgs.gov_USGS", "EditDate": "2026-07-14T14:52:43.172", "Editor": "ecollins@usgs.gov_USGS", "slope_mean": 42.8, "slope_max": 46.7, "aspect_deg": 46.0, "aspect_R": 1.0, "length_m": 72.5, "n_samp": 6, "aspect_dir": "NE" }, "geometry": { "type": "MultiLineString", "coordinates": [ [ [ -66.884408087155293, 10.584144590516498 ], [ -66.884258986284195, 10.5841763141062 ], [ -66.884036921156905, 10.5842238994905 ], [ -66.883900509721698, 10.5843254149773 ], [ -66.8838434072604, 10.584420585746098 ] ] ] } },
{ "type": "Feature", "properties": { "id": "ven2026_inventory_line.189", "tessellate": -1, "extrude": 0, "visibility": -1, "OBJECTID": 191.0, "IMPACTS_STREAM": null, "COMMENTS": null, "Shape__Length": 21.410313838779299, "GlobalID": "71ac0225-8bc1-423f-93a8-5c6c99c94558", "CreationDate": "2026-07-14T14:52:43.172", "Creator": "ecollins@usgs.gov_USGS", "EditDate": "2026-07-14T14:52:43.172", "Editor": "ecollins@usgs.gov_USGS", "slope_mean": 40.8, "slope_max": 40.8, "aspect_deg": 52.0, "aspect_R": 1.0, "length_m": 21.0, "n_samp": 3, "aspect_dir": "NE" }, "geometry": { "type": "MultiLineString", "coordinates": [ [ [ -66.884141609002597, 10.5838210099026 ], [ -66.884002025208403, 10.58395107662 ] ] ] } },
{ "type": "Feature", "properties": { "id": "ven2026_inventory_line.190", "tessellate": -1, "extrude": 0, "visibility": -1, "OBJECTID": 184.0, "IMPACTS_STREAM": null, "COMMENTS": "PS 07/07", "Shape__Length": 334.57418852580201, "GlobalID": "38df0854-74d8-439c-9792-58594e5ed901", "CreationDate": "2026-07-14T14:50:38.770", "Creator": "ecollins@usgs.gov_USGS", "EditDate": "2026-07-14T14:55:58.414", "Editor": "ecollins@usgs.gov_USGS", "slope_mean": 48.4, "slope_max": 50.7, "aspect_deg": 48.0, "aspect_R": 0.99, "length_m": 328.4, "n_samp": 23, "aspect_dir": "NE" }, "geometry": { "type": "MultiLineString", "coordinates": [ [ [ -66.885660375854798, 10.579577186703599 ], [ -66.885279692779505, 10.5798944225997 ], [ -66.884943422729805, 10.580268760957001 ], [ -66.884581773808307, 10.580471791930396 ], [ -66.884029783349206, 10.580689098519199 ], [ -66.883566618941117, 10.580942887235999 ], [ -66.883116143968707, 10.581019023851102 ] ] ] } },
{ "type": "Feature", "properties": { "id": "ven2026_inventory_line.191", "tessellate": -1, "extrude": 0, "visibility": -1, "OBJECTID": 192.0, "IMPACTS_STREAM": null, "COMMENTS": "PS 07/07", "Shape__Length": 212.59614925443799, "GlobalID": "4e8bf3cf-d5e7-4d11-ab3a-f0593c5ea7e8", "CreationDate": "2026-07-14T14:56:52.023", "Creator": "ecollins@usgs.gov_USGS", "EditDate": "2026-07-14T14:56:52.023", "Editor": "ecollins@usgs.gov_USGS", "slope_mean": 44.0, "slope_max": 46.2, "aspect_deg": 53.0, "aspect_R": 1.0, "length_m": 208.7, "n_samp": 15, "aspect_dir": "NE" }, "geometry": { "type": "MultiLineString", "coordinates": [ [ [ -66.8841693671435, 10.576799786434099 ], [ -66.883807718222002, 10.577117022330096 ], [ -66.883141522840404, 10.577446947662001 ], [ -66.882513395766296, 10.5777007363788 ] ] ] } },
{ "type": "Feature", "properties": { "id": "ven2026_inventory_line.192", "tessellate": -1, "extrude": 0, "visibility": -1, "OBJECTID": 193.0, "IMPACTS_STREAM": null, "COMMENTS": "PS 07/07", "Shape__Length": 36.172527580642701, "GlobalID": "4a147db0-31b7-443e-962a-bab64735f47f", "CreationDate": "2026-07-14T14:57:42.762", "Creator": "ecollins@usgs.gov_USGS", "EditDate": "2026-07-14T14:57:42.762", "Editor": "ecollins@usgs.gov_USGS", "slope_mean": 51.3, "slope_max": 51.6, "aspect_deg": 42.0, "aspect_R": 1.0, "length_m": 35.5, "n_samp": 4, "aspect_dir": "NE" }, "geometry": { "type": "MultiLineString", "coordinates": [ [ [ -66.883668134427793, 10.579426499653101 ], [ -66.883369932685596, 10.579553394011498 ] ] ] } },
{ "type": "Feature", "properties": { "id": "ven2026_inventory_line.193", "tessellate": -1, "extrude": 0, "visibility": -1, "OBJECTID": 194.0, "IMPACTS_STREAM": null, "COMMENTS": "PS 07/07", "Shape__Length": 24.403851700934801, "GlobalID": "e52dff19-af6a-4329-a922-b0e3e8d78e30", "CreationDate": "2026-07-14T14:57:42.762", "Creator": "ecollins@usgs.gov_USGS", "EditDate": "2026-07-14T14:57:42.762", "Editor": "ecollins@usgs.gov_USGS", "slope_mean": 52.2, "slope_max": 53.3, "aspect_deg": 41.0, "aspect_R": 1.0, "length_m": 24.0, "n_samp": 3, "aspect_dir": "NE" }, "geometry": { "type": "MultiLineString", "coordinates": [ [ [ -66.883522205915597, 10.579940421804597 ], [ -66.883325519660104, 10.580035592573402 ] ] ] } },
{ "type": "Feature", "properties": { "id": "ven2026_inventory_line.194", "tessellate": -1, "extrude": 0, "visibility": -1, "OBJECTID": 195.0, "IMPACTS_STREAM": "Y", "COMMENTS": "PS 07/07", "Shape__Length": 58.350547890441703, "GlobalID": "2f56a2d6-22e9-4f80-94c6-f6c77bb9c0de", "CreationDate": "2026-07-14T15:00:50.316", "Creator": "ecollins@usgs.gov_USGS", "EditDate": "2026-07-14T15:00:50.316", "Editor": "ecollins@usgs.gov_USGS", "slope_mean": 33.1, "slope_max": 35.4, "aspect_deg": 301.0, "aspect_R": 1.0, "length_m": 57.0, "n_samp": 5, "aspect_dir": "NW" }, "geometry": { "type": "MultiLineString", "coordinates": [ [ [ -66.891941646595896, 10.581152262927398 ], [ -66.891795718083699, 10.581647150925102 ] ] ] } },
{ "type": "Feature", "properties": { "id": "ven2026_inventory_line.195", "tessellate": -1, "extrude": 0, "visibility": -1, "OBJECTID": 196.0, "IMPACTS_STREAM": "Y", "COMMENTS": "PS 07/07", "Shape__Length": 60.838662504160297, "GlobalID": "8885fdc8-52c8-469f-a885-1864146901a4", "CreationDate": "2026-07-14T15:00:50.316", "Creator": "ecollins@usgs.gov_USGS", "EditDate": "2026-07-14T15:00:50.316", "Editor": "ecollins@usgs.gov_USGS", "slope_mean": 33.2, "slope_max": 38.6, "aspect_deg": 305.0, "aspect_R": 0.98, "length_m": 59.5, "n_samp": 5, "aspect_dir": "NW" }, "geometry": { "type": "MultiLineString", "coordinates": [ [ [ -66.892151022287194, 10.5812728125678 ], [ -66.891954336031702, 10.581774045283497 ] ] ] } },
{ "type": "Feature", "properties": { "id": "ven2026_inventory_line.196", "tessellate": -1, "extrude": 0, "visibility": -1, "OBJECTID": 197.0, "IMPACTS_STREAM": "Y", "COMMENTS": "PS 07/07", "Shape__Length": 64.621228465202705, "GlobalID": "b630a67c-b32d-45ac-a3dd-987d6403ffb4", "CreationDate": "2026-07-14T15:00:50.316", "Creator": "ecollins@usgs.gov_USGS", "EditDate": "2026-07-14T15:00:50.316", "Editor": "ecollins@usgs.gov_USGS", "slope_mean": 38.3, "slope_max": 43.5, "aspect_deg": 320.0, "aspect_R": 0.99, "length_m": 63.3, "n_samp": 6, "aspect_dir": "NW" }, "geometry": { "type": "MultiLineString", "coordinates": [ [ [ -66.892354053260718, 10.581621772053499 ], [ -66.892024127928806, 10.582091281179597 ] ] ] } },
{ "type": "Feature", "properties": { "id": "ven2026_inventory_line.197", "tessellate": -1, "extrude": 0, "visibility": -1, "OBJECTID": 198.0, "IMPACTS_STREAM": "P", "COMMENTS": "Unsure what is happening in this area in PS 07/07", "Shape__Length": 84.138265394440097, "GlobalID": "8ada19ab-e7d3-424c-ba09-b6bc79083e32", "CreationDate": "2026-07-14T15:00:50.316", "Creator": "ecollins@usgs.gov_USGS", "EditDate": "2026-07-14T15:00:50.316", "Editor": "ecollins@usgs.gov_USGS", "slope_mean": 48.2, "slope_max": 53.2, "aspect_deg": 307.0, "aspect_R": 1.0, "length_m": 82.5, "n_samp": 7, "aspect_dir": "NW" }, "geometry": { "type": "MultiLineString", "coordinates": [ [ [ -66.8910026283436, 10.5809873002615 ], [ -66.891529239931003, 10.581520256566799 ] ] ] } },
{ "type": "Feature", "properties": { "id": "ven2026_inventory_line.198", "tessellate": -1, "extrude": 0, "visibility": -1, "OBJECTID": 199.0, "IMPACTS_STREAM": "Y", "COMMENTS": "PS 07/07", "Shape__Length": 115.253482463016, "GlobalID": "f32b39f3-3655-47dd-aa11-23d94fd0e4e6", "CreationDate": "2026-07-14T15:02:34.003", "Creator": "ecollins@usgs.gov_USGS", "EditDate": "2026-07-14T15:02:34.003", "Editor": "ecollins@usgs.gov_USGS", "slope_mean": 39.4, "slope_max": 49.2, "aspect_deg": 299.0, "aspect_R": 0.98, "length_m": 113.3, "n_samp": 9, "aspect_dir": "NW" }, "geometry": { "type": "MultiLineString", "coordinates": [ [ [ -66.891269106496296, 10.5828209237404 ], [ -66.891821096955297, 10.582839957894199 ], [ -66.892271571927694, 10.583011265278101 ] ] ] } },
{ "type": "Feature", "properties": { "id": "ven2026_inventory_line.199", "tessellate": -1, "extrude": 0, "visibility": -1, "OBJECTID": 200.0, "IMPACTS_STREAM": "Y", "COMMENTS": "PS 07/07", "Shape__Length": 120.13759433019, "GlobalID": "5e01e8f9-25ae-4eb9-98d9-e12c59dbe520", "CreationDate": "2026-07-14T15:11:08.061", "Creator": "ecollins@usgs.gov_USGS", "EditDate": "2026-07-14T15:11:08.061", "Editor": "ecollins@usgs.gov_USGS", "slope_mean": 35.1, "slope_max": 42.6, "aspect_deg": 247.0, "aspect_R": 1.0, "length_m": 118.0, "n_samp": 9, "aspect_dir": "SW" }, "geometry": { "type": "MultiLineString", "coordinates": [ [ [ -66.878662151988706, 10.578798372578898 ], [ -66.879639238548407, 10.5783478976066 ] ] ] } },
{ "type": "Feature", "properties": { "id": "ven2026_inventory_line.200", "tessellate": -1, "extrude": 0, "visibility": -1, "OBJECTID": 201.0, "IMPACTS_STREAM": "Y", "COMMENTS": "PS 07/07", "Shape__Length": 98.1356135322429, "GlobalID": "95c7c217-9c75-4726-9aed-00ec76f659d3", "CreationDate": "2026-07-14T15:11:08.061", "Creator": "ecollins@usgs.gov_USGS", "EditDate": "2026-07-14T15:11:08.061", "Editor": "ecollins@usgs.gov_USGS", "slope_mean": 36.9, "slope_max": 48.2, "aspect_deg": 38.0, "aspect_R": 0.99, "length_m": 96.1, "n_samp": 8, "aspect_dir": "NE" }, "geometry": { "type": "MultiLineString", "coordinates": [ [ [ -66.880724185312801, 10.577998938121002 ], [ -66.880489430749805, 10.578398655349897 ], [ -66.880184884289605, 10.578671478220496 ] ] ] } },
{ "type": "Feature", "properties": { "id": "ven2026_inventory_line.201", "tessellate": -1, "extrude": 0, "visibility": -1, "OBJECTID": 202.0, "IMPACTS_STREAM": "P", "COMMENTS": "PS 07/07", "Shape__Length": 142.51415755058599, "GlobalID": "f6b86645-0502-4678-9a00-3c24f726a8ab", "CreationDate": "2026-07-14T15:11:08.061", "Creator": "ecollins@usgs.gov_USGS", "EditDate": "2026-07-14T15:11:08.061", "Editor": "ecollins@usgs.gov_USGS", "slope_mean": 37.6, "slope_max": 50.4, "aspect_deg": 41.0, "aspect_R": 0.92, "length_m": 140.0, "n_samp": 11, "aspect_dir": "NE" }, "geometry": { "type": "MultiLineString", "coordinates": [ [ [ -66.881466517309505, 10.578512860272498 ], [ -66.881104868387993, 10.578531894426295 ], [ -66.880489430749805, 10.578753959553501 ], [ -66.880299089212102, 10.5789316116553 ] ] ] } },
{ "type": "Feature", "properties": { "id": "ven2026_inventory_line.202", "tessellate": -1, "extrude": 0, "visibility": -1, "OBJECTID": 203.0, "IMPACTS_STREAM": "Y", "COMMENTS": "PS 07/07", "Shape__Length": 128.13575228888499, "GlobalID": "4004acbd-3180-487b-9bd0-618e24bb3f89", "CreationDate": "2026-07-14T15:11:08.061", "Creator": "ecollins@usgs.gov_USGS", "EditDate": "2026-07-14T15:11:08.061", "Editor": "ecollins@usgs.gov_USGS", "slope_mean": 41.0, "slope_max": 47.8, "aspect_deg": 27.0, "aspect_R": 0.97, "length_m": 125.8, "n_samp": 10, "aspect_dir": "NE" }, "geometry": { "type": "MultiLineString", "coordinates": [ [ [ -66.881675893000804, 10.579331328884299 ], [ -66.881041421208806, 10.579667598933998 ], [ -66.880648048697793, 10.579838906317898 ] ] ] } },
{ "type": "Feature", "properties": { "id": "ven2026_inventory_line.203", "tessellate": -1, "extrude": 0, "visibility": -1, "OBJECTID": 204.0, "IMPACTS_STREAM": null, "COMMENTS": "PS 07/07", "Shape__Length": 143.30988964187199, "GlobalID": "06eb5957-e8f9-4c66-b700-bebf2ed86267", "CreationDate": "2026-07-14T15:11:08.061", "Creator": "ecollins@usgs.gov_USGS", "EditDate": "2026-07-14T15:11:08.061", "Editor": "ecollins@usgs.gov_USGS", "slope_mean": 38.5, "slope_max": 48.7, "aspect_deg": 41.0, "aspect_R": 0.96, "length_m": 140.7, "n_samp": 11, "aspect_dir": "NE" }, "geometry": { "type": "MultiLineString", "coordinates": [ [ [ -66.881752029615896, 10.578912577501502 ], [ -66.881307899361403, 10.579083884885398 ], [ -66.880622669826096, 10.579508980985999 ] ] ] } },
{ "type": "Feature", "properties": { "id": "ven2026_inventory_line.204", "tessellate": -1, "extrude": 0, "visibility": -1, "OBJECTID": 205.0, "IMPACTS_STREAM": null, "COMMENTS": "PS 07/07", "Shape__Length": 158.42601764854501, "GlobalID": "d8cca9ef-2add-4590-adfc-0e055bc781ba", "CreationDate": "2026-07-14T15:11:08.061", "Creator": "ecollins@usgs.gov_USGS", "EditDate": "2026-07-14T15:11:08.061", "Editor": "ecollins@usgs.gov_USGS", "slope_mean": 34.4, "slope_max": 51.0, "aspect_deg": 41.0, "aspect_R": 0.87, "length_m": 155.6, "n_samp": 12, "aspect_dir": "NE" }, "geometry": { "type": "MultiLineString", "coordinates": [ [ [ -66.881644169411203, 10.5787032018101 ], [ -66.881250796900204, 10.5789443010911 ], [ -66.880813011363699, 10.579045816577802 ], [ -66.880349846955497, 10.579255192269198 ] ] ] } },
{ "type": "Feature", "properties": { "id": "ven2026_inventory_line.205", "tessellate": -1, "extrude": 0, "visibility": -1, "OBJECTID": 206.0, "IMPACTS_STREAM": null, "COMMENTS": "PS 07/07", "Shape__Length": 90.9282368869805, "GlobalID": "471ef376-193c-40f9-a0a8-f55be76bf39b", "CreationDate": "2026-07-14T15:11:08.061", "Creator": "ecollins@usgs.gov_USGS", "EditDate": "2026-07-14T15:11:08.061", "Editor": "ecollins@usgs.gov_USGS", "slope_mean": 43.2, "slope_max": 51.1, "aspect_deg": 48.0, "aspect_R": 1.0, "length_m": 89.1, "n_samp": 7, "aspect_dir": "NE" }, "geometry": { "type": "MultiLineString", "coordinates": [ [ [ -66.8805084649035, 10.57736129397 ], [ -66.880261020904598, 10.5776087379689 ], [ -66.879924750854798, 10.577922801506 ] ] ] } },
{ "type": "Feature", "properties": { "id": "ven2026_inventory_line.206", "tessellate": -1, "extrude": 0, "visibility": -1, "OBJECTID": 207.0, "IMPACTS_STREAM": null, "COMMENTS": "PS 07/07", "Shape__Length": 27.898994766251, "GlobalID": "5689d24e-ead7-4915-a266-a60d633447d1", "CreationDate": "2026-07-14T15:11:29.565", "Creator": "ecollins@usgs.gov_USGS", "EditDate": "2026-07-14T15:11:29.565", "Editor": "ecollins@usgs.gov_USGS", "slope_mean": 52.0, "slope_max": 52.1, "aspect_deg": 51.0, "aspect_R": 1.0, "length_m": 27.4, "n_samp": 3, "aspect_dir": "NE" }, "geometry": { "type": "MultiLineString", "coordinates": [ [ [ -66.884718185243599, 10.58141874108 ], [ -66.884496120116395, 10.581532946002602 ] ] ] } },
{ "type": "Feature", "properties": { "id": "ven2026_inventory_line.207", "tessellate": -1, "extrude": 0, "visibility": -1, "OBJECTID": 208.0, "IMPACTS_STREAM": null, "COMMENTS": "PS 07/07", "Shape__Length": 41.214310468143999, "GlobalID": "82f32a3b-4a7a-4def-b97a-b131e459c7b7", "CreationDate": "2026-07-14T15:12:59.825", "Creator": "ecollins@usgs.gov_USGS", "EditDate": "2026-07-14T15:12:59.825", "Editor": "ecollins@usgs.gov_USGS", "slope_mean": 36.7, "slope_max": 38.6, "aspect_deg": 7.0, "aspect_R": 0.96, "length_m": 40.5, "n_samp": 4, "aspect_dir": "N" }, "geometry": { "type": "MultiLineString", "coordinates": [ [ [ -66.876707978869106, 10.579344018320102 ], [ -66.876371708819406, 10.579496291550198 ] ] ] } },
{ "type": "Feature", "properties": { "id": "ven2026_inventory_line.208", "tessellate": -1, "extrude": 0, "visibility": -1, "OBJECTID": 209.0, "IMPACTS_STREAM": null, "COMMENTS": "PS 07/07", "Shape__Length": 49.637149463287997, "GlobalID": "805ed846-cddf-42fe-ab78-b50b77f4be63", "CreationDate": "2026-07-14T15:13:47.077", "Creator": "ecollins@usgs.gov_USGS", "EditDate": "2026-07-14T15:13:47.077", "Editor": "ecollins@usgs.gov_USGS", "slope_mean": 34.0, "slope_max": 37.7, "aspect_deg": 336.0, "aspect_R": 0.91, "length_m": 48.6, "n_samp": 5, "aspect_dir": "NW" }, "geometry": { "type": "MultiLineString", "coordinates": [ [ [ -66.874614221955397, 10.578887198629896 ], [ -66.874417535699905, 10.579280571140902 ] ] ] } },
{ "type": "Feature", "properties": { "id": "ven2026_inventory_line.209", "tessellate": -1, "extrude": 0, "visibility": -1, "OBJECTID": 210.0, "IMPACTS_STREAM": null, "COMMENTS": "PS 07/07", "Shape__Length": 179.67478379795401, "GlobalID": "4d4d19d0-d8bf-4702-ad27-d3e6614a0a80", "CreationDate": "2026-07-14T15:15:30.793", "Creator": "ecollins@usgs.gov_USGS", "EditDate": "2026-07-14T15:15:30.793", "Editor": "ecollins@usgs.gov_USGS", "slope_mean": 30.1, "slope_max": 36.5, "aspect_deg": 88.0, "aspect_R": 0.96, "length_m": 176.7, "n_samp": 13, "aspect_dir": "E" }, "geometry": { "type": "MultiLineString", "coordinates": [ [ [ -66.873389691396895, 10.584369034912902 ], [ -66.872875769245297, 10.584261174708399 ], [ -66.872279365760804, 10.5842294511187 ], [ -66.871790822481003, 10.5841786933753 ] ] ] } },
{ "type": "Feature", "properties": { "id": "ven2026_inventory_line.210", "tessellate": -1, "extrude": 0, "visibility": -1, "OBJECTID": 211.0, "IMPACTS_STREAM": null, "COMMENTS": "PS 07/07", "Shape__Length": 56.740509315777203, "GlobalID": "b14f9549-a69c-4792-b15f-a1ec7005f918", "CreationDate": "2026-07-14T15:15:30.793", "Creator": "ecollins@usgs.gov_USGS", "EditDate": "2026-07-14T15:15:30.793", "Editor": "ecollins@usgs.gov_USGS", "slope_mean": 46.8, "slope_max": 48.0, "aspect_deg": 78.0, "aspect_R": 1.0, "length_m": 55.7, "n_samp": 5, "aspect_dir": "E" }, "geometry": { "type": "MultiLineString", "coordinates": [ [ [ -66.871004077458807, 10.585492049984801 ], [ -66.870604360229905, 10.585802941162999 ] ] ] } },
{ "type": "Feature", "properties": { "id": "ven2026_inventory_line.211", "tessellate": -1, "extrude": 0, "visibility": -1, "OBJECTID": 212.0, "IMPACTS_STREAM": null, "COMMENTS": "PS 07/07", "Shape__Length": 69.937970259512397, "GlobalID": "c90a7609-01a0-4dbb-8767-c815a160863b", "CreationDate": "2026-07-14T15:15:30.793", "Creator": "ecollins@usgs.gov_USGS", "EditDate": "2026-07-14T15:15:30.793", "Editor": "ecollins@usgs.gov_USGS", "slope_mean": 36.2, "slope_max": 43.1, "aspect_deg": 79.0, "aspect_R": 0.99, "length_m": 68.7, "n_samp": 6, "aspect_dir": "E" }, "geometry": { "type": "MultiLineString", "coordinates": [ [ [ -66.870636083819505, 10.584933714807898 ], [ -66.870052369770804, 10.5847053049627 ] ] ] } },
{ "type": "Feature", "properties": { "id": "ven2026_inventory_line.212", "tessellate": -1, "extrude": 0, "visibility": -1, "OBJECTID": 213.0, "IMPACTS_STREAM": null, "COMMENTS": "PS 07/07", "Shape__Length": 59.284333146922101, "GlobalID": "94dc8114-2a96-4cd9-b511-48a5bf009b44", "CreationDate": "2026-07-14T15:16:10.376", "Creator": "ecollins@usgs.gov_USGS", "EditDate": "2026-07-14T15:16:10.376", "Editor": "ecollins@usgs.gov_USGS", "slope_mean": 34.2, "slope_max": 34.6, "aspect_deg": 59.0, "aspect_R": 1.0, "length_m": 58.3, "n_samp": 5, "aspect_dir": "NE" }, "geometry": { "type": "MultiLineString", "coordinates": [ [ [ -66.868136264958821, 10.565372949459599 ], [ -66.867831718498707, 10.565411017767097 ], [ -66.867622342807294, 10.565493499100102 ] ] ] } },
{ "type": "Feature", "properties": { "id": "ven2026_inventory_line.213", "tessellate": -1, "extrude": 0, "visibility": -1, "OBJECTID": 214.0, "IMPACTS_STREAM": "Y", "COMMENTS": "PS 07/07", "Shape__Length": 85.721814254017104, "GlobalID": "d9589fb0-d6aa-4e6f-bb3a-b8fb5e813023", "CreationDate": "2026-07-14T15:17:45.277", "Creator": "ecollins@usgs.gov_USGS", "EditDate": "2026-07-14T15:17:45.277", "Editor": "ecollins@usgs.gov_USGS", "slope_mean": 22.3, "slope_max": 32.7, "aspect_deg": 9.0, "aspect_R": 0.74, "length_m": 84.1, "n_samp": 7, "aspect_dir": "N" }, "geometry": { "type": "MultiLineString", "coordinates": [ [ [ -66.867121110091603, 10.566375414890999 ], [ -66.866512017171303, 10.566838579299198 ] ] ] } },
{ "type": "Feature", "properties": { "id": "ven2026_inventory_line.214", "tessellate": -1, "extrude": 0, "visibility": -1, "OBJECTID": 215.0, "IMPACTS_STREAM": null, "COMMENTS": "PS 07/07", "Shape__Length": 52.600185737624699, "GlobalID": "fe8fedc7-6ab1-45f0-af18-bed74a248fac", "CreationDate": "2026-07-14T15:17:45.277", "Creator": "ecollins@usgs.gov_USGS", "EditDate": "2026-07-14T15:17:45.277", "Editor": "ecollins@usgs.gov_USGS", "slope_mean": 25.3, "slope_max": 32.3, "aspect_deg": 15.0, "aspect_R": 0.95, "length_m": 51.6, "n_samp": 5, "aspect_dir": "N" }, "geometry": { "type": "MultiLineString", "coordinates": [ [ [ -66.867076697066196, 10.5641737977727 ], [ -66.866689669273001, 10.563907319619998 ] ] ] } },
{ "type": "Feature", "properties": { "id": "ven2026_inventory_line.215", "tessellate": -1, "extrude": 0, "visibility": -1, "OBJECTID": 216.0, "IMPACTS_STREAM": null, "COMMENTS": "PS 07/07", "Shape__Length": 22.8756394319891, "GlobalID": "38e954e4-81bd-4b3f-9007-b5804d40c2aa", "CreationDate": "2026-07-14T15:17:45.277", "Creator": "ecollins@usgs.gov_USGS", "EditDate": "2026-07-14T15:17:45.277", "Editor": "ecollins@usgs.gov_USGS", "slope_mean": 31.9, "slope_max": 35.8, "aspect_deg": 316.0, "aspect_R": 0.96, "length_m": 22.5, "n_samp": 3, "aspect_dir": "NW" }, "geometry": { "type": "MultiLineString", "coordinates": [ [ [ -66.86554127532942, 10.565150884332398 ], [ -66.865350933791916, 10.565227020947399 ] ] ] } },
{ "type": "Feature", "properties": { "id": "ven2026_inventory_line.216", "tessellate": -1, "extrude": 0, "visibility": -1, "OBJECTID": 217.0, "IMPACTS_STREAM": null, "COMMENTS": "PS 07/07", "Shape__Length": 22.323570655492599, "GlobalID": "09b6e9e8-2dda-42c0-b3a6-a9a243fbd409", "CreationDate": "2026-07-14T15:19:03.663", "Creator": "ecollins@usgs.gov_USGS", "EditDate": "2026-07-14T15:19:03.663", "Editor": "ecollins@usgs.gov_USGS", "slope_mean": 36.7, "slope_max": 39.9, "aspect_deg": 39.0, "aspect_R": 0.98, "length_m": 21.8, "n_samp": 3, "aspect_dir": "NE" }, "geometry": { "type": "MultiLineString", "coordinates": [ [ [ -66.870237952769898, 10.577339087457297 ], [ -66.870133264924206, 10.577507222482199 ] ] ] } },
{ "type": "Feature", "properties": { "id": "ven2026_inventory_line.217", "tessellate": -1, "extrude": 0, "visibility": -1, "OBJECTID": 218.0, "IMPACTS_STREAM": null, "COMMENTS": "PS 07/07", "Shape__Length": 78.670550587482893, "GlobalID": "1cf871d9-e5ea-477d-8317-8c52aba30596", "CreationDate": "2026-07-14T15:21:31.447", "Creator": "ecollins@usgs.gov_USGS", "EditDate": "2026-07-14T15:21:31.447", "Editor": "ecollins@usgs.gov_USGS", "slope_mean": 37.1, "slope_max": 39.0, "aspect_deg": 33.0, "aspect_R": 1.0, "length_m": 77.0, "n_samp": 7, "aspect_dir": "NE" }, "geometry": { "type": "MultiLineString", "coordinates": [ [ [ -66.860984181683193, 10.563973939158103 ], [ -66.860685979940797, 10.564240417310799 ], [ -66.860597153889998, 10.564525929617202 ] ] ] } },
{ "type": "Feature", "properties": { "id": "ven2026_inventory_line.218", "tessellate": -1, "extrude": 0, "visibility": -1, "OBJECTID": 219.0, "IMPACTS_STREAM": null, "COMMENTS": "PS 07/07", "Shape__Length": 29.9758015653961, "GlobalID": "4795f829-d5ac-4b84-b1e1-41679742b8fc", "CreationDate": "2026-07-14T15:21:31.447", "Creator": "ecollins@usgs.gov_USGS", "EditDate": "2026-07-14T15:21:31.447", "Editor": "ecollins@usgs.gov_USGS", "slope_mean": 28.9, "slope_max": 32.9, "aspect_deg": 91.0, "aspect_R": 1.0, "length_m": 29.5, "n_samp": 3, "aspect_dir": "E" }, "geometry": { "type": "MultiLineString", "coordinates": [ [ [ -66.861542516860098, 10.564931991564102 ], [ -66.861276038707501, 10.564893923256598 ] ] ] } },
{ "type": "Feature", "properties": { "id": "ven2026_inventory_line.219", "tessellate": -1, "extrude": 0, "visibility": -1, "OBJECTID": 220.0, "IMPACTS_STREAM": null, "COMMENTS": "Reactivation? PS 07/07", "Shape__Length": 36.188072595598904, "GlobalID": "783cd3b9-b178-41c6-8d8c-24c92e7d6067", "CreationDate": "2026-07-14T15:21:31.447", "Creator": "ecollins@usgs.gov_USGS", "EditDate": "2026-07-14T15:21:31.447", "Editor": "ecollins@usgs.gov_USGS", "slope_mean": 33.5, "slope_max": 34.1, "aspect_deg": 54.0, "aspect_R": 0.99, "length_m": 35.6, "n_samp": 4, "aspect_dir": "NE" }, "geometry": { "type": "MultiLineString", "coordinates": [ [ [ -66.860172057789399, 10.564405379976799 ], [ -66.859854821893293, 10.564475171873898 ] ] ] } },
{ "type": "Feature", "properties": { "id": "ven2026_inventory_line.220", "tessellate": -1, "extrude": 0, "visibility": -1, "OBJECTID": 221.0, "IMPACTS_STREAM": null, "COMMENTS": "PS 07/07", "Shape__Length": 157.46872999097101, "GlobalID": "9157bea7-6e40-4559-98e3-e1bbadeef15e", "CreationDate": "2026-07-14T15:23:12.024", "Creator": "ecollins@usgs.gov_USGS", "EditDate": "2026-07-14T15:23:12.024", "Editor": "ecollins@usgs.gov_USGS", "slope_mean": 42.4, "slope_max": 49.8, "aspect_deg": 45.0, "aspect_R": 0.99, "length_m": 154.3, "n_samp": 12, "aspect_dir": "NE" }, "geometry": { "type": "MultiLineString", "coordinates": [ [ [ -66.859467794100098, 10.5633965698275 ], [ -66.858960216666503, 10.5639739391581 ], [ -66.858490707540398, 10.564399035258898 ] ] ] } },
{ "type": "Feature", "properties": { "id": "ven2026_inventory_line.221", "tessellate": -1, "extrude": 0, "visibility": -1, "OBJECTID": 222.0, "IMPACTS_STREAM": null, "COMMENTS": "PS 07/07", "Shape__Length": 79.797534182387906, "GlobalID": "f615fc14-a926-4fc7-84f2-e1245044c596", "CreationDate": "2026-07-14T15:23:12.024", "Creator": "ecollins@usgs.gov_USGS", "EditDate": "2026-07-14T15:23:12.024", "Editor": "ecollins@usgs.gov_USGS", "slope_mean": 43.4, "slope_max": 45.1, "aspect_deg": 17.0, "aspect_R": 1.0, "length_m": 78.1, "n_samp": 7, "aspect_dir": "N" }, "geometry": { "type": "MultiLineString", "coordinates": [ [ [ -66.860660601069199, 10.562863613522198 ], [ -66.860362399326903, 10.563504430032097 ] ] ] } },
{ "type": "Feature", "properties": { "id": "ven2026_inventory_line.222", "tessellate": -1, "extrude": 0, "visibility": -1, "OBJECTID": 223.0, "IMPACTS_STREAM": null, "COMMENTS": "Reactivtion of previous slide? PS 07/07", "Shape__Length": 118.215156733087, "GlobalID": "35cddd32-99a1-4f6b-8bb3-3d4fadb78111", "CreationDate": "2026-07-14T15:23:12.024", "Creator": "ecollins@usgs.gov_USGS", "EditDate": "2026-07-14T15:23:12.024", "Editor": "ecollins@usgs.gov_USGS", "slope_mean": 45.1, "slope_max": 47.3, "aspect_deg": 58.0, "aspect_R": 1.0, "length_m": 116.1, "n_samp": 9, "aspect_dir": "NE" }, "geometry": { "type": "MultiLineString", "coordinates": [ [ [ -66.860070542302594, 10.561626393527598 ], [ -66.859118834614605, 10.562089557935801 ] ] ] } },
{ "type": "Feature", "properties": { "id": "ven2026_inventory_line.223", "tessellate": -1, "extrude": 0, "visibility": -1, "OBJECTID": 224.0, "IMPACTS_STREAM": null, "COMMENTS": "PS 07/07", "Shape__Length": 93.8854498510795, "GlobalID": "56886d32-a6c7-4e7f-ace0-b474b28824dd", "CreationDate": "2026-07-14T15:25:00.778", "Creator": "ecollins@usgs.gov_USGS", "EditDate": "2026-07-14T15:25:00.778", "Editor": "ecollins@usgs.gov_USGS", "slope_mean": 49.7, "slope_max": 51.9, "aspect_deg": 20.0, "aspect_R": 0.99, "length_m": 92.0, "n_samp": 8, "aspect_dir": "N" }, "geometry": { "type": "MultiLineString", "coordinates": [ [ [ -66.8791173854992, 10.564183314849499 ], [ -66.878698634116503, 10.564652823975699 ], [ -66.878546360886503, 10.564792407769898 ] ] ] } },
{ "type": "Feature", "properties": { "id": "ven2026_inventory_line.224", "tessellate": -1, "extrude": 0, "visibility": -1, "OBJECTID": 225.0, "IMPACTS_STREAM": null, "COMMENTS": "PS 07/09", "Shape__Length": 119.95805742326, "GlobalID": "e3a02e5c-e282-43d5-bdd5-097b01399c40", "CreationDate": "2026-07-14T15:25:00.778", "Creator": "ecollins@usgs.gov_USGS", "EditDate": "2026-07-14T15:25:00.778", "Editor": "ecollins@usgs.gov_USGS", "slope_mean": 47.3, "slope_max": 52.1, "aspect_deg": 36.0, "aspect_R": 1.0, "length_m": 117.5, "n_samp": 9, "aspect_dir": "NE" }, "geometry": { "type": "MultiLineString", "coordinates": [ [ [ -66.878381398220412, 10.5669876801703 ], [ -66.877721547556803, 10.567825182935801 ] ] ] } },
{ "type": "Feature", "properties": { "id": "ven2026_inventory_line.225", "tessellate": -1, "extrude": 0, "visibility": -1, "OBJECTID": 226.0, "IMPACTS_STREAM": null, "COMMENTS": "PS 07/09", "Shape__Length": 46.451154243537999, "GlobalID": "26b7a617-3d40-436d-957e-492746dc4b14", "CreationDate": "2026-07-14T15:25:00.778", "Creator": "ecollins@usgs.gov_USGS", "EditDate": "2026-07-14T15:25:00.778", "Editor": "ecollins@usgs.gov_USGS", "slope_mean": 48.4, "slope_max": 50.3, "aspect_deg": 39.0, "aspect_R": 1.0, "length_m": 45.6, "n_samp": 5, "aspect_dir": "NE" }, "geometry": { "type": "MultiLineString", "coordinates": [ [ [ -66.8783560193488, 10.5676094625265 ], [ -66.878038783452794, 10.567875940679199 ] ] ] } },
{ "type": "Feature", "properties": { "id": "ven2026_inventory_line.226", "tessellate": -1, "extrude": 0, "visibility": -1, "OBJECTID": 227.0, "IMPACTS_STREAM": null, "COMMENTS": "PS 07/09", "Shape__Length": 41.337043104280703, "GlobalID": "7f5d336c-9b8b-465d-8ae9-4c18ae845278", "CreationDate": "2026-07-14T15:25:00.778", "Creator": "ecollins@usgs.gov_USGS", "EditDate": "2026-07-14T15:25:00.778", "Editor": "ecollins@usgs.gov_USGS", "slope_mean": 48.6, "slope_max": 49.3, "aspect_deg": 31.0, "aspect_R": 1.0, "length_m": 40.5, "n_samp": 4, "aspect_dir": "NE" }, "geometry": { "type": "MultiLineString", "coordinates": [ [ [ -66.878470224271396, 10.568180487139301 ], [ -66.878216435554506, 10.568446965292001 ] ] ] } },
{ "type": "Feature", "properties": { "id": "ven2026_inventory_line.227", "tessellate": -1, "extrude": 0, "visibility": -1, "OBJECTID": 228.0, "IMPACTS_STREAM": null, "COMMENTS": "PS 07/09", "Shape__Length": 228.06094423544499, "GlobalID": "667bb31a-015b-4236-b6aa-6e3b71bb9f83", "CreationDate": "2026-07-14T15:26:11.007", "Creator": "ecollins@usgs.gov_USGS", "EditDate": "2026-07-14T15:26:11.007", "Editor": "ecollins@usgs.gov_USGS", "slope_mean": 45.2, "slope_max": 47.8, "aspect_deg": 13.0, "aspect_R": 0.98, "length_m": 223.0, "n_samp": 16, "aspect_dir": "N" }, "geometry": { "type": "MultiLineString", "coordinates": [ [ [ -66.877226659559, 10.562939750137099 ], [ -66.877328175045704, 10.563333122648299 ], [ -66.877404311660698, 10.563904147260997 ], [ -66.877112454636404, 10.564360966951302 ], [ -66.876960181406403, 10.564830476077402 ] ] ] } },
{ "type": "Feature", "properties": { "id": "ven2026_inventory_line.228", "tessellate": -1, "extrude": 0, "visibility": -1, "OBJECTID": 229.0, "IMPACTS_STREAM": null, "COMMENTS": "PS 07/09", "Shape__Length": 44.0111309444884, "GlobalID": "18ef6fde-31d8-45af-999a-570835bc2022", "CreationDate": "2026-07-14T15:26:11.007", "Creator": "ecollins@usgs.gov_USGS", "EditDate": "2026-07-14T15:26:11.007", "Editor": "ecollins@usgs.gov_USGS", "slope_mean": 37.1, "slope_max": 39.0, "aspect_deg": 14.0, "aspect_R": 1.0, "length_m": 43.1, "n_samp": 4, "aspect_dir": "N" }, "geometry": { "type": "MultiLineString", "coordinates": [ [ [ -66.877658100377602, 10.561785011475601 ], [ -66.877429690532495, 10.562102247371694 ] ] ] } },
{ "type": "Feature", "properties": { "id": "ven2026_inventory_line.229", "tessellate": -1, "extrude": 0, "visibility": -1, "OBJECTID": 230.0, "IMPACTS_STREAM": null, "COMMENTS": "PS 07/09", "Shape__Length": 47.755113964591899, "GlobalID": "eeec6ae8-a02a-40b4-9ec8-0e4243f4424c", "CreationDate": "2026-07-14T15:27:41.319", "Creator": "ecollins@usgs.gov_USGS", "EditDate": "2026-07-14T15:27:41.319", "Editor": "ecollins@usgs.gov_USGS", "slope_mean": 31.9, "slope_max": 34.7, "aspect_deg": 105.0, "aspect_R": 0.99, "length_m": 46.9, "n_samp": 5, "aspect_dir": "E" }, "geometry": { "type": "MultiLineString", "coordinates": [ [ [ -66.8727726675789, 10.5640183521836 ], [ -66.872430052811197, 10.563764563466801 ] ] ] } },
{ "type": "Feature", "properties": { "id": "ven2026_inventory_line.230", "tessellate": -1, "extrude": 0, "visibility": -1, "OBJECTID": 231.0, "IMPACTS_STREAM": null, "COMMENTS": "PS 07/09", "Shape__Length": 40.315681928409703, "GlobalID": "b33eb0e3-55aa-4bae-8141-492fd165a420", "CreationDate": "2026-07-14T15:27:41.319", "Creator": "ecollins@usgs.gov_USGS", "EditDate": "2026-07-14T15:27:41.319", "Editor": "ecollins@usgs.gov_USGS", "slope_mean": 34.3, "slope_max": 36.3, "aspect_deg": 104.0, "aspect_R": 1.0, "length_m": 39.5, "n_samp": 4, "aspect_dir": "E" }, "geometry": { "type": "MultiLineString", "coordinates": [ [ [ -66.872315847888601, 10.564272140900497 ], [ -66.872049369736004, 10.564031041619499 ] ] ] } },
{ "type": "Feature", "properties": { "id": "ven2026_inventory_line.231", "tessellate": -1, "extrude": 0, "visibility": -1, "OBJECTID": 232.0, "IMPACTS_STREAM": null, "COMMENTS": "PS 07/09", "Shape__Length": 107.289618248571, "GlobalID": "a888e618-de81-490a-b7ef-06363a7e6f25", "CreationDate": "2026-07-14T15:27:41.319", "Creator": "ecollins@usgs.gov_USGS", "EditDate": "2026-07-14T15:27:41.319", "Editor": "ecollins@usgs.gov_USGS", "slope_mean": 38.1, "slope_max": 42.1, "aspect_deg": 76.0, "aspect_R": 0.94, "length_m": 105.3, "n_samp": 9, "aspect_dir": "E" }, "geometry": { "type": "MultiLineString", "coordinates": [ [ [ -66.873914716804606, 10.563345812084101 ], [ -66.873622859780298, 10.5631174022389 ], [ -66.873394449935105, 10.563092023367302 ], [ -66.873089903475005, 10.563282364904897 ] ] ] } },
{ "type": "Feature", "properties": { "id": "ven2026_inventory_line.232", "tessellate": -1, "extrude": 0, "visibility": -1, "OBJECTID": 233.0, "IMPACTS_STREAM": null, "COMMENTS": "PS 07/09", "Shape__Length": 22.254452697359898, "GlobalID": "8b367651-2741-4462-a128-789c703aeca0", "CreationDate": "2026-07-14T15:29:44.498", "Creator": "ecollins@usgs.gov_USGS", "EditDate": "2026-07-14T15:29:44.498", "Editor": "ecollins@usgs.gov_USGS", "slope_mean": 33.6, "slope_max": 36.2, "aspect_deg": 16.0, "aspect_R": 0.96, "length_m": 21.8, "n_samp": 3, "aspect_dir": "N" }, "geometry": { "type": "MultiLineString", "coordinates": [ [ [ -66.870272848718301, 10.565655289407099 ], [ -66.870180850308401, 10.5658297691499 ] ] ] } },
{ "type": "Feature", "properties": { "id": "ven2026_inventory_line.233", "tessellate": -1, "extrude": 0, "visibility": -1, "OBJECTID": 234.0, "IMPACTS_STREAM": null, "COMMENTS": "Reactivated? PS 07/09", "Shape__Length": 160.122152282825, "GlobalID": "7176d2b8-ba8c-4ee5-b3de-fce27bad9bb7", "CreationDate": "2026-07-14T15:32:29.786", "Creator": "ecollins@usgs.gov_USGS", "EditDate": "2026-07-14T15:32:29.786", "Editor": "ecollins@usgs.gov_USGS", "slope_mean": 38.9, "slope_max": 43.5, "aspect_deg": 79.0, "aspect_R": 0.94, "length_m": 157.2, "n_samp": 12, "aspect_dir": "E" }, "geometry": { "type": "MultiLineString", "coordinates": [ [ [ -66.848408950765005, 10.569332053441798 ], [ -66.847165386052595, 10.570042661848902 ] ] ] } },
{ "type": "Feature", "properties": { "id": "ven2026_inventory_line.234", "tessellate": -1, "extrude": 0, "visibility": -1, "OBJECTID": 235.0, "IMPACTS_STREAM": null, "COMMENTS": "PS 07/09", "Shape__Length": 63.602702869637, "GlobalID": "41cd0430-5ece-4b86-8562-965371cc3ff2", "CreationDate": "2026-07-14T15:32:29.786", "Creator": "ecollins@usgs.gov_USGS", "EditDate": "2026-07-14T15:32:29.786", "Editor": "ecollins@usgs.gov_USGS", "slope_mean": 35.1, "slope_max": 37.8, "aspect_deg": 114.0, "aspect_R": 0.96, "length_m": 62.5, "n_samp": 6, "aspect_dir": "SE" }, "geometry": { "type": "MultiLineString", "coordinates": [ [ [ -66.847780823690897, 10.570112453745999 ], [ -66.847209799078101, 10.5700934195923 ] ] ] } },
{ "type": "Feature", "properties": { "id": "ven2026_inventory_line.235", "tessellate": -1, "extrude": 0, "visibility": -1, "OBJECTID": 236.0, "IMPACTS_STREAM": null, "COMMENTS": "PS 07/07", "Shape__Length": 57.110704530384702, "GlobalID": "652ccd91-0c47-47f0-8c65-57810bb76049", "CreationDate": "2026-07-14T15:36:36.061", "Creator": "ecollins@usgs.gov_USGS", "EditDate": "2026-07-14T15:36:36.061", "Editor": "ecollins@usgs.gov_USGS", "slope_mean": 43.1, "slope_max": 44.3, "aspect_deg": 347.0, "aspect_R": 1.0, "length_m": 55.8, "n_samp": 5, "aspect_dir": "N" }, "geometry": { "type": "MultiLineString", "coordinates": [ [ [ -66.851949303364506, 10.567777597551398 ], [ -66.851873166749499, 10.568069454575699 ], [ -66.851873166749499, 10.568272485549199 ] ] ] } },
{ "type": "Feature", "properties": { "id": "ven2026_inventory_line.236", "tessellate": -1, "extrude": 0, "visibility": -1, "OBJECTID": 237.0, "IMPACTS_STREAM": null, "COMMENTS": "PS 07/07", "Shape__Length": 118.459537912146, "GlobalID": "0feb417b-b25a-413e-81fc-dbf085e04aa9", "CreationDate": "2026-07-14T15:36:36.061", "Creator": "ecollins@usgs.gov_USGS", "EditDate": "2026-07-14T15:36:36.061", "Editor": "ecollins@usgs.gov_USGS", "slope_mean": 42.1, "slope_max": 51.4, "aspect_deg": 16.0, "aspect_R": 0.83, "length_m": 115.8, "n_samp": 9, "aspect_dir": "N" }, "geometry": { "type": "MultiLineString", "coordinates": [ [ [ -66.851644756904406, 10.568589721445198 ], [ -66.851644756904406, 10.5685770320093 ], [ -66.851581309725205, 10.5690972988788 ], [ -66.8513275210084, 10.569541429133299 ] ] ] } },
{ "type": "Feature", "properties": { "id": "ven2026_inventory_line.237", "tessellate": -1, "extrude": 0, "visibility": -1, "OBJECTID": 238.0, "IMPACTS_STREAM": null, "COMMENTS": "PS 07/07", "Shape__Length": 55.7394982305184, "GlobalID": "e5eaa654-a973-4531-9950-764e102a3abf", "CreationDate": "2026-07-14T15:41:17.235", "Creator": "ecollins@usgs.gov_USGS", "EditDate": "2026-07-14T15:41:17.235", "Editor": "ecollins@usgs.gov_USGS", "slope_mean": 44.6, "slope_max": 45.4, "aspect_deg": 23.0, "aspect_R": 1.0, "length_m": 54.7, "n_samp": 5, "aspect_dir": "NE" }, "geometry": { "type": "MultiLineString", "coordinates": [ [ [ -66.849957061937502, 10.564884406179701 ], [ -66.849563689426503, 10.565188952639994 ] ] ] } },
{ "type": "Feature", "properties": { "id": "ven2026_inventory_line.238", "tessellate": -1, "extrude": 0, "visibility": -1, "OBJECTID": 240.0, "IMPACTS_STREAM": null, "COMMENTS": "PS 07/07", "Shape__Length": 29.988187892462498, "GlobalID": "78e4224e-3f9b-4e2b-9790-c0f0c7296c81", "CreationDate": "2026-07-14T15:41:17.235", "Creator": "ecollins@usgs.gov_USGS", "EditDate": "2026-07-14T15:41:17.235", "Editor": "ecollins@usgs.gov_USGS", "slope_mean": 42.3, "slope_max": 43.8, "aspect_deg": 26.0, "aspect_R": 1.0, "length_m": 29.4, "n_samp": 3, "aspect_dir": "NE" }, "geometry": { "type": "MultiLineString", "coordinates": [ [ [ -66.849823822861197, 10.564763856539299 ], [ -66.849608102451995, 10.564922474487199 ] ] ] } },
{ "type": "Feature", "properties": { "id": "ven2026_inventory_line.239", "tessellate": -1, "extrude": 0, "visibility": -1, "OBJECTID": 241.0, "IMPACTS_STREAM": null, "COMMENTS": "PS 07/07", "Shape__Length": 37.460980252194197, "GlobalID": "45e546f3-3dd6-45f5-b731-35b024204ec4", "CreationDate": "2026-07-14T15:41:17.235", "Creator": "ecollins@usgs.gov_USGS", "EditDate": "2026-07-14T15:41:17.235", "Editor": "ecollins@usgs.gov_USGS", "slope_mean": 44.6, "slope_max": 45.4, "aspect_deg": 25.0, "aspect_R": 1.0, "length_m": 36.8, "n_samp": 4, "aspect_dir": "NE" }, "geometry": { "type": "MultiLineString", "coordinates": [ [ [ -66.849906304194207, 10.565303157562498 ], [ -66.849570034144406, 10.5652904681266 ] ] ] } },
{ "type": "Feature", "properties": { "id": "ven2026_inventory_line.240", "tessellate": -1, "extrude": 0, "visibility": -1, "OBJECTID": 242.0, "IMPACTS_STREAM": null, "COMMENTS": "PS 07/07", "Shape__Length": 41.845388946363499, "GlobalID": "80e974a7-12de-40ee-9df4-63bd9064ffed", "CreationDate": "2026-07-14T15:41:17.235", "Creator": "ecollins@usgs.gov_USGS", "EditDate": "2026-07-14T15:41:17.235", "Editor": "ecollins@usgs.gov_USGS", "slope_mean": 35.6, "slope_max": 36.6, "aspect_deg": 37.0, "aspect_R": 0.94, "length_m": 41.1, "n_samp": 4, "aspect_dir": "NE" }, "geometry": { "type": "MultiLineString", "coordinates": [ [ [ -66.849779409835705, 10.5654490860747 ], [ -66.849563689426503, 10.5655506015614 ], [ -66.849443139786004, 10.565614048740601 ] ] ] } },
{ "type": "Feature", "properties": { "id": "ven2026_inventory_line.241", "tessellate": -1, "extrude": 0, "visibility": -1, "OBJECTID": 243.0, "IMPACTS_STREAM": null, "COMMENTS": "PS 07/07", "Shape__Length": 41.801290072682399, "GlobalID": "bf68f700-08be-4ea2-9b3f-8d2125f2cbbd", "CreationDate": "2026-07-14T15:41:17.235", "Creator": "ecollins@usgs.gov_USGS", "EditDate": "2026-07-14T15:41:17.235", "Editor": "ecollins@usgs.gov_USGS", "slope_mean": 42.7, "slope_max": 43.5, "aspect_deg": 89.0, "aspect_R": 1.0, "length_m": 41.1, "n_samp": 4, "aspect_dir": "E" }, "geometry": { "type": "MultiLineString", "coordinates": [ [ [ -66.849627136605704, 10.5679996626786 ], [ -66.849455829221895, 10.567942560217299 ], [ -66.849290866555904, 10.567841044730601 ] ] ] } },
{ "type": "Feature", "properties": { "id": "ven2026_inventory_line.242", "tessellate": -1, "extrude": 0, "visibility": -1, "OBJECTID": 244.0, "IMPACTS_STREAM": null, "COMMENTS": "PS 07/07", "Shape__Length": 20.5037827671763, "GlobalID": "2ec14fe3-e9a7-42f9-a846-5fae3a2c7bb6", "CreationDate": "2026-07-14T15:41:17.235", "Creator": "ecollins@usgs.gov_USGS", "EditDate": "2026-07-14T15:41:17.235", "Editor": "ecollins@usgs.gov_USGS", "slope_mean": 37.5, "slope_max": 37.5, "aspect_deg": 89.0, "aspect_R": 1.0, "length_m": 20.1, "n_samp": 3, "aspect_dir": "E" }, "geometry": { "type": "MultiLineString", "coordinates": [ [ [ -66.849125903889998, 10.568006007396498 ], [ -66.8490370778391, 10.567847389448502 ] ] ] } },
{ "type": "Feature", "properties": { "id": "ven2026_inventory_line.243", "tessellate": -1, "extrude": 0, "visibility": -1, "OBJECTID": 245.0, "IMPACTS_STREAM": null, "COMMENTS": "PS 07/07", "Shape__Length": 71.696271998943601, "GlobalID": "7a9ae63b-9e80-4259-aadf-6a25552ffd97", "CreationDate": "2026-07-14T15:42:28.545", "Creator": "ecollins@usgs.gov_USGS", "EditDate": "2026-07-14T15:42:28.545", "Editor": "ecollins@usgs.gov_USGS", "slope_mean": 44.9, "slope_max": 45.5, "aspect_deg": 78.0, "aspect_R": 1.0, "length_m": 70.5, "n_samp": 6, "aspect_dir": "E" }, "geometry": { "type": "MultiLineString", "coordinates": [ [ [ -66.850559810139998, 10.567193883502698 ], [ -66.849918993629998, 10.567257330681898 ] ] ] } },
{ "type": "Feature", "properties": { "id": "ven2026_inventory_line.244", "tessellate": -1, "extrude": 0, "visibility": -1, "OBJECTID": 246.0, "IMPACTS_STREAM": null, "COMMENTS": "PS 07/07", "Shape__Length": 99.724869814992701, "GlobalID": "79327217-0f75-427a-8dc8-2adfbe538a7f", "CreationDate": "2026-07-14T15:43:31.496", "Creator": "ecollins@usgs.gov_USGS", "EditDate": "2026-07-14T15:43:31.496", "Editor": "ecollins@usgs.gov_USGS", "slope_mean": 44.1, "slope_max": 46.6, "aspect_deg": 71.0, "aspect_R": 1.0, "length_m": 98.0, "n_samp": 8, "aspect_dir": "E" }, "geometry": { "type": "MultiLineString", "coordinates": [ [ [ -66.8501347140392, 10.566438862070198 ], [ -66.849817478143294, 10.5665086539674 ], [ -66.849563689426404, 10.5666989955049 ], [ -66.849328934863394, 10.566787821555899 ] ] ] } },
{ "type": "Feature", "properties": { "id": "ven2026_inventory_line.245", "tessellate": -1, "extrude": 0, "visibility": -1, "OBJECTID": 247.0, "IMPACTS_STREAM": null, "COMMENTS": "PS 07/07", "Shape__Length": 54.225641469725801, "GlobalID": "773980ee-0df5-4283-82bd-2e50c7124612", "CreationDate": "2026-07-14T15:43:31.496", "Creator": "ecollins@usgs.gov_USGS", "EditDate": "2026-07-14T15:43:31.496", "Editor": "ecollins@usgs.gov_USGS", "slope_mean": 39.0, "slope_max": 44.7, "aspect_deg": 95.0, "aspect_R": 0.99, "length_m": 53.3, "n_samp": 5, "aspect_dir": "E" }, "geometry": { "type": "MultiLineString", "coordinates": [ [ [ -66.849855546450797, 10.566147005045899 ], [ -66.849411416196403, 10.5659503187903 ] ] ] } },
{ "type": "Feature", "properties": { "id": "ven2026_inventory_line.246", "tessellate": -1, "extrude": 0, "visibility": -1, "OBJECTID": 248.0, "IMPACTS_STREAM": null, "COMMENTS": "reactivation? PS 07/07", "Shape__Length": 147.93871191426601, "GlobalID": "4b32c16f-9792-492a-b625-8e7f1d4206b7", "CreationDate": "2026-07-14T15:45:09.232", "Creator": "ecollins@usgs.gov_USGS", "EditDate": "2026-07-14T15:45:09.232", "Editor": "ecollins@usgs.gov_USGS", "slope_mean": 39.0, "slope_max": 41.4, "aspect_deg": 45.0, "aspect_R": 0.99, "length_m": 144.8, "n_samp": 11, "aspect_dir": "NE" }, "geometry": { "type": "MultiLineString", "coordinates": [ [ [ -66.848237643381097, 10.564560825565801 ], [ -66.847996544100099, 10.565023989973998 ], [ -66.847933096920997, 10.5652904681266 ], [ -66.847539724409899, 10.5656267381764 ] ] ] } },
{ "type": "Feature", "properties": { "id": "ven2026_inventory_line.247", "tessellate": -1, "extrude": 0, "visibility": -1, "OBJECTID": 249.0, "IMPACTS_STREAM": null, "COMMENTS": "PS 07/07", "Shape__Length": 62.3765650334554, "GlobalID": "18fd39db-c498-48f8-aecf-ca865004952f", "CreationDate": "2026-07-14T15:48:08.768", "Creator": "ecollins@usgs.gov_USGS", "EditDate": "2026-07-14T15:48:08.768", "Editor": "ecollins@usgs.gov_USGS", "slope_mean": 37.9, "slope_max": 39.7, "aspect_deg": 20.0, "aspect_R": 0.99, "length_m": 61.1, "n_samp": 6, "aspect_dir": "N" }, "geometry": { "type": "MultiLineString", "coordinates": [ [ [ -66.851156213624407, 10.563609117877796 ], [ -66.851048353419799, 10.563812148851198 ], [ -66.850946837933094, 10.563843872440801 ], [ -66.850819943574706, 10.564021524542598 ] ] ] } },
{ "type": "Feature", "properties": { "id": "ven2026_inventory_line.248", "tessellate": -1, "extrude": 0, "visibility": -1, "OBJECTID": 250.0, "IMPACTS_STREAM": null, "COMMENTS": "PS 07/07", "Shape__Length": 42.207626068823103, "GlobalID": "94410f82-ec35-46f1-86ff-007d66674c29", "CreationDate": "2026-07-14T15:48:08.768", "Creator": "ecollins@usgs.gov_USGS", "EditDate": "2026-07-14T15:48:08.768", "Editor": "ecollins@usgs.gov_USGS", "slope_mean": 38.0, "slope_max": 39.0, "aspect_deg": 5.0, "aspect_R": 1.0, "length_m": 41.3, "n_samp": 4, "aspect_dir": "N" }, "geometry": { "type": "MultiLineString", "coordinates": [ [ [ -66.849550999990598, 10.5635710495702 ], [ -66.849684239067003, 10.563920009055801 ] ] ] } },
{ "type": "Feature", "properties": { "id": "ven2026_inventory_line.249", "tessellate": -1, "extrude": 0, "visibility": -1, "OBJECTID": 251.0, "IMPACTS_STREAM": "Y", "COMMENTS": "PS 07/07", "Shape__Length": 160.667213542458, "GlobalID": "03885673-bd21-4e68-86ce-c132c629393a", "CreationDate": "2026-07-14T15:48:08.768", "Creator": "ecollins@usgs.gov_USGS", "EditDate": "2026-07-14T15:48:08.768", "Editor": "ecollins@usgs.gov_USGS", "slope_mean": 44.9, "slope_max": 50.5, "aspect_deg": 26.0, "aspect_R": 1.0, "length_m": 157.9, "n_samp": 12, "aspect_dir": "NE" }, "geometry": { "type": "MultiLineString", "coordinates": [ [ [ -66.846898907899998, 10.563107885162102 ], [ -66.846435743491796, 10.5631713323413 ], [ -66.845902787186404, 10.5633933974685 ], [ -66.845534793547003, 10.563539325980598 ] ] ] } },
{ "type": "Feature", "properties": { "id": "ven2026_inventory_line.250", "tessellate": -1, "extrude": 0, "visibility": -1, "OBJECTID": 252.0, "IMPACTS_STREAM": null, "COMMENTS": "PS 07/07", "Shape__Length": 78.856533605021497, "GlobalID": "9ed0dcd1-866d-4c2e-b361-e2ef45d6c086", "CreationDate": "2026-07-14T15:48:08.768", "Creator": "ecollins@usgs.gov_USGS", "EditDate": "2026-07-14T15:48:08.768", "Editor": "ecollins@usgs.gov_USGS", "slope_mean": 41.5, "slope_max": 46.6, "aspect_deg": 73.0, "aspect_R": 1.0, "length_m": 77.5, "n_samp": 7, "aspect_dir": "E" }, "geometry": { "type": "MultiLineString", "coordinates": [ [ [ -66.847178075488401, 10.564065937567998 ], [ -66.8468418054387, 10.5641864872086 ], [ -66.846492845953094, 10.5641547636189 ] ] ] } },
{ "type": "Feature", "properties": { "id": "ven2026_inventory_line.251", "tessellate": -1, "extrude": 0, "visibility": -1, "OBJECTID": 253.0, "IMPACTS_STREAM": null, "COMMENTS": "PS 07/07", "Shape__Length": 43.546814176958001, "GlobalID": "c22ca290-39ff-4616-82e2-2a4e7db6cc9b", "CreationDate": "2026-07-14T16:06:08.073", "Creator": "ecollins@usgs.gov_USGS", "EditDate": "2026-07-14T16:06:08.073", "Editor": "ecollins@usgs.gov_USGS", "slope_mean": 23.7, "slope_max": 29.6, "aspect_deg": 321.0, "aspect_R": 0.95, "length_m": 42.6, "n_samp": 4, "aspect_dir": "NW" }, "geometry": { "type": "MultiLineString", "coordinates": [ [ [ -66.865082869459499, 10.563805804133299 ], [ -66.864905217357702, 10.564148418900999 ] ] ] } },
{ "type": "Feature", "properties": { "id": "ven2026_inventory_line.252", "tessellate": -1, "extrude": 0, "visibility": -1, "OBJECTID": 254.0, "IMPACTS_STREAM": null, "COMMENTS": "PS 07/07", "Shape__Length": 73.0362794740917, "GlobalID": "576858fa-8840-4976-a54d-65bea354e656", "CreationDate": "2026-07-14T16:08:50.130", "Creator": "ecollins@usgs.gov_USGS", "EditDate": "2026-07-14T16:08:50.130", "Editor": "ecollins@usgs.gov_USGS", "slope_mean": 36.7, "slope_max": 40.3, "aspect_deg": 63.0, "aspect_R": 1.0, "length_m": 71.6, "n_samp": 6, "aspect_dir": "NE" }, "geometry": { "type": "MultiLineString", "coordinates": [ [ [ -66.867544620012595, 10.562670099625498 ], [ -66.867081455604406, 10.563126919315902 ] ] ] } },
{ "type": "Feature", "properties": { "id": "ven2026_inventory_line.253", "tessellate": -1, "extrude": 0, "visibility": -1, "OBJECTID": 255.0, "IMPACTS_STREAM": null, "COMMENTS": "PS 07/07", "Shape__Length": 114.710558131683, "GlobalID": "a989e0dc-c208-40a2-ac74-ffcd2f411487", "CreationDate": "2026-07-14T16:08:50.130", "Creator": "ecollins@usgs.gov_USGS", "EditDate": "2026-07-14T16:08:50.130", "Editor": "ecollins@usgs.gov_USGS", "slope_mean": 29.0, "slope_max": 40.3, "aspect_deg": 50.0, "aspect_R": 0.91, "length_m": 112.6, "n_samp": 9, "aspect_dir": "NE" }, "geometry": { "type": "MultiLineString", "coordinates": [ [ [ -66.867538275294621, 10.5625305158313 ], [ -66.867138558065705, 10.562784304548098 ], [ -66.866707117247103, 10.563126919315902 ] ] ] } },
{ "type": "Feature", "properties": { "id": "ven2026_inventory_line.254", "tessellate": -1, "extrude": 0, "visibility": -1, "OBJECTID": 256.0, "IMPACTS_STREAM": "Y", "COMMENTS": "PS 07/07", "Shape__Length": 66.190446856912303, "GlobalID": "dbdb2c71-c43a-4c44-a2ba-b4aa1b2b87f1", "CreationDate": "2026-07-14T16:08:50.130", "Creator": "ecollins@usgs.gov_USGS", "EditDate": "2026-07-14T16:08:50.130", "Editor": "ecollins@usgs.gov_USGS", "slope_mean": 33.4, "slope_max": 41.1, "aspect_deg": 63.0, "aspect_R": 0.96, "length_m": 65.1, "n_samp": 6, "aspect_dir": "NE" }, "geometry": { "type": "MultiLineString", "coordinates": [ [ [ -66.867633446063394, 10.562359208447496 ], [ -66.867354278474906, 10.562333829575799 ], [ -66.867049732014806, 10.562257692960699 ] ] ] } },
{ "type": "Feature", "properties": { "id": "ven2026_inventory_line.255", "tessellate": -1, "extrude": 0, "visibility": -1, "OBJECTID": 257.0, "IMPACTS_STREAM": "Y", "COMMENTS": "PS 07/07", "Shape__Length": 86.004723449261206, "GlobalID": "117036db-4476-46b9-84da-33a3fa0678d5", "CreationDate": "2026-07-14T16:08:50.130", "Creator": "ecollins@usgs.gov_USGS", "EditDate": "2026-07-14T16:08:50.130", "Editor": "ecollins@usgs.gov_USGS", "slope_mean": 33.0, "slope_max": 40.2, "aspect_deg": 65.0, "aspect_R": 0.98, "length_m": 84.5, "n_samp": 7, "aspect_dir": "NE" }, "geometry": { "type": "MultiLineString", "coordinates": [ [ [ -66.867937992523593, 10.562124453884397 ], [ -66.8675573094485, 10.561991214808099 ], [ -66.8671893158091, 10.561972180654397 ] ] ] } },
{ "type": "Feature", "properties": { "id": "ven2026_inventory_line.256", "tessellate": -1, "extrude": 0, "visibility": -1, "OBJECTID": 258.0, "IMPACTS_STREAM": "P", "COMMENTS": "PS 07/07", "Shape__Length": 85.760257759668605, "GlobalID": "7ac4f717-080d-40c3-8340-700e2b2581df", "CreationDate": "2026-07-14T16:08:50.130", "Creator": "ecollins@usgs.gov_USGS", "EditDate": "2026-07-14T16:08:50.130", "Editor": "ecollins@usgs.gov_USGS", "slope_mean": 29.9, "slope_max": 40.2, "aspect_deg": 69.0, "aspect_R": 0.97, "length_m": 84.3, "n_samp": 7, "aspect_dir": "E" }, "geometry": { "type": "MultiLineString", "coordinates": [ [ [ -66.868064886882095, 10.5619848700902 ], [ -66.867709582678501, 10.561857975731797 ], [ -66.867322554885405, 10.5617945285526 ] ] ] } },
{ "type": "Feature", "properties": { "id": "ven2026_inventory_line.257", "tessellate": -1, "extrude": 0, "visibility": -1, "OBJECTID": 259.0, "IMPACTS_STREAM": "P", "COMMENTS": "PS 07/07", "Shape__Length": 78.285623263050198, "GlobalID": "7b2ef632-108a-4fa9-8bdb-90a61feb39cf", "CreationDate": "2026-07-14T16:08:50.130", "Creator": "ecollins@usgs.gov_USGS", "EditDate": "2026-07-14T16:08:50.130", "Editor": "ecollins@usgs.gov_USGS", "slope_mean": 30.2, "slope_max": 37.3, "aspect_deg": 79.0, "aspect_R": 0.91, "length_m": 77.0, "n_samp": 7, "aspect_dir": "E" }, "geometry": { "type": "MultiLineString", "coordinates": [ [ [ -66.868033163292395, 10.561502671528302 ], [ -66.867519241140798, 10.561572463425399 ], [ -66.867335244321197, 10.561585152861197 ] ] ] } },
{ "type": "Feature", "properties": { "id": "ven2026_inventory_line.258", "tessellate": -1, "extrude": 0, "visibility": -1, "OBJECTID": 260.0, "IMPACTS_STREAM": null, "COMMENTS": "PS 07/07", "Shape__Length": 38.484096587537799, "GlobalID": "40ec8559-8990-4644-8a2f-53d5d992e8b2", "CreationDate": "2026-07-14T16:08:50.130", "Creator": "ecollins@usgs.gov_USGS", "EditDate": "2026-07-14T16:08:50.130", "Editor": "ecollins@usgs.gov_USGS", "slope_mean": 30.3, "slope_max": 38.2, "aspect_deg": 85.0, "aspect_R": 1.0, "length_m": 37.8, "n_samp": 4, "aspect_dir": "E" }, "geometry": { "type": "MultiLineString", "coordinates": [ [ [ -66.868052197446204, 10.561629565886701 ], [ -66.867722272114406, 10.5617310813734 ] ] ] } },
{ "type": "Feature", "properties": { "id": "ven2026_inventory_line.259", "tessellate": -1, "extrude": 0, "visibility": -1, "OBJECTID": 261.0, "IMPACTS_STREAM": null, "COMMENTS": "PS 07/07", "Shape__Length": 28.9821645815591, "GlobalID": "df01a0ac-ff96-4cde-9115-ddd11359fce5", "CreationDate": "2026-07-14T16:08:50.130", "Creator": "ecollins@usgs.gov_USGS", "EditDate": "2026-07-14T16:08:50.130", "Editor": "ecollins@usgs.gov_USGS", "slope_mean": 34.4, "slope_max": 37.3, "aspect_deg": 88.0, "aspect_R": 1.0, "length_m": 28.5, "n_samp": 3, "aspect_dir": "E" }, "geometry": { "type": "MultiLineString", "coordinates": [ [ [ -66.867792064011496, 10.561439224349 ], [ -66.867538275294621, 10.561382121887799 ] ] ] } },
{ "type": "Feature", "properties": { "id": "ven2026_inventory_line.260", "tessellate": -1, "extrude": 0, "visibility": -1, "OBJECTID": 262.0, "IMPACTS_STREAM": null, "COMMENTS": "PS 07/07", "Shape__Length": 78.316893244527193, "GlobalID": "61d367b6-9f6f-4465-ab93-71cef475faf7", "CreationDate": "2026-07-14T16:09:34.196", "Creator": "ecollins@usgs.gov_USGS", "EditDate": "2026-07-14T16:09:34.196", "Editor": "ecollins@usgs.gov_USGS", "slope_mean": 38.3, "slope_max": 40.6, "aspect_deg": 295.0, "aspect_R": 1.0, "length_m": 76.9, "n_samp": 7, "aspect_dir": "NW" }, "geometry": { "type": "MultiLineString", "coordinates": [ [ [ -66.865501620842295, 10.562124453884399 ], [ -66.866123403198401, 10.562448034498299 ] ] ] } },
{ "type": "Feature", "properties": { "id": "ven2026_inventory_line.261", "tessellate": -1, "extrude": 0, "visibility": -1, "OBJECTID": 263.0, "IMPACTS_STREAM": null, "COMMENTS": "PS 07/07", "Shape__Length": 29.179890976562199, "GlobalID": "379792bb-0739-40f6-bb26-77f6426601a5", "CreationDate": "2026-07-14T16:11:49.416", "Creator": "ecollins@usgs.gov_USGS", "EditDate": "2026-07-14T16:11:49.416", "Editor": "ecollins@usgs.gov_USGS", "slope_mean": 25.2, "slope_max": 26.3, "aspect_deg": 16.0, "aspect_R": 1.0, "length_m": 28.7, "n_samp": 3, "aspect_dir": "N" }, "geometry": { "type": "MultiLineString", "coordinates": [ [ [ -66.868090265753693, 10.562866785881099 ], [ -66.868350399188401, 10.562835062291498 ] ] ] } },
{ "type": "Feature", "properties": { "id": "ven2026_inventory_line.262", "tessellate": -1, "extrude": 0, "visibility": -1, "OBJECTID": 264.0, "IMPACTS_STREAM": null, "COMMENTS": "PS 07/07", "Shape__Length": 33.281973308993599, "GlobalID": "9fc739e1-d724-4970-ab12-60b645c25e04", "CreationDate": "2026-07-14T16:11:49.416", "Creator": "ecollins@usgs.gov_USGS", "EditDate": "2026-07-14T16:11:49.416", "Editor": "ecollins@usgs.gov_USGS", "slope_mean": 26.5, "slope_max": 29.7, "aspect_deg": 23.0, "aspect_R": 0.96, "length_m": 32.7, "n_samp": 4, "aspect_dir": "NE" }, "geometry": { "type": "MultiLineString", "coordinates": [ [ [ -66.868724737545705, 10.5617374260913 ], [ -66.868477293546803, 10.561902388757201 ] ] ] } },
{ "type": "Feature", "properties": { "id": "ven2026_inventory_line.263", "tessellate": -1, "extrude": 0, "visibility": -1, "OBJECTID": 265.0, "IMPACTS_STREAM": null, "COMMENTS": "PS 07/07", "Shape__Length": 50.025055406573898, "GlobalID": "915b7122-55ba-4349-81b5-839ba6a84be2", "CreationDate": "2026-07-14T16:11:49.416", "Creator": "ecollins@usgs.gov_USGS", "EditDate": "2026-07-14T16:11:49.416", "Editor": "ecollins@usgs.gov_USGS", "slope_mean": 35.3, "slope_max": 38.4, "aspect_deg": 81.0, "aspect_R": 0.99, "length_m": 49.1, "n_samp": 5, "aspect_dir": "E" }, "geometry": { "type": "MultiLineString", "coordinates": [ [ [ -66.869086386467202, 10.560855510300399 ], [ -66.868705703391896, 10.560620755737302 ] ] ] } },
{ "type": "Feature", "properties": { "id": "ven2026_inventory_line.264", "tessellate": -1, "extrude": 0, "visibility": -1, "OBJECTID": 266.0, "IMPACTS_STREAM": null, "COMMENTS": "PS 07/07", "Shape__Length": 65.278145055672297, "GlobalID": "b7f2ee15-74dd-4eea-bd2f-e15f9cee3109", "CreationDate": "2026-07-14T16:11:49.416", "Creator": "ecollins@usgs.gov_USGS", "EditDate": "2026-07-14T16:11:49.416", "Editor": "ecollins@usgs.gov_USGS", "slope_mean": 36.0, "slope_max": 40.3, "aspect_deg": 48.0, "aspect_R": 0.99, "length_m": 64.1, "n_samp": 6, "aspect_dir": "NE" }, "geometry": { "type": "MultiLineString", "coordinates": [ [ [ -66.870532982152994, 10.560950681069199 ], [ -66.870298227590013, 10.561134677888896 ], [ -66.870012715283494, 10.5611537120426 ] ] ] } },
{ "type": "Feature", "properties": { "id": "ven2026_inventory_line.265", "tessellate": -1, "extrude": 0, "visibility": -1, "OBJECTID": 267.0, "IMPACTS_STREAM": null, "COMMENTS": "PS 07/07", "Shape__Length": 80.906897460887393, "GlobalID": "af00f634-0863-4766-9dbf-7bb680aaf7ea", "CreationDate": "2026-07-14T16:12:22.031", "Creator": "ecollins@usgs.gov_USGS", "EditDate": "2026-07-14T16:12:22.031", "Editor": "ecollins@usgs.gov_USGS", "slope_mean": 38.9, "slope_max": 42.3, "aspect_deg": 100.0, "aspect_R": 1.0, "length_m": 79.5, "n_samp": 7, "aspect_dir": "E" }, "geometry": { "type": "MultiLineString", "coordinates": [ [ [ -66.871180143380798, 10.559478706511602 ], [ -66.870977112407402, 10.559294709691999 ], [ -66.870526637435105, 10.559282020256102 ] ] ] } },
{ "type": "Feature", "properties": { "id": "ven2026_inventory_line.266", "tessellate": -1, "extrude": 0, "visibility": -1, "OBJECTID": 268.0, "IMPACTS_STREAM": null, "COMMENTS": "PS 07/07", "Shape__Length": 64.376199639222605, "GlobalID": "899aebfe-f71e-476a-a355-6b39ddb6e097", "CreationDate": "2026-07-14T16:13:49.384", "Creator": "ecollins@usgs.gov_USGS", "EditDate": "2026-07-14T16:13:49.384", "Editor": "ecollins@usgs.gov_USGS", "slope_mean": 39.8, "slope_max": 44.2, "aspect_deg": 229.0, "aspect_R": 0.99, "length_m": 63.3, "n_samp": 6, "aspect_dir": "SW" }, "geometry": { "type": "MultiLineString", "coordinates": [ [ [ -66.875050421312196, 10.557492809802598 ], [ -66.8753359336187, 10.557486465084699 ], [ -66.87562144592502, 10.5575499122639 ] ] ] } },
{ "type": "Feature", "properties": { "id": "ven2026_inventory_line.267", "tessellate": -1, "extrude": 0, "visibility": -1, "OBJECTID": 269.0, "IMPACTS_STREAM": null, "COMMENTS": "PS 07/07", "Shape__Length": 26.773987626224098, "GlobalID": "3818e50d-dd1f-473c-843d-628fe27183e7", "CreationDate": "2026-07-14T16:13:49.384", "Creator": "ecollins@usgs.gov_USGS", "EditDate": "2026-07-14T16:13:49.384", "Editor": "ecollins@usgs.gov_USGS", "slope_mean": 43.2, "slope_max": 43.4, "aspect_deg": 223.0, "aspect_R": 0.99, "length_m": 26.3, "n_samp": 3, "aspect_dir": "SW" }, "geometry": { "type": "MultiLineString", "coordinates": [ [ [ -66.87562144592502, 10.5572580552396 ], [ -66.875805442744706, 10.557410328469603 ] ] ] } },
{ "type": "Feature", "properties": { "id": "ven2026_inventory_line.268", "tessellate": -1, "extrude": 0, "visibility": -1, "OBJECTID": 270.0, "IMPACTS_STREAM": null, "COMMENTS": "PS 07/07", "Shape__Length": 50.292605581093497, "GlobalID": "5187a4e7-3212-436f-9d50-c6a62ff7320b", "CreationDate": "2026-07-14T16:13:49.384", "Creator": "ecollins@usgs.gov_USGS", "EditDate": "2026-07-14T16:13:49.384", "Editor": "ecollins@usgs.gov_USGS", "slope_mean": 39.3, "slope_max": 44.2, "aspect_deg": 215.0, "aspect_R": 1.0, "length_m": 49.1, "n_samp": 5, "aspect_dir": "SW" }, "geometry": { "type": "MultiLineString", "coordinates": [ [ [ -66.875691237822195, 10.557962318928698 ], [ -66.875767374437203, 10.557524533392199 ] ] ] } },
{ "type": "Feature", "properties": { "id": "ven2026_inventory_line.269", "tessellate": -1, "extrude": 0, "visibility": -1, "OBJECTID": 271.0, "IMPACTS_STREAM": null, "COMMENTS": "PS 07/07", "Shape__Length": 63.061131080183401, "GlobalID": "6220dd47-50bf-465c-8320-a29764910ba7", "CreationDate": "2026-07-14T16:15:23.879", "Creator": "ecollins@usgs.gov_USGS", "EditDate": "2026-07-14T16:15:23.879", "Editor": "ecollins@usgs.gov_USGS", "slope_mean": 34.5, "slope_max": 37.1, "aspect_deg": 173.0, "aspect_R": 1.0, "length_m": 61.8, "n_samp": 6, "aspect_dir": "S" }, "geometry": { "type": "MultiLineString", "coordinates": [ [ [ -66.881090592772296, 10.559091678718501 ], [ -66.880709909697103, 10.558679272053698 ] ] ] } },
{ "type": "Feature", "properties": { "id": "ven2026_inventory_line.270", "tessellate": -1, "extrude": 0, "visibility": -1, "OBJECTID": 272.0, "IMPACTS_STREAM": null, "COMMENTS": "PS 07/07", "Shape__Length": 51.9189572934241, "GlobalID": "498377c0-e0c5-4911-a979-7aad9fbf6983", "CreationDate": "2026-07-14T16:15:23.879", "Creator": "ecollins@usgs.gov_USGS", "EditDate": "2026-07-14T16:15:23.879", "Editor": "ecollins@usgs.gov_USGS", "slope_mean": 31.6, "slope_max": 34.7, "aspect_deg": 170.0, "aspect_R": 0.98, "length_m": 50.9, "n_samp": 5, "aspect_dir": "S" }, "geometry": { "type": "MultiLineString", "coordinates": [ [ [ -66.881388794514606, 10.5587871322584 ], [ -66.881230176566504, 10.558546032977301 ], [ -66.881058869182795, 10.558514309387798 ] ] ] } },
{ "type": "Feature", "properties": { "id": "ven2026_inventory_line.271", "tessellate": -1, "extrude": 0, "visibility": -1, "OBJECTID": 273.0, "IMPACTS_STREAM": null, "COMMENTS": "PS 07/07", "Shape__Length": 94.157931372210101, "GlobalID": "1fe17665-69fb-4f23-a963-7da433f82728", "CreationDate": "2026-07-14T16:15:23.879", "Creator": "ecollins@usgs.gov_USGS", "EditDate": "2026-07-14T16:15:23.879", "Editor": "ecollins@usgs.gov_USGS", "slope_mean": 36.7, "slope_max": 44.3, "aspect_deg": 232.0, "aspect_R": 0.93, "length_m": 92.6, "n_samp": 8, "aspect_dir": "SW" }, "geometry": { "type": "MultiLineString", "coordinates": [ [ [ -66.881357070925006, 10.559072644564798 ], [ -66.881731409282295, 10.5591487811798 ], [ -66.882194573690498, 10.559129747026001 ] ] ] } },
{ "type": "Feature", "properties": { "id": "ven2026_inventory_line.272", "tessellate": -1, "extrude": 0, "visibility": -1, "OBJECTID": 274.0, "IMPACTS_STREAM": null, "COMMENTS": "PS 07/07", "Shape__Length": 55.468974505465702, "GlobalID": "c9fa5a31-543e-450f-9dd5-f9883e20df0c", "CreationDate": "2026-07-14T16:15:23.879", "Creator": "ecollins@usgs.gov_USGS", "EditDate": "2026-07-14T16:15:23.879", "Editor": "ecollins@usgs.gov_USGS", "slope_mean": 35.4, "slope_max": 41.5, "aspect_deg": 216.0, "aspect_R": 0.94, "length_m": 54.5, "n_samp": 5, "aspect_dir": "SW" }, "geometry": { "type": "MultiLineString", "coordinates": [ [ [ -66.881306313181597, 10.5592502966665 ], [ -66.881756788153993, 10.5594596723579 ] ] ] } },
{ "type": "Feature", "properties": { "id": "ven2026_inventory_line.273", "tessellate": -1, "extrude": 0, "visibility": -1, "OBJECTID": 275.0, "IMPACTS_STREAM": null, "COMMENTS": "PS 07/07", "Shape__Length": 62.8762993964922, "GlobalID": "fd17d02a-1b48-437d-9fa3-d9c5fc63e94b", "CreationDate": "2026-07-14T16:15:23.879", "Creator": "ecollins@usgs.gov_USGS", "EditDate": "2026-07-14T16:15:23.879", "Editor": "ecollins@usgs.gov_USGS", "slope_mean": 30.3, "slope_max": 39.3, "aspect_deg": 235.0, "aspect_R": 0.87, "length_m": 61.8, "n_samp": 6, "aspect_dir": "SW" }, "geometry": { "type": "MultiLineString", "coordinates": [ [ [ -66.881502999437103, 10.558894992462898 ], [ -66.882067679332096, 10.558882303027101 ] ] ] } },
{ "type": "Feature", "properties": { "id": "ven2026_inventory_line.274", "tessellate": -1, "extrude": 0, "visibility": -1, "OBJECTID": 276.0, "IMPACTS_STREAM": null, "COMMENTS": "PS 07/07", "Shape__Length": 38.200555369062201, "GlobalID": "af42a24c-cec4-4fba-8b6e-84b3c96eca5b", "CreationDate": "2026-07-14T16:15:23.879", "Creator": "ecollins@usgs.gov_USGS", "EditDate": "2026-07-14T16:15:23.879", "Editor": "ecollins@usgs.gov_USGS", "slope_mean": 37.8, "slope_max": 39.5, "aspect_deg": 278.0, "aspect_R": 0.99, "length_m": 37.6, "n_samp": 4, "aspect_dir": "W" }, "geometry": { "type": "MultiLineString", "coordinates": [ [ [ -66.882169194818715, 10.558425483336897 ], [ -66.882511809586404, 10.558444517490596 ] ] ] } },
{ "type": "Feature", "properties": { "id": "ven2026_inventory_line.275", "tessellate": -1, "extrude": 0, "visibility": -1, "OBJECTID": 277.0, "IMPACTS_STREAM": null, "COMMENTS": "PS 07/07", "Shape__Length": 33.273618424495702, "GlobalID": "475e5ce9-3cb4-44dd-b8a7-a448cd310a2c", "CreationDate": "2026-07-14T16:15:23.879", "Creator": "ecollins@usgs.gov_USGS", "EditDate": "2026-07-14T16:15:23.879", "Editor": "ecollins@usgs.gov_USGS", "slope_mean": 34.7, "slope_max": 35.0, "aspect_deg": 158.0, "aspect_R": 1.0, "length_m": 32.6, "n_samp": 4, "aspect_dir": "S" }, "geometry": { "type": "MultiLineString", "coordinates": [ [ [ -66.881553757180498, 10.5583810703115 ], [ -66.881331692053308, 10.558184384055901 ] ] ] } },
{ "type": "Feature", "properties": { "id": "ven2026_inventory_line.276", "tessellate": -1, "extrude": 0, "visibility": -1, "OBJECTID": 278.0, "IMPACTS_STREAM": null, "COMMENTS": "reactivation? PS 07/09", "Shape__Length": 122.049180349563, "GlobalID": "98535957-02ab-41ec-ad7e-dc7022ed8c61", "CreationDate": "2026-07-14T16:17:14.531", "Creator": "ecollins@usgs.gov_USGS", "EditDate": "2026-07-14T16:17:14.531", "Editor": "ecollins@usgs.gov_USGS", "slope_mean": 45.3, "slope_max": 50.3, "aspect_deg": 50.0, "aspect_R": 0.98, "length_m": 119.8, "n_samp": 9, "aspect_dir": "NE" }, "geometry": { "type": "MultiLineString", "coordinates": [ [ [ -66.87562144592502, 10.561483637374501 ], [ -66.875107523773494, 10.561743770809203 ], [ -66.874669738237003, 10.5620165936798 ] ] ] } },
{ "type": "Feature", "properties": { "id": "ven2026_inventory_line.277", "tessellate": -1, "extrude": 0, "visibility": -1, "OBJECTID": 279.0, "IMPACTS_STREAM": null, "COMMENTS": "reactivation? PS 07/09", "Shape__Length": 45.416761682469001, "GlobalID": "f63e4aed-50de-4655-8bae-9f66f6fe98c8", "CreationDate": "2026-07-14T16:17:14.531", "Creator": "ecollins@usgs.gov_USGS", "EditDate": "2026-07-14T16:17:14.531", "Editor": "ecollins@usgs.gov_USGS", "slope_mean": 33.2, "slope_max": 37.1, "aspect_deg": 103.0, "aspect_R": 0.99, "length_m": 44.6, "n_samp": 4, "aspect_dir": "E" }, "geometry": { "type": "MultiLineString", "coordinates": [ [ [ -66.875170970952695, 10.560487516661 ], [ -66.8747839431595, 10.5603606223026 ] ] ] } },
{ "type": "Feature", "properties": { "id": "ven2026_inventory_line.278", "tessellate": -1, "extrude": 0, "visibility": -1, "OBJECTID": 280.0, "IMPACTS_STREAM": null, "COMMENTS": "PS 07/09", "Shape__Length": 91.408345715028503, "GlobalID": "f122a95c-a094-4695-8962-d80a58f05262", "CreationDate": "2026-07-14T16:20:28.486", "Creator": "ecollins@usgs.gov_USGS", "EditDate": "2026-07-14T16:20:28.486", "Editor": "ecollins@usgs.gov_USGS", "slope_mean": 48.0, "slope_max": 49.9, "aspect_deg": 21.0, "aspect_R": 1.0, "length_m": 89.4, "n_samp": 7, "aspect_dir": "N" }, "geometry": { "type": "MultiLineString", "coordinates": [ [ [ -66.873959129829899, 10.561267916965198 ], [ -66.8736863069593, 10.562029283115603 ] ] ] } },
{ "type": "Feature", "properties": { "id": "ven2026_inventory_line.279", "tessellate": -1, "extrude": 0, "visibility": -1, "OBJECTID": 281.0, "IMPACTS_STREAM": null, "COMMENTS": "PS 07/09", "Shape__Length": 78.145930248062001, "GlobalID": "7a12bcca-1f93-44fd-a9bd-1d5e7fc2b407", "CreationDate": "2026-07-14T16:20:28.486", "Creator": "ecollins@usgs.gov_USGS", "EditDate": "2026-07-14T16:20:28.486", "Editor": "ecollins@usgs.gov_USGS", "slope_mean": 29.4, "slope_max": 33.7, "aspect_deg": 128.0, "aspect_R": 0.89, "length_m": 76.4, "n_samp": 7, "aspect_dir": "SE" }, "geometry": { "type": "MultiLineString", "coordinates": [ [ [ -66.873813201317702, 10.5609316469154 ], [ -66.873508654857503, 10.5603098645592 ] ] ] } },
{ "type": "Feature", "properties": { "id": "ven2026_inventory_line.280", "tessellate": -1, "extrude": 0, "visibility": -1, "OBJECTID": 282.0, "IMPACTS_STREAM": null, "COMMENTS": "PS 07/09", "Shape__Length": 74.813766480527093, "GlobalID": "e446c7c6-51d2-499d-adfc-05cd3748a8a3", "CreationDate": "2026-07-14T16:20:28.486", "Creator": "ecollins@usgs.gov_USGS", "EditDate": "2026-07-14T16:20:28.486", "Editor": "ecollins@usgs.gov_USGS", "slope_mean": 38.5, "slope_max": 42.7, "aspect_deg": 109.0, "aspect_R": 0.96, "length_m": 73.5, "n_samp": 6, "aspect_dir": "E" }, "geometry": { "type": "MultiLineString", "coordinates": [ [ [ -66.874377881212595, 10.560734960659797 ], [ -66.873781477728102, 10.560430414199702 ] ] ] } },
{ "type": "Feature", "properties": { "id": "ven2026_inventory_line.281", "tessellate": -1, "extrude": 0, "visibility": -1, "OBJECTID": 283.0, "IMPACTS_STREAM": null, "COMMENTS": "reactivation? PS 07/09", "Shape__Length": 26.902700801973499, "GlobalID": "18d0003b-9ed0-4ffa-8bd0-e6a57e4dd3ee", "CreationDate": "2026-07-14T16:20:28.486", "Creator": "ecollins@usgs.gov_USGS", "EditDate": "2026-07-14T16:20:28.486", "Editor": "ecollins@usgs.gov_USGS", "slope_mean": 40.1, "slope_max": 43.2, "aspect_deg": 353.0, "aspect_R": 0.98, "length_m": 26.3, "n_samp": 3, "aspect_dir": "N" }, "geometry": { "type": "MultiLineString", "coordinates": [ [ [ -66.876103644486903, 10.561388466605701 ], [ -66.875989439564293, 10.561597842297001 ] ] ] } },
{ "type": "Feature", "properties": { "id": "ven2026_inventory_line.282", "tessellate": -1, "extrude": 0, "visibility": -1, "OBJECTID": 284.0, "IMPACTS_STREAM": null, "COMMENTS": "reactivation? PS 07/09", "Shape__Length": 48.352744993896401, "GlobalID": "37c54e19-d1d2-4b80-b463-d6f37c70c02d", "CreationDate": "2026-07-14T16:20:28.486", "Creator": "ecollins@usgs.gov_USGS", "EditDate": "2026-07-14T16:20:28.486", "Editor": "ecollins@usgs.gov_USGS", "slope_mean": 39.9, "slope_max": 44.0, "aspect_deg": 37.0, "aspect_R": 0.96, "length_m": 47.4, "n_samp": 5, "aspect_dir": "NE" }, "geometry": { "type": "MultiLineString", "coordinates": [ [ [ -66.873921061522296, 10.5609824046588 ], [ -66.873610170344193, 10.561280606400999 ] ] ] } },
{ "type": "Feature", "properties": { "id": "ven2026_inventory_line.283", "tessellate": -1, "extrude": 0, "visibility": -1, "OBJECTID": 285.0, "IMPACTS_STREAM": null, "COMMENTS": "reactivation? PS 07/09", "Shape__Length": 29.425534016785399, "GlobalID": "5fc10705-73d0-4b63-9c6a-c4e978d12bc9", "CreationDate": "2026-07-14T16:20:28.486", "Creator": "ecollins@usgs.gov_USGS", "EditDate": "2026-07-14T16:20:28.486", "Editor": "ecollins@usgs.gov_USGS", "slope_mean": 44.8, "slope_max": 45.7, "aspect_deg": 355.0, "aspect_R": 1.0, "length_m": 28.9, "n_samp": 3, "aspect_dir": "N" }, "geometry": { "type": "MultiLineString", "coordinates": [ [ [ -66.876192470537802, 10.561604187014998 ], [ -66.875983094846504, 10.561762804962898 ] ] ] } },
{ "type": "Feature", "properties": { "id": "ven2026_inventory_line.284", "tessellate": -1, "extrude": 0, "visibility": -1, "OBJECTID": 286.0, "IMPACTS_STREAM": null, "COMMENTS": "reactivation? PS 07/09", "Shape__Length": 88.190337201838005, "GlobalID": "d173f5fc-74ce-4c8e-a39f-066a5b512c81", "CreationDate": "2026-07-14T16:20:28.486", "Creator": "ecollins@usgs.gov_USGS", "EditDate": "2026-07-14T16:20:28.486", "Editor": "ecollins@usgs.gov_USGS", "slope_mean": 43.8, "slope_max": 45.6, "aspect_deg": 2.0, "aspect_R": 0.99, "length_m": 86.2, "n_samp": 7, "aspect_dir": "N" }, "geometry": { "type": "MultiLineString", "coordinates": [ [ [ -66.876281296588701, 10.561762804962898 ], [ -66.876148057512395, 10.562530515831297 ] ] ] } },
{ "type": "Feature", "properties": { "id": "ven2026_inventory_line.285", "tessellate": -1, "extrude": 0, "visibility": -1, "OBJECTID": 287.0, "IMPACTS_STREAM": null, "COMMENTS": "reactivation? PS 07/09", "Shape__Length": 38.137406758937203, "GlobalID": "ce7bfba8-1c23-4fa0-bfb8-c4bf341a67db", "CreationDate": "2026-07-14T16:20:28.486", "Creator": "ecollins@usgs.gov_USGS", "EditDate": "2026-07-14T16:20:28.486", "Editor": "ecollins@usgs.gov_USGS", "slope_mean": 28.2, "slope_max": 32.9, "aspect_deg": 345.0, "aspect_R": 0.99, "length_m": 37.3, "n_samp": 4, "aspect_dir": "N" }, "geometry": { "type": "MultiLineString", "coordinates": [ [ [ -66.877340864481297, 10.561261572247199 ], [ -66.877321830327602, 10.561597842297003 ] ] ] } },
{ "type": "Feature", "properties": { "id": "ven2026_inventory_line.286", "tessellate": -1, "extrude": 0, "visibility": -1, "OBJECTID": 289.0, "IMPACTS_STREAM": null, "COMMENTS": "PS 07/09", "Shape__Length": 77.708665657544898, "GlobalID": "a8a58ce2-362e-4551-af34-25e231bc9ded", "CreationDate": "2026-07-14T16:21:14.538", "Creator": "ecollins@usgs.gov_USGS", "EditDate": "2026-07-14T16:21:14.538", "Editor": "ecollins@usgs.gov_USGS", "slope_mean": 35.5, "slope_max": 43.1, "aspect_deg": 242.0, "aspect_R": 0.96, "length_m": 76.2, "n_samp": 7, "aspect_dir": "SW" }, "geometry": { "type": "MultiLineString", "coordinates": [ [ [ -66.878501947860798, 10.560373311738401 ], [ -66.879028559448201, 10.559922836766098 ] ] ] } },
{ "type": "Feature", "properties": { "id": "ven2026_inventory_line.287", "tessellate": -1, "extrude": 0, "visibility": -1, "OBJECTID": 290.0, "IMPACTS_STREAM": null, "COMMENTS": "PS 07/09", "Shape__Length": 123.432649968692, "GlobalID": "56f8ca8e-76e2-4955-8745-57cfeb06142e", "CreationDate": "2026-07-14T16:21:49.194", "Creator": "ecollins@usgs.gov_USGS", "EditDate": "2026-07-14T16:21:49.194", "Editor": "ecollins@usgs.gov_USGS", "slope_mean": 32.2, "slope_max": 36.5, "aspect_deg": 56.0, "aspect_R": 0.98, "length_m": 121.2, "n_samp": 10, "aspect_dir": "NE" }, "geometry": { "type": "MultiLineString", "coordinates": [ [ [ -66.875221728696005, 10.558558722413197 ], [ -66.874612635775605, 10.558603135438602 ], [ -66.874244642136205, 10.558933060770499 ] ] ] } },
{ "type": "Feature", "properties": { "id": "ven2026_inventory_line.288", "tessellate": -1, "extrude": 0, "visibility": -1, "OBJECTID": 291.0, "IMPACTS_STREAM": null, "COMMENTS": "reactivation? PS 07/09", "Shape__Length": 64.756521920057693, "GlobalID": "11876fff-3a64-41eb-b595-12856fa59d31", "CreationDate": "2026-07-14T16:22:39.563", "Creator": "ecollins@usgs.gov_USGS", "EditDate": "2026-07-14T16:22:39.563", "Editor": "ecollins@usgs.gov_USGS", "slope_mean": 32.9, "slope_max": 35.2, "aspect_deg": 57.0, "aspect_R": 0.99, "length_m": 63.7, "n_samp": 6, "aspect_dir": "NE" }, "geometry": { "type": "MultiLineString", "coordinates": [ [ [ -66.868388467495905, 10.559618290305899 ], [ -66.867811098165006, 10.559688082202999 ] ] ] } },
{ "type": "Feature", "properties": { "id": "ven2026_inventory_line.289", "tessellate": -1, "extrude": 0, "visibility": -1, "OBJECTID": 292.0, "IMPACTS_STREAM": null, "COMMENTS": "PS 07/09", "Shape__Length": 26.0115402924888, "GlobalID": "5089e5c7-ea94-4502-ba96-a003163a0dfd", "CreationDate": "2026-07-14T16:23:09.422", "Creator": "ecollins@usgs.gov_USGS", "EditDate": "2026-07-14T16:23:09.422", "Editor": "ecollins@usgs.gov_USGS", "slope_mean": 30.8, "slope_max": 35.8, "aspect_deg": 5.0, "aspect_R": 0.92, "length_m": 25.5, "n_samp": 3, "aspect_dir": "N" }, "geometry": { "type": "MultiLineString", "coordinates": [ [ [ -66.867366967910698, 10.56103950712 ], [ -66.867557309448301, 10.560906268043702 ] ] ] } },
{ "type": "Feature", "properties": { "id": "ven2026_inventory_line.290", "tessellate": -1, "extrude": 0, "visibility": -1, "OBJECTID": 293.0, "IMPACTS_STREAM": null, "COMMENTS": "PS 07/09", "Shape__Length": 64.791184855230497, "GlobalID": "c1cf133d-27fa-4e86-969f-fd8a094d1e80", "CreationDate": "2026-07-14T16:30:59.137", "Creator": "ecollins@usgs.gov_USGS", "EditDate": "2026-07-14T16:30:59.137", "Editor": "ecollins@usgs.gov_USGS", "slope_mean": 41.8, "slope_max": 42.7, "aspect_deg": 351.0, "aspect_R": 1.0, "length_m": 63.3, "n_samp": 6, "aspect_dir": "N" }, "geometry": { "type": "MultiLineString", "coordinates": [ [ [ -66.866268589740699, 10.5585199265947 ], [ -66.866248167506498, 10.557948104038504 ] ] ] } },
{ "type": "Feature", "properties": { "id": "ven2026_inventory_line.291", "tessellate": -1, "extrude": 0, "visibility": -1, "OBJECTID": 294.0, "IMPACTS_STREAM": null, "COMMENTS": "PS 07/09", "Shape__Length": 36.667155020942097, "GlobalID": "308965bf-35e5-4988-801b-ca5bbbc78f55", "CreationDate": "2026-07-14T16:31:17.668", "Creator": "ecollins@usgs.gov_USGS", "EditDate": "2026-07-14T16:31:17.668", "Editor": "ecollins@usgs.gov_USGS", "slope_mean": 33.3, "slope_max": 36.2, "aspect_deg": 47.0, "aspect_R": 0.97, "length_m": 36.1, "n_samp": 4, "aspect_dir": "NE" }, "geometry": { "type": "MultiLineString", "coordinates": [ [ [ -66.860775008754814, 10.5603375054339 ], [ -66.860448253008499, 10.560378349902198 ] ] ] } },
{ "type": "Feature", "properties": { "id": "ven2026_inventory_line.292", "tessellate": -1, "extrude": 0, "visibility": -1, "OBJECTID": 295.0, "IMPACTS_STREAM": null, "COMMENTS": "PS 07/09", "Shape__Length": 271.06786558717602, "GlobalID": "f31dec16-048c-4ed8-abd9-5983086b88a2", "CreationDate": "2026-07-14T16:33:48.752", "Creator": "ecollins@usgs.gov_USGS", "EditDate": "2026-07-14T16:33:48.752", "Editor": "ecollins@usgs.gov_USGS", "slope_mean": 38.4, "slope_max": 47.1, "aspect_deg": 74.0, "aspect_R": 0.99, "length_m": 266.4, "n_samp": 19, "aspect_dir": "E" }, "geometry": { "type": "MultiLineString", "coordinates": [ [ [ -66.858467296296098, 10.552372834116099 ], [ -66.857487029056998, 10.552474945286896 ], [ -66.856159583837297, 10.553046767842998 ] ] ] } },
{ "type": "Feature", "properties": { "id": "ven2026_inventory_line.293", "tessellate": -1, "extrude": 0, "visibility": -1, "OBJECTID": 296.0, "IMPACTS_STREAM": null, "COMMENTS": "PS 07/09", "Shape__Length": 51.931655536686598, "GlobalID": "aa31ebbf-aa08-4d27-9723-6d5db225cc71", "CreationDate": "2026-07-14T16:33:48.752", "Creator": "ecollins@usgs.gov_USGS", "EditDate": "2026-07-14T16:33:48.752", "Editor": "ecollins@usgs.gov_USGS", "slope_mean": 41.1, "slope_max": 41.6, "aspect_deg": 36.0, "aspect_R": 1.0, "length_m": 50.9, "n_samp": 5, "aspect_dir": "NE" }, "geometry": { "type": "MultiLineString", "coordinates": [ [ [ -66.855751139154421, 10.555967147326099 ], [ -66.855403961173906, 10.556273480838396 ] ] ] } },
{ "type": "Feature", "properties": { "id": "ven2026_inventory_line.294", "tessellate": -1, "extrude": 0, "visibility": -1, "OBJECTID": 297.0, "IMPACTS_STREAM": null, "COMMENTS": "PS 07/09", "Shape__Length": 86.049220701642597, "GlobalID": "e24f3b19-f13c-4f5b-ba69-d2e7a92794f2", "CreationDate": "2026-07-14T16:35:15.740", "Creator": "ecollins@usgs.gov_USGS", "EditDate": "2026-07-14T16:35:15.740", "Editor": "ecollins@usgs.gov_USGS", "slope_mean": 14.9, "slope_max": 26.2, "aspect_deg": 349.0, "aspect_R": 0.87, "length_m": 84.1, "n_samp": 7, "aspect_dir": "N" }, "geometry": { "type": "MultiLineString", "coordinates": [ [ [ -66.839270396196895, 10.569241599522499 ], [ -66.839188707260206, 10.569997222186002 ] ] ] } },
{ "type": "Feature", "properties": { "id": "ven2026_inventory_line.295", "tessellate": -1, "extrude": 0, "visibility": -1, "OBJECTID": 298.0, "IMPACTS_STREAM": "P", "COMMENTS": "PS 07/07", "Shape__Length": 315.04985389090598, "GlobalID": "737f227c-5649-4f15-996d-581e065b9639", "CreationDate": "2026-07-14T16:41:15.591", "Creator": "ecollins@usgs.gov_USGS", "EditDate": "2026-07-14T16:41:15.591", "Editor": "ecollins@usgs.gov_USGS", "slope_mean": 37.5, "slope_max": 46.8, "aspect_deg": 301.0, "aspect_R": 0.79, "length_m": 309.5, "n_samp": 22, "aspect_dir": "NW" }, "geometry": { "type": "MultiLineString", "coordinates": [ [ [ -66.842844287172795, 10.5620529731024 ], [ -66.843477376431395, 10.5627269068292 ], [ -66.844273843563101, 10.5628698624683 ], [ -66.845356221973006, 10.562971973639 ] ] ] } },
{ "type": "Feature", "properties": { "id": "ven2026_inventory_line.296", "tessellate": -1, "extrude": 0, "visibility": -1, "OBJECTID": 299.0, "IMPACTS_STREAM": null, "COMMENTS": "PS 07/07", "Shape__Length": 76.314796576974899, "GlobalID": "f0f0ccec-ce2b-4a43-8640-7958aa954cc8", "CreationDate": "2026-07-14T16:41:15.591", "Creator": "ecollins@usgs.gov_USGS", "EditDate": "2026-07-14T16:41:15.591", "Editor": "ecollins@usgs.gov_USGS", "slope_mean": 38.2, "slope_max": 40.8, "aspect_deg": 301.0, "aspect_R": 0.96, "length_m": 74.6, "n_samp": 6, "aspect_dir": "NW" }, "geometry": { "type": "MultiLineString", "coordinates": [ [ [ -66.840230241201795, 10.5610318613949 ], [ -66.840230241201795, 10.561705795121798 ] ] ] } },
{ "type": "Feature", "properties": { "id": "ven2026_inventory_line.297", "tessellate": -1, "extrude": 0, "visibility": -1, "OBJECTID": 300.0, "IMPACTS_STREAM": null, "COMMENTS": "PS 07/07", "Shape__Length": 27.670009195082098, "GlobalID": "1917975b-c55d-49a5-8832-9fbcd68cdfa3", "CreationDate": "2026-07-14T16:41:15.591", "Creator": "ecollins@usgs.gov_USGS", "EditDate": "2026-07-14T16:41:15.591", "Editor": "ecollins@usgs.gov_USGS", "slope_mean": 38.2, "slope_max": 38.4, "aspect_deg": 293.0, "aspect_R": 1.0, "length_m": 27.2, "n_samp": 3, "aspect_dir": "NW" }, "geometry": { "type": "MultiLineString", "coordinates": [ [ [ -66.842088664509305, 10.562951551404801 ], [ -66.841843597699494, 10.562992395873202 ] ] ] } },
{ "type": "Feature", "properties": { "id": "ven2026_inventory_line.298", "tessellate": -1, "extrude": 0, "visibility": -1, "OBJECTID": 301.0, "IMPACTS_STREAM": null, "COMMENTS": "PS 07/07", "Shape__Length": 156.31085686773301, "GlobalID": "94185721-853a-41d4-883c-3172f08b99ae", "CreationDate": "2026-07-14T16:41:15.591", "Creator": "ecollins@usgs.gov_USGS", "EditDate": "2026-07-14T16:41:15.591", "Editor": "ecollins@usgs.gov_USGS", "slope_mean": 40.4, "slope_max": 44.6, "aspect_deg": 282.0, "aspect_R": 0.98, "length_m": 153.7, "n_samp": 12, "aspect_dir": "W" }, "geometry": { "type": "MultiLineString", "coordinates": [ [ [ -66.840924597162797, 10.561379039375399 ], [ -66.842313309085, 10.561583261716999 ] ] ] } },
{ "type": "Feature", "properties": { "id": "ven2026_inventory_line.299", "tessellate": -1, "extrude": 0, "visibility": -1, "OBJECTID": 302.0, "IMPACTS_STREAM": null, "COMMENTS": "PS 07/07", "Shape__Length": 133.942455104293, "GlobalID": "504f280f-2f5d-4886-9e7a-06fc9a81ab6a", "CreationDate": "2026-07-14T16:41:15.591", "Creator": "ecollins@usgs.gov_USGS", "EditDate": "2026-07-14T16:41:15.591", "Editor": "ecollins@usgs.gov_USGS", "slope_mean": 28.4, "slope_max": 29.7, "aspect_deg": 127.0, "aspect_R": 0.99, "length_m": 131.6, "n_samp": 10, "aspect_dir": "SE" }, "geometry": { "type": "MultiLineString", "coordinates": [ [ [ -66.846928734002404, 10.561399461609597 ], [ -66.845785088890096, 10.561767061824201 ] ] ] } },
{ "type": "Feature", "properties": { "id": "ven2026_inventory_line.300", "tessellate": -1, "extrude": 0, "visibility": -1, "OBJECTID": 303.0, "IMPACTS_STREAM": null, "COMMENTS": "PS 07/07", "Shape__Length": 65.070762469721203, "GlobalID": "597418f0-620f-4b7c-a93c-58763181bf26", "CreationDate": "2026-07-14T16:41:15.591", "Creator": "ecollins@usgs.gov_USGS", "EditDate": "2026-07-14T16:41:15.591", "Editor": "ecollins@usgs.gov_USGS", "slope_mean": 25.7, "slope_max": 30.4, "aspect_deg": 55.0, "aspect_R": 0.97, "length_m": 63.8, "n_samp": 6, "aspect_dir": "NE" }, "geometry": { "type": "MultiLineString", "coordinates": [ [ [ -66.846295644743805, 10.5607459501168 ], [ -66.845846355592499, 10.561113550331502 ] ] ] } },
{ "type": "Feature", "properties": { "id": "ven2026_inventory_line.301", "tessellate": -1, "extrude": 0, "visibility": -1, "OBJECTID": 304.0, "IMPACTS_STREAM": "P", "COMMENTS": "PS 07/07", "Shape__Length": 84.296815981394104, "GlobalID": "f88fe0a9-d586-4015-9623-f98f28ff7bd1", "CreationDate": "2026-07-14T16:41:15.591", "Creator": "ecollins@usgs.gov_USGS", "EditDate": "2026-07-14T16:41:15.591", "Editor": "ecollins@usgs.gov_USGS", "slope_mean": 35.1, "slope_max": 44.3, "aspect_deg": 31.0, "aspect_R": 0.85, "length_m": 82.7, "n_samp": 7, "aspect_dir": "NE" }, "geometry": { "type": "MultiLineString", "coordinates": [ [ [ -66.8448865105876, 10.562012128634001 ], [ -66.845519599846099, 10.562420573316999 ] ] ] } },
{ "type": "Feature", "properties": { "id": "ven2026_inventory_line.302", "tessellate": -1, "extrude": 0, "visibility": -1, "OBJECTID": 305.0, "IMPACTS_STREAM": "P", "COMMENTS": "PS 07/07", "Shape__Length": 156.242346421664, "GlobalID": "8c4eae8c-6f3b-4cf4-b1c4-088a16b07eff", "CreationDate": "2026-07-14T16:41:15.591", "Creator": "ecollins@usgs.gov_USGS", "EditDate": "2026-07-14T16:41:15.591", "Editor": "ecollins@usgs.gov_USGS", "slope_mean": 29.6, "slope_max": 47.7, "aspect_deg": 231.0, "aspect_R": 0.47, "length_m": 153.5, "n_samp": 12, "aspect_dir": "SW" }, "geometry": { "type": "MultiLineString", "coordinates": [ [ [ -66.844273843563101, 10.559316393726501 ], [ -66.845560444314501, 10.559867794048499 ] ] ] } },
{ "type": "Feature", "properties": { "id": "ven2026_inventory_line.303", "tessellate": -1, "extrude": 0, "visibility": -1, "OBJECTID": 306.0, "IMPACTS_STREAM": "Y", "COMMENTS": "PS 07/07", "Shape__Length": 136.52107145687199, "GlobalID": "37d0ed3f-f208-4eaf-832c-da5a541dd174", "CreationDate": "2026-07-14T16:41:15.591", "Creator": "ecollins@usgs.gov_USGS", "EditDate": "2026-07-14T16:41:15.591", "Editor": "ecollins@usgs.gov_USGS", "slope_mean": 28.3, "slope_max": 38.9, "aspect_deg": 311.0, "aspect_R": 0.84, "length_m": 134.2, "n_samp": 10, "aspect_dir": "NW" }, "geometry": { "type": "MultiLineString", "coordinates": [ [ [ -66.8442329990948, 10.560112860858302 ], [ -66.845437910909595, 10.5603375054339 ] ] ] } },
{ "type": "Feature", "properties": { "id": "ven2026_inventory_line.304", "tessellate": -1, "extrude": 0, "visibility": -1, "OBJECTID": 307.0, "IMPACTS_STREAM": null, "COMMENTS": "PS 07/07", "Shape__Length": 149.57508124482101, "GlobalID": "b4a7baeb-6026-4cbd-a6ee-0fbb94a5a52e", "CreationDate": "2026-07-14T16:41:15.591", "Creator": "ecollins@usgs.gov_USGS", "EditDate": "2026-07-14T16:41:15.591", "Editor": "ecollins@usgs.gov_USGS", "slope_mean": 35.1, "slope_max": 45.1, "aspect_deg": 319.0, "aspect_R": 0.86, "length_m": 147.0, "n_samp": 11, "aspect_dir": "NW" }, "geometry": { "type": "MultiLineString", "coordinates": [ [ [ -66.844192154626498, 10.560460038838798 ], [ -66.845499177612098, 10.560766372351003 ] ] ] } },
{ "type": "Feature", "properties": { "id": "ven2026_inventory_line.305", "tessellate": -1, "extrude": 0, "visibility": -1, "OBJECTID": 308.0, "IMPACTS_STREAM": null, "COMMENTS": "PS 07/07", "Shape__Length": 79.804169565067994, "GlobalID": "84145342-57a5-4d2e-b4a0-ccf79958ad47", "CreationDate": "2026-07-14T16:41:15.591", "Creator": "ecollins@usgs.gov_USGS", "EditDate": "2026-07-14T16:41:15.591", "Editor": "ecollins@usgs.gov_USGS", "slope_mean": 38.3, "slope_max": 41.4, "aspect_deg": 281.0, "aspect_R": 0.97, "length_m": 78.4, "n_samp": 7, "aspect_dir": "W" }, "geometry": { "type": "MultiLineString", "coordinates": [ [ [ -66.844212576860699, 10.560929750224199 ], [ -66.844661866011904, 10.560929750224199 ], [ -66.8448865105876, 10.560786794585098 ] ] ] } },
{ "type": "Feature", "properties": { "id": "ven2026_inventory_line.306", "tessellate": -1, "extrude": 0, "visibility": -1, "OBJECTID": 309.0, "IMPACTS_STREAM": "Y", "COMMENTS": "Very large, deep seated LS. PS 07/07", "Shape__Length": 631.12866032272996, "GlobalID": "bfeca2e3-8944-4310-9081-dc2f27272680", "CreationDate": "2026-07-14T16:41:15.591", "Creator": "ecollins@usgs.gov_USGS", "EditDate": "2026-07-14T16:41:15.591", "Editor": "ecollins@usgs.gov_USGS", "slope_mean": 37.9, "slope_max": 53.2, "aspect_deg": 286.0, "aspect_R": 0.93, "length_m": 620.2, "n_samp": 43, "aspect_dir": "W" }, "geometry": { "type": "MultiLineString", "coordinates": [ [ [ -66.840107707796903, 10.5537002793357 ], [ -66.845437910909595, 10.5555995471115 ] ] ] } },
{ "type": "Feature", "properties": { "id": "ven2026_inventory_line.307", "tessellate": -1, "extrude": 0, "visibility": -1, "OBJECTID": 310.0, "IMPACTS_STREAM": null, "COMMENTS": "PS 07/07", "Shape__Length": 108.48852132269, "GlobalID": "dbcf197f-a634-42e6-a576-9c80cb29d15a", "CreationDate": "2026-07-14T16:41:50.028", "Creator": "ecollins@usgs.gov_USGS", "EditDate": "2026-07-14T16:41:50.028", "Editor": "ecollins@usgs.gov_USGS", "slope_mean": 30.8, "slope_max": 41.7, "aspect_deg": 309.0, "aspect_R": 0.97, "length_m": 106.3, "n_samp": 9, "aspect_dir": "NW" }, "geometry": { "type": "MultiLineString", "coordinates": [ [ [ -66.844947777290002, 10.5574375481849 ], [ -66.844947777290002, 10.557886837336099 ], [ -66.845437910909595, 10.558050215209301 ] ] ] } },
{ "type": "Feature", "properties": { "id": "ven2026_inventory_line.308", "tessellate": -1, "extrude": 0, "visibility": -1, "OBJECTID": 311.0, "IMPACTS_STREAM": "Y", "COMMENTS": null, "Shape__Length": 31.2029379264849, "GlobalID": "5faaa1eb-8caf-41dc-a3d7-8a35b89e5df3", "CreationDate": "2026-07-14T17:07:59.549", "Creator": "kallstadt@usgs.gov_USGS", "EditDate": "2026-07-14T17:07:59.549", "Editor": "kallstadt@usgs.gov_USGS", "slope_mean": 17.7, "slope_max": 25.8, "aspect_deg": 330.0, "aspect_R": 0.77, "length_m": 30.7, "n_samp": 4, "aspect_dir": "NW" }, "geometry": { "type": "MultiLineString", "coordinates": [ [ [ -66.783740115244001, 10.568232717233702 ], [ -66.784005570283, 10.5683212022467 ] ] ] } },
{ "type": "Feature", "properties": { "id": "ven2026_inventory_line.309", "tessellate": -1, "extrude": 0, "visibility": -1, "OBJECTID": 312.0, "IMPACTS_STREAM": null, "COMMENTS": null, "Shape__Length": 18.914729471672999, "GlobalID": "346098a8-2ea3-4b9a-b44d-427e7091c8c8", "CreationDate": "2026-07-14T17:07:59.549", "Creator": "kallstadt@usgs.gov_USGS", "EditDate": "2026-07-14T17:07:59.549", "Editor": "kallstadt@usgs.gov_USGS", "slope_mean": 32.2, "slope_max": 33.8, "aspect_deg": 354.0, "aspect_R": 0.97, "length_m": 18.6, "n_samp": 3, "aspect_dir": "N" }, "geometry": { "type": "MultiLineString", "coordinates": [ [ [ -66.773793996743194, 10.5690617673293 ], [ -66.773951380422304, 10.568998813857696 ] ] ] } },
{ "type": "Feature", "properties": { "id": "ven2026_inventory_line.310", "tessellate": -1, "extrude": 0, "visibility": -1, "OBJECTID": 313.0, "IMPACTS_STREAM": "Y", "COMMENTS": null, "Shape__Length": 99.998919521920897, "GlobalID": "8dd63d8d-c0b2-4160-8d1d-d339364aadd0", "CreationDate": "2026-07-14T17:07:59.549", "Creator": "kallstadt@usgs.gov_USGS", "EditDate": "2026-07-14T17:07:59.549", "Editor": "kallstadt@usgs.gov_USGS", "slope_mean": 33.6, "slope_max": 39.4, "aspect_deg": 37.0, "aspect_R": 0.86, "length_m": 98.3, "n_samp": 8, "aspect_dir": "NE" }, "geometry": { "type": "MultiLineString", "coordinates": [ [ [ -66.773400537545498, 10.568731261603199 ], [ -66.772534927310701, 10.568967337121901 ] ] ] } },
{ "type": "Feature", "properties": { "id": "ven2026_inventory_line.311", "tessellate": -1, "extrude": 0, "visibility": -1, "OBJECTID": 314.0, "IMPACTS_STREAM": null, "COMMENTS": null, "Shape__Length": 27.794270982796299, "GlobalID": "9b590902-9878-4ccb-a8e5-a6c0c393c2b0", "CreationDate": "2026-07-14T17:07:59.549", "Creator": "kallstadt@usgs.gov_USGS", "EditDate": "2026-07-14T17:07:59.549", "Editor": "kallstadt@usgs.gov_USGS", "slope_mean": 26.1, "slope_max": 26.3, "aspect_deg": 344.0, "aspect_R": 0.95, "length_m": 27.3, "n_samp": 3, "aspect_dir": "N" }, "geometry": { "type": "MultiLineString", "coordinates": [ [ [ -66.772767132738807, 10.569911639196301 ], [ -66.772519446948806, 10.569942599920099 ] ] ] } },
{ "type": "Feature", "properties": { "id": "ven2026_inventory_line.312", "tessellate": -1, "extrude": 0, "visibility": -1, "OBJECTID": 315.0, "IMPACTS_STREAM": null, "COMMENTS": "Retrogression", "Shape__Length": 45.797896246082701, "GlobalID": "76a5225c-875d-4560-a196-be4a64d7787a", "CreationDate": "2026-07-14T17:07:59.549", "Creator": "kallstadt@usgs.gov_USGS", "EditDate": "2026-07-14T17:07:59.549", "Editor": "kallstadt@usgs.gov_USGS", "slope_mean": 24.7, "slope_max": 27.6, "aspect_deg": 75.0, "aspect_R": 1.0, "length_m": 45.0, "n_samp": 5, "aspect_dir": "E" }, "geometry": { "type": "MultiLineString", "coordinates": [ [ [ -66.782538540175693, 10.573033596766701 ], [ -66.782127422368617, 10.573018370181199 ] ] ] } },
{ "type": "Feature", "properties": { "id": "ven2026_inventory_line.313", "tessellate": -1, "extrude": 0, "visibility": -1, "OBJECTID": 316.0, "IMPACTS_STREAM": null, "COMMENTS": "Retrogression", "Shape__Length": 61.441338109168498, "GlobalID": "860cd041-3067-4ed3-a9f8-89bfececef71", "CreationDate": "2026-07-14T17:07:59.549", "Creator": "kallstadt@usgs.gov_USGS", "EditDate": "2026-07-14T17:07:59.549", "Editor": "kallstadt@usgs.gov_USGS", "slope_mean": 36.9, "slope_max": 38.9, "aspect_deg": 37.0, "aspect_R": 1.0, "length_m": 60.3, "n_samp": 6, "aspect_dir": "NE" }, "geometry": { "type": "MultiLineString", "coordinates": [ [ [ -66.782706032615707, 10.572317947250399 ], [ -66.782249235052205, 10.572622478959399 ] ] ] } },
{ "type": "Feature", "properties": { "id": "ven2026_inventory_line.314", "tessellate": -1, "extrude": 0, "visibility": -1, "OBJECTID": 317.0, "IMPACTS_STREAM": null, "COMMENTS": null, "Shape__Length": 26.039073113960601, "GlobalID": "40407f16-20b1-4f6b-93dd-08def5091246", "CreationDate": "2026-07-14T17:08:25.372", "Creator": "kallstadt@usgs.gov_USGS", "EditDate": "2026-07-14T17:08:25.372", "Editor": "kallstadt@usgs.gov_USGS", "slope_mean": 31.1, "slope_max": 33.8, "aspect_deg": 25.0, "aspect_R": 1.0, "length_m": 25.6, "n_samp": 3, "aspect_dir": "NE" }, "geometry": { "type": "MultiLineString", "coordinates": [ [ [ -66.789811917944107, 10.570684670505502 ], [ -66.789609689558404, 10.570800229582998 ] ] ] } },
{ "type": "Feature", "properties": { "id": "ven2026_inventory_line.315", "tessellate": -1, "extrude": 0, "visibility": -1, "OBJECTID": 318.0, "IMPACTS_STREAM": null, "COMMENTS": "Retrogression", "Shape__Length": 14.798512702972999, "GlobalID": "b8ca1a70-b187-4036-8af0-a1a40e5a46f4", "CreationDate": "2026-07-14T17:12:02.649", "Creator": "kallstadt@usgs.gov_USGS", "EditDate": "2026-07-14T17:12:02.649", "Editor": "kallstadt@usgs.gov_USGS", "slope_mean": 22.0, "slope_max": 22.0, "aspect_deg": 58.0, "aspect_R": 1.0, "length_m": 14.5, "n_samp": 2, "aspect_dir": "NE" }, "geometry": { "type": "MultiLineString", "coordinates": [ [ [ -66.782668391191393, 10.570729945200201 ], [ -66.782565282885997, 10.570812431844599 ] ] ] } },
{ "type": "Feature", "properties": { "id": "ven2026_inventory_line.316", "tessellate": -1, "extrude": 0, "visibility": -1, "OBJECTID": 319.0, "IMPACTS_STREAM": null, "COMMENTS": "Retrogression", "Shape__Length": 67.786408536791797, "GlobalID": "06663ab8-27e6-46f6-906e-b4e7e09cb94f", "CreationDate": "2026-07-14T17:12:02.649", "Creator": "kallstadt@usgs.gov_USGS", "EditDate": "2026-07-14T17:12:02.649", "Editor": "kallstadt@usgs.gov_USGS", "slope_mean": 35.7, "slope_max": 38.1, "aspect_deg": 54.0, "aspect_R": 1.0, "length_m": 66.4, "n_samp": 6, "aspect_dir": "NE" }, "geometry": { "type": "MultiLineString", "coordinates": [ [ [ -66.787081426664301, 10.5691008339743 ], [ -66.786957696697797, 10.5693689155685 ], [ -66.786751480086906, 10.569595753840398 ] ] ] } },
{ "type": "Feature", "properties": { "id": "ven2026_inventory_line.317", "tessellate": -1, "extrude": 0, "visibility": -1, "OBJECTID": 320.0, "IMPACTS_STREAM": null, "COMMENTS": "Retrogression", "Shape__Length": 149.179388117386, "GlobalID": "d8138bee-c030-4aaf-8874-539885d95ef7", "CreationDate": "2026-07-14T17:12:02.649", "Creator": "kallstadt@usgs.gov_USGS", "EditDate": "2026-07-14T17:12:02.649", "Editor": "kallstadt@usgs.gov_USGS", "slope_mean": 40.9, "slope_max": 43.4, "aspect_deg": 101.0, "aspect_R": 0.98, "length_m": 146.5, "n_samp": 11, "aspect_dir": "E" }, "geometry": { "type": "MultiLineString", "coordinates": [ [ [ -66.770518441110596, 10.558692363826898 ], [ -66.770331225862293, 10.558961485746099 ], [ -66.769945094413103, 10.559101897182199 ], [ -66.769348345809703, 10.559101897182202 ] ] ] } },
{ "type": "Feature", "properties": { "id": "ven2026_inventory_line.318", "tessellate": -1, "extrude": 0, "visibility": -1, "OBJECTID": 321.0, "IMPACTS_STREAM": "Y", "COMMENTS": null, "Shape__Length": 188.65674864942699, "GlobalID": "51c912c5-ac8d-4a1c-8838-1b82de2b7ff5", "CreationDate": "2026-07-14T17:12:36.531", "Creator": "kallstadt@usgs.gov_USGS", "EditDate": "2026-07-14T17:12:36.531", "Editor": "kallstadt@usgs.gov_USGS", "slope_mean": 41.2, "slope_max": 44.6, "aspect_deg": 238.0, "aspect_R": 0.99, "length_m": 185.2, "n_samp": 14, "aspect_dir": "SW" }, "geometry": { "type": "MultiLineString", "coordinates": [ [ [ -66.790217443299099, 10.561561992168 ], [ -66.791075087018697, 10.561179351123801 ], [ -66.791484117100396, 10.5609154607486 ], [ -66.791589673250513, 10.560677959410699 ] ] ] } },
{ "type": "Feature", "properties": { "id": "ven2026_inventory_line.319", "tessellate": -1, "extrude": 0, "visibility": -1, "OBJECTID": 322.0, "IMPACTS_STREAM": null, "COMMENTS": "Retrogression", "Shape__Length": 80.7622239644069, "GlobalID": "11fc51ff-4a5a-412f-b520-68798aa63a6c", "CreationDate": "2026-07-14T17:13:12.471", "Creator": "kallstadt@usgs.gov_USGS", "EditDate": "2026-07-14T17:13:12.471", "Editor": "kallstadt@usgs.gov_USGS", "slope_mean": 39.5, "slope_max": 42.1, "aspect_deg": 325.0, "aspect_R": 1.0, "length_m": 79.0, "n_samp": 7, "aspect_dir": "NW" }, "geometry": { "type": "MultiLineString", "coordinates": [ [ [ -66.787633899737202, 10.551610243852201 ], [ -66.787847719759498, 10.552291795173399 ] ] ] } },
{ "type": "Feature", "properties": { "id": "ven2026_inventory_line.320", "tessellate": -1, "extrude": 0, "visibility": -1, "OBJECTID": 323.0, "IMPACTS_STREAM": null, "COMMENTS": null, "Shape__Length": 200.440073342766, "GlobalID": "5c3ade1d-54ff-4978-8d49-9c7a09f24959", "CreationDate": "2026-07-14T17:13:12.471", "Creator": "kallstadt@usgs.gov_USGS", "EditDate": "2026-07-14T17:13:12.471", "Editor": "kallstadt@usgs.gov_USGS", "slope_mean": 40.1, "slope_max": 43.2, "aspect_deg": 225.0, "aspect_R": 0.99, "length_m": 196.4, "n_samp": 15, "aspect_dir": "SW" }, "geometry": { "type": "MultiLineString", "coordinates": [ [ [ -66.787500262223205, 10.550808418768399 ], [ -66.788128358538799, 10.550273868712502 ], [ -66.788449088572406, 10.549872956170598 ], [ -66.788515907329398, 10.549685863651 ], [ -66.788609453589203, 10.549458679877302 ] ] ] } },
{ "type": "Feature", "properties": { "id": "ven2026_inventory_line.321", "tessellate": -1, "extrude": 0, "visibility": -1, "OBJECTID": 324.0, "IMPACTS_STREAM": null, "COMMENTS": "Retrogression", "Shape__Length": 117.08471120107799, "GlobalID": "9d66a0ed-dc55-454f-8d3b-0ab74e457dd8", "CreationDate": "2026-07-14T17:15:21.929", "Creator": "kallstadt@usgs.gov_USGS", "EditDate": "2026-07-14T17:15:21.929", "Editor": "kallstadt@usgs.gov_USGS", "slope_mean": 33.7, "slope_max": 41.4, "aspect_deg": 93.0, "aspect_R": 0.98, "length_m": 115.0, "n_samp": 9, "aspect_dir": "E" }, "geometry": { "type": "MultiLineString", "coordinates": [ [ [ -66.776605086970207, 10.544140902928898 ], [ -66.776307027108004, 10.544311222850201 ], [ -66.7760089672459, 10.544481542771399 ], [ -66.775774777354201, 10.544577347727097 ], [ -66.775668327403395, 10.544598637717298 ] ] ] } },
{ "type": "Feature", "properties": { "id": "ven2026_inventory_line.322", "tessellate": -1, "extrude": 0, "visibility": -1, "OBJECTID": 325.0, "IMPACTS_STREAM": null, "COMMENTS": "Retrogression", "Shape__Length": 46.138949248355303, "GlobalID": "57e51eab-bedb-4dba-bc26-63ac1ec82ade", "CreationDate": "2026-07-14T17:15:21.929", "Creator": "kallstadt@usgs.gov_USGS", "EditDate": "2026-07-14T17:15:21.929", "Editor": "kallstadt@usgs.gov_USGS", "slope_mean": 46.1, "slope_max": 48.5, "aspect_deg": 124.0, "aspect_R": 0.99, "length_m": 45.2, "n_samp": 5, "aspect_dir": "SE" }, "geometry": { "type": "MultiLineString", "coordinates": [ [ [ -66.776317154300401, 10.546946773154 ], [ -66.776142074026595, 10.546771692880203 ], [ -66.776049384469815, 10.546637807964999 ] ] ] } },
{ "type": "Feature", "properties": { "id": "ven2026_inventory_line.323", "tessellate": -1, "extrude": 0, "visibility": -1, "OBJECTID": 326.0, "IMPACTS_STREAM": null, "COMMENTS": null, "Shape__Length": 96.380415183102002, "GlobalID": "e96849b0-deed-478d-be7c-acdc021f2bf7", "CreationDate": "2026-07-14T17:16:13.706", "Creator": "kallstadt@usgs.gov_USGS", "EditDate": "2026-07-14T17:16:13.706", "Editor": "kallstadt@usgs.gov_USGS", "slope_mean": 34.8, "slope_max": 38.0, "aspect_deg": 8.0, "aspect_R": 1.0, "length_m": 94.3, "n_samp": 8, "aspect_dir": "N" }, "geometry": { "type": "MultiLineString", "coordinates": [ [ [ -66.776029145804998, 10.549563388149799 ], [ -66.775898396041001, 10.5497595127958 ], [ -66.775819946182594, 10.5499164125126 ], [ -66.775754571300695, 10.550086387205802 ], [ -66.775676121442203, 10.5503348117574 ] ] ] } },
{ "type": "Feature", "properties": { "id": "ven2026_inventory_line.324", "tessellate": -1, "extrude": 0, "visibility": -1, "OBJECTID": 327.0, "IMPACTS_STREAM": null, "COMMENTS": null, "Shape__Length": 59.323874365400698, "GlobalID": "367b76af-e0dc-4206-9699-41f7c511796d", "CreationDate": "2026-07-14T17:16:13.706", "Creator": "kallstadt@usgs.gov_USGS", "EditDate": "2026-07-14T17:16:13.706", "Editor": "kallstadt@usgs.gov_USGS", "slope_mean": 42.0, "slope_max": 44.2, "aspect_deg": 117.0, "aspect_R": 1.0, "length_m": 58.3, "n_samp": 5, "aspect_dir": "SE" }, "geometry": { "type": "MultiLineString", "coordinates": [ [ [ -66.7766387710125, 10.5438488618252 ], [ -66.776397138517098, 10.5437332984578 ], [ -66.776155506021595, 10.543628240851101 ] ] ] } },
{ "type": "Feature", "properties": { "id": "ven2026_inventory_line.325", "tessellate": -1, "extrude": 0, "visibility": -1, "OBJECTID": 328.0, "IMPACTS_STREAM": null, "COMMENTS": null, "Shape__Length": 33.062695641292301, "GlobalID": "1c0aa6c1-49ee-4332-8fba-8fc0fc7d2711", "CreationDate": "2026-07-14T17:16:13.706", "Creator": "kallstadt@usgs.gov_USGS", "EditDate": "2026-07-14T17:16:13.706", "Editor": "kallstadt@usgs.gov_USGS", "slope_mean": 39.3, "slope_max": 42.1, "aspect_deg": 99.0, "aspect_R": 1.0, "length_m": 32.5, "n_samp": 4, "aspect_dir": "E" }, "geometry": { "type": "MultiLineString", "coordinates": [ [ [ -66.775703724691496, 10.542269303944501 ], [ -66.775576066432706, 10.542276813253899 ], [ -66.775418370936606, 10.542336887728597 ] ] ] } },
{ "type": "Feature", "properties": { "id": "ven2026_inventory_line.326", "tessellate": -1, "extrude": 0, "visibility": -1, "OBJECTID": 330.0, "IMPACTS_STREAM": null, "COMMENTS": "PS 07/07", "Shape__Length": 67.948579775085705, "GlobalID": "319ade2c-a27d-4cc6-ae6f-37ceb79d23fe", "CreationDate": "2026-07-15T08:05:42.763", "Creator": "ecollins@usgs.gov_USGS", "EditDate": "2026-07-15T08:05:42.763", "Editor": "ecollins@usgs.gov_USGS", "slope_mean": 27.5, "slope_max": 34.2, "aspect_deg": 44.0, "aspect_R": 0.9, "length_m": 66.5, "n_samp": 6, "aspect_dir": "NE" }, "geometry": { "type": "MultiLineString", "coordinates": [ [ [ -66.852749070734603, 10.561174817034003 ], [ -66.852728648500403, 10.561501572780299 ], [ -66.852544848393208, 10.561705795121901 ] ] ] } },
{ "type": "Feature", "properties": { "id": "ven2026_inventory_line.327", "tessellate": -1, "extrude": 0, "visibility": -1, "OBJECTID": 331.0, "IMPACTS_STREAM": null, "COMMENTS": "PS 07/07", "Shape__Length": 116.02140076962, "GlobalID": "5b2f4c42-4341-417e-be34-8d01ed1bd45e", "CreationDate": "2026-07-15T08:05:42.763", "Creator": "ecollins@usgs.gov_USGS", "EditDate": "2026-07-15T08:05:42.763", "Editor": "ecollins@usgs.gov_USGS", "slope_mean": 29.0, "slope_max": 33.1, "aspect_deg": 119.0, "aspect_R": 0.98, "length_m": 114.0, "n_samp": 9, "aspect_dir": "SE" }, "geometry": { "type": "MultiLineString", "coordinates": [ [ [ -66.847378023153595, 10.561910017463299 ], [ -66.8468470450658, 10.562052973102398 ], [ -66.846377333680394, 10.561910017463299 ] ] ] } },
{ "type": "Feature", "properties": { "id": "ven2026_inventory_line.328", "tessellate": -1, "extrude": 0, "visibility": -1, "OBJECTID": 332.0, "IMPACTS_STREAM": null, "COMMENTS": "PS 07/07", "Shape__Length": 154.36779053970201, "GlobalID": "b5d9914c-658d-479f-9209-fe638e762ed6", "CreationDate": "2026-07-15T08:05:42.763", "Creator": "ecollins@usgs.gov_USGS", "EditDate": "2026-07-15T08:05:42.763", "Editor": "ecollins@usgs.gov_USGS", "slope_mean": 42.7, "slope_max": 47.6, "aspect_deg": 77.0, "aspect_R": 1.0, "length_m": 151.7, "n_samp": 12, "aspect_dir": "E" }, "geometry": { "type": "MultiLineString", "coordinates": [ [ [ -66.850666002851497, 10.558622037765501 ], [ -66.850094180295301, 10.558928371277702 ], [ -66.849358979866096, 10.558907949043498 ] ] ] } },
{ "type": "Feature", "properties": { "id": "ven2026_inventory_line.329", "tessellate": -1, "extrude": 0, "visibility": -1, "OBJECTID": 333.0, "IMPACTS_STREAM": null, "COMMENTS": "PS 07/07", "Shape__Length": 135.50650969203599, "GlobalID": "291ca9f3-64ec-4931-ba51-e2f0d7b96a1e", "CreationDate": "2026-07-15T08:05:42.763", "Creator": "ecollins@usgs.gov_USGS", "EditDate": "2026-07-15T08:05:42.763", "Editor": "ecollins@usgs.gov_USGS", "slope_mean": 31.1, "slope_max": 45.7, "aspect_deg": 198.0, "aspect_R": 0.52, "length_m": 133.1, "n_samp": 10, "aspect_dir": "S" }, "geometry": { "type": "MultiLineString", "coordinates": [ [ [ -66.847214645280502, 10.559888216282598 ], [ -66.846785778363298, 10.559541038302099 ], [ -66.846132266870598, 10.559438927131298 ] ] ] } },
{ "type": "Feature", "properties": { "id": "ven2026_inventory_line.330", "tessellate": -1, "extrude": 0, "visibility": -1, "OBJECTID": 334.0, "IMPACTS_STREAM": null, "COMMENTS": "PS 07/07", "Shape__Length": 138.073745124044, "GlobalID": "73a9f4fe-2d44-478c-b358-76c0c0733bca", "CreationDate": "2026-07-15T08:05:42.763", "Creator": "ecollins@usgs.gov_USGS", "EditDate": "2026-07-15T08:05:42.763", "Editor": "ecollins@usgs.gov_USGS", "slope_mean": 31.5, "slope_max": 44.5, "aspect_deg": 16.0, "aspect_R": 0.9, "length_m": 135.3, "n_samp": 11, "aspect_dir": "N" }, "geometry": { "type": "MultiLineString", "coordinates": [ [ [ -66.846009733465706, 10.554455901999203 ], [ -66.845478755377897, 10.5546397021066 ], [ -66.8452132663339, 10.555252369131001 ] ] ] } },
{ "type": "Feature", "properties": { "id": "ven2026_inventory_line.331", "tessellate": -1, "extrude": 0, "visibility": -1, "OBJECTID": 335.0, "IMPACTS_STREAM": null, "COMMENTS": "PS 07/07", "Shape__Length": 336.38355098855101, "GlobalID": "0ade42da-70a1-462e-a446-b2f9cc0167d0", "CreationDate": "2026-07-15T08:05:42.763", "Creator": "ecollins@usgs.gov_USGS", "EditDate": "2026-07-15T08:05:42.763", "Editor": "ecollins@usgs.gov_USGS", "slope_mean": 45.1, "slope_max": 47.7, "aspect_deg": 46.0, "aspect_R": 1.0, "length_m": 329.8, "n_samp": 23, "aspect_dir": "NE" }, "geometry": { "type": "MultiLineString", "coordinates": [ [ [ -66.849011801885496, 10.551208766769602 ], [ -66.848685046139096, 10.551780589325798 ], [ -66.847561823261003, 10.552515789755098 ], [ -66.8468266228316, 10.553189723481999 ] ] ] } },
{ "type": "Feature", "properties": { "id": "ven2026_inventory_line.332", "tessellate": -1, "extrude": 0, "visibility": -1, "OBJECTID": 336.0, "IMPACTS_STREAM": null, "COMMENTS": "PS 07/07", "Shape__Length": 164.51129107107101, "GlobalID": "792a5cbd-c8df-484f-a2ae-5a619f3dbe80", "CreationDate": "2026-07-15T08:05:42.763", "Creator": "ecollins@usgs.gov_USGS", "EditDate": "2026-07-15T08:05:42.763", "Editor": "ecollins@usgs.gov_USGS", "slope_mean": 39.6, "slope_max": 43.4, "aspect_deg": 37.0, "aspect_R": 0.99, "length_m": 161.5, "n_samp": 12, "aspect_dir": "NE" }, "geometry": { "type": "MultiLineString", "coordinates": [ [ [ -66.846356911446307, 10.552842545501498 ], [ -66.845070310694894, 10.553557323696701 ] ] ] } },
{ "type": "Feature", "properties": { "id": "ven2026_inventory_line.333", "tessellate": -1, "extrude": 0, "visibility": -1, "OBJECTID": 337.0, "IMPACTS_STREAM": null, "COMMENTS": "PS 07/07", "Shape__Length": 574.280014615048, "GlobalID": "6b49d89f-ca67-4094-9638-60b1f5fe927e", "CreationDate": "2026-07-15T08:05:42.763", "Creator": "ecollins@usgs.gov_USGS", "EditDate": "2026-07-15T08:05:42.763", "Editor": "ecollins@usgs.gov_USGS", "slope_mean": 42.4, "slope_max": 49.0, "aspect_deg": 41.0, "aspect_R": 0.99, "length_m": 562.5, "n_samp": 39, "aspect_dir": "NE" }, "geometry": { "type": "MultiLineString", "coordinates": [ [ [ -66.848235756987805, 10.5512087667696 ], [ -66.847623089963406, 10.5519031227307 ], [ -66.846887889534102, 10.552474945286898 ], [ -66.846806200597499, 10.554027035082099 ], [ -66.8455400220803, 10.555150257960198 ] ] ] } },
{ "type": "Feature", "properties": { "id": "ven2026_inventory_line.334", "tessellate": -1, "extrude": 0, "visibility": -1, "OBJECTID": 338.0, "IMPACTS_STREAM": null, "COMMENTS": "PS 07/07", "Shape__Length": 46.307320713426101, "GlobalID": "af6a800f-f33a-420e-b2a0-de69545d419c", "CreationDate": "2026-07-15T08:05:42.763", "Creator": "ecollins@usgs.gov_USGS", "EditDate": "2026-07-15T08:05:42.763", "Editor": "ecollins@usgs.gov_USGS", "slope_mean": 30.5, "slope_max": 34.6, "aspect_deg": 354.0, "aspect_R": 0.95, "length_m": 45.2, "n_samp": 5, "aspect_dir": "N" }, "geometry": { "type": "MultiLineString", "coordinates": [ [ [ -66.854770871915306, 10.561767061824201 ], [ -66.854750449681106, 10.562175506507296 ] ] ] } },
{ "type": "Feature", "properties": { "id": "ven2026_inventory_line.335", "tessellate": -1, "extrude": 0, "visibility": -1, "OBJECTID": 339.0, "IMPACTS_STREAM": null, "COMMENTS": "PS 07/07", "Shape__Length": 32.649247016384898, "GlobalID": "2cb0c35e-0330-43c5-ac6a-708e3ada3c02", "CreationDate": "2026-07-15T08:05:42.763", "Creator": "ecollins@usgs.gov_USGS", "EditDate": "2026-07-15T08:05:42.763", "Editor": "ecollins@usgs.gov_USGS", "slope_mean": 31.9, "slope_max": 33.7, "aspect_deg": 83.0, "aspect_R": 1.0, "length_m": 32.1, "n_samp": 4, "aspect_dir": "E" }, "geometry": { "type": "MultiLineString", "coordinates": [ [ [ -66.845907622295002, 10.5622163509755 ], [ -66.845642133251005, 10.562093817570597 ] ] ] } },
{ "type": "Feature", "properties": { "id": "ven2026_inventory_line.336", "tessellate": -1, "extrude": 0, "visibility": -1, "OBJECTID": 340.0, "IMPACTS_STREAM": null, "COMMENTS": "Difficult to see this area in PS 07/07", "Shape__Length": 144.09708805492701, "GlobalID": "935f9004-a444-4f00-8217-645a510623bf", "CreationDate": "2026-07-15T08:05:42.763", "Creator": "ecollins@usgs.gov_USGS", "EditDate": "2026-07-15T08:05:42.763", "Editor": "ecollins@usgs.gov_USGS", "slope_mean": 44.8, "slope_max": 50.8, "aspect_deg": 281.0, "aspect_R": 0.91, "length_m": 141.4, "n_samp": 11, "aspect_dir": "W" }, "geometry": { "type": "MultiLineString", "coordinates": [ [ [ -66.842037608923903, 10.556855514511602 ], [ -66.843079142865406, 10.557611137175099 ] ] ] } },
{ "type": "Feature", "properties": { "id": "ven2026_inventory_line.337", "tessellate": -1, "extrude": 0, "visibility": -1, "OBJECTID": 341.0, "IMPACTS_STREAM": null, "COMMENTS": "PS 07/07", "Shape__Length": 191.22997255223399, "GlobalID": "79df8e55-f106-4149-96df-82eccbd179de", "CreationDate": "2026-07-15T08:05:42.763", "Creator": "ecollins@usgs.gov_USGS", "EditDate": "2026-07-15T08:05:42.763", "Editor": "ecollins@usgs.gov_USGS", "slope_mean": 41.7, "slope_max": 52.1, "aspect_deg": 308.0, "aspect_R": 0.99, "length_m": 187.3, "n_samp": 14, "aspect_dir": "NW" }, "geometry": { "type": "MultiLineString", "coordinates": [ [ [ -66.8422826757336, 10.550994333311101 ], [ -66.843344631909403, 10.552321778530798 ] ] ] } },
{ "type": "Feature", "properties": { "id": "ven2026_inventory_line.338", "tessellate": -1, "extrude": 0, "visibility": -1, "OBJECTID": 342.0, "IMPACTS_STREAM": null, "COMMENTS": "PS 07/07", "Shape__Length": 134.150102191716, "GlobalID": "25356ab4-b297-49f5-bdf6-8ddba6f54c80", "CreationDate": "2026-07-15T08:05:42.763", "Creator": "ecollins@usgs.gov_USGS", "EditDate": "2026-07-15T08:05:42.763", "Editor": "ecollins@usgs.gov_USGS", "slope_mean": 31.4, "slope_max": 41.1, "aspect_deg": 83.0, "aspect_R": 0.84, "length_m": 131.9, "n_samp": 10, "aspect_dir": "E" }, "geometry": { "type": "MultiLineString", "coordinates": [ [ [ -66.846244589158403, 10.547685931379098 ], [ -66.845039677343607, 10.5477063536133 ] ] ] } },
{ "type": "Feature", "properties": { "id": "ven2026_inventory_line.339", "tessellate": -1, "extrude": 0, "visibility": -1, "OBJECTID": 343.0, "IMPACTS_STREAM": null, "COMMENTS": "PS 07/07", "Shape__Length": 143.22728309643099, "GlobalID": "2369fe0d-cb7e-4048-8b97-ca86601ad19a", "CreationDate": "2026-07-15T08:05:42.763", "Creator": "ecollins@usgs.gov_USGS", "EditDate": "2026-07-15T08:05:42.763", "Editor": "ecollins@usgs.gov_USGS", "slope_mean": 34.8, "slope_max": 39.9, "aspect_deg": 44.0, "aspect_R": 0.95, "length_m": 140.8, "n_samp": 11, "aspect_dir": "NE" }, "geometry": { "type": "MultiLineString", "coordinates": [ [ [ -66.845713611070593, 10.5490746433012 ], [ -66.844447432553295, 10.549299287876799 ] ] ] } },
{ "type": "Feature", "properties": { "id": "ven2026_inventory_line.340", "tessellate": -1, "extrude": 0, "visibility": -1, "OBJECTID": 344.0, "IMPACTS_STREAM": null, "COMMENTS": "PS 07/07", "Shape__Length": 133.94189966388399, "GlobalID": "a7a871c4-938f-46b4-b13f-2d3f78e3d57d", "CreationDate": "2026-07-15T08:05:42.763", "Creator": "ecollins@usgs.gov_USGS", "EditDate": "2026-07-15T08:05:42.763", "Editor": "ecollins@usgs.gov_USGS", "slope_mean": 38.4, "slope_max": 46.4, "aspect_deg": 37.0, "aspect_R": 0.93, "length_m": 131.6, "n_samp": 10, "aspect_dir": "NE" }, "geometry": { "type": "MultiLineString", "coordinates": [ [ [ -66.845774877772996, 10.548196487232802 ], [ -66.844631232660703, 10.548564087447501 ] ] ] } },
{ "type": "Feature", "properties": { "id": "ven2026_inventory_line.341", "tessellate": -1, "extrude": 0, "visibility": -1, "OBJECTID": 345.0, "IMPACTS_STREAM": null, "COMMENTS": "PS 07/07", "Shape__Length": 46.1279861438476, "GlobalID": "ff84df20-7c4a-4a3a-97c8-5f2ff0228fd2", "CreationDate": "2026-07-15T08:05:42.763", "Creator": "ecollins@usgs.gov_USGS", "EditDate": "2026-07-15T08:05:42.763", "Editor": "ecollins@usgs.gov_USGS", "slope_mean": 44.3, "slope_max": 45.0, "aspect_deg": 20.0, "aspect_R": 0.99, "length_m": 45.3, "n_samp": 5, "aspect_dir": "N" }, "geometry": { "type": "MultiLineString", "coordinates": [ [ [ -66.8448967217046, 10.5487887320231 ], [ -66.844508699255798, 10.548931687662199 ] ] ] } },
{ "type": "Feature", "properties": { "id": "ven2026_inventory_line.342", "tessellate": -1, "extrude": 0, "visibility": -1, "OBJECTID": 346.0, "IMPACTS_STREAM": null, "COMMENTS": "PS 07/07", "Shape__Length": 152.66066602075099, "GlobalID": "a2bf43e0-714d-49d4-a03e-7b467caf45c2", "CreationDate": "2026-07-15T08:05:42.763", "Creator": "ecollins@usgs.gov_USGS", "EditDate": "2026-07-15T08:05:42.763", "Editor": "ecollins@usgs.gov_USGS", "slope_mean": 47.6, "slope_max": 50.9, "aspect_deg": 51.0, "aspect_R": 0.99, "length_m": 149.6, "n_samp": 11, "aspect_dir": "NE" }, "geometry": { "type": "MultiLineString", "coordinates": [ [ [ -66.851738170144301, 10.548257753935301 ], [ -66.850819169607604, 10.549258443408499 ] ] ] } },
{ "type": "Feature", "properties": { "id": "ven2026_inventory_line.343", "tessellate": -1, "extrude": 0, "visibility": -1, "OBJECTID": 347.0, "IMPACTS_STREAM": null, "COMMENTS": "PS 07/07", "Shape__Length": 968.38670487036802, "GlobalID": "d173aaa3-bc4d-468a-b77b-8b3e184904f3", "CreationDate": "2026-07-15T08:05:42.763", "Creator": "ecollins@usgs.gov_USGS", "EditDate": "2026-07-15T08:05:42.763", "Editor": "ecollins@usgs.gov_USGS", "slope_mean": 42.6, "slope_max": 50.5, "aspect_deg": 55.0, "aspect_R": 0.99, "length_m": 949.6, "n_samp": 65, "aspect_dir": "NE" }, "geometry": { "type": "MultiLineString", "coordinates": [ [ [ -66.851227614290494, 10.5466852419059 ], [ -66.8504107249247, 10.5471345310571 ], [ -66.850063546944099, 10.548319020637701 ], [ -66.848919901831806, 10.549197176706 ], [ -66.848327657041494, 10.549993643837798 ], [ -66.847469923207299, 10.550014066071999 ], [ -66.847245278631704, 10.550442932989096 ], [ -66.846326278095006, 10.550953488842801 ], [ -66.845509388729099, 10.551607000335498 ], [ -66.845080521811994, 10.552015445018602 ] ] ] } },
{ "type": "Feature", "properties": { "id": "ven2026_inventory_line.344", "tessellate": -1, "extrude": 0, "visibility": -1, "OBJECTID": 348.0, "IMPACTS_STREAM": null, "COMMENTS": "PS 07/07", "Shape__Length": 187.46263959168101, "GlobalID": "a5d940b4-ad5f-4c65-af3a-aeafe6b22a45", "CreationDate": "2026-07-15T08:05:42.763", "Creator": "ecollins@usgs.gov_USGS", "EditDate": "2026-07-15T08:05:42.763", "Editor": "ecollins@usgs.gov_USGS", "slope_mean": 43.2, "slope_max": 47.3, "aspect_deg": 68.0, "aspect_R": 1.0, "length_m": 184.3, "n_samp": 14, "aspect_dir": "E" }, "geometry": { "type": "MultiLineString", "coordinates": [ [ [ -66.847980479060993, 10.5509330666087 ], [ -66.847265700865904, 10.5511372889501 ], [ -66.846326278095006, 10.551116866715999 ] ] ] } },
{ "type": "Feature", "properties": { "id": "ven2026_inventory_line.345", "tessellate": -1, "extrude": 0, "visibility": -1, "OBJECTID": 349.0, "IMPACTS_STREAM": null, "COMMENTS": "PS 07/07", "Shape__Length": 133.68918328350301, "GlobalID": "12be16ae-22fc-4537-9a59-c20c5959f342", "CreationDate": "2026-07-15T08:05:42.763", "Creator": "ecollins@usgs.gov_USGS", "EditDate": "2026-07-15T08:05:42.763", "Editor": "ecollins@usgs.gov_USGS", "slope_mean": 45.4, "slope_max": 47.9, "aspect_deg": 46.0, "aspect_R": 0.99, "length_m": 130.7, "n_samp": 10, "aspect_dir": "NE" }, "geometry": { "type": "MultiLineString", "coordinates": [ [ [ -66.846734722777896, 10.549646465857302 ], [ -66.846305855860805, 10.550749266501301 ] ] ] } },
{ "type": "Feature", "properties": { "id": "ven2026_inventory_line.346", "tessellate": -1, "extrude": 0, "visibility": -1, "OBJECTID": 351.0, "IMPACTS_STREAM": null, "COMMENTS": "PS 07/07", "Shape__Length": 267.21934670540702, "GlobalID": "b8ca6dea-ce33-4278-af15-8575599ef969", "CreationDate": "2026-07-15T08:05:42.763", "Creator": "ecollins@usgs.gov_USGS", "EditDate": "2026-07-15T08:05:42.763", "Editor": "ecollins@usgs.gov_USGS", "slope_mean": 43.6, "slope_max": 47.5, "aspect_deg": 58.0, "aspect_R": 0.99, "length_m": 262.4, "n_samp": 19, "aspect_dir": "NE" }, "geometry": { "type": "MultiLineString", "coordinates": [ [ [ -66.849675524495296, 10.546297219456997 ], [ -66.848838212895302, 10.5466852419059 ], [ -66.847592456612105, 10.5474612868035 ] ] ] } },
{ "type": "Feature", "properties": { "id": "ven2026_inventory_line.347", "tessellate": -1, "extrude": 0, "visibility": -1, "OBJECTID": 352.0, "IMPACTS_STREAM": null, "COMMENTS": "PS 07/07", "Shape__Length": 391.257123112052, "GlobalID": "33e45dec-17c7-4412-bebb-866ee97dcbbe", "CreationDate": "2026-07-15T08:05:42.763", "Creator": "ecollins@usgs.gov_USGS", "EditDate": "2026-07-15T08:05:42.763", "Editor": "ecollins@usgs.gov_USGS", "slope_mean": 43.6, "slope_max": 48.2, "aspect_deg": 61.0, "aspect_R": 0.98, "length_m": 383.7, "n_samp": 27, "aspect_dir": "NE" }, "geometry": { "type": "MultiLineString", "coordinates": [ [ [ -66.849246657578206, 10.5471957977595 ], [ -66.848348079275596, 10.5474408645693 ], [ -66.848123434700099, 10.548339442871798 ], [ -66.847408656504896, 10.549054221066998 ], [ -66.846795989480398, 10.549156332237702 ] ] ] } },
{ "type": "Feature", "properties": { "id": "ven2026_inventory_line.348", "tessellate": -1, "extrude": 0, "visibility": -1, "OBJECTID": 353.0, "IMPACTS_STREAM": null, "COMMENTS": "PS 07/07", "Shape__Length": 189.477814333564, "GlobalID": "6deaf5e4-f7d1-4dfd-9fb4-94b82e690d97", "CreationDate": "2026-07-15T08:05:42.763", "Creator": "ecollins@usgs.gov_USGS", "EditDate": "2026-07-15T08:05:42.763", "Editor": "ecollins@usgs.gov_USGS", "slope_mean": 46.4, "slope_max": 48.6, "aspect_deg": 63.0, "aspect_R": 1.0, "length_m": 186.1, "n_samp": 14, "aspect_dir": "NE" }, "geometry": { "type": "MultiLineString", "coordinates": [ [ [ -66.849267079812407, 10.5481352205304 ], [ -66.848388923743997, 10.548686620852401 ], [ -66.847755834485298, 10.5488704209597 ] ] ] } },
{ "type": "Feature", "properties": { "id": "ven2026_inventory_line.349", "tessellate": -1, "extrude": 0, "visibility": -1, "OBJECTID": 354.0, "IMPACTS_STREAM": null, "COMMENTS": "PS 07/07", "Shape__Length": 161.952082035822, "GlobalID": "545df708-75f4-4ab2-9f6f-65e40005073c", "CreationDate": "2026-07-15T08:05:42.763", "Creator": "ecollins@usgs.gov_USGS", "EditDate": "2026-07-15T08:05:42.763", "Editor": "ecollins@usgs.gov_USGS", "slope_mean": 40.8, "slope_max": 48.6, "aspect_deg": 70.0, "aspect_R": 0.99, "length_m": 159.2, "n_samp": 12, "aspect_dir": "E" }, "geometry": { "type": "MultiLineString", "coordinates": [ [ [ -66.848409345978098, 10.5489929543646 ], [ -66.846979789587806, 10.549258443408497 ] ] ] } },
{ "type": "Feature", "properties": { "id": "ven2026_inventory_line.350", "tessellate": -1, "extrude": 0, "visibility": -1, "OBJECTID": 355.0, "IMPACTS_STREAM": null, "COMMENTS": "PS 07/07", "Shape__Length": 44.171732251296298, "GlobalID": "4195a396-3aca-4d02-9f5b-82e694291583", "CreationDate": "2026-07-15T08:05:42.763", "Creator": "ecollins@usgs.gov_USGS", "EditDate": "2026-07-15T08:05:42.763", "Editor": "ecollins@usgs.gov_USGS", "slope_mean": 35.3, "slope_max": 35.7, "aspect_deg": 16.0, "aspect_R": 0.99, "length_m": 43.2, "n_samp": 4, "aspect_dir": "N" }, "geometry": { "type": "MultiLineString", "coordinates": [ [ [ -66.846019944582693, 10.5491154877695 ], [ -66.846060789051094, 10.549503510218297 ] ] ] } },
{ "type": "Feature", "properties": { "id": "ven2026_inventory_line.351", "tessellate": -1, "extrude": 0, "visibility": -1, "OBJECTID": 356.0, "IMPACTS_STREAM": null, "COMMENTS": "PS 07/07", "Shape__Length": 140.41289462118101, "GlobalID": "0e2922f5-61a7-4fe3-9683-2d6a6a32cf45", "CreationDate": "2026-07-15T08:05:42.763", "Creator": "ecollins@usgs.gov_USGS", "EditDate": "2026-07-15T08:05:42.763", "Editor": "ecollins@usgs.gov_USGS", "slope_mean": 42.1, "slope_max": 43.8, "aspect_deg": 23.0, "aspect_R": 0.99, "length_m": 137.3, "n_samp": 11, "aspect_dir": "NE" }, "geometry": { "type": "MultiLineString", "coordinates": [ [ [ -66.845483860936397, 10.549702627001201 ], [ -66.845402171999794, 10.550100860567099 ], [ -66.845259216360702, 10.550631838655001 ], [ -66.845187738541199, 10.550907538815999 ] ] ] } },
{ "type": "Feature", "properties": { "id": "ven2026_inventory_line.352", "tessellate": -1, "extrude": 0, "visibility": -1, "OBJECTID": 357.0, "IMPACTS_STREAM": null, "COMMENTS": "PS 07/07", "Shape__Length": 41.243301879413501, "GlobalID": "4c8c0209-e42b-4f3b-b30f-562f19605ef6", "CreationDate": "2026-07-15T08:05:42.763", "Creator": "ecollins@usgs.gov_USGS", "EditDate": "2026-07-15T08:05:42.763", "Editor": "ecollins@usgs.gov_USGS", "slope_mean": 42.8, "slope_max": 43.4, "aspect_deg": 18.0, "aspect_R": 0.99, "length_m": 40.3, "n_samp": 4, "aspect_dir": "N" }, "geometry": { "type": "MultiLineString", "coordinates": [ [ [ -66.845596183224202, 10.549906849342699 ], [ -66.845667661043706, 10.550264238440302 ] ] ] } },
{ "type": "Feature", "properties": { "id": "ven2026_inventory_line.353", "tessellate": -1, "extrude": 0, "visibility": -1, "OBJECTID": 358.0, "IMPACTS_STREAM": null, "COMMENTS": "PS 07/07", "Shape__Length": 50.2269124636505, "GlobalID": "d321065c-b987-4a40-963c-ae2420f3af44", "CreationDate": "2026-07-15T08:05:42.763", "Creator": "ecollins@usgs.gov_USGS", "EditDate": "2026-07-15T08:05:42.763", "Editor": "ecollins@usgs.gov_USGS", "slope_mean": 31.0, "slope_max": 33.3, "aspect_deg": 17.0, "aspect_R": 0.91, "length_m": 49.4, "n_samp": 5, "aspect_dir": "N" }, "geometry": { "type": "MultiLineString", "coordinates": [ [ [ -66.844809927209496, 10.549866004874398 ], [ -66.844370849175306, 10.5497638937037 ] ] ] } },
{ "type": "Feature", "properties": { "id": "ven2026_inventory_line.354", "tessellate": -1, "extrude": 0, "visibility": -1, "OBJECTID": 359.0, "IMPACTS_STREAM": null, "COMMENTS": "PS 07/07", "Shape__Length": 34.587470282966599, "GlobalID": "19cbddb8-6905-44b9-9fd8-253a861d759c", "CreationDate": "2026-07-15T08:05:42.763", "Creator": "ecollins@usgs.gov_USGS", "EditDate": "2026-07-15T08:05:42.763", "Editor": "ecollins@usgs.gov_USGS", "slope_mean": 41.3, "slope_max": 43.7, "aspect_deg": 51.0, "aspect_R": 0.99, "length_m": 34.0, "n_samp": 4, "aspect_dir": "NE" }, "geometry": { "type": "MultiLineString", "coordinates": [ [ [ -66.846372228121794, 10.5498353715232 ], [ -66.846065894609595, 10.5498864271086 ] ] ] } },
{ "type": "Feature", "properties": { "id": "ven2026_inventory_line.355", "tessellate": -1, "extrude": 0, "visibility": -1, "OBJECTID": 360.0, "IMPACTS_STREAM": null, "COMMENTS": "PS 07/07", "Shape__Length": 79.119147058495201, "GlobalID": "c320c70c-62ab-480f-a864-3e2fc636a56e", "CreationDate": "2026-07-15T08:05:42.763", "Creator": "ecollins@usgs.gov_USGS", "EditDate": "2026-07-15T08:05:42.763", "Editor": "ecollins@usgs.gov_USGS", "slope_mean": 39.4, "slope_max": 46.4, "aspect_deg": 18.0, "aspect_R": 0.98, "length_m": 77.5, "n_samp": 7, "aspect_dir": "N" }, "geometry": { "type": "MultiLineString", "coordinates": [ [ [ -66.844881405029, 10.5500395938647 ], [ -66.844472960346096, 10.550611416420798 ] ] ] } },
{ "type": "Feature", "properties": { "id": "ven2026_inventory_line.356", "tessellate": -1, "extrude": 0, "visibility": -1, "OBJECTID": 350.0, "IMPACTS_STREAM": null, "COMMENTS": "PS 07/07", "Shape__Length": 1147.6043704265801, "GlobalID": "2d3d680e-4664-45f4-a699-cb6ec4eb19e5", "CreationDate": "2026-07-15T08:05:42.763", "Creator": "ecollins@usgs.gov_USGS", "EditDate": "2026-07-15T08:05:53.661", "Editor": "ecollins@usgs.gov_USGS", "slope_mean": 39.1, "slope_max": 52.1, "aspect_deg": 43.0, "aspect_R": 0.85, "length_m": 1124.6, "n_samp": 76, "aspect_dir": "NE" }, "geometry": { "type": "MultiLineString", "coordinates": [ [ [ -66.850982547480797, 10.5451739965789 ], [ -66.849900169070906, 10.545500752325299 ], [ -66.848388923743997, 10.546092997115499 ], [ -66.848062167997597, 10.546562708500998 ], [ -66.847102322992598, 10.547971842657198 ], [ -66.846612189373005, 10.5490746433012 ], [ -66.845999522348606, 10.549809843730499 ], [ -66.845141788514397, 10.5511781334184 ], [ -66.844860982794799, 10.5518367504697 ], [ -66.844452538111895, 10.552388150791698 ] ] ] } },
{ "type": "Feature", "properties": { "id": "ven2026_inventory_line.357", "tessellate": -1, "extrude": 0, "visibility": -1, "OBJECTID": 361.0, "IMPACTS_STREAM": null, "COMMENTS": "reactivation? PS 07/07", "Shape__Length": 32.899117282760002, "GlobalID": "0c872d43-c47f-409b-abb8-f332fab5590a", "CreationDate": "2026-07-15T08:08:21.730", "Creator": "ecollins@usgs.gov_USGS", "EditDate": "2026-07-15T08:08:21.730", "Editor": "ecollins@usgs.gov_USGS", "slope_mean": 41.3, "slope_max": 41.4, "aspect_deg": 76.0, "aspect_R": 1.0, "length_m": 32.3, "n_samp": 4, "aspect_dir": "E" }, "geometry": { "type": "MultiLineString", "coordinates": [ [ [ -66.849420245943804, 10.546001113789 ], [ -66.849154754158306, 10.545873473507498 ] ] ] } },
{ "type": "Feature", "properties": { "id": "ven2026_inventory_line.358", "tessellate": -1, "extrude": 0, "visibility": -1, "OBJECTID": 363.0, "IMPACTS_STREAM": null, "COMMENTS": "reactivation? PS 07/07", "Shape__Length": 196.18942388628599, "GlobalID": "073a36a7-6a40-4eb6-8316-61894f12cd9a", "CreationDate": "2026-07-15T08:10:27.338", "Creator": "ecollins@usgs.gov_USGS", "EditDate": "2026-07-15T08:10:27.338", "Editor": "ecollins@usgs.gov_USGS", "slope_mean": 49.3, "slope_max": 53.9, "aspect_deg": 47.0, "aspect_R": 1.0, "length_m": 192.6, "n_samp": 14, "aspect_dir": "NE" }, "geometry": { "type": "MultiLineString", "coordinates": [ [ [ -66.857436055621307, 10.547354100772798 ], [ -66.858171263642703, 10.5468741733144 ], [ -66.858896260441597, 10.546384034633402 ] ] ] } },
{ "type": "Feature", "properties": { "id": "ven2026_inventory_line.359", "tessellate": -1, "extrude": 0, "visibility": -1, "OBJECTID": 364.0, "IMPACTS_STREAM": null, "COMMENTS": "reactivation? PS 07/07", "Shape__Length": 45.424553974121103, "GlobalID": "c6829fad-5ba6-4c24-818d-6d53ce064219", "CreationDate": "2026-07-15T08:10:27.338", "Creator": "ecollins@usgs.gov_USGS", "EditDate": "2026-07-15T08:10:27.338", "Editor": "ecollins@usgs.gov_USGS", "slope_mean": 48.0, "slope_max": 52.0, "aspect_deg": 43.0, "aspect_R": 1.0, "length_m": 44.4, "n_samp": 4, "aspect_dir": "NE" }, "geometry": { "type": "MultiLineString", "coordinates": [ [ [ -66.858538867653394, 10.5465065693037 ], [ -66.858702247213699, 10.546138965293 ] ] ] } },
{ "type": "Feature", "properties": { "id": "ven2026_inventory_line.360", "tessellate": -1, "extrude": 0, "visibility": -1, "OBJECTID": 365.0, "IMPACTS_STREAM": null, "COMMENTS": "reactivation? PS 07/07", "Shape__Length": 254.95336829950301, "GlobalID": "97387067-0a6f-4caa-b809-e875a5787e3a", "CreationDate": "2026-07-15T08:10:27.338", "Creator": "ecollins@usgs.gov_USGS", "EditDate": "2026-07-15T08:10:27.338", "Editor": "ecollins@usgs.gov_USGS", "slope_mean": 41.1, "slope_max": 46.7, "aspect_deg": 66.0, "aspect_R": 0.99, "length_m": 250.3, "n_samp": 18, "aspect_dir": "NE" }, "geometry": { "type": "MultiLineString", "coordinates": [ [ [ -66.858395910538107, 10.549488246279298 ], [ -66.8590494287794, 10.548957262708297 ], [ -66.859866326580999, 10.5485692362526 ], [ -66.860315620371793, 10.548283322021998 ] ] ] } },
{ "type": "Feature", "properties": { "id": "ven2026_inventory_line.361", "tessellate": -1, "extrude": 0, "visibility": -1, "OBJECTID": 366.0, "IMPACTS_STREAM": null, "COMMENTS": "reactivation? PS 07/07", "Shape__Length": 227.083361131255, "GlobalID": "b9bfcf50-a634-4ec8-9e6e-54e5820db0a7", "CreationDate": "2026-07-15T08:10:27.338", "Creator": "ecollins@usgs.gov_USGS", "EditDate": "2026-07-15T08:10:27.338", "Editor": "ecollins@usgs.gov_USGS", "slope_mean": 41.0, "slope_max": 46.4, "aspect_deg": 59.0, "aspect_R": 1.0, "length_m": 222.5, "n_samp": 16, "aspect_dir": "NE" }, "geometry": { "type": "MultiLineString", "coordinates": [ [ [ -66.857558590291603, 10.549835427844997 ], [ -66.857844504522106, 10.549304444273901 ], [ -66.858334643202994, 10.548855150483099 ], [ -66.858906471664099, 10.548365011802199 ] ] ] } },
{ "type": "Feature", "properties": { "id": "ven2026_inventory_line.362", "tessellate": -1, "extrude": 0, "visibility": -1, "OBJECTID": 367.0, "IMPACTS_STREAM": null, "COMMENTS": "PS 07/07", "Shape__Length": 39.719083521549102, "GlobalID": "91e90ccd-9d2b-434e-8147-2245c95858f7", "CreationDate": "2026-07-15T08:11:58.551", "Creator": "ecollins@usgs.gov_USGS", "EditDate": "2026-07-15T08:11:58.551", "Editor": "ecollins@usgs.gov_USGS", "slope_mean": 38.0, "slope_max": 38.9, "aspect_deg": 67.0, "aspect_R": 0.99, "length_m": 39.0, "n_samp": 4, "aspect_dir": "NE" }, "geometry": { "type": "MultiLineString", "coordinates": [ [ [ -66.8747849226814, 10.558892782219397 ], [ -66.874509219673399, 10.5589132046644 ], [ -66.874447952338201, 10.558862148551899 ] ] ] } },
{ "type": "Feature", "properties": { "id": "ven2026_inventory_line.363", "tessellate": -1, "extrude": 0, "visibility": -1, "OBJECTID": 368.0, "IMPACTS_STREAM": null, "COMMENTS": "PS 07/07", "Shape__Length": 34.4624485812488, "GlobalID": "360f6b88-8a12-4391-8a9a-ca8d5a818040", "CreationDate": "2026-07-15T08:13:33.524", "Creator": "ecollins@usgs.gov_USGS", "EditDate": "2026-07-15T08:13:33.524", "Editor": "ecollins@usgs.gov_USGS", "slope_mean": 31.5, "slope_max": 36.4, "aspect_deg": 10.0, "aspect_R": 1.0, "length_m": 33.7, "n_samp": 4, "aspect_dir": "N" }, "geometry": { "type": "MultiLineString", "coordinates": [ [ [ -66.862174062870295, 10.549426978944201 ], [ -66.862245541427797, 10.549130853491098 ] ] ] } },
{ "type": "Feature", "properties": { "id": "ven2026_inventory_line.364", "tessellate": -1, "extrude": 0, "visibility": -1, "OBJECTID": 369.0, "IMPACTS_STREAM": null, "COMMENTS": "PS 07/07", "Shape__Length": 112.492274356777, "GlobalID": "816b749a-46fd-4258-a07d-6f2c23bc6928", "CreationDate": "2026-07-15T08:18:58.645", "Creator": "ecollins@usgs.gov_USGS", "EditDate": "2026-07-15T08:18:58.645", "Editor": "ecollins@usgs.gov_USGS", "slope_mean": 41.4, "slope_max": 46.2, "aspect_deg": 344.0, "aspect_R": 1.0, "length_m": 109.9, "n_samp": 9, "aspect_dir": "N" }, "geometry": { "type": "MultiLineString", "coordinates": [ [ [ -66.888661974084798, 10.582511339906199 ], [ -66.888498594524506, 10.583491617268098 ] ] ] } },
{ "type": "Feature", "properties": { "id": "ven2026_inventory_line.365", "tessellate": -1, "extrude": 0, "visibility": -1, "OBJECTID": 370.0, "IMPACTS_STREAM": null, "COMMENTS": "PS 07/07", "Shape__Length": 132.05829692830201, "GlobalID": "5b6cbcae-fc3a-4cfa-b88e-b68df28ec2bb", "CreationDate": "2026-07-15T08:18:58.645", "Creator": "ecollins@usgs.gov_USGS", "EditDate": "2026-07-15T08:18:58.645", "Editor": "ecollins@usgs.gov_USGS", "slope_mean": 46.1, "slope_max": 49.8, "aspect_deg": 277.0, "aspect_R": 1.0, "length_m": 129.8, "n_samp": 10, "aspect_dir": "W" }, "geometry": { "type": "MultiLineString", "coordinates": [ [ [ -66.889172535210704, 10.578998679359602 ], [ -66.890336614577919, 10.579223326254999 ] ] ] } },
{ "type": "Feature", "properties": { "id": "ven2026_inventory_line.366", "tessellate": -1, "extrude": 0, "visibility": -1, "OBJECTID": 371.0, "IMPACTS_STREAM": null, "COMMENTS": "PS 07/07", "Shape__Length": 100.89320319735, "GlobalID": "baae09a1-9fe7-4be4-ae60-449a50265289", "CreationDate": "2026-07-15T08:18:58.645", "Creator": "ecollins@usgs.gov_USGS", "EditDate": "2026-07-15T08:18:58.645", "Editor": "ecollins@usgs.gov_USGS", "slope_mean": 41.0, "slope_max": 43.6, "aspect_deg": 275.0, "aspect_R": 1.0, "length_m": 98.6, "n_samp": 8, "aspect_dir": "W" }, "geometry": { "type": "MultiLineString", "coordinates": [ [ [ -66.890663373698501, 10.580632474962698 ], [ -66.89090844303891, 10.579774732271099 ] ] ] } },
{ "type": "Feature", "properties": { "id": "ven2026_inventory_line.367", "tessellate": -1, "extrude": 0, "visibility": -1, "OBJECTID": 372.0, "IMPACTS_STREAM": null, "COMMENTS": "PS 07/07", "Shape__Length": 104.39971047154501, "GlobalID": "49726340-4b1f-4671-abd9-d5af1632be43", "CreationDate": "2026-07-15T08:18:58.645", "Creator": "ecollins@usgs.gov_USGS", "EditDate": "2026-07-15T08:18:58.645", "Editor": "ecollins@usgs.gov_USGS", "slope_mean": 45.8, "slope_max": 49.0, "aspect_deg": 274.0, "aspect_R": 0.99, "length_m": 102.6, "n_samp": 8, "aspect_dir": "W" }, "geometry": { "type": "MultiLineString", "coordinates": [ [ [ -66.889785208561918, 10.579733887380998 ], [ -66.890704218588596, 10.579550085375702 ] ] ] } },
{ "type": "Feature", "properties": { "id": "ven2026_inventory_line.368", "tessellate": -1, "extrude": 0, "visibility": -1, "OBJECTID": 373.0, "IMPACTS_STREAM": null, "COMMENTS": "PS 07/07", "Shape__Length": 40.542363553400897, "GlobalID": "4944d552-d883-44b8-af5f-da41e4ff1543", "CreationDate": "2026-07-15T08:18:58.645", "Creator": "ecollins@usgs.gov_USGS", "EditDate": "2026-07-15T08:18:58.645", "Editor": "ecollins@usgs.gov_USGS", "slope_mean": 26.8, "slope_max": 33.8, "aspect_deg": 6.0, "aspect_R": 0.95, "length_m": 39.7, "n_samp": 4, "aspect_dir": "N" }, "geometry": { "type": "MultiLineString", "coordinates": [ [ [ -66.8925013937519, 10.580244448506901 ], [ -66.892235901966501, 10.580489517847401 ] ] ] } },
{ "type": "Feature", "properties": { "id": "ven2026_inventory_line.369", "tessellate": -1, "extrude": 0, "visibility": -1, "OBJECTID": 374.0, "IMPACTS_STREAM": null, "COMMENTS": "PS 07/07", "Shape__Length": 103.079802050609, "GlobalID": "adca40cc-0550-44ba-878d-f5c7eacd1410", "CreationDate": "2026-07-15T08:19:35.215", "Creator": "ecollins@usgs.gov_USGS", "EditDate": "2026-07-15T08:19:35.215", "Editor": "ecollins@usgs.gov_USGS", "slope_mean": 47.9, "slope_max": 52.2, "aspect_deg": 305.0, "aspect_R": 0.99, "length_m": 100.8, "n_samp": 8, "aspect_dir": "NW" }, "geometry": { "type": "MultiLineString", "coordinates": [ [ [ -66.890806330813803, 10.581326838094 ], [ -66.891214779714502, 10.582143735895498 ] ] ] } },
{ "type": "Feature", "properties": { "id": "ven2026_inventory_line.370", "tessellate": -1, "extrude": 0, "visibility": -1, "OBJECTID": 375.0, "IMPACTS_STREAM": null, "COMMENTS": "PS 07/07", "Shape__Length": 36.131777666375299, "GlobalID": "e071705c-31a9-4cfc-9c73-38e0b325ec1c", "CreationDate": "2026-07-15T08:21:33.701", "Creator": "ecollins@usgs.gov_USGS", "EditDate": "2026-07-15T08:21:33.701", "Editor": "ecollins@usgs.gov_USGS", "slope_mean": 14.6, "slope_max": 22.1, "aspect_deg": 4.0, "aspect_R": 0.79, "length_m": 35.3, "n_samp": 4, "aspect_dir": "N" }, "geometry": { "type": "MultiLineString", "coordinates": [ [ [ -66.884322204514206, 10.555951950133901 ], [ -66.8843630494042, 10.555635402235799 ] ] ] } },
{ "type": "Feature", "properties": { "id": "ven2026_inventory_line.371", "tessellate": -1, "extrude": 0, "visibility": -1, "OBJECTID": 376.0, "IMPACTS_STREAM": null, "COMMENTS": "PS 07/07", "Shape__Length": 24.279986444461301, "GlobalID": "34f96341-f0a6-4bb4-8e19-7447d7b597ec", "CreationDate": "2026-07-15T08:21:54.791", "Creator": "ecollins@usgs.gov_USGS", "EditDate": "2026-07-15T08:21:54.791", "Editor": "ecollins@usgs.gov_USGS", "slope_mean": 36.7, "slope_max": 39.0, "aspect_deg": 28.0, "aspect_R": 1.0, "length_m": 23.8, "n_samp": 3, "aspect_dir": "NE" }, "geometry": { "type": "MultiLineString", "coordinates": [ [ [ -66.883301082262307, 10.5534093557266 ], [ -66.883188758814597, 10.553593157731999 ] ] ] } },
{ "type": "Feature", "properties": { "id": "ven2026_inventory_line.372", "tessellate": -1, "extrude": 0, "visibility": -1, "OBJECTID": 377.0, "IMPACTS_STREAM": null, "COMMENTS": "PS 07/07", "Shape__Length": 115.06124110819501, "GlobalID": "87912dc2-2b16-473c-8481-9d4ff882473c", "CreationDate": "2026-07-15T08:31:17.319", "Creator": "ecollins@usgs.gov_USGS", "EditDate": "2026-07-15T08:31:17.319", "Editor": "ecollins@usgs.gov_USGS", "slope_mean": 32.4, "slope_max": 36.9, "aspect_deg": 338.0, "aspect_R": 0.99, "length_m": 112.5, "n_samp": 9, "aspect_dir": "N" }, "geometry": { "type": "MultiLineString", "coordinates": [ [ [ -66.836860442245211, 10.5616293898546 ], [ -66.836840019800107, 10.562180795870599 ], [ -66.837064666695497, 10.562589244771399 ] ] ] } },
{ "type": "Feature", "properties": { "id": "ven2026_inventory_line.373", "tessellate": -1, "extrude": 0, "visibility": -1, "OBJECTID": 378.0, "IMPACTS_STREAM": null, "COMMENTS": "PS 07/07", "Shape__Length": 65.299188136044194, "GlobalID": "2dd36497-e6f2-4d9f-b1d1-c1927a62f8ca", "CreationDate": "2026-07-15T08:31:17.319", "Creator": "ecollins@usgs.gov_USGS", "EditDate": "2026-07-15T08:31:17.319", "Editor": "ecollins@usgs.gov_USGS", "slope_mean": 36.7, "slope_max": 39.7, "aspect_deg": 341.0, "aspect_R": 1.0, "length_m": 64.1, "n_samp": 6, "aspect_dir": "N" }, "geometry": { "type": "MultiLineString", "coordinates": [ [ [ -66.8365336831245, 10.562548399881299 ], [ -66.837064666695497, 10.562793469221797 ] ] ] } },
{ "type": "Feature", "properties": { "id": "ven2026_inventory_line.374", "tessellate": -1, "extrude": 0, "visibility": -1, "OBJECTID": 379.0, "IMPACTS_STREAM": null, "COMMENTS": "Can barely see edges of LS in PS 07/07 and PS 06/27", "Shape__Length": 126.400635962561, "GlobalID": "d8d8a09f-d4e8-40a4-b779-b3a43f9cd10b", "CreationDate": "2026-07-15T08:34:19.316", "Creator": "ecollins@usgs.gov_USGS", "EditDate": "2026-07-15T08:34:19.316", "Editor": "ecollins@usgs.gov_USGS", "slope_mean": 35.8, "slope_max": 40.7, "aspect_deg": 42.0, "aspect_R": 0.84, "length_m": 123.6, "n_samp": 10, "aspect_dir": "NE" }, "geometry": { "type": "MultiLineString", "coordinates": [ [ [ -66.829855543597006, 10.5539301280751 ], [ -66.829447094696206, 10.554971672772099 ] ] ] } },
{ "type": "Feature", "properties": { "id": "ven2026_inventory_line.375", "tessellate": -1, "extrude": 0, "visibility": -1, "OBJECTID": 380.0, "IMPACTS_STREAM": null, "COMMENTS": "PS 06/27", "Shape__Length": 30.968079563861298, "GlobalID": "35271def-41dd-40b6-9013-c253faa1e297", "CreationDate": "2026-07-15T08:34:19.316", "Creator": "ecollins@usgs.gov_USGS", "EditDate": "2026-07-15T08:34:19.316", "Editor": "ecollins@usgs.gov_USGS", "slope_mean": 39.4, "slope_max": 40.0, "aspect_deg": 125.0, "aspect_R": 1.0, "length_m": 30.4, "n_samp": 4, "aspect_dir": "SE" }, "geometry": { "type": "MultiLineString", "coordinates": [ [ [ -66.833919610159697, 10.542207644623096 ], [ -66.833654118374099, 10.542289334403298 ] ] ] } },
{ "type": "Feature", "properties": { "id": "ven2026_inventory_line.376", "tessellate": -1, "extrude": 0, "visibility": -1, "OBJECTID": 381.0, "IMPACTS_STREAM": null, "COMMENTS": "PS 06/27", "Shape__Length": 151.32689757291701, "GlobalID": "e36a0c8a-535d-4d60-adcd-15fadb02c1e2", "CreationDate": "2026-07-15T08:35:07.839", "Creator": "ecollins@usgs.gov_USGS", "EditDate": "2026-07-15T08:35:07.839", "Editor": "ecollins@usgs.gov_USGS", "slope_mean": 46.8, "slope_max": 50.4, "aspect_deg": 347.0, "aspect_R": 0.99, "length_m": 147.9, "n_samp": 11, "aspect_dir": "N" }, "geometry": { "type": "MultiLineString", "coordinates": [ [ [ -66.826792176841295, 10.5482935332445 ], [ -66.826567529945805, 10.549090008601102 ], [ -66.826710487061106, 10.549580147282001 ] ] ] } },
{ "type": "Feature", "properties": { "id": "ven2026_inventory_line.377", "tessellate": -1, "extrude": 0, "visibility": -1, "OBJECTID": 382.0, "IMPACTS_STREAM": null, "COMMENTS": "PS 06/27", "Shape__Length": 46.383040945230398, "GlobalID": "33068508-a76a-4fb8-a5d6-b98b29af1d98", "CreationDate": "2026-07-15T08:41:22.157", "Creator": "ecollins@usgs.gov_USGS", "EditDate": "2026-07-15T08:41:22.157", "Editor": "ecollins@usgs.gov_USGS", "slope_mean": 37.8, "slope_max": 38.9, "aspect_deg": 3.0, "aspect_R": 1.0, "length_m": 45.4, "n_samp": 5, "aspect_dir": "N" }, "geometry": { "type": "MultiLineString", "coordinates": [ [ [ -66.823136559179403, 10.557963560970196 ], [ -66.822952757174093, 10.558331164980897 ] ] ] } },
{ "type": "Feature", "properties": { "id": "ven2026_inventory_line.378", "tessellate": -1, "extrude": 0, "visibility": -1, "OBJECTID": 383.0, "IMPACTS_STREAM": null, "COMMENTS": "PS 07/09", "Shape__Length": 103.01472299792, "GlobalID": "23e28735-f1ad-4da6-9c7d-2a0ca09ed1e2", "CreationDate": "2026-07-15T08:41:22.157", "Creator": "ecollins@usgs.gov_USGS", "EditDate": "2026-07-15T08:41:22.157", "Editor": "ecollins@usgs.gov_USGS", "slope_mean": 39.8, "slope_max": 47.6, "aspect_deg": 31.0, "aspect_R": 0.95, "length_m": 101.1, "n_samp": 8, "aspect_dir": "NE" }, "geometry": { "type": "MultiLineString", "coordinates": [ [ [ -66.818235172370294, 10.5574734222893 ], [ -66.817887990804607, 10.557698069184701 ], [ -66.817520386793902, 10.558045250750299 ] ] ] } },
{ "type": "Feature", "properties": { "id": "ven2026_inventory_line.379", "tessellate": -1, "extrude": 0, "visibility": -1, "OBJECTID": 384.0, "IMPACTS_STREAM": null, "COMMENTS": "PS 07/09", "Shape__Length": 88.832948692567498, "GlobalID": "3593a534-ae0f-4608-bb6b-a3faf8a165e7", "CreationDate": "2026-07-15T08:41:22.157", "Creator": "ecollins@usgs.gov_USGS", "EditDate": "2026-07-15T08:41:22.157", "Editor": "ecollins@usgs.gov_USGS", "slope_mean": 37.1, "slope_max": 44.5, "aspect_deg": 25.0, "aspect_R": 0.97, "length_m": 86.9, "n_samp": 7, "aspect_dir": "NE" }, "geometry": { "type": "MultiLineString", "coordinates": [ [ [ -66.817908413249597, 10.557228352948799 ], [ -66.817499964348897, 10.557902293635099 ] ] ] } },
{ "type": "Feature", "properties": { "id": "ven2026_inventory_line.380", "tessellate": -1, "extrude": 0, "visibility": -1, "OBJECTID": 385.0, "IMPACTS_STREAM": null, "COMMENTS": "PS 07/09", "Shape__Length": 118.878578397185, "GlobalID": "df716563-6875-4f6d-a7a5-127e178470f9", "CreationDate": "2026-07-15T08:41:22.157", "Creator": "ecollins@usgs.gov_USGS", "EditDate": "2026-07-15T08:41:22.157", "Editor": "ecollins@usgs.gov_USGS", "slope_mean": 40.7, "slope_max": 46.8, "aspect_deg": 36.0, "aspect_R": 0.95, "length_m": 116.6, "n_samp": 9, "aspect_dir": "NE" }, "geometry": { "type": "MultiLineString", "coordinates": [ [ [ -66.818357707040505, 10.5576163794046 ], [ -66.8179901030298, 10.55788187119 ], [ -66.817561231683996, 10.5583107425358 ] ] ] } },
{ "type": "Feature", "properties": { "id": "ven2026_inventory_line.381", "tessellate": -1, "extrude": 0, "visibility": -1, "OBJECTID": 386.0, "IMPACTS_STREAM": null, "COMMENTS": "Unsure of extent. PS 07/09", "Shape__Length": 287.716611168675, "GlobalID": "eaf39153-7d9a-4a16-9ef0-3efe5d81e0ae", "CreationDate": "2026-07-15T08:41:22.157", "Creator": "ecollins@usgs.gov_USGS", "EditDate": "2026-07-15T08:41:22.157", "Editor": "ecollins@usgs.gov_USGS", "slope_mean": 42.6, "slope_max": 45.3, "aspect_deg": 37.0, "aspect_R": 0.99, "length_m": 281.4, "n_samp": 20, "aspect_dir": "NE" }, "geometry": { "type": "MultiLineString", "coordinates": [ [ [ -66.818868268166497, 10.558433277206099 ], [ -66.818480241710702, 10.559331864787801 ], [ -66.818173905035096, 10.560332564594699 ], [ -66.817908413249597, 10.5607818583855 ] ] ] } },
{ "type": "Feature", "properties": { "id": "ven2026_inventory_line.382", "tessellate": -1, "extrude": 0, "visibility": -1, "OBJECTID": 387.0, "IMPACTS_STREAM": null, "COMMENTS": "PS 07/09", "Shape__Length": 38.165061077088097, "GlobalID": "f283a0d1-3969-4973-a76d-46202ca7acfb", "CreationDate": "2026-07-15T08:41:22.157", "Creator": "ecollins@usgs.gov_USGS", "EditDate": "2026-07-15T08:41:22.157", "Editor": "ecollins@usgs.gov_USGS", "slope_mean": 31.0, "slope_max": 41.5, "aspect_deg": 339.0, "aspect_R": 0.89, "length_m": 37.3, "n_samp": 4, "aspect_dir": "N" }, "geometry": { "type": "MultiLineString", "coordinates": [ [ [ -66.816642221657304, 10.5611290399511 ], [ -66.816499264542003, 10.561435376626699 ] ] ] } },
{ "type": "Feature", "properties": { "id": "ven2026_inventory_line.383", "tessellate": -1, "extrude": 0, "visibility": -1, "OBJECTID": 388.0, "IMPACTS_STREAM": null, "COMMENTS": "PS 07/09", "Shape__Length": 112.857145796403, "GlobalID": "1bdcac88-c6f6-442d-9530-0deb2139e1b7", "CreationDate": "2026-07-15T08:41:22.157", "Creator": "ecollins@usgs.gov_USGS", "EditDate": "2026-07-15T08:41:22.157", "Editor": "ecollins@usgs.gov_USGS", "slope_mean": 42.2, "slope_max": 46.6, "aspect_deg": 238.0, "aspect_R": 1.0, "length_m": 110.8, "n_samp": 9, "aspect_dir": "SW" }, "geometry": { "type": "MultiLineString", "coordinates": [ [ [ -66.814722511823604, 10.5621501622031 ], [ -66.815151383169393, 10.561802980637403 ], [ -66.815559832070207, 10.561598756187003 ] ] ] } },
{ "type": "Feature", "properties": { "id": "ven2026_inventory_line.384", "tessellate": -1, "extrude": 0, "visibility": -1, "OBJECTID": 389.0, "IMPACTS_STREAM": null, "COMMENTS": "PS 07/09", "Shape__Length": 108.709837905878, "GlobalID": "a8844809-15cc-4c4a-a1e7-2b662bc9f68a", "CreationDate": "2026-07-15T08:41:22.157", "Creator": "ecollins@usgs.gov_USGS", "EditDate": "2026-07-15T08:41:22.157", "Editor": "ecollins@usgs.gov_USGS", "slope_mean": 38.4, "slope_max": 48.0, "aspect_deg": 254.0, "aspect_R": 0.96, "length_m": 106.7, "n_samp": 9, "aspect_dir": "W" }, "geometry": { "type": "MultiLineString", "coordinates": [ [ [ -66.814559132263298, 10.561660023522201 ], [ -66.814865468938905, 10.561394531736598 ], [ -66.815376030064897, 10.561149462396202 ] ] ] } },
{ "type": "Feature", "properties": { "id": "ven2026_inventory_line.385", "tessellate": -1, "extrude": 0, "visibility": -1, "OBJECTID": 390.0, "IMPACTS_STREAM": null, "COMMENTS": "PS 07/09", "Shape__Length": 80.140421909853998, "GlobalID": "9080f905-0926-4b4a-9e9d-a909a85e95c9", "CreationDate": "2026-07-15T08:41:22.157", "Creator": "ecollins@usgs.gov_USGS", "EditDate": "2026-07-15T08:41:22.157", "Editor": "ecollins@usgs.gov_USGS", "slope_mean": 34.7, "slope_max": 45.5, "aspect_deg": 266.0, "aspect_R": 0.98, "length_m": 78.6, "n_samp": 7, "aspect_dir": "W" }, "geometry": { "type": "MultiLineString", "coordinates": [ [ [ -66.814068993582495, 10.561088195061 ], [ -66.8140894160275, 10.5609248155007 ], [ -66.814559132263298, 10.560638901270201 ] ] ] } },
{ "type": "Feature", "properties": { "id": "ven2026_inventory_line.386", "tessellate": -1, "extrude": 0, "visibility": -1, "OBJECTID": 391.0, "IMPACTS_STREAM": null, "COMMENTS": "PS 07/09", "Shape__Length": 29.203178964252199, "GlobalID": "7815bbe3-8dff-41c2-897c-d502c04a3dde", "CreationDate": "2026-07-15T08:41:22.157", "Creator": "ecollins@usgs.gov_USGS", "EditDate": "2026-07-15T08:41:22.157", "Editor": "ecollins@usgs.gov_USGS", "slope_mean": 31.7, "slope_max": 31.8, "aspect_deg": 68.0, "aspect_R": 0.96, "length_m": 28.6, "n_samp": 3, "aspect_dir": "E" }, "geometry": { "type": "MultiLineString", "coordinates": [ [ [ -66.817908413249597, 10.562476921323698 ], [ -66.8179901030298, 10.562721990664098 ] ] ] } },
{ "type": "Feature", "properties": { "id": "ven2026_inventory_line.387", "tessellate": -1, "extrude": 0, "visibility": -1, "OBJECTID": 392.0, "IMPACTS_STREAM": null, "COMMENTS": "PS 07/09", "Shape__Length": 98.906054385568694, "GlobalID": "eaf1c322-0e27-41d3-85e2-9f5903f20a56", "CreationDate": "2026-07-15T08:41:22.157", "Creator": "ecollins@usgs.gov_USGS", "EditDate": "2026-07-15T08:41:22.157", "Editor": "ecollins@usgs.gov_USGS", "slope_mean": 31.9, "slope_max": 35.5, "aspect_deg": 85.0, "aspect_R": 0.94, "length_m": 97.0, "n_samp": 8, "aspect_dir": "E" }, "geometry": { "type": "MultiLineString", "coordinates": [ [ [ -66.818255594815298, 10.5624769213237 ], [ -66.817908413249597, 10.562803680444299 ], [ -66.817622499019095, 10.563089594674802 ] ] ] } },
{ "type": "Feature", "properties": { "id": "ven2026_inventory_line.388", "tessellate": -1, "extrude": 0, "visibility": -1, "OBJECTID": 393.0, "IMPACTS_STREAM": null, "COMMENTS": "PS 07/09", "Shape__Length": 39.265851897917003, "GlobalID": "17c204e3-ba1f-4f56-8a4a-cc25d1213440", "CreationDate": "2026-07-15T08:41:22.157", "Creator": "ecollins@usgs.gov_USGS", "EditDate": "2026-07-15T08:41:22.157", "Editor": "ecollins@usgs.gov_USGS", "slope_mean": 35.7, "slope_max": 38.1, "aspect_deg": 116.0, "aspect_R": 1.0, "length_m": 38.6, "n_samp": 4, "aspect_dir": "SE" }, "geometry": { "type": "MultiLineString", "coordinates": [ [ [ -66.817806301024504, 10.563375508905402 ], [ -66.817459119458803, 10.5633142415702 ] ] ] } },
{ "type": "Feature", "properties": { "id": "ven2026_inventory_line.389", "tessellate": -1, "extrude": 0, "visibility": -1, "OBJECTID": 394.0, "IMPACTS_STREAM": null, "COMMENTS": "PS 07/09", "Shape__Length": 41.709079202819098, "GlobalID": "ef3a7f01-d622-4735-8f04-56ef1b8edded", "CreationDate": "2026-07-15T08:41:22.157", "Creator": "ecollins@usgs.gov_USGS", "EditDate": "2026-07-15T08:41:22.157", "Editor": "ecollins@usgs.gov_USGS", "slope_mean": 32.8, "slope_max": 43.7, "aspect_deg": 337.0, "aspect_R": 0.8, "length_m": 40.8, "n_samp": 4, "aspect_dir": "NW" }, "geometry": { "type": "MultiLineString", "coordinates": [ [ [ -66.816376729871806, 10.560945237945798 ], [ -66.816254195201495, 10.561271997066397 ], [ -66.816274617646599, 10.561271997066397 ] ] ] } },
{ "type": "Feature", "properties": { "id": "ven2026_inventory_line.390", "tessellate": -1, "extrude": 0, "visibility": -1, "OBJECTID": 395.0, "IMPACTS_STREAM": null, "COMMENTS": "In cloud shadow PS 07/07", "Shape__Length": 61.115420504655198, "GlobalID": "b294bfa0-882c-421d-9c77-5530b98d66a3", "CreationDate": "2026-07-15T08:47:35.685", "Creator": "ecollins@usgs.gov_USGS", "EditDate": "2026-07-15T08:47:35.685", "Editor": "ecollins@usgs.gov_USGS", "slope_mean": 45.4, "slope_max": 46.7, "aspect_deg": 278.0, "aspect_R": 1.0, "length_m": 60.1, "n_samp": 6, "aspect_dir": "W" }, "geometry": { "type": "MultiLineString", "coordinates": [ [ [ -66.842788220985497, 10.5652011583849 ], [ -66.843302613424612, 10.565012547823804 ] ] ] } },
{ "type": "Feature", "properties": { "id": "ven2026_inventory_line.391", "tessellate": -1, "extrude": 0, "visibility": -1, "OBJECTID": 396.0, "IMPACTS_STREAM": null, "COMMENTS": "PS 06/27", "Shape__Length": 174.619637401304, "GlobalID": "723e3ebc-02ff-412a-8ce4-6221a58dbd7f", "CreationDate": "2026-07-15T08:49:03.914", "Creator": "ecollins@usgs.gov_USGS", "EditDate": "2026-07-15T08:49:03.914", "Editor": "ecollins@usgs.gov_USGS", "slope_mean": 41.5, "slope_max": 46.4, "aspect_deg": 136.0, "aspect_R": 1.0, "length_m": 171.4, "n_samp": 13, "aspect_dir": "SE" }, "geometry": { "type": "MultiLineString", "coordinates": [ [ [ -66.848943783840312, 10.5741344404108 ], [ -66.848463684230396, 10.573911537020598 ], [ -66.848189341596196, 10.573637194386301 ], [ -66.8476063634985, 10.573362851752199 ] ] ] } },
{ "type": "Feature", "properties": { "id": "ven2026_inventory_line.392", "tessellate": -1, "extrude": 0, "visibility": -1, "OBJECTID": 397.0, "IMPACTS_STREAM": null, "COMMENTS": "PS 06/27", "Shape__Length": 139.31060335043099, "GlobalID": "ec30d9b5-d9f7-4c77-a344-cd824f721fb7", "CreationDate": "2026-07-15T08:49:03.914", "Creator": "ecollins@usgs.gov_USGS", "EditDate": "2026-07-15T08:49:03.914", "Editor": "ecollins@usgs.gov_USGS", "slope_mean": 39.5, "slope_max": 47.6, "aspect_deg": 8.0, "aspect_R": 0.86, "length_m": 136.2, "n_samp": 11, "aspect_dir": "N" }, "geometry": { "type": "MultiLineString", "coordinates": [ [ [ -66.847966438206001, 10.5719225529227 ], [ -66.847914998962096, 10.5722997740447 ], [ -66.848035023864497, 10.572728434410598 ], [ -66.847846413303415, 10.573088509117998 ] ] ] } },
{ "type": "Feature", "properties": { "id": "ven2026_inventory_line.393", "tessellate": -1, "extrude": 0, "visibility": -1, "OBJECTID": 398.0, "IMPACTS_STREAM": null, "COMMENTS": "PS 06/27", "Shape__Length": 31.178904210839601, "GlobalID": "c9eb8d16-8a59-430d-bea8-594761b0385c", "CreationDate": "2026-07-15T08:49:23.941", "Creator": "ecollins@usgs.gov_USGS", "EditDate": "2026-07-15T08:49:23.941", "Editor": "ecollins@usgs.gov_USGS", "slope_mean": 16.5, "slope_max": 16.5, "aspect_deg": 59.0, "aspect_R": 1.0, "length_m": 30.5, "n_samp": 4, "aspect_dir": "NE" }, "geometry": { "type": "MultiLineString", "coordinates": [ [ [ -66.848223634425494, 10.5728313128984 ], [ -66.848086463108402, 10.5730713627034 ] ] ] } },
{ "type": "Feature", "properties": { "id": "ven2026_inventory_line.394", "tessellate": -1, "extrude": 0, "visibility": -1, "OBJECTID": 399.0, "IMPACTS_STREAM": null, "COMMENTS": "Source area out of view in 06/27", "Shape__Length": 163.315615700862, "GlobalID": "f60328ca-8fee-42d2-b99b-175876cd2089", "CreationDate": "2026-07-15T08:51:43.467", "Creator": "ecollins@usgs.gov_USGS", "EditDate": "2026-07-15T08:51:43.467", "Editor": "ecollins@usgs.gov_USGS", "slope_mean": 50.5, "slope_max": 61.3, "aspect_deg": 79.0, "aspect_R": 0.99, "length_m": 160.6, "n_samp": 12, "aspect_dir": "E" }, "geometry": { "type": "MultiLineString", "coordinates": [ [ [ -66.848755173279301, 10.5801013927047 ], [ -66.847314874449694, 10.5803757353388 ] ] ] } },
{ "type": "Feature", "properties": { "id": "ven2026_inventory_line.395", "tessellate": -1, "extrude": 0, "visibility": -1, "OBJECTID": 400.0, "IMPACTS_STREAM": null, "COMMENTS": "PS 06/27", "Shape__Length": 109.900982235038, "GlobalID": "e89b85d5-9308-45ec-a758-17a2cf9fd472", "CreationDate": "2026-07-15T08:51:43.467", "Creator": "ecollins@usgs.gov_USGS", "EditDate": "2026-07-15T08:51:43.467", "Editor": "ecollins@usgs.gov_USGS", "slope_mean": 44.6, "slope_max": 60.6, "aspect_deg": 100.0, "aspect_R": 0.58, "length_m": 108.1, "n_samp": 9, "aspect_dir": "E" }, "geometry": { "type": "MultiLineString", "coordinates": [ [ [ -66.848257927254707, 10.5807529564609 ], [ -66.847280581620396, 10.580890127778002 ] ] ] } },
{ "type": "Feature", "properties": { "id": "ven2026_inventory_line.396", "tessellate": -1, "extrude": 0, "visibility": -1, "OBJECTID": 401.0, "IMPACTS_STREAM": null, "COMMENTS": "PS 06/27", "Shape__Length": 51.635987809463003, "GlobalID": "fd15c565-f705-4e6e-856c-e7eceb124124", "CreationDate": "2026-07-15T08:51:43.467", "Creator": "ecollins@usgs.gov_USGS", "EditDate": "2026-07-15T08:51:43.467", "Editor": "ecollins@usgs.gov_USGS", "slope_mean": 45.8, "slope_max": 56.9, "aspect_deg": 84.0, "aspect_R": 1.0, "length_m": 50.7, "n_samp": 5, "aspect_dir": "E" }, "geometry": { "type": "MultiLineString", "coordinates": [ [ [ -66.847846413303415, 10.581044445509702 ], [ -66.847452045766801, 10.581284495314598 ] ] ] } },
{ "type": "Feature", "properties": { "id": "ven2026_inventory_line.397", "tessellate": -1, "extrude": 0, "visibility": -1, "OBJECTID": 402.0, "IMPACTS_STREAM": null, "COMMENTS": "PS 06/27", "Shape__Length": 123.805001249597, "GlobalID": "3241aa91-765a-4a3a-b581-b0f2353bc0f9", "CreationDate": "2026-07-15T08:51:43.467", "Creator": "ecollins@usgs.gov_USGS", "EditDate": "2026-07-15T08:51:43.467", "Editor": "ecollins@usgs.gov_USGS", "slope_mean": 37.9, "slope_max": 41.8, "aspect_deg": 59.0, "aspect_R": 0.98, "length_m": 121.5, "n_samp": 10, "aspect_dir": "NE" }, "geometry": { "type": "MultiLineString", "coordinates": [ [ [ -66.847777827644904, 10.583770725436999 ], [ -66.847537777840003, 10.583976482412702 ], [ -66.847297728035102, 10.584216532217599 ], [ -66.846851921254498, 10.584285117876099 ] ] ] } },
{ "type": "Feature", "properties": { "id": "ven2026_inventory_line.398", "tessellate": -1, "extrude": 0, "visibility": -1, "OBJECTID": 403.0, "IMPACTS_STREAM": null, "COMMENTS": "PS 06/27", "Shape__Length": 85.628901912962405, "GlobalID": "0ca7d5c3-a509-430f-a299-23d54def1ad3", "CreationDate": "2026-07-15T08:51:43.467", "Creator": "ecollins@usgs.gov_USGS", "EditDate": "2026-07-15T08:51:43.467", "Editor": "ecollins@usgs.gov_USGS", "slope_mean": 47.5, "slope_max": 49.3, "aspect_deg": 5.0, "aspect_R": 1.0, "length_m": 83.7, "n_samp": 7, "aspect_dir": "N" }, "geometry": { "type": "MultiLineString", "coordinates": [ [ [ -66.844314251888207, 10.581901766241497 ], [ -66.844365691132097, 10.582656208485599 ] ] ] } },
{ "type": "Feature", "properties": { "id": "ven2026_inventory_line.399", "tessellate": -1, "extrude": 0, "visibility": -1, "OBJECTID": 404.0, "IMPACTS_STREAM": null, "COMMENTS": "PS 06/27", "Shape__Length": 33.881262828300798, "GlobalID": "33714068-8fdd-4df1-9a59-d53e52a625fb", "CreationDate": "2026-07-15T08:51:43.467", "Creator": "ecollins@usgs.gov_USGS", "EditDate": "2026-07-15T08:51:43.467", "Editor": "ecollins@usgs.gov_USGS", "slope_mean": 49.0, "slope_max": 49.3, "aspect_deg": 2.0, "aspect_R": 1.0, "length_m": 33.1, "n_samp": 4, "aspect_dir": "N" }, "geometry": { "type": "MultiLineString", "coordinates": [ [ [ -66.844554301693094, 10.581936059070799 ], [ -66.844485716034598, 10.582227548119601 ] ] ] } },
{ "type": "Feature", "properties": { "id": "ven2026_inventory_line.400", "tessellate": -1, "extrude": 0, "visibility": -1, "OBJECTID": 405.0, "IMPACTS_STREAM": null, "COMMENTS": "PS 06/27", "Shape__Length": 179.99752135942401, "GlobalID": "c428cfbd-573f-4256-8140-688c4702d87d", "CreationDate": "2026-07-15T08:52:10.933", "Creator": "ecollins@usgs.gov_USGS", "EditDate": "2026-07-15T08:52:10.933", "Editor": "ecollins@usgs.gov_USGS", "slope_mean": 33.9, "slope_max": 42.2, "aspect_deg": 56.0, "aspect_R": 0.99, "length_m": 176.6, "n_samp": 13, "aspect_dir": "NE" }, "geometry": { "type": "MultiLineString", "coordinates": [ [ [ -66.849269565718402, 10.5893604566087 ], [ -66.848532269888906, 10.589857702633198 ], [ -66.848052170279104, 10.589977727535702 ], [ -66.848035023864497, 10.590200630925995 ] ] ] } },
{ "type": "Feature", "properties": { "id": "ven2026_inventory_line.401", "tessellate": -1, "extrude": 0, "visibility": -1, "OBJECTID": 406.0, "IMPACTS_STREAM": null, "COMMENTS": "PS 07/07", "Shape__Length": 37.053075604517602, "GlobalID": "8a3e50c5-d645-41fb-906f-bce3841f3118", "CreationDate": "2026-07-15T08:53:01.924", "Creator": "ecollins@usgs.gov_USGS", "EditDate": "2026-07-15T08:53:01.924", "Editor": "ecollins@usgs.gov_USGS", "slope_mean": 40.9, "slope_max": 48.6, "aspect_deg": 251.0, "aspect_R": 0.99, "length_m": 36.3, "n_samp": 4, "aspect_dir": "W" }, "geometry": { "type": "MultiLineString", "coordinates": [ [ [ -66.8450515884022, 10.584448083700899 ], [ -66.845257341487795, 10.5841908923441 ] ] ] } },
{ "type": "Feature", "properties": { "id": "ven2026_inventory_line.402", "tessellate": -1, "extrude": 0, "visibility": -1, "OBJECTID": 407.0, "IMPACTS_STREAM": null, "COMMENTS": "PS 07/07", "Shape__Length": 129.80571755890401, "GlobalID": "b8c31d16-2e29-4009-a7c1-d36aeb6d3f7c", "CreationDate": "2026-07-15T09:08:51.777", "Creator": "ecollins@usgs.gov_USGS", "EditDate": "2026-07-15T09:08:51.777", "Editor": "ecollins@usgs.gov_USGS", "slope_mean": 38.6, "slope_max": 41.8, "aspect_deg": 244.0, "aspect_R": 0.99, "length_m": 127.7, "n_samp": 10, "aspect_dir": "SW" }, "geometry": { "type": "MultiLineString", "coordinates": [ [ [ -66.812422578263295, 10.561197985041801 ], [ -66.811256644112206, 10.561215131132201 ] ] ] } },
{ "type": "Feature", "properties": { "id": "ven2026_inventory_line.403", "tessellate": -1, "extrude": 0, "visibility": -1, "OBJECTID": 408.0, "IMPACTS_STREAM": null, "COMMENTS": "PS 07/07", "Shape__Length": 31.177520193091301, "GlobalID": "a74d104c-732b-4860-bde8-ec5b5657bacb", "CreationDate": "2026-07-15T09:08:51.777", "Creator": "ecollins@usgs.gov_USGS", "EditDate": "2026-07-15T09:08:51.777", "Editor": "ecollins@usgs.gov_USGS", "slope_mean": 32.6, "slope_max": 34.8, "aspect_deg": 318.0, "aspect_R": 0.99, "length_m": 30.5, "n_samp": 4, "aspect_dir": "NW" }, "geometry": { "type": "MultiLineString", "coordinates": [ [ [ -66.811102329298194, 10.5627754253637 ], [ -66.810965160574597, 10.562535380097398 ] ] ] } },
{ "type": "Feature", "properties": { "id": "ven2026_inventory_line.404", "tessellate": -1, "extrude": 0, "visibility": -1, "OBJECTID": 409.0, "IMPACTS_STREAM": null, "COMMENTS": "PS 07/07", "Shape__Length": 24.234114797304699, "GlobalID": "036613a3-b626-45f1-829b-b1f58edb9c73", "CreationDate": "2026-07-15T09:08:51.777", "Creator": "ecollins@usgs.gov_USGS", "EditDate": "2026-07-15T09:08:51.777", "Editor": "ecollins@usgs.gov_USGS", "slope_mean": 23.5, "slope_max": 27.8, "aspect_deg": 77.0, "aspect_R": 0.81, "length_m": 23.7, "n_samp": 3, "aspect_dir": "E" }, "geometry": { "type": "MultiLineString", "coordinates": [ [ [ -66.805958502161204, 10.5613522998559 ], [ -66.805855625618506, 10.5611636928609 ] ] ] } },
{ "type": "Feature", "properties": { "id": "ven2026_inventory_line.405", "tessellate": -1, "extrude": 0, "visibility": -1, "OBJECTID": 410.0, "IMPACTS_STREAM": null, "COMMENTS": "PS 07/07", "Shape__Length": 25.527321214677301, "GlobalID": "8e5f16f7-8e16-4174-9f34-16ca46160e7e", "CreationDate": "2026-07-15T09:13:09.921", "Creator": "ecollins@usgs.gov_USGS", "EditDate": "2026-07-15T09:13:09.921", "Editor": "ecollins@usgs.gov_USGS", "slope_mean": 37.7, "slope_max": 38.4, "aspect_deg": 334.0, "aspect_R": 1.0, "length_m": 24.9, "n_samp": 3, "aspect_dir": "NW" }, "geometry": { "type": "MultiLineString", "coordinates": [ [ [ -66.813434197600202, 10.557100069422699 ], [ -66.813399905419402, 10.557322968598497 ] ] ] } },
{ "type": "Feature", "properties": { "id": "ven2026_inventory_line.406", "tessellate": -1, "extrude": 0, "visibility": -1, "OBJECTID": 411.0, "IMPACTS_STREAM": null, "COMMENTS": "PS 07/07", "Shape__Length": 37.671659060146098, "GlobalID": "e7e64d23-7d37-4dfd-90ff-de641501e79e", "CreationDate": "2026-07-15T09:13:09.921", "Creator": "ecollins@usgs.gov_USGS", "EditDate": "2026-07-15T09:13:09.921", "Editor": "ecollins@usgs.gov_USGS", "slope_mean": 32.9, "slope_max": 36.7, "aspect_deg": 331.0, "aspect_R": 0.97, "length_m": 36.8, "n_samp": 4, "aspect_dir": "NW" }, "geometry": { "type": "MultiLineString", "coordinates": [ [ [ -66.813468489781201, 10.5591576002774 ], [ -66.813537074143099, 10.5594833759961 ] ] ] } },
{ "type": "Feature", "properties": { "id": "ven2026_inventory_line.407", "tessellate": -1, "extrude": 0, "visibility": -1, "OBJECTID": 412.0, "IMPACTS_STREAM": null, "COMMENTS": "PS 07/07", "Shape__Length": 38.1384930613469, "GlobalID": "3a29121a-e53a-4e84-acde-63b3b7c45ced", "CreationDate": "2026-07-15T09:13:09.921", "Creator": "ecollins@usgs.gov_USGS", "EditDate": "2026-07-15T09:13:09.921", "Editor": "ecollins@usgs.gov_USGS", "slope_mean": 32.0, "slope_max": 40.2, "aspect_deg": 345.0, "aspect_R": 0.99, "length_m": 37.3, "n_samp": 4, "aspect_dir": "N" }, "geometry": { "type": "MultiLineString", "coordinates": [ [ [ -66.813759973318994, 10.5592261846393 ], [ -66.813622804595298, 10.559534814267501 ] ] ] } },
{ "type": "Feature", "properties": { "id": "ven2026_inventory_line.408", "tessellate": -1, "extrude": 0, "visibility": -1, "OBJECTID": 413.0, "IMPACTS_STREAM": null, "COMMENTS": "PS 07/07", "Shape__Length": 58.658578298959, "GlobalID": "65010b33-d40a-465f-bf99-f214144e148f", "CreationDate": "2026-07-15T09:13:09.921", "Creator": "ecollins@usgs.gov_USGS", "EditDate": "2026-07-15T09:13:09.921", "Editor": "ecollins@usgs.gov_USGS", "slope_mean": 39.4, "slope_max": 45.7, "aspect_deg": 274.0, "aspect_R": 0.99, "length_m": 57.6, "n_samp": 5, "aspect_dir": "W" }, "geometry": { "type": "MultiLineString", "coordinates": [ [ [ -66.812045364273303, 10.559449083815199 ], [ -66.812542600896506, 10.559277622910702 ] ] ] } },
{ "type": "Feature", "properties": { "id": "ven2026_inventory_line.409", "tessellate": -1, "extrude": 0, "visibility": -1, "OBJECTID": 414.0, "IMPACTS_STREAM": null, "COMMENTS": "PS 07/07", "Shape__Length": 11.2707903001094, "GlobalID": "d1790c67-d29f-4668-981f-edd39f6f138e", "CreationDate": "2026-07-15T09:13:09.921", "Creator": "ecollins@usgs.gov_USGS", "EditDate": "2026-07-15T09:13:09.921", "Editor": "ecollins@usgs.gov_USGS", "slope_mean": 26.5, "slope_max": 26.7, "aspect_deg": 287.0, "aspect_R": 1.0, "length_m": 11.0, "n_samp": 2, "aspect_dir": "W" }, "geometry": { "type": "MultiLineString", "coordinates": [ [ [ -66.812971253157997, 10.559329061181996 ], [ -66.812919814886598, 10.5594147916343 ] ] ] } },
{ "type": "Feature", "properties": { "id": "ven2026_inventory_line.410", "tessellate": -1, "extrude": 0, "visibility": -1, "OBJECTID": 415.0, "IMPACTS_STREAM": null, "COMMENTS": "PS 07/07", "Shape__Length": 72.918574660507602, "GlobalID": "994704b8-03b1-4c0a-82b0-1e99702bc930", "CreationDate": "2026-07-15T09:14:46.767", "Creator": "ecollins@usgs.gov_USGS", "EditDate": "2026-07-15T09:14:46.767", "Editor": "ecollins@usgs.gov_USGS", "slope_mean": 39.1, "slope_max": 41.9, "aspect_deg": 71.0, "aspect_R": 1.0, "length_m": 71.6, "n_samp": 6, "aspect_dir": "E" }, "geometry": { "type": "MultiLineString", "coordinates": [ [ [ -66.802683598884002, 10.561935266931396 ], [ -66.802357823165295, 10.5618838286601 ], [ -66.802083485718001, 10.562055289564601 ] ] ] } },
{ "type": "Feature", "properties": { "id": "ven2026_inventory_line.411", "tessellate": -1, "extrude": 0, "visibility": -1, "OBJECTID": 416.0, "IMPACTS_STREAM": null, "COMMENTS": "PS 07/07", "Shape__Length": 14.7481688776266, "GlobalID": "f4ba7a09-b4b4-4961-af1f-b7fc69235d4c", "CreationDate": "2026-07-15T09:14:46.767", "Creator": "ecollins@usgs.gov_USGS", "EditDate": "2026-07-15T09:14:46.767", "Editor": "ecollins@usgs.gov_USGS", "slope_mean": 24.7, "slope_max": 31.8, "aspect_deg": 270.0, "aspect_R": 0.63, "length_m": 14.4, "n_samp": 2, "aspect_dir": "W" }, "geometry": { "type": "MultiLineString", "coordinates": [ [ [ -66.799528718239998, 10.563289808077398 ], [ -66.799477279968599, 10.563409830710599 ] ] ] } },
{ "type": "Feature", "properties": { "id": "ven2026_inventory_line.412", "tessellate": -1, "extrude": 0, "visibility": -1, "OBJECTID": 417.0, "IMPACTS_STREAM": null, "COMMENTS": "PS 07/07", "Shape__Length": 49.468092336396197, "GlobalID": "5d4ba522-87df-47e5-9b93-7199f0164e21", "CreationDate": "2026-07-15T09:17:24.468", "Creator": "ecollins@usgs.gov_USGS", "EditDate": "2026-07-15T09:17:24.468", "Editor": "ecollins@usgs.gov_USGS", "slope_mean": 30.6, "slope_max": 34.8, "aspect_deg": 353.0, "aspect_R": 0.95, "length_m": 48.3, "n_samp": 5, "aspect_dir": "N" }, "geometry": { "type": "MultiLineString", "coordinates": [ [ [ -66.806627199689004, 10.555694090005201 ], [ -66.806541469236706, 10.5561227422666 ] ] ] } },
{ "type": "Feature", "properties": { "id": "ven2026_inventory_line.413", "tessellate": -1, "extrude": 0, "visibility": -1, "OBJECTID": 418.0, "IMPACTS_STREAM": null, "COMMENTS": "PS 07/07", "Shape__Length": 39.574328331762104, "GlobalID": "cb31bde8-749f-451d-8246-e29b40d29a56", "CreationDate": "2026-07-15T09:17:24.468", "Creator": "ecollins@usgs.gov_USGS", "EditDate": "2026-07-15T09:17:24.468", "Editor": "ecollins@usgs.gov_USGS", "slope_mean": 22.7, "slope_max": 24.3, "aspect_deg": 123.0, "aspect_R": 0.9, "length_m": 38.7, "n_samp": 4, "aspect_dir": "SE" }, "geometry": { "type": "MultiLineString", "coordinates": [ [ [ -66.803129397235793, 10.554905369844198 ], [ -66.803197981597705, 10.554562448035098 ] ] ] } },
{ "type": "Feature", "properties": { "id": "ven2026_inventory_line.414", "tessellate": -1, "extrude": 0, "visibility": -1, "OBJECTID": 419.0, "IMPACTS_STREAM": null, "COMMENTS": "PS 07/07", "Shape__Length": 56.219957419978599, "GlobalID": "dadd4e62-f2d9-4204-8ebb-5b7bbd1fa8c7", "CreationDate": "2026-07-15T09:17:24.468", "Creator": "ecollins@usgs.gov_USGS", "EditDate": "2026-07-15T09:17:24.468", "Editor": "ecollins@usgs.gov_USGS", "slope_mean": 25.5, "slope_max": 36.8, "aspect_deg": 83.0, "aspect_R": 0.73, "length_m": 55.1, "n_samp": 5, "aspect_dir": "E" }, "geometry": { "type": "MultiLineString", "coordinates": [ [ [ -66.801946316994403, 10.555934135271599 ], [ -66.801860586542006, 10.556174180537997 ], [ -66.801637687366096, 10.556277057080699 ] ] ] } },
{ "type": "Feature", "properties": { "id": "ven2026_inventory_line.415", "tessellate": -1, "extrude": 0, "visibility": -1, "OBJECTID": 420.0, "IMPACTS_STREAM": null, "COMMENTS": "PS 07/07", "Shape__Length": 26.2543081299861, "GlobalID": "ef9eebe9-dc13-426b-8ee6-7e4d5dd38ea5", "CreationDate": "2026-07-15T09:17:24.468", "Creator": "ecollins@usgs.gov_USGS", "EditDate": "2026-07-15T09:17:24.468", "Editor": "ecollins@usgs.gov_USGS", "slope_mean": 33.9, "slope_max": 34.5, "aspect_deg": 262.0, "aspect_R": 1.0, "length_m": 25.7, "n_samp": 3, "aspect_dir": "W" }, "geometry": { "type": "MultiLineString", "coordinates": [ [ [ -66.800300292310496, 10.5577173286791 ], [ -66.800437461034207, 10.557528721683999 ] ] ] } },
{ "type": "Feature", "properties": { "id": "ven2026_inventory_line.416", "tessellate": -1, "extrude": 0, "visibility": -1, "OBJECTID": 421.0, "IMPACTS_STREAM": null, "COMMENTS": null, "Shape__Length": 194.676232985046, "GlobalID": "5f3437e1-19c7-4e04-88a5-c382a4d33605", "CreationDate": "2026-07-15T09:32:43.725", "Creator": "kallstadt@usgs.gov_USGS", "EditDate": "2026-07-15T09:32:43.725", "Editor": "kallstadt@usgs.gov_USGS", "slope_mean": 45.6, "slope_max": 49.1, "aspect_deg": 75.0, "aspect_R": 0.95, "length_m": 191.1, "n_samp": 14, "aspect_dir": "E" }, "geometry": { "type": "MultiLineString", "coordinates": [ [ [ -66.756045011701005, 10.593659128453599 ], [ -66.755497452530193, 10.593968618419797 ], [ -66.754997507200301, 10.594301915306396 ], [ -66.7545451757113, 10.594539984511098 ] ] ] } },
{ "type": "Feature", "properties": { "id": "ven2026_inventory_line.417", "tessellate": -1, "extrude": 0, "visibility": -1, "OBJECTID": 422.0, "IMPACTS_STREAM": null, "COMMENTS": null, "Shape__Length": 82.192585650258593, "GlobalID": "83ef9f44-50a6-40bb-9030-c39ca35bd212", "CreationDate": "2026-07-15T09:32:43.725", "Creator": "kallstadt@usgs.gov_USGS", "EditDate": "2026-07-15T09:32:43.725", "Editor": "kallstadt@usgs.gov_USGS", "slope_mean": 49.5, "slope_max": 51.3, "aspect_deg": 52.0, "aspect_R": 1.0, "length_m": 80.7, "n_samp": 7, "aspect_dir": "NE" }, "geometry": { "type": "MultiLineString", "coordinates": [ [ [ -66.7560688186215, 10.593159183123698 ], [ -66.755426031768806, 10.593516286930699 ] ] ] } },
{ "type": "Feature", "properties": { "id": "ven2026_inventory_line.418", "tessellate": -1, "extrude": 0, "visibility": -1, "OBJECTID": 423.0, "IMPACTS_STREAM": null, "COMMENTS": null, "Shape__Length": 68.089638402113806, "GlobalID": "2aacdf2f-41a9-4efd-877b-62e6755d5897", "CreationDate": "2026-07-15T09:32:43.725", "Creator": "kallstadt@usgs.gov_USGS", "EditDate": "2026-07-15T09:32:43.725", "Editor": "kallstadt@usgs.gov_USGS", "slope_mean": 48.4, "slope_max": 50.1, "aspect_deg": 60.0, "aspect_R": 0.99, "length_m": 66.8, "n_samp": 6, "aspect_dir": "NE" }, "geometry": { "type": "MultiLineString", "coordinates": [ [ [ -66.755592680212104, 10.591373664088298 ], [ -66.755140348723103, 10.591778381736301 ] ] ] } },
{ "type": "Feature", "properties": { "id": "ven2026_inventory_line.419", "tessellate": -1, "extrude": 0, "visibility": -1, "OBJECTID": 424.0, "IMPACTS_STREAM": null, "COMMENTS": null, "Shape__Length": 34.298613175450299, "GlobalID": "ca2bda3f-3c1f-4efc-a64a-25806517324d", "CreationDate": "2026-07-15T09:32:43.725", "Creator": "kallstadt@usgs.gov_USGS", "EditDate": "2026-07-15T09:32:43.725", "Editor": "kallstadt@usgs.gov_USGS", "slope_mean": 40.2, "slope_max": 42.3, "aspect_deg": 43.0, "aspect_R": 1.0, "length_m": 33.6, "n_samp": 4, "aspect_dir": "NE" }, "geometry": { "type": "MultiLineString", "coordinates": [ [ [ -66.754878472597895, 10.590421387269396 ], [ -66.754688017234102, 10.590659456474198 ] ] ] } },
{ "type": "Feature", "properties": { "id": "ven2026_inventory_line.420", "tessellate": -1, "extrude": 0, "visibility": -1, "OBJECTID": 425.0, "IMPACTS_STREAM": null, "COMMENTS": null, "Shape__Length": 15.1221546935354, "GlobalID": "1c18a500-a4b4-4d8d-bc92-d223632a6ca8", "CreationDate": "2026-07-15T09:32:43.725", "Creator": "kallstadt@usgs.gov_USGS", "EditDate": "2026-07-15T09:32:43.725", "Editor": "kallstadt@usgs.gov_USGS", "slope_mean": 51.0, "slope_max": 51.0, "aspect_deg": 59.0, "aspect_R": 1.0, "length_m": 14.8, "n_samp": 2, "aspect_dir": "NE" }, "geometry": { "type": "MultiLineString", "coordinates": [ [ [ -66.755783135575797, 10.592421168589098 ], [ -66.755687907893901, 10.5925163962709 ] ] ] } },
{ "type": "Feature", "properties": { "id": "ven2026_inventory_line.421", "tessellate": -1, "extrude": 0, "visibility": -1, "OBJECTID": 426.0, "IMPACTS_STREAM": null, "COMMENTS": null, "Shape__Length": 21.4581613112341, "GlobalID": "500dbd65-df90-4150-bdee-067a6492f1ff", "CreationDate": "2026-07-15T09:32:43.725", "Creator": "kallstadt@usgs.gov_USGS", "EditDate": "2026-07-15T09:32:43.725", "Editor": "kallstadt@usgs.gov_USGS", "slope_mean": 49.1, "slope_max": 50.7, "aspect_deg": 51.0, "aspect_R": 1.0, "length_m": 21.1, "n_samp": 3, "aspect_dir": "NE" }, "geometry": { "type": "MultiLineString", "coordinates": [ [ [ -66.755259383325495, 10.5926116239528 ], [ -66.755092734882197, 10.5927068516347 ] ] ] } },
{ "type": "Feature", "properties": { "id": "ven2026_inventory_line.422", "tessellate": -1, "extrude": 0, "visibility": -1, "OBJECTID": 427.0, "IMPACTS_STREAM": "Y", "COMMENTS": null, "Shape__Length": 59.483249683255103, "GlobalID": "00866ea7-aa1e-481d-b472-7885f2579c23", "CreationDate": "2026-07-15T09:32:43.725", "Creator": "kallstadt@usgs.gov_USGS", "EditDate": "2026-07-15T09:32:43.725", "Editor": "kallstadt@usgs.gov_USGS", "slope_mean": 23.5, "slope_max": 41.6, "aspect_deg": 47.0, "aspect_R": 0.5, "length_m": 58.1, "n_samp": 5, "aspect_dir": "NE" }, "geometry": { "type": "MultiLineString", "coordinates": [ [ [ -66.749996880463016, 10.586920214394798 ], [ -66.750054896637394, 10.587442359964601 ] ] ] } },
{ "type": "Feature", "properties": { "id": "ven2026_inventory_line.423", "tessellate": -1, "extrude": 0, "visibility": -1, "OBJECTID": 428.0, "IMPACTS_STREAM": "Y", "COMMENTS": null, "Shape__Length": 24.370635565653401, "GlobalID": "461bef16-b841-49fd-884c-b3dd4be6dd72", "CreationDate": "2026-07-15T09:32:43.725", "Creator": "kallstadt@usgs.gov_USGS", "EditDate": "2026-07-15T09:32:43.725", "Editor": "kallstadt@usgs.gov_USGS", "slope_mean": 21.2, "slope_max": 28.1, "aspect_deg": 84.0, "aspect_R": 1.0, "length_m": 23.9, "n_samp": 3, "aspect_dir": "E" }, "geometry": { "type": "MultiLineString", "coordinates": [ [ [ -66.749663287459995, 10.589458422025698 ], [ -66.749489238936803, 10.589588958418203 ] ] ] } },
{ "type": "Feature", "properties": { "id": "ven2026_inventory_line.424", "tessellate": -1, "extrude": 0, "visibility": -1, "OBJECTID": 429.0, "IMPACTS_STREAM": "Y", "COMMENTS": null, "Shape__Length": 19.591543889127099, "GlobalID": "1c74ff15-4660-45e5-ad18-49456d388fd0", "CreationDate": "2026-07-15T09:32:43.725", "Creator": "kallstadt@usgs.gov_USGS", "EditDate": "2026-07-15T09:32:43.725", "Editor": "kallstadt@usgs.gov_USGS", "slope_mean": 14.0, "slope_max": 28.1, "aspect_deg": 87.0, "aspect_R": 1.0, "length_m": 19.2, "n_samp": 3, "aspect_dir": "E" }, "geometry": { "type": "MultiLineString", "coordinates": [ [ [ -66.749460230849607, 10.589371397764101 ], [ -66.749329694457103, 10.589487430112898 ] ] ] } },
{ "type": "Feature", "properties": { "id": "ven2026_inventory_line.425", "tessellate": -1, "extrude": 0, "visibility": -1, "OBJECTID": 430.0, "IMPACTS_STREAM": "Y", "COMMENTS": "Dammed area? Not water buildup obvious", "Shape__Length": 18.5299456649612, "GlobalID": "c7bb5009-a1ee-45d0-b3ca-cf940810f52a", "CreationDate": "2026-07-15T09:32:43.725", "Creator": "kallstadt@usgs.gov_USGS", "EditDate": "2026-07-15T09:32:43.725", "Editor": "kallstadt@usgs.gov_USGS", "slope_mean": 31.2, "slope_max": 31.2, "aspect_deg": 58.0, "aspect_R": 1.0, "length_m": 18.2, "n_samp": 3, "aspect_dir": "NE" }, "geometry": { "type": "MultiLineString", "coordinates": [ [ [ -66.749851840026906, 10.589588958418199 ], [ -66.749721303634402, 10.589690486723399 ] ] ] } },
{ "type": "Feature", "properties": { "id": "ven2026_inventory_line.426", "tessellate": -1, "extrude": 0, "visibility": -1, "OBJECTID": 431.0, "IMPACTS_STREAM": null, "COMMENTS": null, "Shape__Length": 74.741342504159206, "GlobalID": "7adca87d-d575-4ae1-9d92-f4733e2dc04f", "CreationDate": "2026-07-15T09:32:43.725", "Creator": "kallstadt@usgs.gov_USGS", "EditDate": "2026-07-15T09:32:43.725", "Editor": "kallstadt@usgs.gov_USGS", "slope_mean": 45.3, "slope_max": 48.2, "aspect_deg": 84.0, "aspect_R": 1.0, "length_m": 73.5, "n_samp": 6, "aspect_dir": "E" }, "geometry": { "type": "MultiLineString", "coordinates": [ [ [ -66.751099187777001, 10.5901981282496 ], [ -66.750765594773995, 10.590241640380498 ], [ -66.750432001771202, 10.5902126322933 ] ] ] } },
{ "type": "Feature", "properties": { "id": "ven2026_inventory_line.427", "tessellate": -1, "extrude": 0, "visibility": -1, "OBJECTID": 432.0, "IMPACTS_STREAM": null, "COMMENTS": "PS 07/07", "Shape__Length": 39.4638956863065, "GlobalID": "b57be3c1-9c57-4cf4-8d7c-5747bf3bdca6", "CreationDate": "2026-07-15T09:35:04.195", "Creator": "ecollins@usgs.gov_USGS", "EditDate": "2026-07-15T09:35:04.195", "Editor": "ecollins@usgs.gov_USGS", "slope_mean": 43.1, "slope_max": 44.5, "aspect_deg": 118.0, "aspect_R": 1.0, "length_m": 38.8, "n_samp": 4, "aspect_dir": "SE" }, "geometry": { "type": "MultiLineString", "coordinates": [ [ [ -66.806815878655598, 10.552144903739899 ], [ -66.806507241339006, 10.551973438564 ] ] ] } },
{ "type": "Feature", "properties": { "id": "ven2026_inventory_line.428", "tessellate": -1, "extrude": 0, "visibility": -1, "OBJECTID": 433.0, "IMPACTS_STREAM": null, "COMMENTS": "PS 07/07", "Shape__Length": 87.1729169193258, "GlobalID": "e70fae9d-57c1-48ee-9963-1f72bf88e195", "CreationDate": "2026-07-15T09:35:04.195", "Creator": "ecollins@usgs.gov_USGS", "EditDate": "2026-07-15T09:35:04.195", "Editor": "ecollins@usgs.gov_USGS", "slope_mean": 39.7, "slope_max": 46.3, "aspect_deg": 122.0, "aspect_R": 1.0, "length_m": 85.4, "n_samp": 7, "aspect_dir": "SE" }, "geometry": { "type": "MultiLineString", "coordinates": [ [ [ -66.805701355012417, 10.5520934641871 ], [ -66.805529889836507, 10.551819119905698 ], [ -66.805169812967193, 10.5515447756244 ] ] ] } },
{ "type": "Feature", "properties": { "id": "ven2026_inventory_line.429", "tessellate": -1, "extrude": 0, "visibility": -1, "OBJECTID": 434.0, "IMPACTS_STREAM": null, "COMMENTS": "PS 07/07", "Shape__Length": 37.4951367059437, "GlobalID": "6ff8377b-5c40-44d7-b2e8-689ff4612a9e", "CreationDate": "2026-07-15T09:35:04.195", "Creator": "ecollins@usgs.gov_USGS", "EditDate": "2026-07-15T09:35:04.195", "Editor": "ecollins@usgs.gov_USGS", "slope_mean": 35.5, "slope_max": 42.6, "aspect_deg": 127.0, "aspect_R": 0.94, "length_m": 36.7, "n_samp": 4, "aspect_dir": "SE" }, "geometry": { "type": "MultiLineString", "coordinates": [ [ [ -66.805118373414402, 10.552076317669499 ], [ -66.804929761720899, 10.551801973388198 ] ] ] } },
{ "type": "Feature", "properties": { "id": "ven2026_inventory_line.430", "tessellate": -1, "extrude": 0, "visibility": -1, "OBJECTID": 435.0, "IMPACTS_STREAM": null, "COMMENTS": "PS 07/07", "Shape__Length": 49.395239777134499, "GlobalID": "86564f0a-3cfb-45ba-ac47-d17394d0a54c", "CreationDate": "2026-07-15T09:35:04.195", "Creator": "ecollins@usgs.gov_USGS", "EditDate": "2026-07-15T09:35:04.195", "Editor": "ecollins@usgs.gov_USGS", "slope_mean": 34.1, "slope_max": 39.1, "aspect_deg": 145.0, "aspect_R": 1.0, "length_m": 48.4, "n_samp": 5, "aspect_dir": "SE" }, "geometry": { "type": "MultiLineString", "coordinates": [ [ [ -66.804758296545103, 10.552230636327797 ], [ -66.804689710474705, 10.552024878116804 ], [ -66.804483952263695, 10.551939145528799 ] ] ] } },
{ "type": "Feature", "properties": { "id": "ven2026_inventory_line.431", "tessellate": -1, "extrude": 0, "visibility": -1, "OBJECTID": 436.0, "IMPACTS_STREAM": null, "COMMENTS": "PS 07/07", "Shape__Length": 77.5803786719746, "GlobalID": "375e89fa-8f82-4f55-9d3e-1838e91e90ce", "CreationDate": "2026-07-15T09:35:04.195", "Creator": "ecollins@usgs.gov_USGS", "EditDate": "2026-07-15T09:35:04.195", "Editor": "ecollins@usgs.gov_USGS", "slope_mean": 41.8, "slope_max": 44.9, "aspect_deg": 103.0, "aspect_R": 0.94, "length_m": 76.2, "n_samp": 7, "aspect_dir": "E" }, "geometry": { "type": "MultiLineString", "coordinates": [ [ [ -66.806867318208305, 10.551236138307798 ], [ -66.806275763351593, 10.550873918123701 ] ] ] } },
{ "type": "Feature", "properties": { "id": "ven2026_inventory_line.432", "tessellate": -1, "extrude": 0, "visibility": -1, "OBJECTID": 437.0, "IMPACTS_STREAM": null, "COMMENTS": null, "Shape__Length": 53.468142722030699, "GlobalID": "ab95a27b-72e1-4772-99b7-6c9f2eeb8232", "CreationDate": "2026-07-15T09:35:33.912", "Creator": "kallstadt@usgs.gov_USGS", "EditDate": "2026-07-15T09:35:33.912", "Editor": "kallstadt@usgs.gov_USGS", "slope_mean": 48.3, "slope_max": 50.2, "aspect_deg": 106.0, "aspect_R": 1.0, "length_m": 52.5, "n_samp": 5, "aspect_dir": "E" }, "geometry": { "type": "MultiLineString", "coordinates": [ [ [ -66.75493430376541, 10.5974267511344 ], [ -66.754698300112096, 10.597372288752901 ], [ -66.754498604713206, 10.597245209862699 ] ] ] } },
{ "type": "Feature", "properties": { "id": "ven2026_inventory_line.433", "tessellate": -1, "extrude": 0, "visibility": -1, "OBJECTID": 438.0, "IMPACTS_STREAM": null, "COMMENTS": "reactivation? PS 07/07", "Shape__Length": 319.900353934375, "GlobalID": "66bba0aa-fd47-4c65-b8c8-67ff277be378", "CreationDate": "2026-07-15T09:36:37.757", "Creator": "ecollins@usgs.gov_USGS", "EditDate": "2026-07-15T09:36:37.757", "Editor": "ecollins@usgs.gov_USGS", "slope_mean": 46.5, "slope_max": 53.6, "aspect_deg": 17.0, "aspect_R": 0.99, "length_m": 312.9, "n_samp": 22, "aspect_dir": "N" }, "geometry": { "type": "MultiLineString", "coordinates": [ [ [ -66.798287629470494, 10.547279579374402 ], [ -66.797550329214204, 10.548308370429698 ], [ -66.797447450108706, 10.549114256756198 ], [ -66.797447450108706, 10.5498687035301 ] ] ] } },
{ "type": "Feature", "properties": { "id": "ven2026_inventory_line.434", "tessellate": -1, "extrude": 0, "visibility": -1, "OBJECTID": 439.0, "IMPACTS_STREAM": null, "COMMENTS": "Unsure of extent. PS 07/07", "Shape__Length": 143.82127533296801, "GlobalID": "4bd046eb-16a2-4f4f-91ab-6582428890de", "CreationDate": "2026-07-15T09:36:37.757", "Creator": "ecollins@usgs.gov_USGS", "EditDate": "2026-07-15T09:36:37.757", "Editor": "ecollins@usgs.gov_USGS", "slope_mean": 50.1, "slope_max": 52.6, "aspect_deg": 359.0, "aspect_R": 1.0, "length_m": 140.5, "n_samp": 11, "aspect_dir": "N" }, "geometry": { "type": "MultiLineString", "coordinates": [ [ [ -66.798819171515703, 10.547965440077901 ], [ -66.798836318033196, 10.548719886851799 ], [ -66.798870611068494, 10.549234282379398 ] ] ] } },
{ "type": "Feature", "properties": { "id": "ven2026_inventory_line.435", "tessellate": -1, "extrude": 0, "visibility": -1, "OBJECTID": 440.0, "IMPACTS_STREAM": null, "COMMENTS": "PS 07/07", "Shape__Length": 40.951168768875597, "GlobalID": "eb467fdb-e702-4fca-bae9-82a49b060cb8", "CreationDate": "2026-07-15T09:36:37.757", "Creator": "ecollins@usgs.gov_USGS", "EditDate": "2026-07-15T09:36:37.757", "Editor": "ecollins@usgs.gov_USGS", "slope_mean": 35.7, "slope_max": 36.1, "aspect_deg": 11.0, "aspect_R": 1.0, "length_m": 40.0, "n_samp": 4, "aspect_dir": "N" }, "geometry": { "type": "MultiLineString", "coordinates": [ [ [ -66.795166963269494, 10.550040168705999 ], [ -66.795132670234395, 10.550400245575302 ] ] ] } },
{ "type": "Feature", "properties": { "id": "ven2026_inventory_line.436", "tessellate": -1, "extrude": 0, "visibility": -1, "OBJECTID": 441.0, "IMPACTS_STREAM": null, "COMMENTS": "PS 07/07", "Shape__Length": 31.511856922588599, "GlobalID": "875929aa-223e-4177-bf20-0b18eb9319ed", "CreationDate": "2026-07-15T09:39:47.418", "Creator": "ecollins@usgs.gov_USGS", "EditDate": "2026-07-15T09:39:47.418", "Editor": "ecollins@usgs.gov_USGS", "slope_mean": 42.4, "slope_max": 43.4, "aspect_deg": 28.0, "aspect_R": 0.99, "length_m": 31.0, "n_samp": 4, "aspect_dir": "NE" }, "geometry": { "type": "MultiLineString", "coordinates": [ [ [ -66.798579120269395, 10.547605363208598 ], [ -66.798304775988001, 10.5476739492789 ] ] ] } },
{ "type": "Feature", "properties": { "id": "ven2026_inventory_line.437", "tessellate": -1, "extrude": 0, "visibility": -1, "OBJECTID": 442.0, "IMPACTS_STREAM": null, "COMMENTS": "PS 06/27", "Shape__Length": 25.1774428092778, "GlobalID": "64130700-1e9f-42da-9c3f-8a452680d5cd", "CreationDate": "2026-07-15T09:39:47.418", "Creator": "ecollins@usgs.gov_USGS", "EditDate": "2026-07-15T09:39:47.418", "Editor": "ecollins@usgs.gov_USGS", "slope_mean": 42.4, "slope_max": 42.9, "aspect_deg": 12.0, "aspect_R": 1.0, "length_m": 24.6, "n_samp": 3, "aspect_dir": "N" }, "geometry": { "type": "MultiLineString", "coordinates": [ [ [ -66.806380785771907, 10.546885209469899 ], [ -66.806295053184002, 10.5470909676809 ] ] ] } },
{ "type": "Feature", "properties": { "id": "ven2026_inventory_line.438", "tessellate": -1, "extrude": 0, "visibility": -1, "OBJECTID": 443.0, "IMPACTS_STREAM": null, "COMMENTS": "reactivation? PS 06/27", "Shape__Length": 63.8072830527924, "GlobalID": "b1112ddb-289b-48f0-bb4b-508528bcbc81", "CreationDate": "2026-07-15T09:39:47.418", "Creator": "ecollins@usgs.gov_USGS", "EditDate": "2026-07-15T09:39:47.418", "Editor": "ecollins@usgs.gov_USGS", "slope_mean": 40.2, "slope_max": 42.6, "aspect_deg": 46.0, "aspect_R": 0.99, "length_m": 62.6, "n_samp": 6, "aspect_dir": "NE" }, "geometry": { "type": "MultiLineString", "coordinates": [ [ [ -66.805386287751801, 10.545942151002501 ], [ -66.805146236505607, 10.5459764440377 ], [ -66.804923331776905, 10.546216495283899 ] ] ] } },
{ "type": "Feature", "properties": { "id": "ven2026_inventory_line.439", "tessellate": -1, "extrude": 0, "visibility": -1, "OBJECTID": 444.0, "IMPACTS_STREAM": null, "COMMENTS": "PS 06/27", "Shape__Length": 336.83899671405499, "GlobalID": "963cc743-9902-4539-8949-d6cb1ea6b052", "CreationDate": "2026-07-15T09:39:47.418", "Creator": "ecollins@usgs.gov_USGS", "EditDate": "2026-07-15T09:39:47.418", "Editor": "ecollins@usgs.gov_USGS", "slope_mean": 40.7, "slope_max": 42.9, "aspect_deg": 359.0, "aspect_R": 0.98, "length_m": 329.3, "n_samp": 23, "aspect_dir": "N" }, "geometry": { "type": "MultiLineString", "coordinates": [ [ [ -66.803568756887501, 10.543884568892 ], [ -66.803448731264396, 10.544656162183498 ], [ -66.803397291711605, 10.5461993487664 ], [ -66.803071507877405, 10.5467651838468 ] ] ] } },
{ "type": "Feature", "properties": { "id": "ven2026_inventory_line.440", "tessellate": -1, "extrude": 0, "visibility": -1, "OBJECTID": 445.0, "IMPACTS_STREAM": null, "COMMENTS": "PS 06/27", "Shape__Length": 86.700910355383996, "GlobalID": "1381b94f-d434-455e-9493-71e6cf14be00", "CreationDate": "2026-07-15T09:39:47.418", "Creator": "ecollins@usgs.gov_USGS", "EditDate": "2026-07-15T09:39:47.418", "Editor": "ecollins@usgs.gov_USGS", "slope_mean": 39.5, "slope_max": 42.0, "aspect_deg": 340.0, "aspect_R": 1.0, "length_m": 84.8, "n_samp": 7, "aspect_dir": "N" }, "geometry": { "type": "MultiLineString", "coordinates": [ [ [ -66.803740222063297, 10.545084825123199 ], [ -66.804048859379904, 10.545787832344303 ] ] ] } },
{ "type": "Feature", "properties": { "id": "ven2026_inventory_line.441", "tessellate": -1, "extrude": 0, "visibility": -1, "OBJECTID": 446.0, "IMPACTS_STREAM": null, "COMMENTS": "reactivation? PS 06/27", "Shape__Length": 154.497023439678, "GlobalID": "f61bff0e-517c-4583-8706-2f6af370ca3f", "CreationDate": "2026-07-15T09:39:47.418", "Creator": "ecollins@usgs.gov_USGS", "EditDate": "2026-07-15T09:39:47.418", "Editor": "ecollins@usgs.gov_USGS", "slope_mean": 50.1, "slope_max": 53.2, "aspect_deg": 5.0, "aspect_R": 0.98, "length_m": 151.1, "n_samp": 12, "aspect_dir": "N" }, "geometry": { "type": "MultiLineString", "coordinates": [ [ [ -66.802094156374906, 10.548154051771402 ], [ -66.802419940209106, 10.548771326404497 ], [ -66.802574258867395, 10.549422894072899 ] ] ] } },
{ "type": "Feature", "properties": { "id": "ven2026_inventory_line.442", "tessellate": -1, "extrude": 0, "visibility": -1, "OBJECTID": 447.0, "IMPACTS_STREAM": null, "COMMENTS": "PS 06/27", "Shape__Length": 23.568927441684099, "GlobalID": "6fa6d701-1480-4824-ac08-c60a2deb5c8f", "CreationDate": "2026-07-15T09:42:55.598", "Creator": "ecollins@usgs.gov_USGS", "EditDate": "2026-07-15T09:42:55.598", "Editor": "ecollins@usgs.gov_USGS", "slope_mean": 35.3, "slope_max": 39.0, "aspect_deg": 37.0, "aspect_R": 1.0, "length_m": 23.1, "n_samp": 3, "aspect_dir": "NE" }, "geometry": { "type": "MultiLineString", "coordinates": [ [ [ -66.799385006596097, 10.552492120720999 ], [ -66.799264980972893, 10.552663585896999 ] ] ] } },
{ "type": "Feature", "properties": { "id": "ven2026_inventory_line.443", "tessellate": -1, "extrude": 0, "visibility": -1, "OBJECTID": 448.0, "IMPACTS_STREAM": null, "COMMENTS": "PS 06/27", "Shape__Length": 23.6096086914946, "GlobalID": "082e1705-7bb8-4c63-aedc-c681de935eab", "CreationDate": "2026-07-15T09:42:55.598", "Creator": "ecollins@usgs.gov_USGS", "EditDate": "2026-07-15T09:42:55.598", "Editor": "ecollins@usgs.gov_USGS", "slope_mean": 34.6, "slope_max": 38.2, "aspect_deg": 14.0, "aspect_R": 0.98, "length_m": 23.1, "n_samp": 3, "aspect_dir": "N" }, "geometry": { "type": "MultiLineString", "coordinates": [ [ [ -66.799076369279504, 10.5523206555452 ], [ -66.799042076244305, 10.552526413756199 ] ] ] } },
{ "type": "Feature", "properties": { "id": "ven2026_inventory_line.444", "tessellate": -1, "extrude": 0, "visibility": -1, "OBJECTID": 449.0, "IMPACTS_STREAM": null, "COMMENTS": "PS 06/27", "Shape__Length": 12.9807423143465, "GlobalID": "91945b8f-111a-4985-a078-91d90a2bf0d4", "CreationDate": "2026-07-15T09:42:55.598", "Creator": "ecollins@usgs.gov_USGS", "EditDate": "2026-07-15T09:42:55.598", "Editor": "ecollins@usgs.gov_USGS", "slope_mean": 26.6, "slope_max": 41.2, "aspect_deg": 360.0, "aspect_R": 0.98, "length_m": 12.7, "n_samp": 2, "aspect_dir": "N" }, "geometry": { "type": "MultiLineString", "coordinates": [ [ [ -66.7980132851891, 10.552269215992398 ], [ -66.798064724741806, 10.552372095097896 ] ] ] } },
{ "type": "Feature", "properties": { "id": "ven2026_inventory_line.445", "tessellate": -1, "extrude": 0, "visibility": -1, "OBJECTID": 450.0, "IMPACTS_STREAM": null, "COMMENTS": "PS 06/27, ~600m runout", "Shape__Length": 660.66998296522002, "GlobalID": "5505715b-a0ca-4ce7-a1de-2d2ae1de54e7", "CreationDate": "2026-07-15T09:42:55.598", "Creator": "ecollins@usgs.gov_USGS", "EditDate": "2026-07-15T09:42:55.598", "Editor": "ecollins@usgs.gov_USGS", "slope_mean": 41.1, "slope_max": 48.9, "aspect_deg": 357.0, "aspect_R": 0.98, "length_m": 646.0, "n_samp": 45, "aspect_dir": "N" }, "geometry": { "type": "MultiLineString", "coordinates": [ [ [ -66.794652567741906, 10.541878426334202 ], [ -66.795046937646404, 10.542392821861901 ], [ -66.794978351576006, 10.543267294258801 ], [ -66.795372721480504, 10.543936008444804 ], [ -66.7952184028223, 10.544793334324197 ], [ -66.795098377199096, 10.545393462439801 ], [ -66.795064084163997, 10.5465937186709 ], [ -66.795046937646404, 10.5471424072337 ], [ -66.795149816751902, 10.5474338980327 ] ] ] } },
{ "type": "Feature", "properties": { "id": "ven2026_inventory_line.446", "tessellate": -1, "extrude": 0, "visibility": -1, "OBJECTID": 451.0, "IMPACTS_STREAM": null, "COMMENTS": "source area still cloudy, PS 06/27", "Shape__Length": 526.183156527851, "GlobalID": "934087bb-0718-4ebd-991c-1eb4e980612d", "CreationDate": "2026-07-15T09:42:55.598", "Creator": "ecollins@usgs.gov_USGS", "EditDate": "2026-07-15T09:42:55.598", "Editor": "ecollins@usgs.gov_USGS", "slope_mean": 38.9, "slope_max": 47.0, "aspect_deg": 354.0, "aspect_R": 0.97, "length_m": 514.6, "n_samp": 36, "aspect_dir": "N" }, "geometry": { "type": "MultiLineString", "coordinates": [ [ [ -66.793778095344905, 10.543010096495001 ], [ -66.793297992852402, 10.543987447997498 ], [ -66.793023648571094, 10.544896213429698 ], [ -66.793057941606193, 10.5454963415453 ], [ -66.793675216239293, 10.546713744293998 ], [ -66.793829534897597, 10.5473481654448 ] ] ] } },
{ "type": "Feature", "properties": { "id": "ven2026_inventory_line.447", "tessellate": -1, "extrude": 0, "visibility": -1, "OBJECTID": 452.0, "IMPACTS_STREAM": null, "COMMENTS": "PS 06/27", "Shape__Length": 30.109304468381499, "GlobalID": "ac6eb0c8-cd0a-4a77-ad31-b0762ee8dbb9", "CreationDate": "2026-07-15T09:43:47.572", "Creator": "ecollins@usgs.gov_USGS", "EditDate": "2026-07-15T09:43:47.572", "Editor": "ecollins@usgs.gov_USGS", "slope_mean": 32.6, "slope_max": 42.5, "aspect_deg": 353.0, "aspect_R": 1.0, "length_m": 29.4, "n_samp": 3, "aspect_dir": "N" }, "geometry": { "type": "MultiLineString", "coordinates": [ [ [ -66.792702151366299, 10.549384314408297 ], [ -66.792693578107503, 10.549650085430901 ] ] ] } },
{ "type": "Feature", "properties": { "id": "ven2026_inventory_line.448", "tessellate": -1, "extrude": 0, "visibility": -1, "OBJECTID": 453.0, "IMPACTS_STREAM": null, "COMMENTS": "PS 06/27", "Shape__Length": 107.806002820077, "GlobalID": "2d4a7496-c3ab-4b1a-90f0-df98c3a87c8d", "CreationDate": "2026-07-15T09:45:45.092", "Creator": "ecollins@usgs.gov_USGS", "EditDate": "2026-07-15T09:45:45.092", "Editor": "ecollins@usgs.gov_USGS", "slope_mean": 41.8, "slope_max": 43.4, "aspect_deg": 7.0, "aspect_R": 1.0, "length_m": 105.4, "n_samp": 9, "aspect_dir": "N" }, "geometry": { "type": "MultiLineString", "coordinates": [ [ [ -66.802199586369611, 10.542167907920298 ], [ -66.802286278424305, 10.542442432760399 ], [ -66.802286278424305, 10.543107071846901 ] ] ] } },
{ "type": "Feature", "properties": { "id": "ven2026_inventory_line.449", "tessellate": -1, "extrude": 0, "visibility": -1, "OBJECTID": 454.0, "IMPACTS_STREAM": null, "COMMENTS": "PS 06/27", "Shape__Length": 159.885543598498, "GlobalID": "34bcca91-b40a-4236-b741-64fa27aa4a7c", "CreationDate": "2026-07-15T09:45:45.092", "Creator": "ecollins@usgs.gov_USGS", "EditDate": "2026-07-15T09:45:45.092", "Editor": "ecollins@usgs.gov_USGS", "slope_mean": 41.6, "slope_max": 46.3, "aspect_deg": 11.0, "aspect_R": 0.99, "length_m": 156.3, "n_samp": 12, "aspect_dir": "N" }, "geometry": { "type": "MultiLineString", "coordinates": [ [ [ -66.8025463545886, 10.542182356595999 ], [ -66.802488559885404, 10.542688060248897 ], [ -66.802416316506495, 10.543193763901698 ], [ -66.802300727100103, 10.543569429472399 ] ] ] } },
{ "type": "Feature", "properties": { "id": "ven2026_inventory_line.450", "tessellate": -1, "extrude": 0, "visibility": -1, "OBJECTID": 455.0, "IMPACTS_STREAM": null, "COMMENTS": "PS 06/27", "Shape__Length": 84.973781555316606, "GlobalID": "fc39d893-d0c4-45b4-89d8-01da20002751", "CreationDate": "2026-07-15T09:45:45.092", "Creator": "ecollins@usgs.gov_USGS", "EditDate": "2026-07-15T09:45:45.092", "Editor": "ecollins@usgs.gov_USGS", "slope_mean": 38.8, "slope_max": 40.9, "aspect_deg": 359.0, "aspect_R": 1.0, "length_m": 83.1, "n_samp": 7, "aspect_dir": "N" }, "geometry": { "type": "MultiLineString", "coordinates": [ [ [ -66.800711372762706, 10.5413876794273 ], [ -66.800566886004702, 10.542124561892802 ] ] ] } },
{ "type": "Feature", "properties": { "id": "ven2026_inventory_line.451", "tessellate": -1, "extrude": 0, "visibility": -1, "OBJECTID": 456.0, "IMPACTS_STREAM": null, "COMMENTS": "PS 06/27", "Shape__Length": 77.436314621451899, "GlobalID": "f7c6ab69-14b0-43dd-8047-eef706e86e3d", "CreationDate": "2026-07-15T09:45:45.092", "Creator": "ecollins@usgs.gov_USGS", "EditDate": "2026-07-15T09:45:45.092", "Editor": "ecollins@usgs.gov_USGS", "slope_mean": 36.4, "slope_max": 40.6, "aspect_deg": 352.0, "aspect_R": 1.0, "length_m": 75.7, "n_samp": 7, "aspect_dir": "N" }, "geometry": { "type": "MultiLineString", "coordinates": [ [ [ -66.799931144269706, 10.5408386297471 ], [ -66.799902246918194, 10.5412865386968 ], [ -66.799858900890712, 10.541517717509501 ] ] ] } },
{ "type": "Feature", "properties": { "id": "ven2026_inventory_line.452", "tessellate": -1, "extrude": 0, "visibility": -1, "OBJECTID": 457.0, "IMPACTS_STREAM": null, "COMMENTS": "reactivation? PS 06/27", "Shape__Length": 33.776803874410703, "GlobalID": "2adb5659-a3ce-4ddf-8666-49d733ce3fb9", "CreationDate": "2026-07-15T09:47:34.183", "Creator": "ecollins@usgs.gov_USGS", "EditDate": "2026-07-15T09:47:34.183", "Editor": "ecollins@usgs.gov_USGS", "slope_mean": 16.4, "slope_max": 20.2, "aspect_deg": 315.0, "aspect_R": 0.75, "length_m": 33.2, "n_samp": 4, "aspect_dir": "NW" }, "geometry": { "type": "MultiLineString", "coordinates": [ [ [ -66.811027727280205, 10.554579320428099 ], [ -66.811331149471897, 10.554579320428099 ] ] ] } },
{ "type": "Feature", "properties": { "id": "ven2026_inventory_line.453", "tessellate": -1, "extrude": 0, "visibility": -1, "OBJECTID": 458.0, "IMPACTS_STREAM": null, "COMMENTS": "reactivation? PS 07/07", "Shape__Length": 16.1671934110724, "GlobalID": "13c8088c-387f-4287-a598-0572ef14fb22", "CreationDate": "2026-07-15T09:47:34.183", "Creator": "ecollins@usgs.gov_USGS", "EditDate": "2026-07-15T09:47:34.183", "Editor": "ecollins@usgs.gov_USGS", "slope_mean": 45.4, "slope_max": 45.4, "aspect_deg": 6.0, "aspect_R": 1.0, "length_m": 15.9, "n_samp": 3, "aspect_dir": "N" }, "geometry": { "type": "MultiLineString", "coordinates": [ [ [ -66.813744078329606, 10.558885025814899 ], [ -66.813599591571702, 10.558870577139098 ] ] ] } },
{ "type": "Feature", "properties": { "id": "ven2026_inventory_line.454", "tessellate": -1, "extrude": 0, "visibility": -1, "OBJECTID": 459.0, "IMPACTS_STREAM": null, "COMMENTS": "PS 07/07", "Shape__Length": 52.745596141666503, "GlobalID": "a99dc543-e1a0-46fc-a1ce-5465020d0d80", "CreationDate": "2026-07-15T09:49:28.827", "Creator": "ecollins@usgs.gov_USGS", "EditDate": "2026-07-15T09:49:28.827", "Editor": "ecollins@usgs.gov_USGS", "slope_mean": 35.6, "slope_max": 44.0, "aspect_deg": 352.0, "aspect_R": 0.99, "length_m": 51.6, "n_samp": 5, "aspect_dir": "N" }, "geometry": { "type": "MultiLineString", "coordinates": [ [ [ -66.795899963722903, 10.561572479512702 ], [ -66.796030001805093, 10.5620203884624 ] ] ] } },
{ "type": "Feature", "properties": { "id": "ven2026_inventory_line.455", "tessellate": -1, "extrude": 0, "visibility": -1, "OBJECTID": 460.0, "IMPACTS_STREAM": null, "COMMENTS": "PS 07/07", "Shape__Length": 51.354842905628203, "GlobalID": "1e7b5edf-4589-4055-915d-83ac7633285a", "CreationDate": "2026-07-15T09:49:28.827", "Creator": "ecollins@usgs.gov_USGS", "EditDate": "2026-07-15T09:49:28.827", "Editor": "ecollins@usgs.gov_USGS", "slope_mean": 28.0, "slope_max": 28.2, "aspect_deg": 300.0, "aspect_R": 0.85, "length_m": 50.2, "n_samp": 5, "aspect_dir": "NW" }, "geometry": { "type": "MultiLineString", "coordinates": [ [ [ -66.794585134225599, 10.561427992754798 ], [ -66.794541788198202, 10.561688068919098 ], [ -66.794512890846704, 10.5618759017045 ] ] ] } },
{ "type": "Feature", "properties": { "id": "ven2026_inventory_line.456", "tessellate": -1, "extrude": 0, "visibility": -1, "OBJECTID": 461.0, "IMPACTS_STREAM": null, "COMMENTS": "PS 07/07", "Shape__Length": 43.7543373320432, "GlobalID": "52819283-0c79-4976-9558-109cb45ef9da", "CreationDate": "2026-07-15T09:49:28.827", "Creator": "ecollins@usgs.gov_USGS", "EditDate": "2026-07-15T09:49:28.827", "Editor": "ecollins@usgs.gov_USGS", "slope_mean": 35.5, "slope_max": 44.0, "aspect_deg": 347.0, "aspect_R": 1.0, "length_m": 42.8, "n_samp": 4, "aspect_dir": "N" }, "geometry": { "type": "MultiLineString", "coordinates": [ [ [ -66.793429240162098, 10.560474380152298 ], [ -66.793255856052596, 10.560821148371401 ] ] ] } },
{ "type": "Feature", "properties": { "id": "ven2026_inventory_line.457", "tessellate": -1, "extrude": 0, "visibility": -1, "OBJECTID": 462.0, "IMPACTS_STREAM": null, "COMMENTS": "PS 07/07", "Shape__Length": 40.186752592486201, "GlobalID": "7f4f3261-d97c-48a2-8fdf-3fb6b1e7f795", "CreationDate": "2026-07-15T09:49:28.827", "Creator": "ecollins@usgs.gov_USGS", "EditDate": "2026-07-15T09:49:28.827", "Editor": "ecollins@usgs.gov_USGS", "slope_mean": 25.8, "slope_max": 32.6, "aspect_deg": 311.0, "aspect_R": 0.52, "length_m": 39.4, "n_samp": 4, "aspect_dir": "NW" }, "geometry": { "type": "MultiLineString", "coordinates": [ [ [ -66.793934943814804, 10.561023429832501 ], [ -66.793689316326393, 10.561283505996798 ] ] ] } },
{ "type": "Feature", "properties": { "id": "ven2026_inventory_line.458", "tessellate": -1, "extrude": 0, "visibility": -1, "OBJECTID": 463.0, "IMPACTS_STREAM": null, "COMMENTS": "PS 07/07", "Shape__Length": 46.512292410016002, "GlobalID": "ae8db277-2878-4f34-8425-c41491de71e8", "CreationDate": "2026-07-15T09:49:28.827", "Creator": "ecollins@usgs.gov_USGS", "EditDate": "2026-07-15T09:49:28.827", "Editor": "ecollins@usgs.gov_USGS", "slope_mean": 23.8, "slope_max": 37.9, "aspect_deg": 313.0, "aspect_R": 0.77, "length_m": 45.5, "n_samp": 5, "aspect_dir": "NW" }, "geometry": { "type": "MultiLineString", "coordinates": [ [ [ -66.793703765002107, 10.560748904992399 ], [ -66.793631521623198, 10.5611534679147 ] ] ] } },
{ "type": "Feature", "properties": { "id": "ven2026_inventory_line.459", "tessellate": -1, "extrude": 0, "visibility": -1, "OBJECTID": 464.0, "IMPACTS_STREAM": null, "COMMENTS": "PS 07/07", "Shape__Length": 43.620408108908101, "GlobalID": "acfccc2b-ceda-498f-a5ee-df1faaa190bd", "CreationDate": "2026-07-15T09:49:28.827", "Creator": "ecollins@usgs.gov_USGS", "EditDate": "2026-07-15T09:49:28.827", "Editor": "ecollins@usgs.gov_USGS", "slope_mean": 27.0, "slope_max": 37.9, "aspect_deg": 340.0, "aspect_R": 0.92, "length_m": 42.6, "n_samp": 4, "aspect_dir": "N" }, "geometry": { "type": "MultiLineString", "coordinates": [ [ [ -66.793559278244203, 10.560647764261896 ], [ -66.793472586189495, 10.561023429832499 ] ] ] } },
{ "type": "Feature", "properties": { "id": "ven2026_inventory_line.460", "tessellate": -1, "extrude": 0, "visibility": -1, "OBJECTID": 465.0, "IMPACTS_STREAM": null, "COMMENTS": "PS 07/07", "Shape__Length": 34.560830748151901, "GlobalID": "f3b796a4-3e7f-4dc0-b4d2-0bddb4e68d0b", "CreationDate": "2026-07-15T10:55:46.532", "Creator": "ecollins@usgs.gov_USGS", "EditDate": "2026-07-15T10:55:46.532", "Editor": "ecollins@usgs.gov_USGS", "slope_mean": 31.3, "slope_max": 38.4, "aspect_deg": 84.0, "aspect_R": 1.0, "length_m": 34.0, "n_samp": 4, "aspect_dir": "E" }, "geometry": { "type": "MultiLineString", "coordinates": [ [ [ -66.8033357749852, 10.566539414358799 ], [ -66.803048204543714, 10.5664243861823 ] ] ] } },
{ "type": "Feature", "properties": { "id": "ven2026_inventory_line.461", "tessellate": -1, "extrude": 0, "visibility": -1, "OBJECTID": 466.0, "IMPACTS_STREAM": null, "COMMENTS": "PS 07/07", "Shape__Length": 47.6674689091628, "GlobalID": "86966e03-62e2-4303-a75f-b480e9732baa", "CreationDate": "2026-07-15T10:55:46.532", "Creator": "ecollins@usgs.gov_USGS", "EditDate": "2026-07-15T10:55:46.532", "Editor": "ecollins@usgs.gov_USGS", "slope_mean": 22.4, "slope_max": 29.3, "aspect_deg": 57.0, "aspect_R": 0.97, "length_m": 46.8, "n_samp": 5, "aspect_dir": "NE" }, "geometry": { "type": "MultiLineString", "coordinates": [ [ [ -66.803489145887397, 10.565446646681 ], [ -66.8031440613576, 10.565695874397003 ] ] ] } },
{ "type": "Feature", "properties": { "id": "ven2026_inventory_line.462", "tessellate": -1, "extrude": 0, "visibility": -1, "OBJECTID": 467.0, "IMPACTS_STREAM": null, "COMMENTS": "reactivation? PS 07/07", "Shape__Length": 39.309871458903302, "GlobalID": "1f9f54cf-d498-4e77-92ac-447a2f344c7f", "CreationDate": "2026-07-15T10:55:46.532", "Creator": "ecollins@usgs.gov_USGS", "EditDate": "2026-07-15T10:55:46.532", "Editor": "ecollins@usgs.gov_USGS", "slope_mean": 35.4, "slope_max": 35.5, "aspect_deg": 38.0, "aspect_R": 1.0, "length_m": 38.4, "n_samp": 4, "aspect_dir": "NE" }, "geometry": { "type": "MultiLineString", "coordinates": [ [ [ -66.809796524239005, 10.567737624532098 ], [ -66.809758181513502, 10.568082709061898 ] ] ] } },
{ "type": "Feature", "properties": { "id": "ven2026_inventory_line.463", "tessellate": -1, "extrude": 0, "visibility": -1, "OBJECTID": 468.0, "IMPACTS_STREAM": null, "COMMENTS": "reactivation? PS 07/07", "Shape__Length": 30.579664268305699, "GlobalID": "1168942c-e88f-43ba-89d1-e0054008e0cd", "CreationDate": "2026-07-15T10:55:46.532", "Creator": "ecollins@usgs.gov_USGS", "EditDate": "2026-07-15T10:55:46.532", "Editor": "ecollins@usgs.gov_USGS", "slope_mean": 29.0, "slope_max": 29.2, "aspect_deg": 52.0, "aspect_R": 1.0, "length_m": 30.1, "n_samp": 4, "aspect_dir": "NE" }, "geometry": { "type": "MultiLineString", "coordinates": [ [ [ -66.809432268346399, 10.568159394513 ], [ -66.809163869267607, 10.5682169086013 ] ] ] } },
{ "type": "Feature", "properties": { "id": "ven2026_inventory_line.464", "tessellate": -1, "extrude": 0, "visibility": -1, "OBJECTID": 469.0, "IMPACTS_STREAM": null, "COMMENTS": "PS 07/07", "Shape__Length": 35.228988010264999, "GlobalID": "c1532377-fe90-48e7-b678-f96abc52cdd8", "CreationDate": "2026-07-15T10:55:46.532", "Creator": "ecollins@usgs.gov_USGS", "EditDate": "2026-07-15T10:55:46.532", "Editor": "ecollins@usgs.gov_USGS", "slope_mean": 39.7, "slope_max": 40.4, "aspect_deg": 27.0, "aspect_R": 1.0, "length_m": 34.6, "n_samp": 4, "aspect_dir": "NE" }, "geometry": { "type": "MultiLineString", "coordinates": [ [ [ -66.808607899747301, 10.582940515209501 ], [ -66.808358672031204, 10.583132228837201 ] ] ] } },
{ "type": "Feature", "properties": { "id": "ven2026_inventory_line.465", "tessellate": -1, "extrude": 0, "visibility": -1, "OBJECTID": 470.0, "IMPACTS_STREAM": null, "COMMENTS": "PS 07/07", "Shape__Length": 30.650931717626499, "GlobalID": "b5d448c8-002c-4598-afe5-f81621fffebd", "CreationDate": "2026-07-15T10:55:46.532", "Creator": "ecollins@usgs.gov_USGS", "EditDate": "2026-07-15T10:55:46.532", "Editor": "ecollins@usgs.gov_USGS", "slope_mean": 36.8, "slope_max": 37.8, "aspect_deg": 29.0, "aspect_R": 1.0, "length_m": 30.1, "n_samp": 4, "aspect_dir": "NE" }, "geometry": { "type": "MultiLineString", "coordinates": [ [ [ -66.800325788345802, 10.582576302202902 ], [ -66.800076551709495, 10.5826913344966 ] ] ] } },
{ "type": "Feature", "properties": { "id": "ven2026_inventory_line.466", "tessellate": -1, "extrude": 0, "visibility": -1, "OBJECTID": 471.0, "IMPACTS_STREAM": null, "COMMENTS": "PS 07/09", "Shape__Length": 37.1540873433838, "GlobalID": "ad4906d8-99b3-4460-849c-feed43b4857d", "CreationDate": "2026-07-15T10:58:18.260", "Creator": "ecollins@usgs.gov_USGS", "EditDate": "2026-07-15T10:58:18.260", "Editor": "ecollins@usgs.gov_USGS", "slope_mean": 39.1, "slope_max": 39.4, "aspect_deg": 300.0, "aspect_R": 0.99, "length_m": 36.3, "n_samp": 4, "aspect_dir": "NW" }, "geometry": { "type": "MultiLineString", "coordinates": [ [ [ -66.812538433442398, 10.564573708744199 ], [ -66.812576778212602, 10.5648996392906 ] ] ] } },
{ "type": "Feature", "properties": { "id": "ven2026_inventory_line.467", "tessellate": -1, "extrude": 0, "visibility": -1, "OBJECTID": 472.0, "IMPACTS_STREAM": null, "COMMENTS": "PS 07/09", "Shape__Length": 63.269923026194903, "GlobalID": "ca7856b7-38f1-47f7-9a60-f2f7398a3843", "CreationDate": "2026-07-15T10:58:18.260", "Creator": "ecollins@usgs.gov_USGS", "EditDate": "2026-07-15T10:58:18.260", "Editor": "ecollins@usgs.gov_USGS", "slope_mean": 31.0, "slope_max": 38.0, "aspect_deg": 273.0, "aspect_R": 0.93, "length_m": 62.1, "n_samp": 6, "aspect_dir": "W" }, "geometry": { "type": "MultiLineString", "coordinates": [ [ [ -66.813382018386307, 10.566414257712598 ], [ -66.813880500398596, 10.566145844321298 ] ] ] } },
{ "type": "Feature", "properties": { "id": "ven2026_inventory_line.468", "tessellate": -1, "extrude": 0, "visibility": -1, "OBJECTID": 473.0, "IMPACTS_STREAM": null, "COMMENTS": "PS 07/07", "Shape__Length": 83.422725729929297, "GlobalID": "14d0cb83-5b47-41f7-ac69-dd3f7bc9ea63", "CreationDate": "2026-07-15T11:59:39.383", "Creator": "ecollins@usgs.gov_USGS", "EditDate": "2026-07-15T11:59:39.383", "Editor": "ecollins@usgs.gov_USGS", "slope_mean": 32.1, "slope_max": 41.9, "aspect_deg": 74.0, "aspect_R": 0.97, "length_m": 82.0, "n_samp": 7, "aspect_dir": "E" }, "geometry": { "type": "MultiLineString", "coordinates": [ [ [ -66.818031321769993, 10.5811386494597 ], [ -66.817302771136696, 10.5809660979938 ] ] ] } },
{ "type": "Feature", "properties": { "id": "ven2026_inventory_line.469", "tessellate": -1, "extrude": 0, "visibility": -1, "OBJECTID": 474.0, "IMPACTS_STREAM": null, "COMMENTS": "PS 07/09", "Shape__Length": 165.200037863245, "GlobalID": "9c1fe2d3-af56-424e-b110-8d87eea1f7d5", "CreationDate": "2026-07-15T12:03:28.036", "Creator": "ecollins@usgs.gov_USGS", "EditDate": "2026-07-15T12:03:28.036", "Editor": "ecollins@usgs.gov_USGS", "slope_mean": 25.8, "slope_max": 37.0, "aspect_deg": 55.0, "aspect_R": 0.78, "length_m": 162.0, "n_samp": 12, "aspect_dir": "NE" }, "geometry": { "type": "MultiLineString", "coordinates": [ [ [ -66.818203873235703, 10.5639410200363 ], [ -66.817590356913001, 10.5646312258995 ], [ -66.817111047285806, 10.564899639290598 ] ] ] } },
{ "type": "Feature", "properties": { "id": "ven2026_inventory_line.470", "tessellate": -1, "extrude": 0, "visibility": -1, "OBJECTID": 475.0, "IMPACTS_STREAM": null, "COMMENTS": "PS 07/09", "Shape__Length": 57.991943057669502, "GlobalID": "f5993fb3-c287-434d-b788-f36b94bb87d3", "CreationDate": "2026-07-15T12:03:28.036", "Creator": "ecollins@usgs.gov_USGS", "EditDate": "2026-07-15T12:03:28.036", "Editor": "ecollins@usgs.gov_USGS", "slope_mean": 48.5, "slope_max": 52.0, "aspect_deg": 14.0, "aspect_R": 0.96, "length_m": 57.0, "n_samp": 5, "aspect_dir": "N" }, "geometry": { "type": "MultiLineString", "coordinates": [ [ [ -66.817168564441005, 10.5663567405573 ], [ -66.816650910043705, 10.566299223402 ] ] ] } },
{ "type": "Feature", "properties": { "id": "ven2026_inventory_line.471", "tessellate": -1, "extrude": 0, "visibility": -1, "OBJECTID": 476.0, "IMPACTS_STREAM": null, "COMMENTS": "PS 07/09", "Shape__Length": 36.533277804548703, "GlobalID": "0c43f2de-d988-436f-9d19-f116ebf6a6a5", "CreationDate": "2026-07-15T12:03:28.036", "Creator": "ecollins@usgs.gov_USGS", "EditDate": "2026-07-15T12:03:28.036", "Editor": "ecollins@usgs.gov_USGS", "slope_mean": 16.6, "slope_max": 26.4, "aspect_deg": 256.0, "aspect_R": 0.97, "length_m": 35.8, "n_samp": 4, "aspect_dir": "W" }, "geometry": { "type": "MultiLineString", "coordinates": [ [ [ -66.816229117571794, 10.565666534694103 ], [ -66.816459186192802, 10.565896603315201 ] ] ] } },
{ "type": "Feature", "properties": { "id": "ven2026_inventory_line.472", "tessellate": -1, "extrude": 0, "visibility": -1, "OBJECTID": 477.0, "IMPACTS_STREAM": null, "COMMENTS": "PS 07/09", "Shape__Length": 64.877925425280495, "GlobalID": "f3fcbf9e-0d9e-4324-b12a-34c9f85125f8", "CreationDate": "2026-07-15T12:03:28.036", "Creator": "ecollins@usgs.gov_USGS", "EditDate": "2026-07-15T12:03:28.036", "Editor": "ecollins@usgs.gov_USGS", "slope_mean": 43.7, "slope_max": 45.5, "aspect_deg": 60.0, "aspect_R": 1.0, "length_m": 63.7, "n_samp": 6, "aspect_dir": "NE" }, "geometry": { "type": "MultiLineString", "coordinates": [ [ [ -66.817897115074302, 10.567142808345899 ], [ -66.817417805447207, 10.5674687388924 ] ] ] } },
{ "type": "Feature", "properties": { "id": "ven2026_inventory_line.473", "tessellate": -1, "extrude": 0, "visibility": -1, "OBJECTID": 478.0, "IMPACTS_STREAM": null, "COMMENTS": "PS 07/09", "Shape__Length": 55.478673134110302, "GlobalID": "30c4943d-3063-4bc5-9fd4-70cc82bd432e", "CreationDate": "2026-07-15T12:03:28.036", "Creator": "ecollins@usgs.gov_USGS", "EditDate": "2026-07-15T12:03:28.036", "Editor": "ecollins@usgs.gov_USGS", "slope_mean": 44.9, "slope_max": 45.6, "aspect_deg": 45.0, "aspect_R": 0.99, "length_m": 54.5, "n_samp": 5, "aspect_dir": "NE" }, "geometry": { "type": "MultiLineString", "coordinates": [ [ [ -66.817820425533995, 10.567756324668697 ], [ -66.8173411159068, 10.567622117972997 ] ] ] } },
{ "type": "Feature", "properties": { "id": "ven2026_inventory_line.474", "tessellate": -1, "extrude": 0, "visibility": -1, "OBJECTID": 479.0, "IMPACTS_STREAM": null, "COMMENTS": "PS 07/09", "Shape__Length": 51.481667137374998, "GlobalID": "e9493853-97bb-4372-b9e7-446e13861245", "CreationDate": "2026-07-15T12:03:28.036", "Creator": "ecollins@usgs.gov_USGS", "EditDate": "2026-07-15T12:03:28.036", "Editor": "ecollins@usgs.gov_USGS", "slope_mean": 22.9, "slope_max": 27.8, "aspect_deg": 329.0, "aspect_R": 0.63, "length_m": 50.3, "n_samp": 5, "aspect_dir": "NW" }, "geometry": { "type": "MultiLineString", "coordinates": [ [ [ -66.830570061617095, 10.568580737227398 ], [ -66.8303975101513, 10.569002529699299 ] ] ] } },
{ "type": "Feature", "properties": { "id": "ven2026_inventory_line.475", "tessellate": -1, "extrude": 0, "visibility": -1, "OBJECTID": 480.0, "IMPACTS_STREAM": null, "COMMENTS": "PS 07/09", "Shape__Length": 28.988347650295701, "GlobalID": "21e786d0-2ffe-4275-acda-1c5e03669f4c", "CreationDate": "2026-07-15T12:03:28.036", "Creator": "ecollins@usgs.gov_USGS", "EditDate": "2026-07-15T12:03:28.036", "Editor": "ecollins@usgs.gov_USGS", "slope_mean": 25.7, "slope_max": 30.7, "aspect_deg": 327.0, "aspect_R": 0.89, "length_m": 28.4, "n_samp": 3, "aspect_dir": "NW" }, "geometry": { "type": "MultiLineString", "coordinates": [ [ [ -66.831049371244305, 10.568676599152898 ], [ -66.830876819778496, 10.568868323003702 ] ] ] } },
{ "type": "Feature", "properties": { "id": "ven2026_inventory_line.476", "tessellate": -1, "extrude": 0, "visibility": -1, "OBJECTID": 481.0, "IMPACTS_STREAM": null, "COMMENTS": "reactivation? PS 07/09", "Shape__Length": 36.421890873338199, "GlobalID": "6d5c36a3-c25e-41b0-bfb8-55faf14f52e2", "CreationDate": "2026-07-15T12:03:28.036", "Creator": "ecollins@usgs.gov_USGS", "EditDate": "2026-07-15T12:03:28.036", "Editor": "ecollins@usgs.gov_USGS", "slope_mean": 23.6, "slope_max": 28.0, "aspect_deg": 95.0, "aspect_R": 0.99, "length_m": 35.8, "n_samp": 4, "aspect_dir": "E" }, "geometry": { "type": "MultiLineString", "coordinates": [ [ [ -66.8344620557898, 10.564415536567198 ], [ -66.834174470013494, 10.564262157486498 ] ] ] } },
{ "type": "Feature", "properties": { "id": "ven2026_inventory_line.477", "tessellate": -1, "extrude": 0, "visibility": -1, "OBJECTID": 482.0, "IMPACTS_STREAM": null, "COMMENTS": "PS 06/27", "Shape__Length": 19.204692704681399, "GlobalID": "f1b1583b-0398-4725-ad95-54acaab4e4ab", "CreationDate": "2026-07-15T12:12:58.829", "Creator": "ecollins@usgs.gov_USGS", "EditDate": "2026-07-15T12:12:58.829", "Editor": "ecollins@usgs.gov_USGS", "slope_mean": 37.8, "slope_max": 37.8, "aspect_deg": 36.0, "aspect_R": 1.0, "length_m": 18.8, "n_samp": 3, "aspect_dir": "NE" }, "geometry": { "type": "MultiLineString", "coordinates": [ [ [ -66.882139119999593, 10.5487351454286 ], [ -66.882001958539007, 10.5486322743331 ] ] ] } },
{ "type": "Feature", "properties": { "id": "ven2026_inventory_line.478", "tessellate": -1, "extrude": 0, "visibility": -1, "OBJECTID": 483.0, "IMPACTS_STREAM": null, "COMMENTS": "PS 06/27", "Shape__Length": 65.350361207453105, "GlobalID": "7c29ad86-902c-442e-8c68-9392579d4c67", "CreationDate": "2026-07-15T12:12:58.829", "Creator": "ecollins@usgs.gov_USGS", "EditDate": "2026-07-15T12:12:58.829", "Editor": "ecollins@usgs.gov_USGS", "slope_mean": 33.1, "slope_max": 34.8, "aspect_deg": 184.0, "aspect_R": 1.0, "length_m": 64.1, "n_samp": 6, "aspect_dir": "S" }, "geometry": { "type": "MultiLineString", "coordinates": [ [ [ -66.880938957219797, 10.559639481541998 ], [ -66.8805103276556, 10.559245142342901 ] ] ] } },
{ "type": "Feature", "properties": { "id": "ven2026_inventory_line.479", "tessellate": -1, "extrude": 0, "visibility": -1, "OBJECTID": 484.0, "IMPACTS_STREAM": null, "COMMENTS": "PS 06/27", "Shape__Length": 51.828838631975003, "GlobalID": "35ac6d3b-e77e-4497-9890-95fb76e99470", "CreationDate": "2026-07-15T12:12:58.829", "Creator": "ecollins@usgs.gov_USGS", "EditDate": "2026-07-15T12:12:58.829", "Editor": "ecollins@usgs.gov_USGS", "slope_mean": 35.3, "slope_max": 36.4, "aspect_deg": 189.0, "aspect_R": 1.0, "length_m": 50.8, "n_samp": 5, "aspect_dir": "S" }, "geometry": { "type": "MultiLineString", "coordinates": [ [ [ -66.880458892107896, 10.5597766430025 ], [ -66.880218859551903, 10.559673771907102 ], [ -66.880150278821702, 10.559485174898898 ] ] ] } },
{ "type": "Feature", "properties": { "id": "ven2026_inventory_line.480", "tessellate": -1, "extrude": 0, "visibility": -1, "OBJECTID": 485.0, "IMPACTS_STREAM": null, "COMMENTS": "PS 06/27", "Shape__Length": 41.509351023067403, "GlobalID": "06e15833-b8d5-430c-ae6f-c68ef41eb839", "CreationDate": "2026-07-15T12:12:58.829", "Creator": "ecollins@usgs.gov_USGS", "EditDate": "2026-07-15T12:12:58.829", "Editor": "ecollins@usgs.gov_USGS", "slope_mean": 34.1, "slope_max": 34.6, "aspect_deg": 194.0, "aspect_R": 0.99, "length_m": 40.7, "n_samp": 4, "aspect_dir": "S" }, "geometry": { "type": "MultiLineString", "coordinates": [ [ [ -66.880287440282103, 10.560085256288804 ], [ -66.879978826995995, 10.559879514097901 ] ] ] } },
{ "type": "Feature", "properties": { "id": "ven2026_inventory_line.481", "tessellate": -1, "extrude": 0, "visibility": -1, "OBJECTID": 486.0, "IMPACTS_STREAM": null, "COMMENTS": "PS 06/27", "Shape__Length": 77.995944936926804, "GlobalID": "ac5f7cc1-8c3b-477b-90e8-2348428f33ca", "CreationDate": "2026-07-15T12:12:58.829", "Creator": "ecollins@usgs.gov_USGS", "EditDate": "2026-07-15T12:12:58.829", "Editor": "ecollins@usgs.gov_USGS", "slope_mean": 40.2, "slope_max": 43.7, "aspect_deg": 243.0, "aspect_R": 1.0, "length_m": 76.7, "n_samp": 7, "aspect_dir": "SW" }, "geometry": { "type": "MultiLineString", "coordinates": [ [ [ -66.877938550270301, 10.558953674239298 ], [ -66.878607212390506, 10.5591594164301 ] ] ] } },
{ "type": "Feature", "properties": { "id": "ven2026_inventory_line.482", "tessellate": -1, "extrude": 0, "visibility": -1, "OBJECTID": 487.0, "IMPACTS_STREAM": null, "COMMENTS": "PS 06/27", "Shape__Length": 45.019311437564198, "GlobalID": "b08e7d91-fcf0-44f6-a0a5-3648c7986e30", "CreationDate": "2026-07-15T12:12:58.829", "Creator": "ecollins@usgs.gov_USGS", "EditDate": "2026-07-15T12:12:58.829", "Editor": "ecollins@usgs.gov_USGS", "slope_mean": 45.4, "slope_max": 46.4, "aspect_deg": 238.0, "aspect_R": 1.0, "length_m": 44.0, "n_samp": 4, "aspect_dir": "SW" }, "geometry": { "type": "MultiLineString", "coordinates": [ [ [ -66.877047000776798, 10.558765077231001 ], [ -66.876995565229095, 10.558370738031901 ] ] ] } },
{ "type": "Feature", "properties": { "id": "ven2026_inventory_line.483", "tessellate": -1, "extrude": 0, "visibility": -1, "OBJECTID": 488.0, "IMPACTS_STREAM": null, "COMMENTS": "PS 06/27", "Shape__Length": 38.624273369963198, "GlobalID": "a0a11677-6b42-45e3-b628-ff33aa9f158a", "CreationDate": "2026-07-15T12:12:58.829", "Creator": "ecollins@usgs.gov_USGS", "EditDate": "2026-07-15T12:12:58.829", "Editor": "ecollins@usgs.gov_USGS", "slope_mean": 33.8, "slope_max": 37.1, "aspect_deg": 210.0, "aspect_R": 0.99, "length_m": 37.8, "n_samp": 4, "aspect_dir": "SW" }, "geometry": { "type": "MultiLineString", "coordinates": [ [ [ -66.8791215678676, 10.556810526418198 ], [ -66.879018696772206, 10.556484767949398 ] ] ] } },
{ "type": "Feature", "properties": { "id": "ven2026_inventory_line.484", "tessellate": -1, "extrude": 0, "visibility": -1, "OBJECTID": 489.0, "IMPACTS_STREAM": null, "COMMENTS": "PS 06/27", "Shape__Length": 27.715355086276801, "GlobalID": "c6844a7a-b439-4279-8032-dd199487078d", "CreationDate": "2026-07-15T12:12:58.829", "Creator": "ecollins@usgs.gov_USGS", "EditDate": "2026-07-15T12:12:58.829", "Editor": "ecollins@usgs.gov_USGS", "slope_mean": 36.5, "slope_max": 36.5, "aspect_deg": 209.0, "aspect_R": 1.0, "length_m": 27.1, "n_samp": 3, "aspect_dir": "SW" }, "geometry": { "type": "MultiLineString", "coordinates": [ [ [ -66.878521486477695, 10.556964833061295 ], [ -66.878418615382202, 10.5567419456879 ] ] ] } },
{ "type": "Feature", "properties": { "id": "ven2026_inventory_line.485", "tessellate": -1, "extrude": 0, "visibility": -1, "OBJECTID": 490.0, "IMPACTS_STREAM": null, "COMMENTS": "PS 06/27", "Shape__Length": 46.0367727665761, "GlobalID": "6e2c9d18-9a7e-46a9-981e-5fb46075e608", "CreationDate": "2026-07-15T12:13:49.333", "Creator": "ecollins@usgs.gov_USGS", "EditDate": "2026-07-15T12:13:49.333", "Editor": "ecollins@usgs.gov_USGS", "slope_mean": 42.8, "slope_max": 45.3, "aspect_deg": 28.0, "aspect_R": 1.0, "length_m": 45.0, "n_samp": 5, "aspect_dir": "NE" }, "geometry": { "type": "MultiLineString", "coordinates": [ [ [ -66.871474816442102, 10.5573420270778 ], [ -66.87132050979892, 10.557719221094301 ] ] ] } },
{ "type": "Feature", "properties": { "id": "ven2026_inventory_line.486", "tessellate": -1, "extrude": 0, "visibility": -1, "OBJECTID": 491.0, "IMPACTS_STREAM": null, "COMMENTS": "PS 06/27", "Shape__Length": 30.286438822080601, "GlobalID": "ed0b0596-5358-42a4-ac88-d992ede115e0", "CreationDate": "2026-07-15T12:13:49.333", "Creator": "ecollins@usgs.gov_USGS", "EditDate": "2026-07-15T12:13:49.333", "Editor": "ecollins@usgs.gov_USGS", "slope_mean": 41.0, "slope_max": 42.2, "aspect_deg": 31.0, "aspect_R": 1.0, "length_m": 29.6, "n_samp": 3, "aspect_dir": "NE" }, "geometry": { "type": "MultiLineString", "coordinates": [ [ [ -66.871269074251202, 10.557222010799897 ], [ -66.871149057973298, 10.557462043355898 ] ] ] } },
{ "type": "Feature", "properties": { "id": "ven2026_inventory_line.487", "tessellate": -1, "extrude": 0, "visibility": -1, "OBJECTID": 492.0, "IMPACTS_STREAM": null, "COMMENTS": "Runout is cloudy, PS 06/27", "Shape__Length": 43.7657000354804, "GlobalID": "72ac963f-b3c9-464e-8d06-1434c4d1d388", "CreationDate": "2026-07-15T12:15:09.669", "Creator": "ecollins@usgs.gov_USGS", "EditDate": "2026-07-15T12:15:09.669", "Editor": "ecollins@usgs.gov_USGS", "slope_mean": 27.8, "slope_max": 33.8, "aspect_deg": 325.0, "aspect_R": 0.89, "length_m": 42.8, "n_samp": 4, "aspect_dir": "NW" }, "geometry": { "type": "MultiLineString", "coordinates": [ [ [ -66.876944129681405, 10.561113967242898 ], [ -66.877029855594202, 10.561491161259402 ] ] ] } },
{ "type": "Feature", "properties": { "id": "ven2026_inventory_line.488", "tessellate": -1, "extrude": 0, "visibility": -1, "OBJECTID": 493.0, "IMPACTS_STREAM": null, "COMMENTS": "runout is cloudy PS 06/27", "Shape__Length": 29.947652569144299, "GlobalID": "41b8aee7-7310-4481-8807-4557c17d1a73", "CreationDate": "2026-07-15T12:15:09.669", "Creator": "ecollins@usgs.gov_USGS", "EditDate": "2026-07-15T12:15:09.669", "Editor": "ecollins@usgs.gov_USGS", "slope_mean": 37.0, "slope_max": 37.9, "aspect_deg": 328.0, "aspect_R": 0.99, "length_m": 29.4, "n_samp": 3, "aspect_dir": "NW" }, "geometry": { "type": "MultiLineString", "coordinates": [ [ [ -66.8762754675612, 10.561148257607998 ], [ -66.876464064569404, 10.561336854616298 ] ] ] } },
{ "type": "Feature", "properties": { "id": "ven2026_inventory_line.489", "tessellate": -1, "extrude": 0, "visibility": -1, "OBJECTID": 494.0, "IMPACTS_STREAM": null, "COMMENTS": "PS 06/27", "Shape__Length": 18.3875499098441, "GlobalID": "32f72858-4b1b-47fd-8970-b42547d5162d", "CreationDate": "2026-07-15T12:15:09.669", "Creator": "ecollins@usgs.gov_USGS", "EditDate": "2026-07-15T12:15:09.669", "Editor": "ecollins@usgs.gov_USGS", "slope_mean": 29.1, "slope_max": 34.4, "aspect_deg": 304.0, "aspect_R": 0.96, "length_m": 18.0, "n_samp": 3, "aspect_dir": "NW" }, "geometry": { "type": "MultiLineString", "coordinates": [ [ [ -66.876704097125398, 10.561028241330098 ], [ -66.876652661577793, 10.561182547973097 ] ] ] } },
{ "type": "Feature", "properties": { "id": "ven2026_inventory_line.490", "tessellate": -1, "extrude": 0, "visibility": -1, "OBJECTID": 495.0, "IMPACTS_STREAM": null, "COMMENTS": "PS 06/27", "Shape__Length": 65.763381635659698, "GlobalID": "7f0385a3-16cf-4308-bca9-d2feeffe3cb4", "CreationDate": "2026-07-15T12:16:11.903", "Creator": "ecollins@usgs.gov_USGS", "EditDate": "2026-07-15T12:16:11.903", "Editor": "ecollins@usgs.gov_USGS", "slope_mean": 57.0, "slope_max": 59.1, "aspect_deg": 30.0, "aspect_R": 1.0, "length_m": 64.3, "n_samp": 6, "aspect_dir": "NE" }, "geometry": { "type": "MultiLineString", "coordinates": [ [ [ -66.868405828762306, 10.554873120788001 ], [ -66.868131505841205, 10.555387476264999 ] ] ] } },
{ "type": "Feature", "properties": { "id": "ven2026_inventory_line.491", "tessellate": -1, "extrude": 0, "visibility": -1, "OBJECTID": 496.0, "IMPACTS_STREAM": null, "COMMENTS": "PS 06/27", "Shape__Length": 113.431694229806, "GlobalID": "d9b42d56-f2ca-4bf6-b300-228c13e17b29", "CreationDate": "2026-07-15T12:17:15.421", "Creator": "ecollins@usgs.gov_USGS", "EditDate": "2026-07-15T12:17:15.421", "Editor": "ecollins@usgs.gov_USGS", "slope_mean": 39.2, "slope_max": 44.3, "aspect_deg": 135.0, "aspect_R": 0.96, "length_m": 111.4, "n_samp": 9, "aspect_dir": "SE" }, "geometry": { "type": "MultiLineString", "coordinates": [ [ [ -66.871611977902603, 10.543214396641501 ], [ -66.870737573591697, 10.542700041164398 ] ] ] } },
{ "type": "Feature", "properties": { "id": "ven2026_inventory_line.492", "tessellate": -1, "extrude": 0, "visibility": -1, "OBJECTID": 497.0, "IMPACTS_STREAM": null, "COMMENTS": "PS 06/27", "Shape__Length": 77.137893057694995, "GlobalID": "f70d14e9-d71e-4d89-90b0-aa34631a172b", "CreationDate": "2026-07-15T12:17:15.421", "Creator": "ecollins@usgs.gov_USGS", "EditDate": "2026-07-15T12:17:15.421", "Editor": "ecollins@usgs.gov_USGS", "slope_mean": 48.9, "slope_max": 50.6, "aspect_deg": 134.0, "aspect_R": 1.0, "length_m": 75.6, "n_samp": 7, "aspect_dir": "SE" }, "geometry": { "type": "MultiLineString", "coordinates": [ [ [ -66.872486382213594, 10.541859927218599 ], [ -66.872212059292494, 10.541757056123201 ], [ -66.871989171919097, 10.5414312976544 ] ] ] } },
{ "type": "Feature", "properties": { "id": "ven2026_inventory_line.493", "tessellate": -1, "extrude": 0, "visibility": -1, "OBJECTID": 498.0, "IMPACTS_STREAM": null, "COMMENTS": "PS 06/27", "Shape__Length": 91.331021874085096, "GlobalID": "e17e49f3-29c7-4664-abfe-72cf57c8b7b6", "CreationDate": "2026-07-15T12:17:15.421", "Creator": "ecollins@usgs.gov_USGS", "EditDate": "2026-07-15T12:17:15.421", "Editor": "ecollins@usgs.gov_USGS", "slope_mean": 38.9, "slope_max": 41.5, "aspect_deg": 145.0, "aspect_R": 1.0, "length_m": 89.8, "n_samp": 7, "aspect_dir": "SE" }, "geometry": { "type": "MultiLineString", "coordinates": [ [ [ -66.871577687537496, 10.541962798313998 ], [ -66.870806154321897, 10.541688475393 ] ] ] } },
{ "type": "Feature", "properties": { "id": "ven2026_inventory_line.494", "tessellate": -1, "extrude": 0, "visibility": -1, "OBJECTID": 362.0, "IMPACTS_STREAM": null, "COMMENTS": "PS 07/07", "Shape__Length": 282.48707062377503, "GlobalID": "6cb33541-99f6-4804-98b8-571cfbe04376", "CreationDate": "2026-07-15T08:08:21.730", "Creator": "ecollins@usgs.gov_USGS", "EditDate": "2026-07-15T12:19:06.808", "Editor": "ecollins@usgs.gov_USGS", "slope_mean": 41.7, "slope_max": 46.9, "aspect_deg": 80.0, "aspect_R": 0.96, "length_m": 277.7, "n_samp": 20, "aspect_dir": "E" }, "geometry": { "type": "MultiLineString", "coordinates": [ [ [ -66.849583625504096, 10.544867668089402 ], [ -66.848496130305804, 10.544903407368199 ], [ -66.848105932601413, 10.544671737159803 ], [ -66.847540141576701, 10.544723172707499 ], [ -66.847180092742803, 10.544946060080898 ] ] ] } },
{ "type": "Feature", "properties": { "id": "ven2026_inventory_line.495", "tessellate": -1, "extrude": 0, "visibility": -1, "OBJECTID": 499.0, "IMPACTS_STREAM": null, "COMMENTS": "PS 06/27", "Shape__Length": 199.32827032508499, "GlobalID": "d24ba3d9-0447-40e0-a95d-8b40ca7f2039", "CreationDate": "2026-07-15T12:19:07.115", "Creator": "ecollins@usgs.gov_USGS", "EditDate": "2026-07-15T12:19:07.115", "Editor": "ecollins@usgs.gov_USGS", "slope_mean": 48.0, "slope_max": 52.6, "aspect_deg": 32.0, "aspect_R": 0.98, "length_m": 195.3, "n_samp": 15, "aspect_dir": "NE" }, "geometry": { "type": "MultiLineString", "coordinates": [ [ [ -66.856232749138897, 10.543934494309401 ], [ -66.855632667748907, 10.544140236500198 ], [ -66.855529796653499, 10.544500285334102 ], [ -66.855444070740603, 10.544808898620397 ], [ -66.855512651470903, 10.5450489311763 ], [ -66.855375490010417, 10.545186092636799 ] ] ] } },
{ "type": "Feature", "properties": { "id": "ven2026_inventory_line.496", "tessellate": -1, "extrude": 0, "visibility": -1, "OBJECTID": 500.0, "IMPACTS_STREAM": null, "COMMENTS": "PS 06/27", "Shape__Length": 61.746984257119202, "GlobalID": "9389a462-1667-4ffc-9bc4-1f8182565bf6", "CreationDate": "2026-07-15T12:19:07.115", "Creator": "ecollins@usgs.gov_USGS", "EditDate": "2026-07-15T12:19:07.115", "Editor": "ecollins@usgs.gov_USGS", "slope_mean": 55.6, "slope_max": 61.1, "aspect_deg": 36.0, "aspect_R": 1.0, "length_m": 60.5, "n_samp": 6, "aspect_dir": "NE" }, "geometry": { "type": "MultiLineString", "coordinates": [ [ [ -66.857055717902099, 10.544877479350598 ], [ -66.856712814250699, 10.545306108914801 ] ] ] } },
{ "type": "Feature", "properties": { "id": "ven2026_inventory_line.497", "tessellate": -1, "extrude": 0, "visibility": -1, "OBJECTID": 501.0, "IMPACTS_STREAM": null, "COMMENTS": "PS 06/27", "Shape__Length": 58.571491530292299, "GlobalID": "c9f53ac3-be1c-4bf6-8eec-7b23ee71ddd5", "CreationDate": "2026-07-15T12:19:07.115", "Creator": "ecollins@usgs.gov_USGS", "EditDate": "2026-07-15T12:19:07.115", "Editor": "ecollins@usgs.gov_USGS", "slope_mean": 40.8, "slope_max": 41.8, "aspect_deg": 70.0, "aspect_R": 0.98, "length_m": 57.4, "n_samp": 5, "aspect_dir": "E" }, "geometry": { "type": "MultiLineString", "coordinates": [ [ [ -66.8503176611528, 10.544980350446098 ], [ -66.849957612318804, 10.545357544462602 ] ] ] } },
{ "type": "Feature", "properties": { "id": "ven2026_inventory_line.498", "tessellate": -1, "extrude": 0, "visibility": -1, "OBJECTID": 502.0, "IMPACTS_STREAM": null, "COMMENTS": "PS 06/27", "Shape__Length": 254.353535975884, "GlobalID": "60dc19d9-c701-41b9-a4c0-c67777fe5fd0", "CreationDate": "2026-07-15T12:19:07.115", "Creator": "ecollins@usgs.gov_USGS", "EditDate": "2026-07-15T12:19:07.115", "Editor": "ecollins@usgs.gov_USGS", "slope_mean": 35.7, "slope_max": 42.5, "aspect_deg": 83.0, "aspect_R": 0.95, "length_m": 249.7, "n_samp": 18, "aspect_dir": "E" }, "geometry": { "type": "MultiLineString", "coordinates": [ [ [ -66.847797319315205, 10.545614722201099 ], [ -66.847505851211494, 10.545203237819498 ], [ -66.846871479456496, 10.544980350446098 ], [ -66.846339978796806, 10.5453575444626 ], [ -66.845911349232694, 10.545477560740498 ] ] ] } },
{ "type": "Feature", "properties": { "id": "ven2026_inventory_line.499", "tessellate": -1, "extrude": 0, "visibility": -1, "OBJECTID": 503.0, "IMPACTS_STREAM": null, "COMMENTS": "PS 06/27", "Shape__Length": 88.138040668967307, "GlobalID": "7bf77861-2da5-45b3-be46-5f12e7e73675", "CreationDate": "2026-07-15T12:19:54.715", "Creator": "ecollins@usgs.gov_USGS", "EditDate": "2026-07-15T12:19:54.715", "Editor": "ecollins@usgs.gov_USGS", "slope_mean": 42.2, "slope_max": 44.7, "aspect_deg": 100.0, "aspect_R": 0.99, "length_m": 86.7, "n_samp": 7, "aspect_dir": "E" }, "geometry": { "type": "MultiLineString", "coordinates": [ [ [ -66.848534562165696, 10.5453575444626 ], [ -66.847745883767502, 10.5452889637323 ] ] ] } },
{ "type": "Feature", "properties": { "id": "ven2026_inventory_line.500", "tessellate": -1, "extrude": 0, "visibility": -1, "OBJECTID": 504.0, "IMPACTS_STREAM": null, "COMMENTS": "PS 06/27", "Shape__Length": 54.315027646801198, "GlobalID": "89681667-16aa-424c-843a-10298f68e343", "CreationDate": "2026-07-15T12:19:54.715", "Creator": "ecollins@usgs.gov_USGS", "EditDate": "2026-07-15T12:19:54.715", "Editor": "ecollins@usgs.gov_USGS", "slope_mean": 39.8, "slope_max": 40.2, "aspect_deg": 80.0, "aspect_R": 1.0, "length_m": 53.4, "n_samp": 5, "aspect_dir": "E" }, "geometry": { "type": "MultiLineString", "coordinates": [ [ [ -66.849683289397703, 10.545254673367102 ], [ -66.850163354509604, 10.545340399280001 ] ] ] } },
{ "type": "Feature", "properties": { "id": "ven2026_inventory_line.501", "tessellate": -1, "extrude": 0, "visibility": -1, "OBJECTID": 505.0, "IMPACTS_STREAM": null, "COMMENTS": "source area unclear PS 06/27", "Shape__Length": 47.560532239048399, "GlobalID": "41cf4d48-6681-477f-b522-108287fefffb", "CreationDate": "2026-07-15T12:21:30.051", "Creator": "ecollins@usgs.gov_USGS", "EditDate": "2026-07-15T12:21:30.051", "Editor": "ecollins@usgs.gov_USGS", "slope_mean": 43.2, "slope_max": 43.3, "aspect_deg": 347.0, "aspect_R": 1.0, "length_m": 46.5, "n_samp": 5, "aspect_dir": "N" }, "geometry": { "type": "MultiLineString", "coordinates": [ [ [ -66.845191251564799, 10.5460090614002 ], [ -66.845276977477596, 10.546420545781798 ] ] ] } },
{ "type": "Feature", "properties": { "id": "ven2026_inventory_line.502", "tessellate": -1, "extrude": 0, "visibility": -1, "OBJECTID": 506.0, "IMPACTS_STREAM": null, "COMMENTS": "PS 06/27", "Shape__Length": 130.57811148809901, "GlobalID": "6dc6025e-251c-4d6a-a084-5ab580201ecc", "CreationDate": "2026-07-15T12:21:30.051", "Creator": "ecollins@usgs.gov_USGS", "EditDate": "2026-07-15T12:21:30.051", "Editor": "ecollins@usgs.gov_USGS", "slope_mean": 42.8, "slope_max": 46.2, "aspect_deg": 38.0, "aspect_R": 0.98, "length_m": 128.3, "n_samp": 10, "aspect_dir": "NE" }, "geometry": { "type": "MultiLineString", "coordinates": [ [ [ -66.847385834933505, 10.543488719562601 ], [ -66.8469229150042, 10.543711606935901 ], [ -66.846305688431798, 10.543934494309298 ] ] ] } },
{ "type": "Feature", "properties": { "id": "ven2026_inventory_line.503", "tessellate": -1, "extrude": 0, "visibility": -1, "OBJECTID": 507.0, "IMPACTS_STREAM": null, "COMMENTS": "PS 06/27", "Shape__Length": 318.14913245042999, "GlobalID": "3b6e7efa-3fce-48e2-aee2-64636d219b12", "CreationDate": "2026-07-15T12:21:30.051", "Creator": "ecollins@usgs.gov_USGS", "EditDate": "2026-07-15T12:21:30.051", "Editor": "ecollins@usgs.gov_USGS", "slope_mean": 40.1, "slope_max": 50.5, "aspect_deg": 27.0, "aspect_R": 0.88, "length_m": 311.5, "n_samp": 22, "aspect_dir": "NE" }, "geometry": { "type": "MultiLineString", "coordinates": [ [ [ -66.847660157854605, 10.5414655880195 ], [ -66.8471972379253, 10.541808491670897 ], [ -66.8467857535436, 10.542511444156199 ], [ -66.846477140257406, 10.542922928537802 ], [ -66.846219962518902, 10.543214396641499 ], [ -66.846202817336305, 10.5437458973011 ] ] ] } },
{ "type": "Feature", "properties": { "id": "ven2026_inventory_line.504", "tessellate": -1, "extrude": 0, "visibility": -1, "OBJECTID": 508.0, "IMPACTS_STREAM": null, "COMMENTS": "PS 06/27", "Shape__Length": 125.37056606503, "GlobalID": "9750cb9b-8a62-43c0-8c85-690f7e401cdf", "CreationDate": "2026-07-15T12:22:06.243", "Creator": "ecollins@usgs.gov_USGS", "EditDate": "2026-07-15T12:22:06.243", "Editor": "ecollins@usgs.gov_USGS", "slope_mean": 47.7, "slope_max": 49.2, "aspect_deg": 338.0, "aspect_R": 1.0, "length_m": 122.8, "n_samp": 10, "aspect_dir": "N" }, "geometry": { "type": "MultiLineString", "coordinates": [ [ [ -66.840030551611818, 10.544740317890099 ], [ -66.840202003437398, 10.544911769715799 ], [ -66.840459181175902, 10.545048931176298 ], [ -66.840647778184206, 10.5455975770185 ] ] ] } },
{ "type": "Feature", "properties": { "id": "ven2026_inventory_line.505", "tessellate": -1, "extrude": 0, "visibility": -1, "OBJECTID": 509.0, "IMPACTS_STREAM": null, "COMMENTS": "PS 06/27", "Shape__Length": 150.47151722451699, "GlobalID": "33116240-0c24-4aeb-8989-10fed32784a6", "CreationDate": "2026-07-15T12:22:06.243", "Creator": "ecollins@usgs.gov_USGS", "EditDate": "2026-07-15T12:22:06.243", "Editor": "ecollins@usgs.gov_USGS", "slope_mean": 41.5, "slope_max": 43.7, "aspect_deg": 48.0, "aspect_R": 0.97, "length_m": 147.9, "n_samp": 11, "aspect_dir": "NE" }, "geometry": { "type": "MultiLineString", "coordinates": [ [ [ -66.848208803696807, 10.5418942175837 ], [ -66.847540141576701, 10.542185685687397 ], [ -66.846940060186796, 10.542339992330499 ] ] ] } },
{ "type": "Feature", "properties": { "id": "ven2026_inventory_line.506", "tessellate": -1, "extrude": 0, "visibility": -1, "OBJECTID": 510.0, "IMPACTS_STREAM": null, "COMMENTS": "PS 06/27", "Shape__Length": 44.946371203954897, "GlobalID": "84b9af8b-ee6c-4b1e-a419-64341b034366", "CreationDate": "2026-07-15T12:22:31.527", "Creator": "ecollins@usgs.gov_USGS", "EditDate": "2026-07-15T12:22:31.527", "Editor": "ecollins@usgs.gov_USGS", "slope_mean": 34.1, "slope_max": 40.9, "aspect_deg": 83.0, "aspect_R": 1.0, "length_m": 44.2, "n_samp": 4, "aspect_dir": "E" }, "geometry": { "type": "MultiLineString", "coordinates": [ [ [ -66.850454822613301, 10.545537568879499 ], [ -66.850051910822899, 10.545511851105598 ] ] ] } },
{ "type": "Feature", "properties": { "id": "ven2026_inventory_line.507", "tessellate": -1, "extrude": 0, "visibility": -1, "OBJECTID": 511.0, "IMPACTS_STREAM": null, "COMMENTS": "PS 06/27", "Shape__Length": 61.058165510286301, "GlobalID": "21d1455c-8ad6-441b-832e-2016c732ccbd", "CreationDate": "2026-07-15T12:22:56.353", "Creator": "ecollins@usgs.gov_USGS", "EditDate": "2026-07-15T12:22:56.353", "Editor": "ecollins@usgs.gov_USGS", "slope_mean": 41.2, "slope_max": 49.2, "aspect_deg": 303.0, "aspect_R": 0.97, "length_m": 59.8, "n_samp": 5, "aspect_dir": "NW" }, "geometry": { "type": "MultiLineString", "coordinates": [ [ [ -66.840930673696505, 10.547723579657001 ], [ -66.841239286982798, 10.5472778049102 ] ] ] } },
{ "type": "Feature", "properties": { "id": "ven2026_inventory_line.508", "tessellate": -1, "extrude": 0, "visibility": -1, "OBJECTID": 512.0, "IMPACTS_STREAM": null, "COMMENTS": "PS 06/27", "Shape__Length": 113.06970940998301, "GlobalID": "bbdce419-739a-4bee-a81f-a1640403f809", "CreationDate": "2026-07-15T12:24:47.160", "Creator": "ecollins@usgs.gov_USGS", "EditDate": "2026-07-15T12:24:47.160", "Editor": "ecollins@usgs.gov_USGS", "slope_mean": 47.5, "slope_max": 50.9, "aspect_deg": 323.0, "aspect_R": 0.99, "length_m": 110.9, "n_samp": 9, "aspect_dir": "NW" }, "geometry": { "type": "MultiLineString", "coordinates": [ [ [ -66.845508437442305, 10.5408140710819 ], [ -66.846262825475307, 10.5414827332021 ] ] ] } },
{ "type": "Feature", "properties": { "id": "ven2026_inventory_line.509", "tessellate": -1, "extrude": 0, "visibility": -1, "OBJECTID": 513.0, "IMPACTS_STREAM": null, "COMMENTS": "PS 06/27", "Shape__Length": 156.463627204446, "GlobalID": "83175d5d-5d9e-49c7-b6d2-a3f8894d7598", "CreationDate": "2026-07-15T12:24:47.160", "Creator": "ecollins@usgs.gov_USGS", "EditDate": "2026-07-15T12:24:47.160", "Editor": "ecollins@usgs.gov_USGS", "slope_mean": 44.9, "slope_max": 47.0, "aspect_deg": 339.0, "aspect_R": 0.96, "length_m": 153.1, "n_samp": 12, "aspect_dir": "N" }, "geometry": { "type": "MultiLineString", "coordinates": [ [ [ -66.8458856314587, 10.539596763119599 ], [ -66.8462285351101, 10.5399911023187 ], [ -66.8462971158404, 10.540454022247998 ], [ -66.846417132118404, 10.540831216264499 ] ] ] } },
{ "type": "Feature", "properties": { "id": "ven2026_inventory_line.510", "tessellate": -1, "extrude": 0, "visibility": -1, "OBJECTID": 514.0, "IMPACTS_STREAM": null, "COMMENTS": "PS 06/27", "Shape__Length": 94.147924997887898, "GlobalID": "71ec95af-e89b-4e83-b607-0e73c1370eff", "CreationDate": "2026-07-15T12:24:47.160", "Creator": "ecollins@usgs.gov_USGS", "EditDate": "2026-07-15T12:24:47.160", "Editor": "ecollins@usgs.gov_USGS", "slope_mean": 42.6, "slope_max": 46.5, "aspect_deg": 21.0, "aspect_R": 0.99, "length_m": 92.1, "n_samp": 8, "aspect_dir": "N" }, "geometry": { "type": "MultiLineString", "coordinates": [ [ [ -66.847171520151406, 10.541002668090201 ], [ -66.846897197230305, 10.541345571741596 ], [ -66.846777180952301, 10.541722765757999 ] ] ] } },
{ "type": "Feature", "properties": { "id": "ven2026_inventory_line.511", "tessellate": -1, "extrude": 0, "visibility": -1, "OBJECTID": 515.0, "IMPACTS_STREAM": null, "COMMENTS": "Unsure if agri. change. PS 06/27", "Shape__Length": 45.9705054232574, "GlobalID": "514a01bc-a5cc-44d7-8933-d0a20e45f3c5", "CreationDate": "2026-07-15T12:26:56.177", "Creator": "ecollins@usgs.gov_USGS", "EditDate": "2026-07-15T12:26:56.177", "Editor": "ecollins@usgs.gov_USGS", "slope_mean": 34.6, "slope_max": 41.9, "aspect_deg": 63.0, "aspect_R": 0.97, "length_m": 45.2, "n_samp": 5, "aspect_dir": "NE" }, "geometry": { "type": "MultiLineString", "coordinates": [ [ [ -66.883725049387095, 10.5518384234734 ], [ -66.883313565005494, 10.551804133108298 ] ] ] } },
{ "type": "Feature", "properties": { "id": "ven2026_inventory_line.512", "tessellate": -1, "extrude": 0, "visibility": -1, "OBJECTID": 516.0, "IMPACTS_STREAM": null, "COMMENTS": "PS 06/27", "Shape__Length": 40.253512587812502, "GlobalID": "c7e74755-d815-4f57-a789-6a97024c7358", "CreationDate": "2026-07-15T12:32:49.145", "Creator": "ecollins@usgs.gov_USGS", "EditDate": "2026-07-15T12:32:49.145", "Editor": "ecollins@usgs.gov_USGS", "slope_mean": 28.0, "slope_max": 30.7, "aspect_deg": 94.0, "aspect_R": 0.98, "length_m": 39.5, "n_samp": 4, "aspect_dir": "E" }, "geometry": { "type": "MultiLineString", "coordinates": [ [ [ -66.908636999658995, 10.562691324039198 ], [ -66.908311241190106, 10.562845630682199 ] ] ] } },
{ "type": "Feature", "properties": { "id": "ven2026_inventory_line.513", "tessellate": -1, "extrude": 0, "visibility": -1, "OBJECTID": 517.0, "IMPACTS_STREAM": null, "COMMENTS": "Hard to see in PS 06/27", "Shape__Length": 59.673873240844202, "GlobalID": "05d2bde9-bc2b-4740-a71a-7763e77c7a2f", "CreationDate": "2026-07-15T12:32:49.145", "Creator": "ecollins@usgs.gov_USGS", "EditDate": "2026-07-15T12:32:49.145", "Editor": "ecollins@usgs.gov_USGS", "slope_mean": 32.7, "slope_max": 33.4, "aspect_deg": 60.0, "aspect_R": 1.0, "length_m": 58.7, "n_samp": 5, "aspect_dir": "NE" }, "geometry": { "type": "MultiLineString", "coordinates": [ [ [ -66.906493851837993, 10.562794195134503 ], [ -66.905962351178303, 10.5628627758649 ] ] ] } },
{ "type": "Feature", "properties": { "id": "ven2026_inventory_line.514", "tessellate": -1, "extrude": 0, "visibility": -1, "OBJECTID": 518.0, "IMPACTS_STREAM": null, "COMMENTS": "PS 06/27", "Shape__Length": 209.862742867929, "GlobalID": "1d23955a-4a4e-4dc6-9693-7d9b6dbe88a2", "CreationDate": "2026-07-15T12:36:01.693", "Creator": "ecollins@usgs.gov_USGS", "EditDate": "2026-07-15T12:36:01.693", "Editor": "ecollins@usgs.gov_USGS", "slope_mean": 35.4, "slope_max": 38.6, "aspect_deg": 118.0, "aspect_R": 0.99, "length_m": 206.1, "n_samp": 15, "aspect_dir": "SE" }, "geometry": { "type": "MultiLineString", "coordinates": [ [ [ -66.874068664483005, 10.536875281404102 ], [ -66.873074172434002, 10.536738110086999 ], [ -66.872422608677795, 10.536155131989304 ] ] ] } },
{ "type": "Feature", "properties": { "id": "ven2026_inventory_line.515", "tessellate": -1, "extrude": 0, "visibility": -1, "OBJECTID": 519.0, "IMPACTS_STREAM": null, "COMMENTS": "PS 06/27", "Shape__Length": 138.30346405952301, "GlobalID": "2c555c32-4108-4992-b51f-ef21bcf92db5", "CreationDate": "2026-07-15T12:36:01.693", "Creator": "ecollins@usgs.gov_USGS", "EditDate": "2026-07-15T12:36:01.693", "Editor": "ecollins@usgs.gov_USGS", "slope_mean": 33.3, "slope_max": 35.6, "aspect_deg": 90.0, "aspect_R": 0.99, "length_m": 136.0, "n_samp": 11, "aspect_dir": "E" }, "geometry": { "type": "MultiLineString", "coordinates": [ [ [ -66.873725736190195, 10.5374582595018 ], [ -66.872491194336405, 10.537595430818801 ] ] ] } },
{ "type": "Feature", "properties": { "id": "ven2026_inventory_line.516", "tessellate": -1, "extrude": 0, "visibility": -1, "OBJECTID": 520.0, "IMPACTS_STREAM": null, "COMMENTS": "PS 06/27", "Shape__Length": 49.753838271031597, "GlobalID": "c55f61bf-51cf-489c-875a-ad12ccf2bd79", "CreationDate": "2026-07-15T12:36:01.693", "Creator": "ecollins@usgs.gov_USGS", "EditDate": "2026-07-15T12:36:01.693", "Editor": "ecollins@usgs.gov_USGS", "slope_mean": 36.2, "slope_max": 38.1, "aspect_deg": 119.0, "aspect_R": 1.0, "length_m": 48.9, "n_samp": 5, "aspect_dir": "SE" }, "geometry": { "type": "MultiLineString", "coordinates": [ [ [ -66.871085188336195, 10.537801187794498 ], [ -66.870673674384804, 10.537629723648198 ] ] ] } },
{ "type": "Feature", "properties": { "id": "ven2026_inventory_line.517", "tessellate": -1, "extrude": 0, "visibility": -1, "OBJECTID": 521.0, "IMPACTS_STREAM": null, "COMMENTS": "PS 06/27", "Shape__Length": 126.617084298244, "GlobalID": "c7e4df2e-98bc-4505-b947-281999b4f06c", "CreationDate": "2026-07-15T12:36:01.693", "Creator": "ecollins@usgs.gov_USGS", "EditDate": "2026-07-15T12:36:01.693", "Editor": "ecollins@usgs.gov_USGS", "slope_mean": 29.9, "slope_max": 49.0, "aspect_deg": 204.0, "aspect_R": 0.96, "length_m": 123.9, "n_samp": 10, "aspect_dir": "SW" }, "geometry": { "type": "MultiLineString", "coordinates": [ [ [ -66.868410347652699, 10.534303319208499 ], [ -66.868993325750395, 10.533343119988796 ] ] ] } },
{ "type": "Feature", "properties": { "id": "ven2026_inventory_line.518", "tessellate": -1, "extrude": 0, "visibility": -1, "OBJECTID": 522.0, "IMPACTS_STREAM": null, "COMMENTS": "PS 06/27", "Shape__Length": 73.781475664174394, "GlobalID": "83aa3a5e-33e4-4054-ae7e-cce5beb19f04", "CreationDate": "2026-07-15T12:36:01.693", "Creator": "ecollins@usgs.gov_USGS", "EditDate": "2026-07-15T12:36:01.693", "Editor": "ecollins@usgs.gov_USGS", "slope_mean": 32.4, "slope_max": 33.7, "aspect_deg": 95.0, "aspect_R": 0.99, "length_m": 72.5, "n_samp": 6, "aspect_dir": "E" }, "geometry": { "type": "MultiLineString", "coordinates": [ [ [ -66.872834122629115, 10.540561760551096 ], [ -66.872199705287599, 10.540373149990099 ] ] ] } },
{ "type": "Feature", "properties": { "id": "ven2026_inventory_line.519", "tessellate": -1, "extrude": 0, "visibility": -1, "OBJECTID": 523.0, "IMPACTS_STREAM": null, "COMMENTS": "PS 06/27", "Shape__Length": 35.184625976313797, "GlobalID": "dda36f46-a925-4012-be90-37136b81203b", "CreationDate": "2026-07-15T12:36:37.602", "Creator": "ecollins@usgs.gov_USGS", "EditDate": "2026-07-15T12:36:37.602", "Editor": "ecollins@usgs.gov_USGS", "slope_mean": 37.7, "slope_max": 38.3, "aspect_deg": 62.0, "aspect_R": 1.0, "length_m": 34.6, "n_samp": 4, "aspect_dir": "NE" }, "geometry": { "type": "MultiLineString", "coordinates": [ [ [ -66.8678616623843, 10.522900953474799 ], [ -66.867587319750101, 10.523055271206401 ] ] ] } },
{ "type": "Feature", "properties": { "id": "ven2026_inventory_line.520", "tessellate": -1, "extrude": 0, "visibility": -1, "OBJECTID": 524.0, "IMPACTS_STREAM": null, "COMMENTS": "PS 06/27", "Shape__Length": 206.13169680752799, "GlobalID": "98b810de-225e-4f47-a502-5c906bd6d178", "CreationDate": "2026-07-15T12:40:39.322", "Creator": "ecollins@usgs.gov_USGS", "EditDate": "2026-07-15T12:40:39.322", "Editor": "ecollins@usgs.gov_USGS", "slope_mean": 47.1, "slope_max": 53.4, "aspect_deg": 64.0, "aspect_R": 1.0, "length_m": 202.2, "n_samp": 15, "aspect_dir": "NE" }, "geometry": { "type": "MultiLineString", "coordinates": [ [ [ -66.851584565320493, 10.5407911346626 ], [ -66.851001545416096, 10.5412712687015 ], [ -66.8504185255116, 10.541477040432499 ], [ -66.850144163203694, 10.541854288606004 ] ] ] } },
{ "type": "Feature", "properties": { "id": "ven2026_inventory_line.521", "tessellate": -1, "extrude": 0, "visibility": -1, "OBJECTID": 525.0, "IMPACTS_STREAM": null, "COMMENTS": "PS 06/27", "Shape__Length": 24.505194678094401, "GlobalID": "a32c04cf-3254-48ec-a4e6-9b4f1cca094e", "CreationDate": "2026-07-15T12:40:39.322", "Creator": "ecollins@usgs.gov_USGS", "EditDate": "2026-07-15T12:40:39.322", "Editor": "ecollins@usgs.gov_USGS", "slope_mean": 32.1, "slope_max": 32.1, "aspect_deg": 319.0, "aspect_R": 1.0, "length_m": 24.0, "n_samp": 3, "aspect_dir": "NW" }, "geometry": { "type": "MultiLineString", "coordinates": [ [ [ -66.8443825547362, 10.537756001630502 ], [ -66.844536883534403, 10.537910330428799 ] ] ] } },
{ "type": "Feature", "properties": { "id": "ven2026_inventory_line.522", "tessellate": -1, "extrude": 0, "visibility": -1, "OBJECTID": 526.0, "IMPACTS_STREAM": null, "COMMENTS": "PS 06/27", "Shape__Length": 33.215614995465799, "GlobalID": "2e8ea6bd-269d-4593-bb1b-4a9bf252b48b", "CreationDate": "2026-07-15T12:42:30.172", "Creator": "ecollins@usgs.gov_USGS", "EditDate": "2026-07-15T12:42:30.172", "Editor": "ecollins@usgs.gov_USGS", "slope_mean": 51.2, "slope_max": 51.9, "aspect_deg": 131.0, "aspect_R": 1.0, "length_m": 32.5, "n_samp": 4, "aspect_dir": "SE" }, "geometry": { "type": "MultiLineString", "coordinates": [ [ [ -66.834282592273794, 10.539316437257201 ], [ -66.834111115831305, 10.539076370237701 ] ] ] } },
{ "type": "Feature", "properties": { "id": "ven2026_inventory_line.523", "tessellate": -1, "extrude": 0, "visibility": -1, "OBJECTID": 527.0, "IMPACTS_STREAM": null, "COMMENTS": null, "Shape__Length": 31.695692701160802, "GlobalID": "5bf9e43d-885e-413b-b36c-2890307c5ebe", "CreationDate": "2026-07-15T12:59:42.908", "Creator": "ecollins@usgs.gov_USGS", "EditDate": "2026-07-15T12:59:42.908", "Editor": "ecollins@usgs.gov_USGS", "slope_mean": 20.4, "slope_max": 29.0, "aspect_deg": 26.0, "aspect_R": 0.95, "length_m": 31.1, "n_samp": 4, "aspect_dir": "NE" }, "geometry": { "type": "MultiLineString", "coordinates": [ [ [ -66.8467771410117, 10.5750349802267 ], [ -66.846519926347995, 10.574914946717 ] ] ] } },
{ "type": "Feature", "properties": { "id": "ven2026_inventory_line.524", "tessellate": -1, "extrude": 0, "visibility": -1, "OBJECTID": 528.0, "IMPACTS_STREAM": null, "COMMENTS": null, "Shape__Length": 65.377362835282199, "GlobalID": "3b927a10-bda8-43f1-b422-41cfbda01279", "CreationDate": "2026-07-15T12:59:42.908", "Creator": "ecollins@usgs.gov_USGS", "EditDate": "2026-07-15T12:59:42.908", "Editor": "ecollins@usgs.gov_USGS", "slope_mean": 21.7, "slope_max": 35.0, "aspect_deg": 335.0, "aspect_R": 0.62, "length_m": 64.2, "n_samp": 6, "aspect_dir": "NW" }, "geometry": { "type": "MultiLineString", "coordinates": [ [ [ -66.845199557740898, 10.570610888010602 ], [ -66.845748282356794, 10.5704051162796 ] ] ] } },
{ "type": "Feature", "properties": { "id": "ven2026_inventory_line.525", "tessellate": -1, "extrude": 0, "visibility": -1, "OBJECTID": 529.0, "IMPACTS_STREAM": null, "COMMENTS": null, "Shape__Length": 13.839109703325599, "GlobalID": "846972ad-f23b-4a9a-be74-34b1690334a0", "CreationDate": "2026-07-15T13:01:06.421", "Creator": "ecollins@usgs.gov_USGS", "EditDate": "2026-07-15T13:01:06.421", "Editor": "ecollins@usgs.gov_USGS", "slope_mean": 26.8, "slope_max": 27.5, "aspect_deg": 48.0, "aspect_R": 0.98, "length_m": 13.6, "n_samp": 2, "aspect_dir": "NE" }, "geometry": { "type": "MultiLineString", "coordinates": [ [ [ -66.847737390318102, 10.568673657295502 ], [ -66.847634500364293, 10.568605063992997 ] ] ] } },
{ "type": "Feature", "properties": { "id": "ven2026_inventory_line.526", "tessellate": -1, "extrude": 0, "visibility": -1, "OBJECTID": 530.0, "IMPACTS_STREAM": null, "COMMENTS": null, "Shape__Length": 86.649666944688605, "GlobalID": "d24e94ac-85bc-4001-94e0-dd0734723b21", "CreationDate": "2026-07-15T13:02:26.436", "Creator": "ecollins@usgs.gov_USGS", "EditDate": "2026-07-15T13:02:26.436", "Editor": "ecollins@usgs.gov_USGS", "slope_mean": 49.5, "slope_max": 52.0, "aspect_deg": 113.0, "aspect_R": 0.99, "length_m": 85.1, "n_samp": 7, "aspect_dir": "SE" }, "geometry": { "type": "MultiLineString", "coordinates": [ [ [ -66.851475725308305, 10.578405332097898 ], [ -66.851098462144094, 10.578199552190197 ], [ -66.850755495631304, 10.578148107213199 ] ] ] } },
{ "type": "Feature", "properties": { "id": "ven2026_inventory_line.527", "tessellate": -1, "extrude": 0, "visibility": -1, "OBJECTID": 531.0, "IMPACTS_STREAM": null, "COMMENTS": null, "Shape__Length": 162.78510690461101, "GlobalID": "a6c885d2-8092-422c-979a-5127b89fff1c", "CreationDate": "2026-07-15T13:02:26.436", "Creator": "ecollins@usgs.gov_USGS", "EditDate": "2026-07-15T13:02:26.436", "Editor": "ecollins@usgs.gov_USGS", "slope_mean": 40.0, "slope_max": 42.7, "aspect_deg": 101.0, "aspect_R": 0.99, "length_m": 160.1, "n_samp": 12, "aspect_dir": "E" }, "geometry": { "type": "MultiLineString", "coordinates": [ [ [ -66.853619266013595, 10.573861025802501 ], [ -66.8530876679187, 10.573843877476802 ], [ -66.852487476521219, 10.573861025802501 ], [ -66.852161658333998, 10.573912470779399 ] ] ] } },
{ "type": "Feature", "properties": { "id": "ven2026_inventory_line.528", "tessellate": -1, "extrude": 0, "visibility": -1, "OBJECTID": 239.0, "IMPACTS_STREAM": null, "COMMENTS": "PS 07/07", "Shape__Length": 37.056468693636702, "GlobalID": "4631c9a4-766b-40f1-8afe-b0c606da74e0", "CreationDate": "2026-07-14T15:41:17.235", "Creator": "ecollins@usgs.gov_USGS", "EditDate": "2026-07-15T13:02:52.515", "Editor": "ecollins@usgs.gov_USGS", "slope_mean": 39.3, "slope_max": 41.1, "aspect_deg": 6.0, "aspect_R": 0.99, "length_m": 36.3, "n_samp": 4, "aspect_dir": "N" }, "geometry": { "type": "MultiLineString", "coordinates": [ [ [ -66.849143553020909, 10.564926748142597 ], [ -66.849349332928597, 10.565183973027199 ] ] ] } },
{ "type": "Feature", "properties": { "id": "ven2026_inventory_line.529", "tessellate": -1, "extrude": 0, "visibility": -1, "OBJECTID": 532.0, "IMPACTS_STREAM": null, "COMMENTS": null, "Shape__Length": 52.231519143969201, "GlobalID": "28b49c16-fcd9-4c17-aa7b-7b2574893275", "CreationDate": "2026-07-15T13:03:24.381", "Creator": "ecollins@usgs.gov_USGS", "EditDate": "2026-07-15T13:03:24.381", "Editor": "ecollins@usgs.gov_USGS", "slope_mean": 35.1, "slope_max": 38.3, "aspect_deg": 35.0, "aspect_R": 0.95, "length_m": 51.3, "n_samp": 5, "aspect_dir": "NE" }, "geometry": { "type": "MultiLineString", "coordinates": [ [ [ -66.848697696554098, 10.5650639347477 ], [ -66.848474768320699, 10.565063934747702 ], [ -66.8482518400874, 10.5651668247015 ] ] ] } },
{ "type": "Feature", "properties": { "id": "ven2026_inventory_line.530", "tessellate": -1, "extrude": 0, "visibility": -1, "OBJECTID": 329.0, "IMPACTS_STREAM": null, "COMMENTS": "PS 07/07", "Shape__Length": 296.90247101985, "GlobalID": "3b56cdaf-432c-4a36-b3a4-f2b9e7ce00e4", "CreationDate": "2026-07-15T07:28:43.242", "Creator": "ecollins@usgs.gov_USGS", "EditDate": "2026-07-15T13:04:29.054", "Editor": "ecollins@usgs.gov_USGS", "slope_mean": 45.7, "slope_max": 51.4, "aspect_deg": 70.0, "aspect_R": 0.99, "length_m": 291.6, "n_samp": 21, "aspect_dir": "E" }, "geometry": { "type": "MultiLineString", "coordinates": [ [ [ -66.851655782727505, 10.5567812934621 ], [ -66.850644031514605, 10.557124259974998 ], [ -66.849297713163594, 10.557968526272701 ] ] ] } },
{ "type": "Feature", "properties": { "id": "ven2026_inventory_line.531", "tessellate": -1, "extrude": 0, "visibility": -1, "OBJECTID": 533.0, "IMPACTS_STREAM": null, "COMMENTS": null, "Shape__Length": 76.376007734301496, "GlobalID": "7dc8eb47-df5c-429d-ba99-fe4cd48b7139", "CreationDate": "2026-07-15T13:05:38.611", "Creator": "kallstadt@usgs.gov_USGS", "EditDate": "2026-07-15T13:05:38.611", "Editor": "kallstadt@usgs.gov_USGS", "slope_mean": 32.8, "slope_max": 34.8, "aspect_deg": 347.0, "aspect_R": 0.99, "length_m": 75.0, "n_samp": 7, "aspect_dir": "N" }, "geometry": { "type": "MultiLineString", "coordinates": [ [ [ -66.732941992136205, 10.572772782168498 ], [ -66.733117362729502, 10.572641254223601 ], [ -66.733263504890502, 10.572582797359102 ], [ -66.733438875483799, 10.5725827973591 ], [ -66.733570403428701, 10.572597411575298 ] ] ] } },
{ "type": "Feature", "properties": { "id": "ven2026_inventory_line.532", "tessellate": -1, "extrude": 0, "visibility": -1, "OBJECTID": 534.0, "IMPACTS_STREAM": null, "COMMENTS": null, "Shape__Length": 14.0768004739509, "GlobalID": "c33c74d3-ba23-4802-b877-b9bb82f6dfb1", "CreationDate": "2026-07-15T13:05:38.611", "Creator": "kallstadt@usgs.gov_USGS", "EditDate": "2026-07-15T13:05:38.611", "Editor": "kallstadt@usgs.gov_USGS", "slope_mean": 20.8, "slope_max": 20.9, "aspect_deg": 32.0, "aspect_R": 0.97, "length_m": 13.8, "n_samp": 2, "aspect_dir": "NE" }, "geometry": { "type": "MultiLineString", "coordinates": [ [ [ -66.733453489699897, 10.573649635134798 ], [ -66.733351190187093, 10.573722706215298 ] ] ] } },
{ "type": "Feature", "properties": { "id": "ven2026_inventory_line.533", "tessellate": -1, "extrude": 0, "visibility": -1, "OBJECTID": 535.0, "IMPACTS_STREAM": null, "COMMENTS": null, "Shape__Length": 40.748305169715998, "GlobalID": "105a2140-8492-420c-82d9-20c088738266", "CreationDate": "2026-07-15T13:05:38.611", "Creator": "kallstadt@usgs.gov_USGS", "EditDate": "2026-07-15T13:05:38.611", "Editor": "kallstadt@usgs.gov_USGS", "slope_mean": 29.1, "slope_max": 30.3, "aspect_deg": 54.0, "aspect_R": 1.0, "length_m": 40.0, "n_samp": 4, "aspect_dir": "NE" }, "geometry": { "type": "MultiLineString", "coordinates": [ [ [ -66.725698669767695, 10.575709263240299 ], [ -66.725379993364299, 10.575886305686597 ] ] ] } },
{ "type": "Feature", "properties": { "id": "ven2026_inventory_line.534", "tessellate": -1, "extrude": 0, "visibility": -1, "OBJECTID": 536.0, "IMPACTS_STREAM": null, "COMMENTS": null, "Shape__Length": 22.3485851077847, "GlobalID": "7052c7e9-8cc0-4f1c-b8ec-5fe2e75b2127", "CreationDate": "2026-07-15T13:07:27.029", "Creator": "kallstadt@usgs.gov_USGS", "EditDate": "2026-07-15T13:07:27.029", "Editor": "kallstadt@usgs.gov_USGS", "slope_mean": 28.6, "slope_max": 37.7, "aspect_deg": 264.0, "aspect_R": 0.94, "length_m": 21.9, "n_samp": 3, "aspect_dir": "W" }, "geometry": { "type": "MultiLineString", "coordinates": [ [ [ -66.74139329031, 10.574421408688298 ], [ -66.741247699465902, 10.574557293476097 ] ] ] } },
{ "type": "Feature", "properties": { "id": "ven2026_inventory_line.535", "tessellate": -1, "extrude": 0, "visibility": -1, "OBJECTID": 537.0, "IMPACTS_STREAM": "Y", "COMMENTS": "Likely a dam, but no impounded water visible", "Shape__Length": 301.668581497905, "GlobalID": "03dd2ca0-2f38-4e28-9fb2-f5674e2a721f", "CreationDate": "2026-07-15T13:07:27.029", "Creator": "kallstadt@usgs.gov_USGS", "EditDate": "2026-07-15T13:09:10.007", "Editor": "kallstadt@usgs.gov_USGS", "slope_mean": 43.8, "slope_max": 48.3, "aspect_deg": 271.0, "aspect_R": 0.97, "length_m": 295.6, "n_samp": 21, "aspect_dir": "W" }, "geometry": { "type": "MultiLineString", "coordinates": [ [ [ -66.737376855746405, 10.568432188120202 ], [ -66.738139242053506, 10.569319328550099 ], [ -66.738527365991501, 10.569901514457401 ], [ -66.739109551898707, 10.570469838795299 ] ] ] } },
{ "type": "Feature", "properties": { "id": "ven2026_inventory_line.536", "tessellate": -1, "extrude": 0, "visibility": -1, "OBJECTID": 538.0, "IMPACTS_STREAM": "Y", "COMMENTS": null, "Shape__Length": 63.739903432451001, "GlobalID": "443bca41-ce8c-48e9-8d24-dd12e2bfcb34", "CreationDate": "2026-07-15T13:09:10.412", "Creator": "kallstadt@usgs.gov_USGS", "EditDate": "2026-07-15T13:09:10.412", "Editor": "kallstadt@usgs.gov_USGS", "slope_mean": 33.1, "slope_max": 39.1, "aspect_deg": 254.0, "aspect_R": 0.99, "length_m": 62.6, "n_samp": 6, "aspect_dir": "W" }, "geometry": { "type": "MultiLineString", "coordinates": [ [ [ -66.735900880446394, 10.572442076391599 ], [ -66.736407470466403, 10.5721797351313 ] ] ] } },
{ "type": "Feature", "properties": { "id": "ven2026_inventory_line.537", "tessellate": -1, "extrude": 0, "visibility": -1, "OBJECTID": 539.0, "IMPACTS_STREAM": null, "COMMENTS": null, "Shape__Length": 34.086771623710497, "GlobalID": "6d4660c3-6c13-474b-9a87-f2a57785cd15", "CreationDate": "2026-07-15T13:09:10.412", "Creator": "kallstadt@usgs.gov_USGS", "EditDate": "2026-07-15T13:09:10.412", "Editor": "kallstadt@usgs.gov_USGS", "slope_mean": 28.8, "slope_max": 31.8, "aspect_deg": 360.0, "aspect_R": 0.98, "length_m": 33.4, "n_samp": 4, "aspect_dir": "N" }, "geometry": { "type": "MultiLineString", "coordinates": [ [ [ -66.735328752316406, 10.5724899042134 ], [ -66.735157293632994, 10.572739298662002 ] ] ] } },
{ "type": "Feature", "properties": { "id": "ven2026_inventory_line.538", "tessellate": -1, "extrude": 0, "visibility": -1, "OBJECTID": 540.0, "IMPACTS_STREAM": null, "COMMENTS": null, "Shape__Length": 39.547942848987901, "GlobalID": "beb6616a-1af7-4b56-ba88-137ee4c78257", "CreationDate": "2026-07-15T13:09:10.412", "Creator": "kallstadt@usgs.gov_USGS", "EditDate": "2026-07-15T13:09:10.412", "Editor": "kallstadt@usgs.gov_USGS", "slope_mean": 37.4, "slope_max": 39.9, "aspect_deg": 344.0, "aspect_R": 1.0, "length_m": 38.7, "n_samp": 4, "aspect_dir": "N" }, "geometry": { "type": "MultiLineString", "coordinates": [ [ [ -66.734284413062895, 10.572131399693497 ], [ -66.734237651603706, 10.57231844553 ], [ -66.734253238756807, 10.572474317060401 ] ] ] } },
{ "type": "Feature", "properties": { "id": "ven2026_inventory_line.539", "tessellate": -1, "extrude": 0, "visibility": -1, "OBJECTID": 541.0, "IMPACTS_STREAM": null, "COMMENTS": null, "Shape__Length": 101.524721655617, "GlobalID": "84d64370-82bb-4711-a9d0-1a70df352825", "CreationDate": "2026-07-15T13:09:10.412", "Creator": "kallstadt@usgs.gov_USGS", "EditDate": "2026-07-15T13:09:10.412", "Editor": "kallstadt@usgs.gov_USGS", "slope_mean": 43.7, "slope_max": 45.9, "aspect_deg": 253.0, "aspect_R": 1.0, "length_m": 99.8, "n_samp": 8, "aspect_dir": "W" }, "geometry": { "type": "MultiLineString", "coordinates": [ [ [ -66.738751172775395, 10.574350783006198 ], [ -66.739662156175399, 10.574393352324 ] ] ] } },
{ "type": "Feature", "properties": { "id": "ven2026_inventory_line.540", "tessellate": -1, "extrude": 0, "visibility": -1, "OBJECTID": 542.0, "IMPACTS_STREAM": null, "COMMENTS": null, "Shape__Length": 107.656721634566, "GlobalID": "451801aa-f600-4665-ba7f-6dc936537243", "CreationDate": "2026-07-15T13:13:03.100", "Creator": "kallstadt@usgs.gov_USGS", "EditDate": "2026-07-15T13:13:03.100", "Editor": "kallstadt@usgs.gov_USGS", "slope_mean": 34.2, "slope_max": 40.3, "aspect_deg": 97.0, "aspect_R": 0.91, "length_m": 105.9, "n_samp": 9, "aspect_dir": "E" }, "geometry": { "type": "MultiLineString", "coordinates": [ [ [ -66.725230071073995, 10.5689820308911 ], [ -66.724269568129401, 10.568871203628296 ] ] ] } },
{ "type": "Feature", "properties": { "id": "ven2026_inventory_line.541", "tessellate": -1, "extrude": 0, "visibility": -1, "OBJECTID": 543.0, "IMPACTS_STREAM": null, "COMMENTS": null, "Shape__Length": 58.436230867076397, "GlobalID": "fdd15a5c-6a93-4463-9284-de8ff8e64a1c", "CreationDate": "2026-07-15T13:13:03.100", "Creator": "kallstadt@usgs.gov_USGS", "EditDate": "2026-07-15T13:13:03.100", "Editor": "kallstadt@usgs.gov_USGS", "slope_mean": 35.2, "slope_max": 42.0, "aspect_deg": 126.0, "aspect_R": 0.97, "length_m": 57.3, "n_samp": 5, "aspect_dir": "SE" }, "geometry": { "type": "MultiLineString", "coordinates": [ [ [ -66.723506534174504, 10.576736222916701 ], [ -66.723162888279106, 10.5763461383868 ] ] ] } },
{ "type": "Feature", "properties": { "id": "ven2026_inventory_line.542", "tessellate": -1, "extrude": 0, "visibility": -1, "OBJECTID": 544.0, "IMPACTS_STREAM": null, "COMMENTS": null, "Shape__Length": 21.101744160074102, "GlobalID": "35a004a3-7483-4024-a203-9ae01cf80171", "CreationDate": "2026-07-15T13:13:03.100", "Creator": "kallstadt@usgs.gov_USGS", "EditDate": "2026-07-15T13:13:03.100", "Editor": "kallstadt@usgs.gov_USGS", "slope_mean": 40.0, "slope_max": 43.4, "aspect_deg": 85.0, "aspect_R": 1.0, "length_m": 20.7, "n_samp": 3, "aspect_dir": "E" }, "geometry": { "type": "MultiLineString", "coordinates": [ [ [ -66.722893544198996, 10.577460665615099 ], [ -66.722707789660902, 10.577423514707601 ] ] ] } },
{ "type": "Feature", "properties": { "id": "ven2026_inventory_line.543", "tessellate": -1, "extrude": 0, "visibility": -1, "OBJECTID": 545.0, "IMPACTS_STREAM": null, "COMMENTS": null, "Shape__Length": 114.715957434538, "GlobalID": "fedcb6ac-5404-4a02-8434-12537c44011f", "CreationDate": "2026-07-15T13:13:03.100", "Creator": "kallstadt@usgs.gov_USGS", "EditDate": "2026-07-15T13:13:03.100", "Editor": "kallstadt@usgs.gov_USGS", "slope_mean": null, "slope_max": null, "aspect_deg": null, "aspect_R": null, "length_m": 112.8, "n_samp": 9, "aspect_dir": "flat" }, "geometry": { "type": "MultiLineString", "coordinates": [ [ [ -66.720655202015394, 10.5795596918952 ], [ -66.719652127509903, 10.5793274987226 ] ] ] } },
{ "type": "Feature", "properties": { "id": "ven2026_inventory_line.544", "tessellate": -1, "extrude": 0, "visibility": -1, "OBJECTID": 546.0, "IMPACTS_STREAM": null, "COMMENTS": null, "Shape__Length": 76.205618369505103, "GlobalID": "5d3fd961-d1c7-435e-8928-1980980d3f1d", "CreationDate": "2026-07-15T13:19:27.840", "Creator": "kallstadt@usgs.gov_USGS", "EditDate": "2026-07-15T13:19:27.840", "Editor": "kallstadt@usgs.gov_USGS", "slope_mean": null, "slope_max": null, "aspect_deg": null, "aspect_R": null, "length_m": 74.8, "n_samp": 6, "aspect_dir": "flat" }, "geometry": { "type": "MultiLineString", "coordinates": [ [ [ -66.710897665774695, 10.569028105539397 ], [ -66.710361532502901, 10.569446551019798 ] ] ] } },
{ "type": "Feature", "properties": { "id": "ven2026_inventory_line.545", "tessellate": -1, "extrude": 0, "visibility": -1, "OBJECTID": 547.0, "IMPACTS_STREAM": null, "COMMENTS": null, "Shape__Length": 43.873477295764701, "GlobalID": "ede0a505-bf21-4d21-b1a0-91c068dabfc8", "CreationDate": "2026-07-15T13:19:27.840", "Creator": "kallstadt@usgs.gov_USGS", "EditDate": "2026-07-15T13:19:27.840", "Editor": "kallstadt@usgs.gov_USGS", "slope_mean": null, "slope_max": null, "aspect_deg": null, "aspect_R": null, "length_m": 43.0, "n_samp": 4, "aspect_dir": "flat" }, "geometry": { "type": "MultiLineString", "coordinates": [ [ [ -66.708426222156106, 10.568165061736098 ], [ -66.708177770152204, 10.568465819425098 ] ] ] } },
{ "type": "Feature", "properties": { "id": "ven2026_inventory_line.546", "tessellate": -1, "extrude": 0, "visibility": -1, "OBJECTID": 548.0, "IMPACTS_STREAM": null, "COMMENTS": null, "Shape__Length": 44.270946531153797, "GlobalID": "cddea2b6-2851-400a-9846-07b92c5a3844", "CreationDate": "2026-07-15T13:20:10.766", "Creator": "kallstadt@usgs.gov_USGS", "EditDate": "2026-07-15T13:20:10.766", "Editor": "kallstadt@usgs.gov_USGS", "slope_mean": null, "slope_max": null, "aspect_deg": null, "aspect_R": null, "length_m": 43.4, "n_samp": 4, "aspect_dir": "flat" }, "geometry": { "type": "MultiLineString", "coordinates": [ [ [ -66.710667248305199, 10.576654525569399 ], [ -66.710344595110001, 10.576425979556101 ] ] ] } },
{ "type": "Feature", "properties": { "id": "ven2026_inventory_line.547", "tessellate": -1, "extrude": 0, "visibility": -1, "OBJECTID": 549.0, "IMPACTS_STREAM": null, "COMMENTS": null, "Shape__Length": 49.350357538112803, "GlobalID": "1aef971e-d6cc-4391-a8f8-1709ad9e2d2d", "CreationDate": "2026-07-15T13:20:10.766", "Creator": "kallstadt@usgs.gov_USGS", "EditDate": "2026-07-15T13:20:10.766", "Editor": "kallstadt@usgs.gov_USGS", "slope_mean": null, "slope_max": null, "aspect_deg": null, "aspect_R": null, "length_m": 48.5, "n_samp": 5, "aspect_dir": "flat" }, "geometry": { "type": "MultiLineString", "coordinates": [ [ [ -66.718865888950603, 10.580984827260099 ], [ -66.718436244347799, 10.5808774161094 ] ] ] } },
{ "type": "Feature", "properties": { "id": "ven2026_inventory_line.548", "tessellate": -1, "extrude": 0, "visibility": -1, "OBJECTID": 550.0, "IMPACTS_STREAM": null, "COMMENTS": null, "Shape__Length": 20.0339139553945, "GlobalID": "2fda0fda-311e-4b6a-aa9b-ef24a48d6abc", "CreationDate": "2026-07-15T13:20:32.451", "Creator": "kallstadt@usgs.gov_USGS", "EditDate": "2026-07-15T13:20:32.451", "Editor": "kallstadt@usgs.gov_USGS", "slope_mean": null, "slope_max": null, "aspect_deg": null, "aspect_R": null, "length_m": 19.7, "n_samp": 3, "aspect_dir": "flat" }, "geometry": { "type": "MultiLineString", "coordinates": [ [ [ -66.7200781005089, 10.580064160253798 ], [ -66.7199093115577, 10.580002782453398 ] ] ] } },
{ "type": "Feature", "properties": { "id": "ven2026_inventory_line.549", "tessellate": -1, "extrude": 0, "visibility": -1, "OBJECTID": 551.0, "IMPACTS_STREAM": null, "COMMENTS": null, "Shape__Length": 15.469910252807299, "GlobalID": "3c6e5e7e-9f26-4515-8ffa-5f9769aa665e", "CreationDate": "2026-07-15T13:21:08.213", "Creator": "kallstadt@usgs.gov_USGS", "EditDate": "2026-07-15T13:21:08.213", "Editor": "kallstadt@usgs.gov_USGS", "slope_mean": null, "slope_max": null, "aspect_deg": null, "aspect_R": null, "length_m": 15.2, "n_samp": 3, "aspect_dir": "flat" }, "geometry": { "type": "MultiLineString", "coordinates": [ [ [ -66.720514844304205, 10.5808917299436 ], [ -66.720413209519705, 10.5809848951627 ] ] ] } },
{ "type": "Feature", "properties": { "id": "ven2026_inventory_line.550", "tessellate": -1, "extrude": 0, "visibility": -1, "OBJECTID": 552.0, "IMPACTS_STREAM": null, "COMMENTS": null, "Shape__Length": 34.5747077347607, "GlobalID": "e8a9afa4-a604-4ff3-95ce-8113c668518f", "CreationDate": "2026-07-15T13:25:01.149", "Creator": "kallstadt@usgs.gov_USGS", "EditDate": "2026-07-15T13:25:01.149", "Editor": "kallstadt@usgs.gov_USGS", "slope_mean": 28.8, "slope_max": 32.7, "aspect_deg": 31.0, "aspect_R": 1.0, "length_m": 33.9, "n_samp": 4, "aspect_dir": "NE" }, "geometry": { "type": "MultiLineString", "coordinates": [ [ [ -66.785488620165694, 10.6053482794209 ], [ -66.785275872151004, 10.6055706977999 ] ] ] } },
{ "type": "Feature", "properties": { "id": "ven2026_inventory_line.551", "tessellate": -1, "extrude": 0, "visibility": -1, "OBJECTID": 553.0, "IMPACTS_STREAM": null, "COMMENTS": null, "Shape__Length": 29.4787353050231, "GlobalID": "4bf0b15d-77ad-4fd8-8531-d022052bb735", "CreationDate": "2026-07-15T13:25:01.149", "Creator": "kallstadt@usgs.gov_USGS", "EditDate": "2026-07-15T13:25:01.149", "Editor": "kallstadt@usgs.gov_USGS", "slope_mean": 23.6, "slope_max": 25.6, "aspect_deg": 77.0, "aspect_R": 1.0, "length_m": 29.0, "n_samp": 3, "aspect_dir": "E" }, "geometry": { "type": "MultiLineString", "coordinates": [ [ [ -66.783021988100998, 10.601876532177902 ], [ -66.782774933317796, 10.601970242612898 ] ] ] } },
{ "type": "Feature", "properties": { "id": "ven2026_inventory_line.552", "tessellate": -1, "extrude": 0, "visibility": -1, "OBJECTID": 554.0, "IMPACTS_STREAM": "Y", "COMMENTS": null, "Shape__Length": 42.501745398439397, "GlobalID": "ea3c6e40-b093-415b-b2b9-59aa89c465a5", "CreationDate": "2026-07-15T13:29:12.373", "Creator": "kallstadt@usgs.gov_USGS", "EditDate": "2026-07-15T13:29:12.373", "Editor": "kallstadt@usgs.gov_USGS", "slope_mean": null, "slope_max": null, "aspect_deg": null, "aspect_R": null, "length_m": 41.7, "n_samp": 4, "aspect_dir": "flat" }, "geometry": { "type": "MultiLineString", "coordinates": [ [ [ -66.705024246323305, 10.553658814674199 ], [ -66.704694158560997, 10.553847436252701 ] ] ] } },
{ "type": "Feature", "properties": { "id": "ven2026_inventory_line.553", "tessellate": -1, "extrude": 0, "visibility": -1, "OBJECTID": 555.0, "IMPACTS_STREAM": null, "COMMENTS": null, "Shape__Length": 106.204044386254, "GlobalID": "43de522d-2086-4745-8cb9-8611ebae86e4", "CreationDate": "2026-07-15T13:29:12.373", "Creator": "kallstadt@usgs.gov_USGS", "EditDate": "2026-07-15T13:29:12.373", "Editor": "kallstadt@usgs.gov_USGS", "slope_mean": null, "slope_max": null, "aspect_deg": null, "aspect_R": null, "length_m": 104.3, "n_samp": 8, "aspect_dir": "flat" }, "geometry": { "type": "MultiLineString", "coordinates": [ [ [ -66.706625489423701, 10.554349278130397 ], [ -66.705819500953396, 10.554851120008198 ] ] ] } },
{ "type": "Feature", "properties": { "id": "ven2026_inventory_line.554", "tessellate": -1, "extrude": 0, "visibility": -1, "OBJECTID": 556.0, "IMPACTS_STREAM": null, "COMMENTS": null, "Shape__Length": 37.523619545244998, "GlobalID": "524f6a28-c589-48c1-93f7-a6e0fd35f5ee", "CreationDate": "2026-07-15T13:29:12.373", "Creator": "kallstadt@usgs.gov_USGS", "EditDate": "2026-07-15T13:29:12.373", "Editor": "kallstadt@usgs.gov_USGS", "slope_mean": null, "slope_max": null, "aspect_deg": null, "aspect_R": null, "length_m": 36.7, "n_samp": 4, "aspect_dir": "flat" }, "geometry": { "type": "MultiLineString", "coordinates": [ [ [ -66.703650022019403, 10.548445084702498 ], [ -66.703573197648097, 10.5487677470619 ] ] ] } },
{ "type": "Feature", "properties": { "id": "ven2026_inventory_line.555", "tessellate": -1, "extrude": 0, "visibility": -1, "OBJECTID": 557.0, "IMPACTS_STREAM": "Y", "COMMENTS": null, "Shape__Length": 60.598452180332004, "GlobalID": "5f75d05b-3143-49e0-bd78-3d15c5ae4262", "CreationDate": "2026-07-15T13:29:12.373", "Creator": "kallstadt@usgs.gov_USGS", "EditDate": "2026-07-15T13:29:12.373", "Editor": "kallstadt@usgs.gov_USGS", "slope_mean": null, "slope_max": null, "aspect_deg": null, "aspect_R": null, "length_m": 59.3, "n_samp": 5, "aspect_dir": "flat" }, "geometry": { "type": "MultiLineString", "coordinates": [ [ [ -66.702344007707694, 10.551518059553798 ], [ -66.702067439971003, 10.551979005781501 ] ] ] } },
{ "type": "Feature", "properties": { "id": "ven2026_inventory_line.556", "tessellate": -1, "extrude": 0, "visibility": -1, "OBJECTID": 558.0, "IMPACTS_STREAM": null, "COMMENTS": null, "Shape__Length": 137.24871140194301, "GlobalID": "87a3a760-fddb-43a7-b11f-8b885c872b1a", "CreationDate": "2026-07-15T13:29:44.851", "Creator": "kallstadt@usgs.gov_USGS", "EditDate": "2026-07-15T13:29:44.851", "Editor": "kallstadt@usgs.gov_USGS", "slope_mean": null, "slope_max": null, "aspect_deg": null, "aspect_R": null, "length_m": 134.3, "n_samp": 10, "aspect_dir": "flat" }, "geometry": { "type": "MultiLineString", "coordinates": [ [ [ -66.711963451251094, 10.546533687574703 ], [ -66.711782423199196, 10.5471446572499 ], [ -66.711488252614899, 10.547642484392499 ] ] ] } },
{ "type": "Feature", "properties": { "id": "ven2026_inventory_line.557", "tessellate": -1, "extrude": 0, "visibility": -1, "OBJECTID": 559.0, "IMPACTS_STREAM": null, "COMMENTS": null, "Shape__Length": 22.044282918951801, "GlobalID": "bf7f70f1-2b39-4f39-a92f-cc8961bbbe1c", "CreationDate": "2026-07-15T13:29:44.851", "Creator": "kallstadt@usgs.gov_USGS", "EditDate": "2026-07-15T13:29:44.851", "Editor": "kallstadt@usgs.gov_USGS", "slope_mean": null, "slope_max": null, "aspect_deg": null, "aspect_R": null, "length_m": 21.6, "n_samp": 3, "aspect_dir": "flat" }, "geometry": { "type": "MultiLineString", "coordinates": [ [ [ -66.715540876915199, 10.5483069315656 ], [ -66.715396914954894, 10.548440610528804 ] ] ] } },
{ "type": "Feature", "properties": { "id": "ven2026_inventory_line.558", "tessellate": -1, "extrude": 0, "visibility": -1, "OBJECTID": 560.0, "IMPACTS_STREAM": null, "COMMENTS": null, "Shape__Length": 19.919032396248198, "GlobalID": "163d0c1f-b9ec-413c-8615-261b3ee413de", "CreationDate": "2026-07-15T13:29:44.851", "Creator": "kallstadt@usgs.gov_USGS", "EditDate": "2026-07-15T13:29:44.851", "Editor": "kallstadt@usgs.gov_USGS", "slope_mean": null, "slope_max": null, "aspect_deg": null, "aspect_R": null, "length_m": 19.5, "n_samp": 3, "aspect_dir": "flat" }, "geometry": { "type": "MultiLineString", "coordinates": [ [ [ -66.714173238292304, 10.5504355119787 ], [ -66.714070408320708, 10.550579473939001 ] ] ] } },
{ "type": "Feature", "properties": { "id": "ven2026_inventory_line.559", "tessellate": -1, "extrude": 0, "visibility": -1, "OBJECTID": 561.0, "IMPACTS_STREAM": null, "COMMENTS": null, "Shape__Length": 32.048253344828098, "GlobalID": "f57292c0-03d9-4a93-b7a3-6145d56436a9", "CreationDate": "2026-07-15T13:30:15.799", "Creator": "kallstadt@usgs.gov_USGS", "EditDate": "2026-07-15T13:30:15.799", "Editor": "kallstadt@usgs.gov_USGS", "slope_mean": 56.6, "slope_max": 87.8, "aspect_deg": 101.0, "aspect_R": 0.98, "length_m": 31.4, "n_samp": 4, "aspect_dir": "E" }, "geometry": { "type": "MultiLineString", "coordinates": [ [ [ -66.722392943794603, 10.553783713976799 ], [ -66.722243275530602, 10.553541942165701 ] ] ] } },
{ "type": "Feature", "properties": { "id": "ven2026_inventory_line.560", "tessellate": -1, "extrude": 0, "visibility": -1, "OBJECTID": 562.0, "IMPACTS_STREAM": null, "COMMENTS": null, "Shape__Length": 54.813730197179297, "GlobalID": "c0691f65-d987-4392-9f0d-daa83a5b1956", "CreationDate": "2026-07-15T13:30:15.799", "Creator": "kallstadt@usgs.gov_USGS", "EditDate": "2026-07-15T13:30:15.799", "Editor": "kallstadt@usgs.gov_USGS", "slope_mean": 37.8, "slope_max": 38.5, "aspect_deg": 44.0, "aspect_R": 1.0, "length_m": 53.9, "n_samp": 5, "aspect_dir": "NE" }, "geometry": { "type": "MultiLineString", "coordinates": [ [ [ -66.723739958170896, 10.555142241296497 ], [ -66.723486673416403, 10.555165267183201 ], [ -66.723279440435505, 10.555280396617098 ] ] ] } },
{ "type": "Feature", "properties": { "id": "ven2026_inventory_line.561", "tessellate": -1, "extrude": 0, "visibility": -1, "OBJECTID": 563.0, "IMPACTS_STREAM": null, "COMMENTS": null, "Shape__Length": 18.0061114829467, "GlobalID": "dba31c75-8d14-481b-b281-94e12d5bd81d", "CreationDate": "2026-07-15T13:30:31.577", "Creator": "kallstadt@usgs.gov_USGS", "EditDate": "2026-07-15T13:30:31.577", "Editor": "kallstadt@usgs.gov_USGS", "slope_mean": null, "slope_max": null, "aspect_deg": null, "aspect_R": null, "length_m": 17.7, "n_samp": 3, "aspect_dir": "flat" }, "geometry": { "type": "MultiLineString", "coordinates": [ [ [ -66.716951071869403, 10.561646937638701 ], [ -66.716810251615598, 10.561725171113 ] ] ] } },
{ "type": "Feature", "properties": { "id": "ven2026_inventory_line.562", "tessellate": -1, "extrude": 0, "visibility": -1, "OBJECTID": 564.0, "IMPACTS_STREAM": null, "COMMENTS": null, "Shape__Length": 164.84700190525001, "GlobalID": "d0477c03-f7e4-49ff-909c-33c32353b645", "CreationDate": "2026-07-15T13:31:13.854", "Creator": "kallstadt@usgs.gov_USGS", "EditDate": "2026-07-15T13:31:13.854", "Editor": "kallstadt@usgs.gov_USGS", "slope_mean": null, "slope_max": null, "aspect_deg": null, "aspect_R": null, "length_m": 161.1, "n_samp": 12, "aspect_dir": "flat" }, "geometry": { "type": "MultiLineString", "coordinates": [ [ [ -66.718836325749294, 10.5495405481833 ], [ -66.718726064701201, 10.550992318651 ] ] ] } },
{ "type": "Feature", "properties": { "id": "ven2026_inventory_line.563", "tessellate": -1, "extrude": 0, "visibility": -1, "OBJECTID": 565.0, "IMPACTS_STREAM": null, "COMMENTS": null, "Shape__Length": 31.201309028230799, "GlobalID": "2175884b-3d0e-4ce5-9090-b4eb63a2d4f3", "CreationDate": "2026-07-15T14:36:55.665", "Creator": "kallstadt@usgs.gov_USGS", "EditDate": "2026-07-15T14:36:55.665", "Editor": "kallstadt@usgs.gov_USGS", "slope_mean": null, "slope_max": null, "aspect_deg": null, "aspect_R": null, "length_m": 30.7, "n_samp": 4, "aspect_dir": "flat" }, "geometry": { "type": "MultiLineString", "coordinates": [ [ [ -66.706123647545994, 10.555246510578501 ], [ -66.705865122942299, 10.5553529618859 ] ] ] } },
{ "type": "Feature", "properties": { "id": "ven2026_inventory_line.564", "tessellate": -1, "extrude": 0, "visibility": -1, "OBJECTID": 566.0, "IMPACTS_STREAM": null, "COMMENTS": null, "Shape__Length": 110.72398532952499, "GlobalID": "f7431ac9-75ba-4adc-b2bc-34b36b787bbe", "CreationDate": "2026-07-15T14:36:55.665", "Creator": "kallstadt@usgs.gov_USGS", "EditDate": "2026-07-15T14:36:55.665", "Editor": "kallstadt@usgs.gov_USGS", "slope_mean": 27.4, "slope_max": 28.5, "aspect_deg": 355.0, "aspect_R": 0.99, "length_m": 108.2, "n_samp": 9, "aspect_dir": "N" }, "geometry": { "type": "MultiLineString", "coordinates": [ [ [ -66.74081431063712, 10.593593800863397 ], [ -66.74081431063712, 10.594125237897297 ], [ -66.741001876649094, 10.594531630923202 ] ] ] } },
{ "type": "Feature", "properties": { "id": "ven2026_inventory_line.565", "tessellate": -1, "extrude": 0, "visibility": -1, "OBJECTID": 567.0, "IMPACTS_STREAM": null, "COMMENTS": null, "Shape__Length": 366.63719132511, "GlobalID": "a348f86c-1b9e-4c87-a66a-44bf5b9bc0b3", "CreationDate": "2026-07-15T14:38:30.026", "Creator": "kallstadt@usgs.gov_USGS", "EditDate": "2026-07-15T14:38:30.026", "Editor": "kallstadt@usgs.gov_USGS", "slope_mean": 24.8, "slope_max": 31.7, "aspect_deg": 110.0, "aspect_R": 0.96, "length_m": 359.8, "n_samp": 25, "aspect_dir": "E" }, "geometry": { "type": "MultiLineString", "coordinates": [ [ [ -66.7476878343236, 10.6083312881129 ], [ -66.746983842835704, 10.607857171396596 ], [ -66.746351687213803, 10.607426156199896 ], [ -66.745906304843999, 10.607052609696201 ], [ -66.745317250741806, 10.6067077975388 ], [ -66.744958071411304, 10.606535391460099 ] ] ] } },
{ "type": "Feature", "properties": { "id": "ven2026_inventory_line.566", "tessellate": -1, "extrude": 0, "visibility": -1, "OBJECTID": 568.0, "IMPACTS_STREAM": null, "COMMENTS": null, "Shape__Length": 69.984806105067705, "GlobalID": "643f5b33-1d51-4849-9e1e-18776bd8b69f", "CreationDate": "2026-07-15T14:38:30.026", "Creator": "kallstadt@usgs.gov_USGS", "EditDate": "2026-07-15T14:38:30.026", "Editor": "kallstadt@usgs.gov_USGS", "slope_mean": 31.0, "slope_max": 36.8, "aspect_deg": 192.0, "aspect_R": 0.97, "length_m": 68.4, "n_samp": 6, "aspect_dir": "S" }, "geometry": { "type": "MultiLineString", "coordinates": [ [ [ -66.741495582664498, 10.603331511831401 ], [ -66.741481215491305, 10.602713723382898 ] ] ] } },
{ "type": "Feature", "properties": { "id": "ven2026_inventory_line.567", "tessellate": -1, "extrude": 0, "visibility": -1, "OBJECTID": 569.0, "IMPACTS_STREAM": null, "COMMENTS": null, "Shape__Length": 66.061110879631698, "GlobalID": "62ae04f0-bb7f-4967-a772-49e449da95d5", "CreationDate": "2026-07-15T14:38:30.026", "Creator": "kallstadt@usgs.gov_USGS", "EditDate": "2026-07-15T14:38:30.026", "Editor": "kallstadt@usgs.gov_USGS", "slope_mean": 36.3, "slope_max": 42.4, "aspect_deg": 65.0, "aspect_R": 0.99, "length_m": 64.8, "n_samp": 6, "aspect_dir": "NE" }, "geometry": { "type": "MultiLineString", "coordinates": [ [ [ -66.744379830169805, 10.602310248100702 ], [ -66.744032236053599, 10.602456603517998 ], [ -66.743876733422695, 10.6026029589353 ] ] ] } },
{ "type": "Feature", "properties": { "id": "ven2026_inventory_line.568", "tessellate": -1, "extrude": 0, "visibility": -1, "OBJECTID": 570.0, "IMPACTS_STREAM": "Y", "COMMENTS": null, "Shape__Length": 103.115438303036, "GlobalID": "90e166b4-536d-4400-b414-bdda555bc592", "CreationDate": "2026-07-15T14:38:30.026", "Creator": "kallstadt@usgs.gov_USGS", "EditDate": "2026-07-15T14:38:30.026", "Editor": "kallstadt@usgs.gov_USGS", "slope_mean": 31.2, "slope_max": 42.0, "aspect_deg": 49.0, "aspect_R": 0.95, "length_m": 101.1, "n_samp": 8, "aspect_dir": "NE" }, "geometry": { "type": "MultiLineString", "coordinates": [ [ [ -66.744027179397193, 10.601992325273899 ], [ -66.743894432949105, 10.602213569354099 ], [ -66.743708587921802, 10.602425963671099 ], [ -66.743389996446297, 10.602629508224901 ] ] ] } },
{ "type": "Feature", "properties": { "id": "ven2026_inventory_line.569", "tessellate": -1, "extrude": 0, "visibility": -1, "OBJECTID": 571.0, "IMPACTS_STREAM": "Y", "COMMENTS": null, "Shape__Length": 86.358792332289497, "GlobalID": "39596384-d21b-46c0-90d4-fc83f2a11fda", "CreationDate": "2026-07-15T14:38:30.026", "Creator": "kallstadt@usgs.gov_USGS", "EditDate": "2026-07-15T14:38:30.026", "Editor": "kallstadt@usgs.gov_USGS", "slope_mean": 27.0, "slope_max": 37.6, "aspect_deg": 198.0, "aspect_R": 0.91, "length_m": 84.5, "n_samp": 7, "aspect_dir": "S" }, "geometry": { "type": "MultiLineString", "coordinates": [ [ [ -66.744399739920496, 10.602133341172898 ], [ -66.744599947678395, 10.601880905304402 ], [ -66.744791450750995, 10.601480489788701 ] ] ] } },
{ "type": "Feature", "properties": { "id": "ven2026_inventory_line.570", "tessellate": -1, "extrude": 0, "visibility": -1, "OBJECTID": 572.0, "IMPACTS_STREAM": null, "COMMENTS": null, "Shape__Length": 29.903336876152899, "GlobalID": "85c15b6f-540b-4722-b4bb-bee6ccd8ce6d", "CreationDate": "2026-07-15T14:38:30.026", "Creator": "kallstadt@usgs.gov_USGS", "EditDate": "2026-07-15T14:38:30.026", "Editor": "kallstadt@usgs.gov_USGS", "slope_mean": 44.3, "slope_max": 44.6, "aspect_deg": 49.0, "aspect_R": 1.0, "length_m": 29.4, "n_samp": 3, "aspect_dir": "NE" }, "geometry": { "type": "MultiLineString", "coordinates": [ [ [ -66.744319712976605, 10.602752497001799 ], [ -66.744083844089403, 10.602878855334199 ] ] ] } },
{ "type": "Feature", "properties": { "id": "ven2026_inventory_line.571", "tessellate": -1, "extrude": 0, "visibility": -1, "OBJECTID": 573.0, "IMPACTS_STREAM": null, "COMMENTS": null, "Shape__Length": 40.588844306401299, "GlobalID": "c2a27be5-32a8-455a-b0eb-b2a44180337e", "CreationDate": "2026-07-15T14:42:13.945", "Creator": "kallstadt@usgs.gov_USGS", "EditDate": "2026-07-15T14:42:13.945", "Editor": "kallstadt@usgs.gov_USGS", "slope_mean": null, "slope_max": null, "aspect_deg": null, "aspect_R": null, "length_m": 39.8, "n_samp": 4, "aspect_dir": "flat" }, "geometry": { "type": "MultiLineString", "coordinates": [ [ [ -66.687595470210297, 10.556154012309298 ], [ -66.687339857607299, 10.556409624912398 ] ] ] } },
{ "type": "Feature", "properties": { "id": "ven2026_inventory_line.572", "tessellate": -1, "extrude": 0, "visibility": -1, "OBJECTID": 574.0, "IMPACTS_STREAM": null, "COMMENTS": null, "Shape__Length": 42.141073423014703, "GlobalID": "d59d97f7-1b81-443e-a9da-6686e9bb0b03", "CreationDate": "2026-07-15T14:42:13.945", "Creator": "kallstadt@usgs.gov_USGS", "EditDate": "2026-07-15T14:42:13.945", "Editor": "kallstadt@usgs.gov_USGS", "slope_mean": null, "slope_max": null, "aspect_deg": null, "aspect_R": null, "length_m": 41.2, "n_samp": 4, "aspect_dir": "flat" }, "geometry": { "type": "MultiLineString", "coordinates": [ [ [ -66.688106695416494, 10.5567017536017 ], [ -66.688033663244198, 10.557066914463199 ] ] ] } },
{ "type": "Feature", "properties": { "id": "ven2026_inventory_line.573", "tessellate": -1, "extrude": 0, "visibility": -1, "OBJECTID": 575.0, "IMPACTS_STREAM": null, "COMMENTS": null, "Shape__Length": 42.607259833744301, "GlobalID": "26644f73-1dd4-45ec-9e84-ff3f177abe81", "CreationDate": "2026-07-15T14:42:13.945", "Creator": "kallstadt@usgs.gov_USGS", "EditDate": "2026-07-15T14:42:13.945", "Editor": "kallstadt@usgs.gov_USGS", "slope_mean": null, "slope_max": null, "aspect_deg": null, "aspect_R": null, "length_m": 41.7, "n_samp": 4, "aspect_dir": "flat" }, "geometry": { "type": "MultiLineString", "coordinates": [ [ [ -66.692810685662494, 10.552954365088098 ], [ -66.692954355509599, 10.5531159936662 ], [ -66.692954355509599, 10.553277622244202 ] ] ] } },
{ "type": "Feature", "properties": { "id": "ven2026_inventory_line.574", "tessellate": -1, "extrude": 0, "visibility": -1, "OBJECTID": 576.0, "IMPACTS_STREAM": null, "COMMENTS": "PS 07/07", "Shape__Length": 42.795162791957601, "GlobalID": "67ff4f82-6fb8-4879-9079-adfe42869198", "CreationDate": "2026-07-15T15:00:19.268", "Creator": "ecollins@usgs.gov_USGS", "EditDate": "2026-07-15T15:00:19.268", "Editor": "ecollins@usgs.gov_USGS", "slope_mean": 46.9, "slope_max": 47.6, "aspect_deg": 50.0, "aspect_R": 1.0, "length_m": 42.1, "n_samp": 4, "aspect_dir": "NE" }, "geometry": { "type": "MultiLineString", "coordinates": [ [ [ -66.851130466181601, 10.590266780126298 ], [ -66.850760024722803, 10.590367809615 ] ] ] } },
{ "type": "Feature", "properties": { "id": "ven2026_inventory_line.575", "tessellate": -1, "extrude": 0, "visibility": -1, "OBJECTID": 577.0, "IMPACTS_STREAM": null, "COMMENTS": "reactivation? PS 07/07", "Shape__Length": 78.499435926484196, "GlobalID": "74510818-e8f1-4c54-8de2-5fb5db303045", "CreationDate": "2026-07-15T15:00:19.268", "Creator": "ecollins@usgs.gov_USGS", "EditDate": "2026-07-15T15:00:19.268", "Editor": "ecollins@usgs.gov_USGS", "slope_mean": 41.7, "slope_max": 43.4, "aspect_deg": 65.0, "aspect_R": 1.0, "length_m": 77.1, "n_samp": 7, "aspect_dir": "NE" }, "geometry": { "type": "MultiLineString", "coordinates": [ [ [ -66.851265172166606, 10.591664354720798 ], [ -66.850608480489598, 10.5919169284427 ] ] ] } },
{ "type": "Feature", "properties": { "id": "ven2026_inventory_line.576", "tessellate": -1, "extrude": 0, "visibility": -1, "OBJECTID": 578.0, "IMPACTS_STREAM": null, "COMMENTS": "PS 07/07", "Shape__Length": 39.047255701525899, "GlobalID": "32f3969a-e964-4b3b-8ad6-57472788d185", "CreationDate": "2026-07-15T15:00:19.268", "Creator": "ecollins@usgs.gov_USGS", "EditDate": "2026-07-15T15:00:19.268", "Editor": "ecollins@usgs.gov_USGS", "slope_mean": 48.4, "slope_max": 52.5, "aspect_deg": 88.0, "aspect_R": 1.0, "length_m": 38.2, "n_samp": 4, "aspect_dir": "E" }, "geometry": { "type": "MultiLineString", "coordinates": [ [ [ -66.850541127497095, 10.593600753255497 ], [ -66.850322230271502, 10.5938701652255 ] ] ] } },
{ "type": "Feature", "properties": { "id": "ven2026_inventory_line.577", "tessellate": -1, "extrude": 0, "visibility": -1, "OBJECTID": 579.0, "IMPACTS_STREAM": null, "COMMENTS": "PS 07/07", "Shape__Length": 86.630531122618905, "GlobalID": "dea83955-73de-412c-8998-34e63e3fd5be", "CreationDate": "2026-07-15T15:00:19.268", "Creator": "ecollins@usgs.gov_USGS", "EditDate": "2026-07-15T15:00:19.268", "Editor": "ecollins@usgs.gov_USGS", "slope_mean": 36.3, "slope_max": 53.5, "aspect_deg": 108.0, "aspect_R": 1.0, "length_m": 85.1, "n_samp": 7, "aspect_dir": "E" }, "geometry": { "type": "MultiLineString", "coordinates": [ [ [ -66.850423259760205, 10.593398694277898 ], [ -66.850187524286397, 10.593213473548502 ], [ -66.849716053338895, 10.593146120556 ] ] ] } },
{ "type": "Feature", "properties": { "id": "ven2026_inventory_line.578", "tessellate": -1, "extrude": 0, "visibility": -1, "OBJECTID": 580.0, "IMPACTS_STREAM": null, "COMMENTS": "PS 07/07", "Shape__Length": 38.681994923887203, "GlobalID": "fc56f069-7fad-47c0-9151-3d2595a6e11a", "CreationDate": "2026-07-15T15:00:19.268", "Creator": "ecollins@usgs.gov_USGS", "EditDate": "2026-07-15T15:00:19.268", "Editor": "ecollins@usgs.gov_USGS", "slope_mean": 49.6, "slope_max": 52.0, "aspect_deg": 112.0, "aspect_R": 1.0, "length_m": 38.0, "n_samp": 4, "aspect_dir": "E" }, "geometry": { "type": "MultiLineString", "coordinates": [ [ [ -66.851349363407195, 10.592826193841601 ], [ -66.851012598444711, 10.592742002600902 ] ] ] } },
{ "type": "Feature", "properties": { "id": "ven2026_inventory_line.579", "tessellate": -1, "extrude": 0, "visibility": -1, "OBJECTID": 581.0, "IMPACTS_STREAM": null, "COMMENTS": "reactivation? PS 07/07", "Shape__Length": 108.338860617257, "GlobalID": "10963e60-b8a4-4757-bc8c-fa0b6ec31cc5", "CreationDate": "2026-07-15T15:00:19.268", "Creator": "ecollins@usgs.gov_USGS", "EditDate": "2026-07-15T15:00:19.268", "Editor": "ecollins@usgs.gov_USGS", "slope_mean": 45.4, "slope_max": 56.8, "aspect_deg": 107.0, "aspect_R": 0.97, "length_m": 106.4, "n_samp": 9, "aspect_dir": "E" }, "geometry": { "type": "MultiLineString", "coordinates": [ [ [ -66.851248333918406, 10.593415532526 ], [ -66.850406421512105, 10.592935642454398 ] ] ] } },
{ "type": "Feature", "properties": { "id": "ven2026_inventory_line.580", "tessellate": -1, "extrude": 0, "visibility": -1, "OBJECTID": 582.0, "IMPACTS_STREAM": null, "COMMENTS": "PS 07/07", "Shape__Length": 35.665096466118797, "GlobalID": "6fbc3606-c992-4127-9c5c-4845b3b2d91d", "CreationDate": "2026-07-15T15:03:46.524", "Creator": "ecollins@usgs.gov_USGS", "EditDate": "2026-07-15T15:03:46.524", "Editor": "ecollins@usgs.gov_USGS", "slope_mean": 42.1, "slope_max": 43.0, "aspect_deg": 42.0, "aspect_R": 1.0, "length_m": 35.1, "n_samp": 4, "aspect_dir": "NE" }, "geometry": { "type": "MultiLineString", "coordinates": [ [ [ -66.819003088754499, 10.598509102584602 ], [ -66.818683162040003, 10.5984922643365 ] ] ] } },
{ "type": "Feature", "properties": { "id": "ven2026_inventory_line.581", "tessellate": -1, "extrude": 0, "visibility": -1, "OBJECTID": 583.0, "IMPACTS_STREAM": null, "COMMENTS": "PS 07/07", "Shape__Length": 53.499693117366597, "GlobalID": "52d9bcdc-93dc-47d1-968b-710e55317d7c", "CreationDate": "2026-07-15T15:03:46.524", "Creator": "ecollins@usgs.gov_USGS", "EditDate": "2026-07-15T15:03:46.524", "Editor": "ecollins@usgs.gov_USGS", "slope_mean": 33.1, "slope_max": 39.0, "aspect_deg": 29.0, "aspect_R": 0.99, "length_m": 52.5, "n_samp": 5, "aspect_dir": "NE" }, "geometry": { "type": "MultiLineString", "coordinates": [ [ [ -66.819457721453901, 10.598930058787802 ], [ -66.819104118243303, 10.599249985502196 ] ] ] } },
{ "type": "Feature", "properties": { "id": "ven2026_inventory_line.582", "tessellate": -1, "extrude": 0, "visibility": -1, "OBJECTID": 584.0, "IMPACTS_STREAM": null, "COMMENTS": "PS 07/07", "Shape__Length": 72.141282813988497, "GlobalID": "7473eaaf-a763-4335-934b-170dcfdf23ef", "CreationDate": "2026-07-15T15:03:46.524", "Creator": "ecollins@usgs.gov_USGS", "EditDate": "2026-07-15T15:03:46.524", "Editor": "ecollins@usgs.gov_USGS", "slope_mean": 31.7, "slope_max": 32.3, "aspect_deg": 359.0, "aspect_R": 1.0, "length_m": 70.9, "n_samp": 6, "aspect_dir": "N" }, "geometry": { "type": "MultiLineString", "coordinates": [ [ [ -66.820451178093407, 10.599233147254099 ], [ -66.819811324664599, 10.599334176742801 ] ] ] } },
{ "type": "Feature", "properties": { "id": "ven2026_inventory_line.583", "tessellate": -1, "extrude": 0, "visibility": -1, "OBJECTID": 585.0, "IMPACTS_STREAM": null, "COMMENTS": "PS 07/07", "Shape__Length": 64.944489358333698, "GlobalID": "a53d2f09-9dd5-4fff-a8be-ee867f5079ae", "CreationDate": "2026-07-15T15:03:46.524", "Creator": "ecollins@usgs.gov_USGS", "EditDate": "2026-07-15T15:03:46.524", "Editor": "ecollins@usgs.gov_USGS", "slope_mean": 36.6, "slope_max": 38.4, "aspect_deg": 6.0, "aspect_R": 0.99, "length_m": 63.5, "n_samp": 6, "aspect_dir": "N" }, "geometry": { "type": "MultiLineString", "coordinates": [ [ [ -66.821208899259105, 10.596522189305599 ], [ -66.821175222762903, 10.597094689741901 ] ] ] } },
{ "type": "Feature", "properties": { "id": "ven2026_inventory_line.584", "tessellate": -1, "extrude": 0, "visibility": -1, "OBJECTID": 586.0, "IMPACTS_STREAM": null, "COMMENTS": "PS 07/07", "Shape__Length": 36.280627461662, "GlobalID": "5a7bb54f-41fc-4283-b5ef-fbdbe857d85e", "CreationDate": "2026-07-15T15:03:46.524", "Creator": "ecollins@usgs.gov_USGS", "EditDate": "2026-07-15T15:03:46.524", "Editor": "ecollins@usgs.gov_USGS", "slope_mean": 50.1, "slope_max": 52.7, "aspect_deg": 206.0, "aspect_R": 0.99, "length_m": 35.4, "n_samp": 4, "aspect_dir": "SW" }, "geometry": { "type": "MultiLineString", "coordinates": [ [ [ -66.815231321173997, 10.5984922643365 ], [ -66.815248159421998, 10.598172337622097 ] ] ] } },
{ "type": "Feature", "properties": { "id": "ven2026_inventory_line.585", "tessellate": -1, "extrude": 0, "visibility": -1, "OBJECTID": 587.0, "IMPACTS_STREAM": null, "COMMENTS": "PS 07/07", "Shape__Length": 26.517650703350199, "GlobalID": "87c525fd-9bb4-40dd-b358-770d9c726be3", "CreationDate": "2026-07-15T15:04:45.984", "Creator": "ecollins@usgs.gov_USGS", "EditDate": "2026-07-15T15:04:45.984", "Editor": "ecollins@usgs.gov_USGS", "slope_mean": 39.5, "slope_max": 41.2, "aspect_deg": 40.0, "aspect_R": 0.99, "length_m": 26.1, "n_samp": 3, "aspect_dir": "NE" }, "geometry": { "type": "MultiLineString", "coordinates": [ [ [ -66.836548543303294, 10.595932850621102 ], [ -66.836312807829501, 10.5959665271173 ] ] ] } },
{ "type": "Feature", "properties": { "id": "ven2026_inventory_line.586", "tessellate": -1, "extrude": 0, "visibility": -1, "OBJECTID": 588.0, "IMPACTS_STREAM": null, "COMMENTS": "PS 07/07", "Shape__Length": 43.206889981680398, "GlobalID": "a30a9fc4-6f10-4e01-a6c3-d1920281bc18", "CreationDate": "2026-07-15T15:04:45.984", "Creator": "ecollins@usgs.gov_USGS", "EditDate": "2026-07-15T15:04:45.984", "Editor": "ecollins@usgs.gov_USGS", "slope_mean": 24.9, "slope_max": 31.0, "aspect_deg": 8.0, "aspect_R": 0.85, "length_m": 42.3, "n_samp": 4, "aspect_dir": "N" }, "geometry": { "type": "MultiLineString", "coordinates": [ [ [ -66.833248246670294, 10.594888879237198 ], [ -66.833012511196401, 10.595191967703498 ] ] ] } },
{ "type": "Feature", "properties": { "id": "ven2026_inventory_line.587", "tessellate": -1, "extrude": 0, "visibility": -1, "OBJECTID": 589.0, "IMPACTS_STREAM": "P", "COMMENTS": "PS 07/07", "Shape__Length": 52.332972177808003, "GlobalID": "138e958d-50a8-465f-9081-94b1dd75bc7f", "CreationDate": "2026-07-15T15:06:21.947", "Creator": "ecollins@usgs.gov_USGS", "EditDate": "2026-07-15T15:06:21.947", "Editor": "ecollins@usgs.gov_USGS", "slope_mean": 41.1, "slope_max": 48.3, "aspect_deg": 110.0, "aspect_R": 0.98, "length_m": 51.4, "n_samp": 5, "aspect_dir": "E" }, "geometry": { "type": "MultiLineString", "coordinates": [ [ [ -66.865038859134799, 10.5925315244993 ], [ -66.864601064683498, 10.592363142018099 ] ] ] } },
{ "type": "Feature", "properties": { "id": "ven2026_inventory_line.588", "tessellate": -1, "extrude": 0, "visibility": -1, "OBJECTID": 590.0, "IMPACTS_STREAM": null, "COMMENTS": "PS 07/07", "Shape__Length": 48.860946696314599, "GlobalID": "d013db1b-e601-405c-b675-5f8f1a92cad9", "CreationDate": "2026-07-15T15:06:21.947", "Creator": "ecollins@usgs.gov_USGS", "EditDate": "2026-07-15T15:06:21.947", "Editor": "ecollins@usgs.gov_USGS", "slope_mean": 43.2, "slope_max": 44.8, "aspect_deg": 66.0, "aspect_R": 0.98, "length_m": 48.0, "n_samp": 5, "aspect_dir": "NE" }, "geometry": { "type": "MultiLineString", "coordinates": [ [ [ -66.871605775904499, 10.592161083040498 ], [ -66.871201657949499, 10.591992700559301 ] ] ] } },
{ "type": "Feature", "properties": { "id": "ven2026_inventory_line.589", "tessellate": -1, "extrude": 0, "visibility": -1, "OBJECTID": 591.0, "IMPACTS_STREAM": null, "COMMENTS": "PS 07/07", "Shape__Length": 64.173947242081098, "GlobalID": "a812edb3-0aac-4184-b178-65bdb919fdbe", "CreationDate": "2026-07-15T15:06:21.947", "Creator": "ecollins@usgs.gov_USGS", "EditDate": "2026-07-15T15:06:21.947", "Editor": "ecollins@usgs.gov_USGS", "slope_mean": 43.9, "slope_max": 45.3, "aspect_deg": 87.0, "aspect_R": 1.0, "length_m": 62.9, "n_samp": 6, "aspect_dir": "E" }, "geometry": { "type": "MultiLineString", "coordinates": [ [ [ -66.871774158385804, 10.592868289461897 ], [ -66.871370040430705, 10.592464171506901 ] ] ] } },
{ "type": "Feature", "properties": { "id": "ven2026_inventory_line.590", "tessellate": -1, "extrude": 0, "visibility": -1, "OBJECTID": 592.0, "IMPACTS_STREAM": null, "COMMENTS": "PS 07/07", "Shape__Length": 65.547694098985005, "GlobalID": "f07d16a8-fbc5-4105-b6a2-69ab4400184f", "CreationDate": "2026-07-15T15:06:21.947", "Creator": "ecollins@usgs.gov_USGS", "EditDate": "2026-07-15T15:06:21.947", "Editor": "ecollins@usgs.gov_USGS", "slope_mean": 45.5, "slope_max": 51.6, "aspect_deg": 309.0, "aspect_R": 1.0, "length_m": 64.2, "n_samp": 6, "aspect_dir": "NW" }, "geometry": { "type": "MultiLineString", "coordinates": [ [ [ -66.868204449782795, 10.5940469668309 ], [ -66.868608567737894, 10.594467923033998 ] ] ] } },
{ "type": "Feature", "properties": { "id": "ven2026_inventory_line.591", "tessellate": -1, "extrude": 0, "visibility": -1, "OBJECTID": 593.0, "IMPACTS_STREAM": null, "COMMENTS": "PS 07/07", "Shape__Length": 124.85266908999, "GlobalID": "30b77748-0e47-4d4e-a108-80c588a303bc", "CreationDate": "2026-07-15T15:06:21.947", "Creator": "ecollins@usgs.gov_USGS", "EditDate": "2026-07-15T15:06:21.947", "Editor": "ecollins@usgs.gov_USGS", "slope_mean": 36.2, "slope_max": 42.6, "aspect_deg": 89.0, "aspect_R": 0.98, "length_m": 122.8, "n_samp": 10, "aspect_dir": "E" }, "geometry": { "type": "MultiLineString", "coordinates": [ [ [ -66.871184819701313, 10.596134909598598 ], [ -66.870662834009394, 10.596067556606098 ], [ -66.870477613280002, 10.596067556606098 ], [ -66.870073495324903, 10.596134909598598 ] ] ] } },
{ "type": "Feature", "properties": { "id": "ven2026_inventory_line.592", "tessellate": -1, "extrude": 0, "visibility": -1, "OBJECTID": 594.0, "IMPACTS_STREAM": null, "COMMENTS": "PS 07/07", "Shape__Length": 50.931773464670798, "GlobalID": "dc2d7617-6a01-4cc2-bf53-a3fa0bc830f8", "CreationDate": "2026-07-15T15:06:56.534", "Creator": "ecollins@usgs.gov_USGS", "EditDate": "2026-07-15T15:06:56.534", "Editor": "ecollins@usgs.gov_USGS", "slope_mean": 24.1, "slope_max": 31.3, "aspect_deg": 55.0, "aspect_R": 0.99, "length_m": 50.1, "n_samp": 5, "aspect_dir": "NE" }, "geometry": { "type": "MultiLineString", "coordinates": [ [ [ -66.869921951091712, 10.587412697068601 ], [ -66.869467318392395, 10.587463211813001 ] ] ] } },
{ "type": "Feature", "properties": { "id": "ven2026_inventory_line.593", "tessellate": -1, "extrude": 0, "visibility": -1, "OBJECTID": 595.0, "IMPACTS_STREAM": null, "COMMENTS": "PS 07/07", "Shape__Length": 41.564619613221197, "GlobalID": "aa951de4-8999-4c3b-8aeb-f97fadd10539", "CreationDate": "2026-07-15T15:07:15.529", "Creator": "ecollins@usgs.gov_USGS", "EditDate": "2026-07-15T15:07:15.529", "Editor": "ecollins@usgs.gov_USGS", "slope_mean": 30.6, "slope_max": 38.4, "aspect_deg": 66.0, "aspect_R": 0.97, "length_m": 40.8, "n_samp": 4, "aspect_dir": "NE" }, "geometry": { "type": "MultiLineString", "coordinates": [ [ [ -66.865981801029903, 10.589551154580802 ], [ -66.865628197819305, 10.589433286843901 ] ] ] } },
{ "type": "Feature", "properties": { "id": "ven2026_inventory_line.594", "tessellate": -1, "extrude": 0, "visibility": -1, "OBJECTID": 596.0, "IMPACTS_STREAM": null, "COMMENTS": "PS 07/07", "Shape__Length": 64.749324037033304, "GlobalID": "4253fbbc-37e9-44e5-bc94-84e40f941768", "CreationDate": "2026-07-15T15:08:11.763", "Creator": "ecollins@usgs.gov_USGS", "EditDate": "2026-07-15T15:08:11.763", "Editor": "ecollins@usgs.gov_USGS", "slope_mean": 36.5, "slope_max": 40.5, "aspect_deg": 47.0, "aspect_R": 1.0, "length_m": 63.7, "n_samp": 6, "aspect_dir": "NE" }, "geometry": { "type": "MultiLineString", "coordinates": [ [ [ -66.913751910967505, 10.587059093857901 ], [ -66.9131794105311, 10.587160123346699 ] ] ] } },
{ "type": "Feature", "properties": { "id": "ven2026_inventory_line.595", "tessellate": -1, "extrude": 0, "visibility": -1, "OBJECTID": 597.0, "IMPACTS_STREAM": null, "COMMENTS": "PS 07/07", "Shape__Length": 102.463909345685, "GlobalID": "db6859ca-d859-4491-959d-785d20574125", "CreationDate": "2026-07-15T15:12:35.757", "Creator": "ecollins@usgs.gov_USGS", "EditDate": "2026-07-15T15:12:35.757", "Editor": "ecollins@usgs.gov_USGS", "slope_mean": 43.1, "slope_max": 44.3, "aspect_deg": 322.0, "aspect_R": 1.0, "length_m": 100.1, "n_samp": 8, "aspect_dir": "NW" }, "geometry": { "type": "MultiLineString", "coordinates": [ [ [ -66.893411307229499, 10.588591374437602 ], [ -66.893259762996394, 10.589483801588296 ] ] ] } },
{ "type": "Feature", "properties": { "id": "ven2026_inventory_line.596", "tessellate": -1, "extrude": 0, "visibility": -1, "OBJECTID": 598.0, "IMPACTS_STREAM": null, "COMMENTS": "PS 07/07", "Shape__Length": 68.405433570693305, "GlobalID": "896ade07-0370-47b0-9c14-966cfd57bce1", "CreationDate": "2026-07-15T15:12:35.757", "Creator": "ecollins@usgs.gov_USGS", "EditDate": "2026-07-15T15:12:35.757", "Editor": "ecollins@usgs.gov_USGS", "slope_mean": 36.6, "slope_max": 39.0, "aspect_deg": 341.0, "aspect_R": 0.99, "length_m": 66.9, "n_samp": 6, "aspect_dir": "N" }, "geometry": { "type": "MultiLineString", "coordinates": [ [ [ -66.893950131169603, 10.589416448595799 ], [ -66.893815425184599, 10.590005787280202 ] ] ] } },
{ "type": "Feature", "properties": { "id": "ven2026_inventory_line.597", "tessellate": -1, "extrude": 0, "visibility": -1, "OBJECTID": 599.0, "IMPACTS_STREAM": null, "COMMENTS": "PS 07/07", "Shape__Length": 69.891259883729703, "GlobalID": "348f1256-fd29-4a85-81b0-57f48632b571", "CreationDate": "2026-07-15T15:12:35.757", "Creator": "ecollins@usgs.gov_USGS", "EditDate": "2026-07-15T15:12:35.757", "Editor": "ecollins@usgs.gov_USGS", "slope_mean": 26.8, "slope_max": 36.6, "aspect_deg": 341.0, "aspect_R": 0.88, "length_m": 68.3, "n_samp": 6, "aspect_dir": "N" }, "geometry": { "type": "MultiLineString", "coordinates": [ [ [ -66.894202704891498, 10.589770051806502 ], [ -66.894084837154693, 10.590376228739096 ] ] ] } },
{ "type": "Feature", "properties": { "id": "ven2026_inventory_line.598", "tessellate": -1, "extrude": 0, "visibility": -1, "OBJECTID": 600.0, "IMPACTS_STREAM": null, "COMMENTS": "PS 07/07", "Shape__Length": 100.34643963493799, "GlobalID": "8b0b19c7-4c28-4689-9292-f819d8c9bcb3", "CreationDate": "2026-07-15T15:12:35.757", "Creator": "ecollins@usgs.gov_USGS", "EditDate": "2026-07-15T15:12:35.757", "Editor": "ecollins@usgs.gov_USGS", "slope_mean": 39.3, "slope_max": 49.2, "aspect_deg": 56.0, "aspect_R": 1.0, "length_m": 98.6, "n_samp": 8, "aspect_dir": "NE" }, "geometry": { "type": "MultiLineString", "coordinates": [ [ [ -66.896863148095704, 10.587193799842998 ], [ -66.896004397441203, 10.587463211812997 ] ] ] } },
{ "type": "Feature", "properties": { "id": "ven2026_inventory_line.599", "tessellate": -1, "extrude": 0, "visibility": -1, "OBJECTID": 601.0, "IMPACTS_STREAM": null, "COMMENTS": "PS 07/07", "Shape__Length": 33.857007907729603, "GlobalID": "f04c364a-b812-4cd0-9bc4-26ab1df828a9", "CreationDate": "2026-07-15T15:12:35.757", "Creator": "ecollins@usgs.gov_USGS", "EditDate": "2026-07-15T15:12:35.757", "Editor": "ecollins@usgs.gov_USGS", "slope_mean": 23.6, "slope_max": 28.9, "aspect_deg": 80.0, "aspect_R": 0.99, "length_m": 33.3, "n_samp": 4, "aspect_dir": "E" }, "geometry": { "type": "MultiLineString", "coordinates": [ [ [ -66.896341162403701, 10.587513726557399 ], [ -66.896054912185505, 10.587614756046198 ] ] ] } },
{ "type": "Feature", "properties": { "id": "ven2026_inventory_line.600", "tessellate": -1, "extrude": 0, "visibility": -1, "OBJECTID": 602.0, "IMPACTS_STREAM": null, "COMMENTS": "PS 07/07", "Shape__Length": 173.252879678233, "GlobalID": "3a50f760-a023-4ae3-b9fd-fd1d718a24b5", "CreationDate": "2026-07-15T15:12:35.757", "Creator": "ecollins@usgs.gov_USGS", "EditDate": "2026-07-15T15:12:35.757", "Editor": "ecollins@usgs.gov_USGS", "slope_mean": 35.2, "slope_max": 45.3, "aspect_deg": 88.0, "aspect_R": 0.87, "length_m": 170.2, "n_samp": 13, "aspect_dir": "E" }, "geometry": { "type": "MultiLineString", "coordinates": [ [ [ -66.898749031885998, 10.5886250509338 ], [ -66.898361752178999, 10.588658727429999 ], [ -66.898227046193995, 10.588692403926302 ], [ -66.897839766487095, 10.5884061537081 ], [ -66.897351457291407, 10.5881704182344 ] ] ] } },
{ "type": "Feature", "properties": { "id": "ven2026_inventory_line.601", "tessellate": -1, "extrude": 0, "visibility": -1, "OBJECTID": 603.0, "IMPACTS_STREAM": null, "COMMENTS": "PS 07/07", "Shape__Length": 238.57887952276701, "GlobalID": "a79cd14c-84bb-41f5-956a-bb2d7d4c3b28", "CreationDate": "2026-07-15T15:12:35.757", "Creator": "ecollins@usgs.gov_USGS", "EditDate": "2026-07-15T15:12:35.757", "Editor": "ecollins@usgs.gov_USGS", "slope_mean": 44.7, "slope_max": 49.4, "aspect_deg": 46.0, "aspect_R": 0.98, "length_m": 233.8, "n_samp": 17, "aspect_dir": "NE" }, "geometry": { "type": "MultiLineString", "coordinates": [ [ [ -66.898648002397195, 10.586452916925397 ], [ -66.898614325900994, 10.586873873128599 ], [ -66.898412266923401, 10.5872948293317 ], [ -66.897738736998306, 10.587799976775598 ], [ -66.897385133787594, 10.5879683592569 ] ] ] } },
{ "type": "Feature", "properties": { "id": "ven2026_inventory_line.602", "tessellate": -1, "extrude": 0, "visibility": -1, "OBJECTID": 604.0, "IMPACTS_STREAM": null, "COMMENTS": "PS 07/07", "Shape__Length": 142.18222696269601, "GlobalID": "411c6bcb-e534-4eb1-aed1-039985f178fb", "CreationDate": "2026-07-15T15:12:35.757", "Creator": "ecollins@usgs.gov_USGS", "EditDate": "2026-07-15T15:12:35.757", "Editor": "ecollins@usgs.gov_USGS", "slope_mean": 42.2, "slope_max": 45.0, "aspect_deg": 56.0, "aspect_R": 0.98, "length_m": 139.4, "n_samp": 11, "aspect_dir": "NE" }, "geometry": { "type": "MultiLineString", "coordinates": [ [ [ -66.897065207073197, 10.585930931233499 ], [ -66.896930501088207, 10.5862508579478 ], [ -66.896610574373796, 10.586351887436598 ], [ -66.896172779922495, 10.5867391671436 ] ] ] } },
{ "type": "Feature", "properties": { "id": "ven2026_inventory_line.603", "tessellate": -1, "extrude": 0, "visibility": -1, "OBJECTID": 605.0, "IMPACTS_STREAM": null, "COMMENTS": "PS 07/07", "Shape__Length": 62.014272624815, "GlobalID": "572701a4-6414-43f3-b795-6c62c265cf93", "CreationDate": "2026-07-15T15:12:35.757", "Creator": "ecollins@usgs.gov_USGS", "EditDate": "2026-07-15T15:12:35.757", "Editor": "ecollins@usgs.gov_USGS", "slope_mean": 39.0, "slope_max": 45.2, "aspect_deg": 59.0, "aspect_R": 0.99, "length_m": 60.6, "n_samp": 6, "aspect_dir": "NE" }, "geometry": { "type": "MultiLineString", "coordinates": [ [ [ -66.897014692328895, 10.587665270790598 ], [ -66.896846309847504, 10.588187256482501 ] ] ] } },
{ "type": "Feature", "properties": { "id": "ven2026_inventory_line.604", "tessellate": -1, "extrude": 0, "visibility": -1, "OBJECTID": 606.0, "IMPACTS_STREAM": null, "COMMENTS": "PS 07/07", "Shape__Length": 44.1535166112171, "GlobalID": "cadb5a92-2aea-4449-a689-d4c59cb9fbe0", "CreationDate": "2026-07-15T15:12:35.757", "Creator": "ecollins@usgs.gov_USGS", "EditDate": "2026-07-15T15:12:35.757", "Editor": "ecollins@usgs.gov_USGS", "slope_mean": 37.3, "slope_max": 39.1, "aspect_deg": 54.0, "aspect_R": 1.0, "length_m": 43.4, "n_samp": 4, "aspect_dir": "NE" }, "geometry": { "type": "MultiLineString", "coordinates": [ [ [ -66.896930501088207, 10.5905277729722 ], [ -66.896543221381293, 10.590611964212899 ] ] ] } },
{ "type": "Feature", "properties": { "id": "ven2026_inventory_line.605", "tessellate": -1, "extrude": 0, "visibility": -1, "OBJECTID": 607.0, "IMPACTS_STREAM": null, "COMMENTS": "PS 07/07", "Shape__Length": 64.536360478148197, "GlobalID": "390ee12c-0b35-4dfe-a4c3-d9a7bab14c1e", "CreationDate": "2026-07-15T15:12:35.757", "Creator": "ecollins@usgs.gov_USGS", "EditDate": "2026-07-15T15:12:35.757", "Editor": "ecollins@usgs.gov_USGS", "slope_mean": 29.2, "slope_max": 33.1, "aspect_deg": 34.0, "aspect_R": 0.98, "length_m": 63.3, "n_samp": 6, "aspect_dir": "NE" }, "geometry": { "type": "MultiLineString", "coordinates": [ [ [ -66.896459030140605, 10.591773803333702 ], [ -66.896004397441203, 10.5921274065443 ] ] ] } },
{ "type": "Feature", "properties": { "id": "ven2026_inventory_line.606", "tessellate": -1, "extrude": 0, "visibility": -1, "OBJECTID": 608.0, "IMPACTS_STREAM": null, "COMMENTS": "PS 07/07", "Shape__Length": 72.568341119973098, "GlobalID": "80170dd2-1e31-42a2-8eb5-12d8a6b01744", "CreationDate": "2026-07-15T15:12:35.757", "Creator": "ecollins@usgs.gov_USGS", "EditDate": "2026-07-15T15:12:35.757", "Editor": "ecollins@usgs.gov_USGS", "slope_mean": 28.2, "slope_max": 35.7, "aspect_deg": 78.0, "aspect_R": 1.0, "length_m": 71.3, "n_samp": 6, "aspect_dir": "E" }, "geometry": { "type": "MultiLineString", "coordinates": [ [ [ -66.896829471599503, 10.588860786407501 ], [ -66.89622329466691, 10.5890965218814 ] ] ] } },
{ "type": "Feature", "properties": { "id": "ven2026_inventory_line.607", "tessellate": -1, "extrude": 0, "visibility": -1, "OBJECTID": 609.0, "IMPACTS_STREAM": null, "COMMENTS": "PS 07/07", "Shape__Length": 54.662760076642797, "GlobalID": "98d59aab-c054-4342-a086-aaa50077787f", "CreationDate": "2026-07-15T15:12:35.757", "Creator": "ecollins@usgs.gov_USGS", "EditDate": "2026-07-15T15:12:35.757", "Editor": "ecollins@usgs.gov_USGS", "slope_mean": 37.5, "slope_max": 43.4, "aspect_deg": 86.0, "aspect_R": 1.0, "length_m": 53.7, "n_samp": 5, "aspect_dir": "E" }, "geometry": { "type": "MultiLineString", "coordinates": [ [ [ -66.8971493983139, 10.589113360129499 ], [ -66.896879986343805, 10.5891470366258 ], [ -66.896677927366298, 10.589062845385099 ] ] ] } },
{ "type": "Feature", "properties": { "id": "ven2026_inventory_line.608", "tessellate": -1, "extrude": 0, "visibility": -1, "OBJECTID": 610.0, "IMPACTS_STREAM": null, "COMMENTS": "PS 07/07", "Shape__Length": 79.341273255465893, "GlobalID": "45499a49-004c-4ad2-a376-26592a200208", "CreationDate": "2026-07-15T15:12:35.757", "Creator": "ecollins@usgs.gov_USGS", "EditDate": "2026-07-15T15:12:35.757", "Editor": "ecollins@usgs.gov_USGS", "slope_mean": 32.7, "slope_max": 39.0, "aspect_deg": 88.0, "aspect_R": 0.98, "length_m": 78.0, "n_samp": 7, "aspect_dir": "E" }, "geometry": { "type": "MultiLineString", "coordinates": [ [ [ -66.901358960345704, 10.5884229919563 ], [ -66.901005357135006, 10.588456668452499 ], [ -66.900668592172494, 10.588338800715601 ] ] ] } },
{ "type": "Feature", "properties": { "id": "ven2026_inventory_line.609", "tessellate": -1, "extrude": 0, "visibility": -1, "OBJECTID": 611.0, "IMPACTS_STREAM": null, "COMMENTS": "PS 07/07", "Shape__Length": 53.538874385466002, "GlobalID": "c248395e-09b4-4bc2-8e5c-55301f5b52b8", "CreationDate": "2026-07-15T15:12:35.757", "Creator": "ecollins@usgs.gov_USGS", "EditDate": "2026-07-15T15:12:35.757", "Editor": "ecollins@usgs.gov_USGS", "slope_mean": 43.8, "slope_max": 53.5, "aspect_deg": 8.0, "aspect_R": 1.0, "length_m": 52.4, "n_samp": 5, "aspect_dir": "N" }, "geometry": { "type": "MultiLineString", "coordinates": [ [ [ -66.9008369746537, 10.5868401966323 ], [ -66.900618077428106, 10.587261152835397 ] ] ] } },
{ "type": "Feature", "properties": { "id": "ven2026_inventory_line.610", "tessellate": -1, "extrude": 0, "visibility": -1, "OBJECTID": 612.0, "IMPACTS_STREAM": null, "COMMENTS": "PS 07/07", "Shape__Length": 101.09380847339099, "GlobalID": "b54e0481-5cf0-4045-92f4-c3a35f664deb", "CreationDate": "2026-07-15T15:12:35.757", "Creator": "ecollins@usgs.gov_USGS", "EditDate": "2026-07-15T15:12:35.757", "Editor": "ecollins@usgs.gov_USGS", "slope_mean": 44.3, "slope_max": 45.6, "aspect_deg": 41.0, "aspect_R": 0.99, "length_m": 99.2, "n_samp": 8, "aspect_dir": "NE" }, "geometry": { "type": "MultiLineString", "coordinates": [ [ [ -66.900618077428106, 10.589567992828998 ], [ -66.899894032758596, 10.590106816769 ] ] ] } },
{ "type": "Feature", "properties": { "id": "ven2026_inventory_line.611", "tessellate": -1, "extrude": 0, "visibility": -1, "OBJECTID": 613.0, "IMPACTS_STREAM": null, "COMMENTS": "PS 07/07", "Shape__Length": 58.482419644897, "GlobalID": "a31ee716-f06c-4de4-87e6-4149f5d2e66f", "CreationDate": "2026-07-15T15:12:35.757", "Creator": "ecollins@usgs.gov_USGS", "EditDate": "2026-07-15T15:12:35.757", "Editor": "ecollins@usgs.gov_USGS", "slope_mean": 24.5, "slope_max": 28.7, "aspect_deg": 54.0, "aspect_R": 0.99, "length_m": 57.3, "n_samp": 5, "aspect_dir": "NE" }, "geometry": { "type": "MultiLineString", "coordinates": [ [ [ -66.896610574373796, 10.5878504915199 ], [ -66.896358000651901, 10.5879683592569 ], [ -66.89622329466691, 10.588170418234402 ] ] ] } },
{ "type": "Feature", "properties": { "id": "ven2026_inventory_line.612", "tessellate": -1, "extrude": 0, "visibility": -1, "OBJECTID": 614.0, "IMPACTS_STREAM": null, "COMMENTS": "PS 07/07", "Shape__Length": 96.252496512828401, "GlobalID": "6ce0b811-2263-442d-872e-e260a6f1f047", "CreationDate": "2026-07-15T15:13:23.986", "Creator": "ecollins@usgs.gov_USGS", "EditDate": "2026-07-15T15:13:23.986", "Editor": "ecollins@usgs.gov_USGS", "slope_mean": 34.7, "slope_max": 41.4, "aspect_deg": 64.0, "aspect_R": 1.0, "length_m": 94.4, "n_samp": 8, "aspect_dir": "NE" }, "geometry": { "type": "MultiLineString", "coordinates": [ [ [ -66.899675135532902, 10.594973070477801 ], [ -66.899052120352195, 10.595562409162298 ] ] ] } },
{ "type": "Feature", "properties": { "id": "ven2026_inventory_line.613", "tessellate": -1, "extrude": 0, "visibility": -1, "OBJECTID": 615.0, "IMPACTS_STREAM": null, "COMMENTS": "PS 07/07", "Shape__Length": 42.958047605905399, "GlobalID": "5430ff6f-53f8-4be1-824d-e49241c4493c", "CreationDate": "2026-07-15T15:13:23.986", "Creator": "ecollins@usgs.gov_USGS", "EditDate": "2026-07-15T15:13:23.986", "Editor": "ecollins@usgs.gov_USGS", "slope_mean": 38.9, "slope_max": 40.8, "aspect_deg": 69.0, "aspect_R": 1.0, "length_m": 42.2, "n_samp": 4, "aspect_dir": "E" }, "geometry": { "type": "MultiLineString", "coordinates": [ [ [ -66.899725650277304, 10.595259320695998 ], [ -66.899388885314806, 10.595444541425399 ] ] ] } },
{ "type": "Feature", "properties": { "id": "ven2026_inventory_line.614", "tessellate": -1, "extrude": 0, "visibility": -1, "OBJECTID": 616.0, "IMPACTS_STREAM": null, "COMMENTS": "PS 07/07", "Shape__Length": 26.920038482971901, "GlobalID": "bc8efb86-e9b4-4f0e-b404-8596c4e72d9e", "CreationDate": "2026-07-15T15:13:23.986", "Creator": "ecollins@usgs.gov_USGS", "EditDate": "2026-07-15T15:13:23.986", "Editor": "ecollins@usgs.gov_USGS", "slope_mean": 43.6, "slope_max": 45.4, "aspect_deg": 95.0, "aspect_R": 1.0, "length_m": 26.4, "n_samp": 3, "aspect_dir": "E" }, "geometry": { "type": "MultiLineString", "coordinates": [ [ [ -66.899254179329802, 10.596825277771799 ], [ -66.899035282104094, 10.596724248283103 ] ] ] } },
{ "type": "Feature", "properties": { "id": "ven2026_inventory_line.615", "tessellate": -1, "extrude": 0, "visibility": -1, "OBJECTID": 617.0, "IMPACTS_STREAM": null, "COMMENTS": "PS 07/07", "Shape__Length": 49.7310517548866, "GlobalID": "9277cae9-65bc-43cb-a29b-c0fd97f1f707", "CreationDate": "2026-07-15T15:14:02.293", "Creator": "ecollins@usgs.gov_USGS", "EditDate": "2026-07-15T15:14:02.293", "Editor": "ecollins@usgs.gov_USGS", "slope_mean": 38.8, "slope_max": 43.8, "aspect_deg": 54.0, "aspect_R": 1.0, "length_m": 48.8, "n_samp": 5, "aspect_dir": "NE" }, "geometry": { "type": "MultiLineString", "coordinates": [ [ [ -66.899456238307295, 10.5948046879966 ], [ -66.899068958600395, 10.595023585222199 ] ] ] } },
{ "type": "Feature", "properties": { "id": "ven2026_inventory_line.616", "tessellate": -1, "extrude": 0, "visibility": -1, "OBJECTID": 618.0, "IMPACTS_STREAM": null, "COMMENTS": "PS 07/07", "Shape__Length": 59.233398890217202, "GlobalID": "ac76a580-ae31-4e40-9372-aca7893e8604", "CreationDate": "2026-07-15T15:15:20.822", "Creator": "ecollins@usgs.gov_USGS", "EditDate": "2026-07-15T15:15:20.822", "Editor": "ecollins@usgs.gov_USGS", "slope_mean": 37.1, "slope_max": 39.1, "aspect_deg": 67.0, "aspect_R": 0.97, "length_m": 58.1, "n_samp": 5, "aspect_dir": "NE" }, "geometry": { "type": "MultiLineString", "coordinates": [ [ [ -66.904962345445, 10.587252733711399 ], [ -66.904541389241899, 10.587572660425797 ] ] ] } },
{ "type": "Feature", "properties": { "id": "ven2026_inventory_line.617", "tessellate": -1, "extrude": 0, "visibility": -1, "OBJECTID": 619.0, "IMPACTS_STREAM": null, "COMMENTS": "Unsure if agri. change or LS, PS 07/07", "Shape__Length": 53.840235024589198, "GlobalID": "930ac116-d9f3-471d-bcaf-e61fc644a782", "CreationDate": "2026-07-15T15:16:35.664", "Creator": "ecollins@usgs.gov_USGS", "EditDate": "2026-07-15T15:16:35.664", "Editor": "ecollins@usgs.gov_USGS", "slope_mean": 22.4, "slope_max": 24.5, "aspect_deg": 29.0, "aspect_R": 0.97, "length_m": 52.9, "n_samp": 5, "aspect_dir": "NE" }, "geometry": { "type": "MultiLineString", "coordinates": [ [ [ -66.805229401786406, 10.601851494837902 ], [ -66.804791607335005, 10.6016494358604 ] ] ] } },
{ "type": "Feature", "properties": { "id": "ven2026_inventory_line.618", "tessellate": -1, "extrude": 0, "visibility": -1, "OBJECTID": 620.0, "IMPACTS_STREAM": null, "COMMENTS": "PS 07/07", "Shape__Length": 26.918389679471399, "GlobalID": "95eacfbc-b401-4b83-a79c-f8c903ba398d", "CreationDate": "2026-07-15T15:17:40.436", "Creator": "ecollins@usgs.gov_USGS", "EditDate": "2026-07-15T15:17:40.436", "Editor": "ecollins@usgs.gov_USGS", "slope_mean": 27.0, "slope_max": 29.6, "aspect_deg": 319.0, "aspect_R": 0.98, "length_m": 26.4, "n_samp": 3, "aspect_dir": "NW" }, "geometry": { "type": "MultiLineString", "coordinates": [ [ [ -66.905871610843903, 10.596210681715201 ], [ -66.906023155077094, 10.596395902444598 ] ] ] } },
{ "type": "Feature", "properties": { "id": "ven2026_inventory_line.619", "tessellate": -1, "extrude": 0, "visibility": -1, "OBJECTID": 621.0, "IMPACTS_STREAM": null, "COMMENTS": "PS 07/07", "Shape__Length": 35.718200461632101, "GlobalID": "f5ef8f73-f004-4cba-ae8f-12273b0552e6", "CreationDate": "2026-07-15T15:17:40.436", "Creator": "ecollins@usgs.gov_USGS", "EditDate": "2026-07-15T15:17:40.436", "Editor": "ecollins@usgs.gov_USGS", "slope_mean": 34.4, "slope_max": 37.8, "aspect_deg": 359.0, "aspect_R": 1.0, "length_m": 34.9, "n_samp": 4, "aspect_dir": "N" }, "geometry": { "type": "MultiLineString", "coordinates": [ [ [ -66.906124184565797, 10.595873916752598 ], [ -66.906258890550802, 10.596160166970799 ] ] ] } },
{ "type": "Feature", "properties": { "id": "ven2026_inventory_line.620", "tessellate": -1, "extrude": 0, "visibility": -1, "OBJECTID": 622.0, "IMPACTS_STREAM": null, "COMMENTS": "PS 07/07", "Shape__Length": 43.024028242365397, "GlobalID": "866e2817-54da-48f8-8242-ae716feddf09", "CreationDate": "2026-07-15T15:18:22.210", "Creator": "ecollins@usgs.gov_USGS", "EditDate": "2026-07-15T15:18:22.210", "Editor": "ecollins@usgs.gov_USGS", "slope_mean": 33.2, "slope_max": 36.3, "aspect_deg": 290.0, "aspect_R": 1.0, "length_m": 42.2, "n_samp": 4, "aspect_dir": "W" }, "geometry": { "type": "MultiLineString", "coordinates": [ [ [ -66.919022282631403, 10.587909425388398 ], [ -66.919325371097713, 10.5881451608621 ] ] ] } },
{ "type": "Feature", "properties": { "id": "ven2026_inventory_line.621", "tessellate": -1, "extrude": 0, "visibility": -1, "OBJECTID": 623.0, "IMPACTS_STREAM": null, "COMMENTS": "PS 07/07", "Shape__Length": 66.847745868221295, "GlobalID": "f48fd0c2-f339-400d-9b77-232cfaa2e4c9", "CreationDate": "2026-07-15T15:18:22.210", "Creator": "ecollins@usgs.gov_USGS", "EditDate": "2026-07-15T15:18:22.210", "Editor": "ecollins@usgs.gov_USGS", "slope_mean": 28.5, "slope_max": 38.1, "aspect_deg": 29.0, "aspect_R": 0.91, "length_m": 65.5, "n_samp": 6, "aspect_dir": "NE" }, "geometry": { "type": "MultiLineString", "coordinates": [ [ [ -66.9148295588477, 10.5914117809989 ], [ -66.9144086026445, 10.591832737202099 ] ] ] } },
{ "type": "Feature", "properties": { "id": "ven2026_inventory_line.622", "tessellate": -1, "extrude": 0, "visibility": -1, "OBJECTID": 624.0, "IMPACTS_STREAM": null, "COMMENTS": "PS 07/07", "Shape__Length": 46.418409951363799, "GlobalID": "92988e89-aed0-4418-b8cf-ebae47a76042", "CreationDate": "2026-07-15T15:22:32.534", "Creator": "ecollins@usgs.gov_USGS", "EditDate": "2026-07-15T15:22:32.534", "Editor": "ecollins@usgs.gov_USGS", "slope_mean": 42.0, "slope_max": 42.7, "aspect_deg": 92.0, "aspect_R": 1.0, "length_m": 45.6, "n_samp": 5, "aspect_dir": "E" }, "geometry": { "type": "MultiLineString", "coordinates": [ [ [ -66.884276557620495, 10.594476342158098 ], [ -66.883872439665396, 10.594577371646798 ] ] ] } },
{ "type": "Feature", "properties": { "id": "ven2026_inventory_line.623", "tessellate": -1, "extrude": 0, "visibility": -1, "OBJECTID": 625.0, "IMPACTS_STREAM": null, "COMMENTS": "PS 07/07", "Shape__Length": 151.026142819261, "GlobalID": "ad6ed637-59c8-4df2-9f04-822544ca414d", "CreationDate": "2026-07-15T15:22:32.534", "Creator": "ecollins@usgs.gov_USGS", "EditDate": "2026-07-15T15:22:32.534", "Editor": "ecollins@usgs.gov_USGS", "slope_mean": 35.9, "slope_max": 42.5, "aspect_deg": 93.0, "aspect_R": 0.99, "length_m": 148.4, "n_samp": 11, "aspect_dir": "E" }, "geometry": { "type": "MultiLineString", "coordinates": [ [ [ -66.883434645214095, 10.595587666534401 ], [ -66.882963174266493, 10.5952677398201 ], [ -66.882188614852694, 10.595149872083102 ] ] ] } },
{ "type": "Feature", "properties": { "id": "ven2026_inventory_line.624", "tessellate": -1, "extrude": 0, "visibility": -1, "OBJECTID": 626.0, "IMPACTS_STREAM": null, "COMMENTS": "PS 07/07", "Shape__Length": 134.06713428679799, "GlobalID": "3cfcc5c3-373d-464a-a0b5-0fab3c1c369f", "CreationDate": "2026-07-15T15:22:32.534", "Creator": "ecollins@usgs.gov_USGS", "EditDate": "2026-07-15T15:22:32.534", "Editor": "ecollins@usgs.gov_USGS", "slope_mean": 42.7, "slope_max": 45.7, "aspect_deg": 64.0, "aspect_R": 0.99, "length_m": 131.5, "n_samp": 10, "aspect_dir": "NE" }, "geometry": { "type": "MultiLineString", "coordinates": [ [ [ -66.8844112636055, 10.593415532526 ], [ -66.884141851635519, 10.593718620992401 ], [ -66.883451483462295, 10.594105900699297 ] ] ] } },
{ "type": "Feature", "properties": { "id": "ven2026_inventory_line.625", "tessellate": -1, "extrude": 0, "visibility": -1, "OBJECTID": 627.0, "IMPACTS_STREAM": null, "COMMENTS": "PS 07/07", "Shape__Length": 52.333595390518397, "GlobalID": "8477c7a6-cbf6-440b-8d05-6b1450ffcca2", "CreationDate": "2026-07-15T15:22:32.534", "Creator": "ecollins@usgs.gov_USGS", "EditDate": "2026-07-15T15:22:32.534", "Editor": "ecollins@usgs.gov_USGS", "slope_mean": 36.6, "slope_max": 37.9, "aspect_deg": 40.0, "aspect_R": 1.0, "length_m": 51.1, "n_samp": 5, "aspect_dir": "NE" }, "geometry": { "type": "MultiLineString", "coordinates": [ [ [ -66.883434645214095, 10.5964969319334 ], [ -66.883518836454797, 10.596951564632802 ] ] ] } },
{ "type": "Feature", "properties": { "id": "ven2026_inventory_line.626", "tessellate": -1, "extrude": 0, "visibility": -1, "OBJECTID": 628.0, "IMPACTS_STREAM": null, "COMMENTS": "PS 07/07", "Shape__Length": 41.708176965044601, "GlobalID": "09c78165-5617-4e5a-89d7-fdfff1f1a4bc", "CreationDate": "2026-07-15T15:22:32.534", "Creator": "ecollins@usgs.gov_USGS", "EditDate": "2026-07-15T15:22:32.534", "Editor": "ecollins@usgs.gov_USGS", "slope_mean": 34.2, "slope_max": 40.0, "aspect_deg": 266.0, "aspect_R": 1.0, "length_m": 40.9, "n_samp": 4, "aspect_dir": "W" }, "geometry": { "type": "MultiLineString", "coordinates": [ [ [ -66.881228834709404, 10.596766343903401 ], [ -66.881464570183297, 10.5964800936852 ] ] ] } },
{ "type": "Feature", "properties": { "id": "ven2026_inventory_line.627", "tessellate": -1, "extrude": 0, "visibility": -1, "OBJECTID": 629.0, "IMPACTS_STREAM": null, "COMMENTS": "PS 07/07", "Shape__Length": 60.076402520933101, "GlobalID": "218a8419-abef-4816-a64e-00fca809df9a", "CreationDate": "2026-07-15T15:22:32.534", "Creator": "ecollins@usgs.gov_USGS", "EditDate": "2026-07-15T15:22:32.534", "Editor": "ecollins@usgs.gov_USGS", "slope_mean": 28.0, "slope_max": 36.6, "aspect_deg": 73.0, "aspect_R": 0.98, "length_m": 59.0, "n_samp": 5, "aspect_dir": "E" }, "geometry": { "type": "MultiLineString", "coordinates": [ [ [ -66.882693762296597, 10.594762592376199 ], [ -66.882171776604594, 10.5948972983612 ] ] ] } },
{ "type": "Feature", "properties": { "id": "ven2026_inventory_line.628", "tessellate": -1, "extrude": 0, "visibility": -1, "OBJECTID": 630.0, "IMPACTS_STREAM": null, "COMMENTS": "PS 07/07", "Shape__Length": 161.999561425954, "GlobalID": "002bc321-79bf-485b-922c-d37be4365e88", "CreationDate": "2026-07-15T15:22:32.534", "Creator": "ecollins@usgs.gov_USGS", "EditDate": "2026-07-15T15:22:32.534", "Editor": "ecollins@usgs.gov_USGS", "slope_mean": 41.3, "slope_max": 44.0, "aspect_deg": 59.0, "aspect_R": 0.97, "length_m": 158.7, "n_samp": 12, "aspect_dir": "NE" }, "geometry": { "type": "MultiLineString", "coordinates": [ [ [ -66.884057660394902, 10.593297664789203 ], [ -66.883653542439802, 10.593684944496097 ], [ -66.883064203755396, 10.5943416361731 ] ] ] } },
{ "type": "Feature", "properties": { "id": "ven2026_inventory_line.629", "tessellate": -1, "extrude": 0, "visibility": -1, "OBJECTID": 631.0, "IMPACTS_STREAM": null, "COMMENTS": "PS 07/07", "Shape__Length": 20.519214518450401, "GlobalID": "766cef2b-4166-4069-8206-c4520000ced6", "CreationDate": "2026-07-15T15:22:32.534", "Creator": "ecollins@usgs.gov_USGS", "EditDate": "2026-07-15T15:22:32.534", "Editor": "ecollins@usgs.gov_USGS", "slope_mean": 30.6, "slope_max": 33.4, "aspect_deg": 62.0, "aspect_R": 0.99, "length_m": 20.1, "n_samp": 3, "aspect_dir": "NE" }, "geometry": { "type": "MultiLineString", "coordinates": [ [ [ -66.882912659522205, 10.597271491347199 ], [ -66.883013689010994, 10.597423035580301 ] ] ] } },
{ "type": "Feature", "properties": { "id": "ven2026_inventory_line.630", "tessellate": -1, "extrude": 0, "visibility": -1, "OBJECTID": 632.0, "IMPACTS_STREAM": null, "COMMENTS": "PS 07/07", "Shape__Length": 37.406891051737198, "GlobalID": "4150fa05-483b-4a50-a776-2c8b423754b8", "CreationDate": "2026-07-15T15:22:32.534", "Creator": "ecollins@usgs.gov_USGS", "EditDate": "2026-07-15T15:22:32.534", "Editor": "ecollins@usgs.gov_USGS", "slope_mean": 15.5, "slope_max": 18.0, "aspect_deg": 39.0, "aspect_R": 0.89, "length_m": 36.8, "n_samp": 4, "aspect_dir": "NE" }, "geometry": { "type": "MultiLineString", "coordinates": [ [ [ -66.882458026822803, 10.597776638790998 ], [ -66.882138100108307, 10.5976756093023 ] ] ] } },
{ "type": "Feature", "properties": { "id": "ven2026_inventory_line.631", "tessellate": -1, "extrude": 0, "visibility": -1, "OBJECTID": 633.0, "IMPACTS_STREAM": null, "COMMENTS": "PS 07/07", "Shape__Length": 61.050522424974503, "GlobalID": "129d7157-3d32-407c-b182-2f68868e1924", "CreationDate": "2026-07-15T15:22:58.398", "Creator": "ecollins@usgs.gov_USGS", "EditDate": "2026-07-15T15:22:58.398", "Editor": "ecollins@usgs.gov_USGS", "slope_mean": 43.9, "slope_max": 45.9, "aspect_deg": 30.0, "aspect_R": 1.0, "length_m": 59.6, "n_samp": 5, "aspect_dir": "NE" }, "geometry": { "type": "MultiLineString", "coordinates": [ [ [ -66.897932376851898, 10.593701782744199 ], [ -66.897915538603698, 10.5942406066843 ] ] ] } },
{ "type": "Feature", "properties": { "id": "ven2026_inventory_line.632", "tessellate": -1, "extrude": 0, "visibility": -1, "OBJECTID": 634.0, "IMPACTS_STREAM": null, "COMMENTS": "PS 07/07", "Shape__Length": 45.629575216128799, "GlobalID": "3389233b-fc49-4fbe-9f85-7e3a8173a774", "CreationDate": "2026-07-15T15:23:13.935", "Creator": "ecollins@usgs.gov_USGS", "EditDate": "2026-07-15T15:23:13.935", "Editor": "ecollins@usgs.gov_USGS", "slope_mean": 33.6, "slope_max": 40.8, "aspect_deg": 53.0, "aspect_R": 1.0, "length_m": 44.7, "n_samp": 4, "aspect_dir": "NE" }, "geometry": { "type": "MultiLineString", "coordinates": [ [ [ -66.897376714663693, 10.591125530780701 ], [ -66.897208332182402, 10.591327589758198 ], [ -66.897073626197397, 10.591378104502699 ] ] ] } },
{ "type": "Feature", "properties": { "id": "ven2026_inventory_line.633", "tessellate": -1, "extrude": 0, "visibility": -1, "OBJECTID": 635.0, "IMPACTS_STREAM": null, "COMMENTS": "PS 07/07", "Shape__Length": 63.527505403049297, "GlobalID": "729f8d7d-9f50-4b5d-8354-1e26cff8046f", "CreationDate": "2026-07-15T15:47:23.097", "Creator": "ecollins@usgs.gov_USGS", "EditDate": "2026-07-15T15:47:23.097", "Editor": "ecollins@usgs.gov_USGS", "slope_mean": 44.2, "slope_max": 46.2, "aspect_deg": 46.0, "aspect_R": 1.0, "length_m": 62.4, "n_samp": 6, "aspect_dir": "NE" }, "geometry": { "type": "MultiLineString", "coordinates": [ [ [ -66.850917343075395, 10.590482047961599 ], [ -66.850412195631506, 10.590743040807601 ] ] ] } },
{ "type": "Feature", "properties": { "id": "ven2026_inventory_line.634", "tessellate": -1, "extrude": 0, "visibility": -1, "OBJECTID": 636.0, "IMPACTS_STREAM": null, "COMMENTS": "PS 07/07", "Shape__Length": 43.489688212502401, "GlobalID": "b375691b-4262-4802-9b16-0e5d608dba12", "CreationDate": "2026-07-15T15:47:23.097", "Creator": "ecollins@usgs.gov_USGS", "EditDate": "2026-07-15T15:47:23.097", "Editor": "ecollins@usgs.gov_USGS", "slope_mean": 40.4, "slope_max": 40.7, "aspect_deg": 37.0, "aspect_R": 1.0, "length_m": 42.8, "n_samp": 4, "aspect_dir": "NE" }, "geometry": { "type": "MultiLineString", "coordinates": [ [ [ -66.835116362871801, 10.5939866799208 ], [ -66.834729083164902, 10.5940371946652 ] ] ] } },
{ "type": "Feature", "properties": { "id": "ven2026_inventory_line.635", "tessellate": -1, "extrude": 0, "visibility": -1, "OBJECTID": 637.0, "IMPACTS_STREAM": null, "COMMENTS": null, "Shape__Length": 30.355262276491398, "GlobalID": "b03dad3b-cdd7-47ad-8771-ccccfb1e93fa", "CreationDate": "2026-07-15T15:47:23.097", "Creator": "ecollins@usgs.gov_USGS", "EditDate": "2026-07-15T15:47:23.097", "Editor": "ecollins@usgs.gov_USGS", "slope_mean": 40.0, "slope_max": 40.8, "aspect_deg": 44.0, "aspect_R": 1.0, "length_m": 29.8, "n_samp": 3, "aspect_dir": "NE" }, "geometry": { "type": "MultiLineString", "coordinates": [ [ [ -66.836766511188301, 10.595746276850196 ], [ -66.836513937466407, 10.5958473063389 ] ] ] } },
{ "type": "Feature", "properties": { "id": "ven2026_inventory_line.636", "tessellate": -1, "extrude": 0, "visibility": -1, "OBJECTID": 638.0, "IMPACTS_STREAM": null, "COMMENTS": null, "Shape__Length": 37.853846669761403, "GlobalID": "7b7ea188-e5d2-4541-b809-8c4dd3ab5aea", "CreationDate": "2026-07-15T15:47:23.097", "Creator": "ecollins@usgs.gov_USGS", "EditDate": "2026-07-15T15:47:23.097", "Editor": "ecollins@usgs.gov_USGS", "slope_mean": 33.9, "slope_max": 35.0, "aspect_deg": 41.0, "aspect_R": 0.97, "length_m": 37.2, "n_samp": 4, "aspect_dir": "NE" }, "geometry": { "type": "MultiLineString", "coordinates": [ [ [ -66.835368936593795, 10.595308482398801 ], [ -66.835065848127499, 10.595460026632001 ] ] ] } },
{ "type": "Feature", "properties": { "id": "ven2026_inventory_line.637", "tessellate": -1, "extrude": 0, "visibility": -1, "OBJECTID": 639.0, "IMPACTS_STREAM": null, "COMMENTS": null, "Shape__Length": 65.011314708089401, "GlobalID": "b12c6fc5-be89-4a59-8a42-2e003d3794e2", "CreationDate": "2026-07-15T15:52:21.418", "Creator": "kallstadt@usgs.gov_USGS", "EditDate": "2026-07-15T15:52:21.418", "Editor": "kallstadt@usgs.gov_USGS", "slope_mean": null, "slope_max": null, "aspect_deg": null, "aspect_R": null, "length_m": 63.8, "n_samp": 6, "aspect_dir": "flat" }, "geometry": { "type": "MultiLineString", "coordinates": [ [ [ -66.687190888165404, 10.599938626278298 ], [ -66.686709802893105, 10.600264066315496 ] ] ] } },
{ "type": "Feature", "properties": { "id": "ven2026_inventory_line.638", "tessellate": -1, "extrude": 0, "visibility": -1, "OBJECTID": 640.0, "IMPACTS_STREAM": null, "COMMENTS": null, "Shape__Length": 30.206423472250901, "GlobalID": "598974c4-d9ce-450d-a3ca-a19bca9afebb", "CreationDate": "2026-07-15T15:52:21.418", "Creator": "kallstadt@usgs.gov_USGS", "EditDate": "2026-07-15T15:52:21.418", "Editor": "kallstadt@usgs.gov_USGS", "slope_mean": null, "slope_max": null, "aspect_deg": null, "aspect_R": null, "length_m": 29.6, "n_samp": 3, "aspect_dir": "flat" }, "geometry": { "type": "MultiLineString", "coordinates": [ [ [ -66.696841588625801, 10.6018506734817 ], [ -66.696966847086301, 10.602087272795901 ] ] ] } },
{ "type": "Feature", "properties": { "id": "ven2026_inventory_line.639", "tessellate": -1, "extrude": 0, "visibility": -1, "OBJECTID": 641.0, "IMPACTS_STREAM": null, "COMMENTS": null, "Shape__Length": 49.449730199684602, "GlobalID": "c647e59b-c8c4-42c5-ac82-b15b03c78ab1", "CreationDate": "2026-07-15T15:53:49.601", "Creator": "kallstadt@usgs.gov_USGS", "EditDate": "2026-07-15T15:53:49.601", "Editor": "kallstadt@usgs.gov_USGS", "slope_mean": null, "slope_max": null, "aspect_deg": null, "aspect_R": null, "length_m": 48.6, "n_samp": 5, "aspect_dir": "flat" }, "geometry": { "type": "MultiLineString", "coordinates": [ [ [ -66.714146441608904, 10.599555973074796 ], [ -66.714590316415993, 10.5995389009669 ] ] ] } },
{ "type": "Feature", "properties": { "id": "ven2026_inventory_line.640", "tessellate": -1, "extrude": 0, "visibility": -1, "OBJECTID": 642.0, "IMPACTS_STREAM": null, "COMMENTS": null, "Shape__Length": 46.390931170391902, "GlobalID": "2b1fe20b-f1b2-4f24-a540-5662b82e9e02", "CreationDate": "2026-07-15T16:01:24.001", "Creator": "kallstadt@usgs.gov_USGS", "EditDate": "2026-07-15T16:01:24.001", "Editor": "kallstadt@usgs.gov_USGS", "slope_mean": null, "slope_max": null, "aspect_deg": null, "aspect_R": null, "length_m": 45.6, "n_samp": 5, "aspect_dir": "flat" }, "geometry": { "type": "MultiLineString", "coordinates": [ [ [ -66.667291694225099, 10.553255562715799 ], [ -66.666907312613404, 10.553097287934499 ] ] ] } }
]
}
